[-0.8938237  -0.9889113  -0.26624537 -0.7416835 ]
[-0.87480617 -1.0269463  -0.9318587  -0.87480617]
[-0.87480617 -1.0269463  -0.8938237  -0.87480617]
[-0.87480617 -1.0269463  -0.81775355 -0.87480617]
[-0.85578865 -0.96989375 -0.72266597 -0.87480617]
[-0.85578865 -0.95087624 -0.6085608  -0.83677113]
[-0.85578865 -0.96989375 -0.5895433  -0.81775355]
[-0.85578865 -0.9889113  -0.66561335 -0.83677113]
[-0.87480617 -1.0079288  -0.7416835  -0.85578865]
[-0.87480617 -1.0269463  -0.760701   -0.87480617]
[-0.87480617 -1.0269463  -0.760701   -0.87480617]
[-0.87480617 -1.0079288  -0.760701   -0.87480617]
[-0.85578865 -0.9889113  -0.760701   -0.85578865]
[-0.83677113 -0.95087624 -0.760701   -0.81775355]
[-0.83677113 -0.95087624 -0.760701   -0.79873604]
[-0.83677113 -0.95087624 -0.760701   -0.79873604]
[-0.83677113 -0.95087624 -0.7416835  -0.79873604]
[-0.83677113 -0.9318587  -0.72266597 -0.79873604]
[-0.81775355 -0.9128412  -0.6846309  -0.79873604]
[-0.81775355 -0.9128412  -0.66561335 -0.7797185 ]
[-0.81775355 -0.9318587  -0.66561335 -0.7797185 ]
[-0.81775355 -0.9318587  -0.6846309  -0.7797185 ]
[-0.83677113 -0.9318587  -0.72266597 -0.79873604]
[-0.83677113 -0.95087624 -0.760701   -0.79873604]
[-0.81775355 -0.9318587  -0.79873604 -0.79873604]
[-0.81775355 -0.9318587  -0.83677113 -0.79873604]
[-0.81775355 -0.9128412  -0.87480617 -0.79873604]
[-0.79873604 -0.9128412  -0.9318587  -0.7797185 ]
[-0.7797185 -0.9128412 -0.9318587 -0.760701 ]
[-0.7797185 -0.8938237 -0.9128412 -0.760701 ]
[-0.7797185 -0.8938237 -0.8938237 -0.760701 ]
[-0.7797185  -0.87480617 -0.8938237  -0.72266597]
[-0.760701   -0.87480617 -0.9318587  -0.72266597]
[-0.760701   -0.87480617 -0.96989375 -0.72266597]
[-0.7797185  -0.8938237  -1.0079288  -0.72266597]
[-0.7797185 -0.9318587 -1.0459639 -0.7416835]
[-0.81775355 -0.9889113  -1.0459639  -0.79873604]
[-0.85578865 -1.0269463  -1.0459639  -0.85578865]
[-0.87480617 -1.0459639  -1.0269463  -0.87480617]
[-0.87480617 -1.0269463  -1.0459639  -0.87480617]
[-0.85578865 -0.9889113  -1.0839989  -0.85578865]
[-0.83677113 -1.0079288  -1.122034   -0.83677113]
[-0.83677113 -0.9889113  -1.1410515  -0.83677113]
[-0.83677113 -0.9889113  -1.122034   -0.83677113]
[-0.83677113 -1.0269463  -1.1030165  -0.85578865]
[-0.83677113 -1.0079288  -1.0839989  -0.85578865]
[-0.83677113 -0.9889113  -1.0839989  -0.85578865]
[-0.81775355 -0.96989375 -1.0839989  -0.81775355]
[-0.79873604 -0.9318587  -1.0649815  -0.79873604]
[-0.79873604 -0.9318587  -1.0459639  -0.7797185 ]
[-0.79873604 -0.95087624 -1.0079288  -0.7797185 ]
[-0.81775355 -0.96989375 -0.9889113  -0.79873604]
[-0.81775355 -0.96989375 -0.96989375 -0.79873604]
[-0.81775355 -0.9318587  -0.96989375 -0.79873604]
[-0.7797185 -0.8938237 -0.9889113 -0.760701 ]
[-0.760701   -0.87480617 -1.0269463  -0.7416835 ]
[-0.760701   -0.87480617 -1.0459639  -0.72266597]
[-0.760701  -0.8938237 -1.0079288 -0.7416835]
[-0.7797185  -0.8938237  -0.96989375 -0.7416835 ]
[-0.760701   -0.87480617 -0.96989375 -0.72266597]
[-0.7416835  -0.85578865 -1.0079288  -0.70364845]
[-0.72266597 -0.83677113 -1.0459639  -0.6846309 ]
[-0.6846309  -0.7797185  -1.1790866  -0.64659584]
[-0.64659584 -0.64659584 -0.5895433  -0.6846309 ]
[-0.47543812 -0.79873604 -1.122034   -0.70364845]
[-0.17115772 -0.7797185  -2.0919278  -0.83677113]
[-0.19017525 -0.7797185  -1.9968401  -0.85578865]
[-0.2282103  -0.760701   -1.882735   -0.85578865]
[-0.2282103  -0.70364845 -1.6925597  -0.83677113]
[-0.2282103  -0.66561335 -1.521402   -0.7797185 ]
[-0.20919278 -0.66561335 -1.5023844  -0.72266597]
[-0.20919278 -0.6846309  -1.5974721  -0.760701  ]
[-0.19017525 -0.70364845 -1.7115773  -0.79873604]
[-0.19017525 -0.72266597 -1.7496123  -0.81775355]
[-0.20919278 -0.7416835  -1.7686298  -0.83677113]
[-0.20919278 -0.7416835  -1.7686298  -0.81775355]
[-0.20919278 -0.70364845 -1.7686298  -0.79873604]
[-0.19017525 -0.66561335 -1.7686298  -0.760701  ]
[-0.17115772 -0.66561335 -1.7876474  -0.72266597]
[-0.17115772 -0.6846309  -1.7876474  -0.7416835 ]
[-0.19017525 -0.66561335 -1.7686298  -0.7416835 ]
[-0.19017525 -0.66561335 -1.7305948  -0.72266597]
[-0.19017525 -0.66561335 -1.6735423  -0.70364845]
[-0.20919278 -0.64659584 -1.6355071  -0.70364845]
[-0.20919278 -0.64659584 -1.6355071  -0.70364845]
[-0.19017525 -0.66561335 -1.6735423  -0.70364845]
[-0.19017525 -0.66561335 -1.7305948  -0.72266597]
[-0.17115772 -0.64659584 -1.7686298  -0.72266597]
[-0.1521402  -0.64659584 -1.8256824  -0.72266597]
[-0.13312268 -0.64659584 -1.882735   -0.70364845]
[-0.11410515 -0.6085608  -1.9588051  -0.70364845]
[-0.09508763 -0.5895433  -2.0158577  -0.6846309 ]
[-0.0760701  -0.5895433  -2.0538926  -0.66561335]
[-0.0760701  -0.5895433  -2.0348752  -0.66561335]
[-0.09508763 -0.6085608  -2.0158577  -0.66561335]
[-0.0760701  -0.57052577 -2.0348752  -0.6275783 ]
[-0.05705258 -0.55150825 -2.0729103  -0.6085608 ]
[-0.03803505 -0.55150825 -2.129963   -0.6085608 ]
[-0.03803505 -0.57052577 -2.206033   -0.6085608 ]
[-0.03803505 -0.6085608  -2.282103   -0.64659584]
[-0.0760701  -0.6846309  -2.282103   -0.72266597]
[-0.11410515 -0.72266597 -2.2630854  -0.79873604]
[-0.13312268 -0.760701   -2.2250504  -0.83677113]
[-0.11410515 -0.72266597 -2.2630854  -0.83677113]
[-0.09508763 -0.70364845 -2.320138   -0.79873604]
[-0.0760701 -0.6846309 -2.3771906 -0.7797185]
[-0.05705258 -0.66561335 -2.396208   -0.7797185 ]
[-0.05705258 -0.6846309  -2.396208   -0.760701  ]
[-0.05705258 -0.70364845 -2.3391557  -0.79873604]
[-0.0760701  -0.6846309  -2.3011205  -0.79873604]
[-0.0760701 -0.6846309 -2.3011205 -0.7797185]
[-0.05705258 -0.64659584 -2.3011205  -0.760701  ]
[-0.05705258 -0.6275783  -2.282103   -0.72266597]
[-0.05705258 -0.6275783  -2.2250504  -0.70364845]
[-0.0760701  -0.64659584 -2.206033   -0.70364845]
[-0.09508763 -0.66561335 -2.1679978  -0.72266597]
[-0.11410515 -0.66561335 -2.1489804  -0.7416835 ]
[-0.09508763 -0.6275783  -2.129963   -0.72266597]
[-0.05705258 -0.5895433  -2.1679978  -0.66561335]
[-0.01901753 -0.55150825 -2.206033   -0.64659584]
[-0.01901753 -0.55150825 -2.1870153  -0.64659584]
[-0.03803505 -0.57052577 -2.1489804  -0.64659584]
[-0.05705258 -0.57052577 -2.129963   -0.64659584]
[-0.03803505 -0.55150825 -2.1489804  -0.6085608 ]
[ 0.         -0.51347315 -2.2250504  -0.57052577]
[ 0.03803505 -0.49445564 -2.2630854  -0.55150825]
[ 0.13312268 -0.34231544 -2.4912958  -0.47543812]
[-0.0760701 -0.3803505 -1.483367  -0.6085608]
[-0.4564206  -0.79873604 -1.122034   -0.70364845]
[-0.17115772 -0.7797185  -2.1109452  -0.83677113]
[-0.19017525 -0.7797185  -1.9968401  -0.85578865]
[-0.20919278 -0.7416835  -1.8637174  -0.85578865]
[-0.20919278 -0.64659584 -1.6355071  -0.79873604]
[-0.19017525 -0.5895433  -1.4453319  -0.6846309 ]
[-0.17115772 -0.57052577 -1.4072969  -0.6275783 ]
[-0.17115772 -0.6085608  -1.483367   -0.64659584]
[-0.17115772 -0.6275783  -1.5784546  -0.70364845]
[-0.19017525 -0.66561335 -1.6355071  -0.7416835 ]
[-0.19017525 -0.6846309  -1.6735423  -0.760701  ]
[-0.19017525 -0.66561335 -1.7115773  -0.760701  ]
[-0.17115772 -0.6275783  -1.7496123  -0.72266597]
[-0.1521402 -0.6085608 -1.7496123 -0.6846309]
[-0.13312268 -0.6085608  -1.7496123  -0.66561335]
[-0.13312268 -0.6085608  -1.7496123  -0.66561335]
[-0.1521402 -0.6085608 -1.7305948 -0.6846309]
[-0.1521402 -0.6085608 -1.7115773 -0.6846309]
[-0.17115772 -0.6085608  -1.6545247  -0.66561335]
[-0.17115772 -0.6085608  -1.6164896  -0.64659584]
[-0.17115772 -0.6085608  -1.5974721  -0.64659584]
[-0.17115772 -0.6085608  -1.6355071  -0.64659584]
[-0.17115772 -0.6275783  -1.6925597  -0.64659584]
[-0.17115772 -0.6275783  -1.7496123  -0.66561335]
[-0.1521402  -0.6275783  -1.8066648  -0.66561335]
[-0.1521402  -0.6275783  -1.8447     -0.66561335]
[-0.13312268 -0.6085608  -1.9017525  -0.66561335]
[-0.11410515 -0.6085608  -1.9588051  -0.66561335]
[-0.09508763 -0.5895433  -1.9778225  -0.66561335]
[-0.09508763 -0.5895433  -1.9968401  -0.64659584]
[-0.09508763 -0.5895433  -2.0158577  -0.64659584]
[-0.0760701  -0.57052577 -2.0538926  -0.6275783 ]
[-0.05705258 -0.55150825 -2.0729103  -0.6085608 ]
[-0.03803505 -0.53249073 -2.129963   -0.5895433 ]
[-0.01901753 -0.55150825 -2.206033   -0.6085608 ]
[-0.01901753 -0.5895433  -2.282103   -0.64659584]
[-0.05705258 -0.66561335 -2.282103   -0.72266597]
[-0.09508763 -0.72266597 -2.2630854  -0.79873604]
[-0.13312268 -0.7416835  -2.2250504  -0.81775355]
[-0.11410515 -0.72266597 -2.2630854  -0.81775355]
[-0.09508763 -0.70364845 -2.320138   -0.79873604]
[-0.0760701 -0.6846309 -2.3771906 -0.7797185]
[-0.05705258 -0.66561335 -2.4152257  -0.7797185 ]
[-0.05705258 -0.6846309  -2.396208   -0.760701  ]
[-0.05705258 -0.66561335 -2.3391557  -0.79873604]
[-0.0760701  -0.66561335 -2.282103   -0.760701  ]
[-0.0760701  -0.66561335 -2.282103   -0.760701  ]
[-0.0760701  -0.64659584 -2.282103   -0.760701  ]
[-0.05705258 -0.6275783  -2.2630854  -0.7416835 ]
[-0.0760701  -0.6275783  -2.2250504  -0.70364845]
[-0.0760701  -0.64659584 -2.206033   -0.70364845]
[-0.0760701  -0.66561335 -2.1870153  -0.72266597]
[-0.09508763 -0.64659584 -2.1679978  -0.72266597]
[-0.0760701  -0.6085608  -2.1489804  -0.70364845]
[-0.05705258 -0.57052577 -2.1679978  -0.66561335]
[-0.03803505 -0.57052577 -2.1489804  -0.64659584]
[-0.05705258 -0.57052577 -2.1109452  -0.64659584]
[-0.05705258 -0.5895433  -2.0919278  -0.64659584]
[-0.03803505 -0.55150825 -2.129963   -0.6275783 ]
[ 0.         -0.51347315 -2.206033   -0.5895433 ]
[ 0.03803505 -0.47543812 -2.244068   -0.55150825]
[ 0.0760701  -0.43740308 -2.282103   -0.53249073]
[ 0.19017525 -0.28526288 -2.4532607  -0.43740308]
[-0.03803505 -0.34231544 -1.4453319  -0.57052577]
[-0.4564206  -0.79873604 -1.1410515  -0.70364845]
[-0.17115772 -0.7797185  -2.129963   -0.85578865]
[-0.19017525 -0.7797185  -1.9968401  -0.85578865]
[-0.2282103  -0.72266597 -1.8256824  -0.83677113]
[-0.2282103 -0.6275783 -1.5784546 -0.760701 ]
[-0.20919278 -0.55150825 -1.3502443  -0.6275783 ]
[-0.19017525 -0.55150825 -1.2741742  -0.55150825]
[-0.19017525 -0.57052577 -1.3312267  -0.57052577]
[-0.19017525 -0.6085608  -1.4453319  -0.6085608 ]
[-0.19017525 -0.64659584 -1.5404196  -0.66561335]
[-0.19017525 -0.6275783  -1.5974721  -0.6846309 ]
[-0.17115772 -0.6085608  -1.6355071  -0.6846309 ]
[-0.13312268 -0.55150825 -1.6545247  -0.66561335]
[-0.11410515 -0.53249073 -1.6545247  -0.6275783 ]
[-0.09508763 -0.53249073 -1.6355071  -0.6085608 ]
[-0.11410515 -0.53249073 -1.6164896  -0.6275783 ]
[-0.11410515 -0.55150825 -1.5974721  -0.64659584]
[-0.13312268 -0.55150825 -1.5974721  -0.64659584]
[-0.1521402  -0.57052577 -1.559437   -0.64659584]
[-0.17115772 -0.57052577 -1.521402   -0.6275783 ]
[-0.17115772 -0.5895433  -1.5404196  -0.6085608 ]
[-0.19017525 -0.6085608  -1.5974721  -0.6275783 ]
[-0.17115772 -0.6085608  -1.6545247  -0.6275783 ]
[-0.19017525 -0.6275783  -1.7305948  -0.64659584]
[-0.17115772 -0.6275783  -1.7876474  -0.64659584]
[-0.17115772 -0.64659584 -1.8447     -0.66561335]
[-0.1521402  -0.6275783  -1.882735   -0.66561335]
[-0.13312268 -0.6085608  -1.9017525  -0.66561335]
[-0.13312268 -0.6085608  -1.92077    -0.66561335]
[-0.11410515 -0.6085608  -1.9588051  -0.64659584]
[-0.09508763 -0.5895433  -2.0158577  -0.64659584]
[-0.0760701  -0.57052577 -2.0348752  -0.6275783 ]
[-0.05705258 -0.55150825 -2.0348752  -0.6085608 ]
[-0.05705258 -0.55150825 -2.0729103  -0.5895433 ]
[-0.03803505 -0.5895433  -2.1489804  -0.6275783 ]
[-0.05705258 -0.6275783  -2.2250504  -0.66561335]
[-0.0760701  -0.66561335 -2.244068   -0.7416835 ]
[-0.11410515 -0.72266597 -2.2250504  -0.79873604]
[-0.13312268 -0.7416835  -2.206033   -0.81775355]
[-0.13312268 -0.72266597 -2.244068   -0.81775355]
[-0.09508763 -0.70364845 -2.3011205  -0.79873604]
[-0.0760701 -0.6846309 -2.3771906 -0.7797185]
[-0.05705258 -0.66561335 -2.396208   -0.7797185 ]
[-0.03803505 -0.66561335 -2.396208   -0.760701  ]
[-0.05705258 -0.64659584 -2.320138   -0.7797185 ]
[-0.0760701  -0.66561335 -2.282103   -0.7416835 ]
[-0.0760701  -0.66561335 -2.2630854  -0.7416835 ]
[-0.05705258 -0.64659584 -2.2630854  -0.7416835 ]
[-0.0760701 -0.6275783 -2.244068  -0.7416835]
[-0.0760701  -0.6275783  -2.2250504  -0.70364845]
[-0.05705258 -0.6275783  -2.206033   -0.70364845]
[-0.0760701  -0.64659584 -2.206033   -0.70364845]
[-0.0760701  -0.6085608  -2.1870153  -0.70364845]
[-0.0760701 -0.5895433 -2.1679978 -0.6846309]
[-0.05705258 -0.57052577 -2.1489804  -0.64659584]
[-0.05705258 -0.57052577 -2.0919278  -0.64659584]
[-0.0760701  -0.5895433  -2.0538926  -0.64659584]
[-0.0760701  -0.57052577 -2.0729103  -0.64659584]
[-0.03803505 -0.53249073 -2.129963   -0.6085608 ]
[ 0.01901753 -0.47543812 -2.206033   -0.57052577]
[ 0.05705258 -0.41838557 -2.2250504  -0.53249073]
[ 0.09508763 -0.36133298 -2.1679978  -0.51347315]
[ 0.2282103  -0.19017525 -2.3011205  -0.39936802]
[-0.01901753 -0.28526288 -1.2931917  -0.49445564]
[-0.4564206 -0.7797185 -1.160069  -0.6846309]
[-0.1521402  -0.760701   -2.1489804  -0.83677113]
[-0.19017525 -0.7797185  -2.0158577  -0.85578865]
[-0.2282103  -0.72266597 -1.8256824  -0.83677113]
[-0.24722782 -0.6275783  -1.559437   -0.7416835 ]
[-0.2282103  -0.55150825 -1.3122092  -0.6085608 ]
[-0.2282103  -0.53249073 -1.198104   -0.51347315]
[-0.2282103  -0.55150825 -1.2551566  -0.51347315]
[-0.20919278 -0.57052577 -1.4072969  -0.55150825]
[-0.19017525 -0.5895433  -1.5023844  -0.6085608 ]
[-0.17115772 -0.5895433  -1.5404196  -0.6275783 ]
[-0.1521402  -0.55150825 -1.5404196  -0.6275783 ]
[-0.11410515 -0.49445564 -1.5404196  -0.5895433 ]
[-0.09508763 -0.47543812 -1.5023844  -0.55150825]
[-0.09508763 -0.47543812 -1.4453319  -0.53249073]
[-0.11410515 -0.47543812 -1.4072969  -0.55150825]
[-0.11410515 -0.49445564 -1.4072969  -0.55150825]
[-0.13312268 -0.51347315 -1.4263144  -0.57052577]
[-0.1521402  -0.53249073 -1.4263144  -0.5895433 ]
[-0.17115772 -0.55150825 -1.4072969  -0.5895433 ]
[-0.19017525 -0.57052577 -1.4643494  -0.5895433 ]
[-0.17115772 -0.57052577 -1.521402   -0.6085608 ]
[-0.17115772 -0.57052577 -1.6164896  -0.6085608 ]
[-0.1521402 -0.5895433 -1.7305948 -0.6085608]
[-0.1521402 -0.6085608 -1.8256824 -0.6275783]
[-0.13312268 -0.6085608  -1.882735   -0.66561335]
[-0.13312268 -0.6085608  -1.9017525  -0.66561335]
[-0.13312268 -0.6085608  -1.882735   -0.66561335]
[-0.13312268 -0.6085608  -1.9017525  -0.66561335]
[-0.11410515 -0.5895433  -1.9397875  -0.64659584]
[-0.09508763 -0.57052577 -1.9778225  -0.64659584]
[-0.0760701  -0.57052577 -1.9778225  -0.64659584]
[-0.0760701  -0.57052577 -1.9968401  -0.6275783 ]
[-0.0760701  -0.57052577 -2.0348752  -0.6085608 ]
[-0.0760701  -0.6085608  -2.1109452  -0.64659584]
[-0.09508763 -0.64659584 -2.1679978  -0.6846309 ]
[-0.11410515 -0.6846309  -2.1870153  -0.7416835 ]
[-0.13312268 -0.72266597 -2.206033   -0.7797185 ]
[-0.13312268 -0.72266597 -2.206033   -0.81775355]
[-0.13312268 -0.72266597 -2.244068   -0.81775355]
[-0.11410515 -0.72266597 -2.282103   -0.79873604]
[-0.0760701  -0.70364845 -2.3391557  -0.79873604]
[-0.0760701 -0.6846309 -2.3771906 -0.7797185]
[-0.05705258 -0.66561335 -2.3581731  -0.760701  ]
[-0.05705258 -0.66561335 -2.3011205  -0.760701  ]
[-0.0760701  -0.66561335 -2.2630854  -0.7416835 ]
[-0.0760701  -0.66561335 -2.244068   -0.7416835 ]
[-0.0760701  -0.64659584 -2.2250504  -0.7416835 ]
[-0.0760701 -0.6275783 -2.2250504 -0.7416835]
[-0.05705258 -0.6085608  -2.206033   -0.70364845]
[-0.05705258 -0.6085608  -2.206033   -0.6846309 ]
[-0.05705258 -0.6275783  -2.206033   -0.70364845]
[-0.05705258 -0.6085608  -2.1870153  -0.6846309 ]
[-0.05705258 -0.5895433  -2.1679978  -0.66561335]
[-0.05705258 -0.57052577 -2.129963   -0.64659584]
[-0.05705258 -0.57052577 -2.0919278  -0.64659584]
[-0.0760701  -0.57052577 -2.0729103  -0.6275783 ]
[-0.05705258 -0.55150825 -2.0919278  -0.6085608 ]
[-0.01901753 -0.51347315 -2.1489804  -0.5895433 ]
[ 0.01901753 -0.4564206  -2.1679978  -0.55150825]
[ 0.0760701  -0.39936802 -2.1109452  -0.51347315]
[ 0.11410515 -0.3042804  -1.9588051  -0.47543812]
[ 0.2282103  -0.11410515 -2.0158577  -0.32329792]
[-0.01901753 -0.26624537 -1.0649815  -0.39936802]
[-0.43740308 -0.7797185  -1.160069   -0.6846309 ]
[-0.13312268 -0.7416835  -2.1489804  -0.83677113]
[-0.19017525 -0.760701   -2.0158577  -0.85578865]
[-0.20919278 -0.70364845 -1.8447     -0.81775355]
[-0.2282103  -0.6085608  -1.5784546  -0.72266597]
[-0.2282103  -0.55150825 -1.3122092  -0.5895433 ]
[-0.2282103  -0.53249073 -1.1790866  -0.51347315]
[-0.2282103  -0.53249073 -1.2551566  -0.47543812]
[-0.19017525 -0.53249073 -1.4072969  -0.51347315]
[-0.17115772 -0.55150825 -1.5023844  -0.55150825]
[-0.17115772 -0.55150825 -1.483367   -0.5895433 ]
[-0.1521402  -0.51347315 -1.4453319  -0.57052577]
[-0.13312268 -0.4564206  -1.3692617  -0.55150825]
[-0.11410515 -0.43740308 -1.2741742  -0.49445564]
[-0.11410515 -0.41838557 -1.198104   -0.47543812]
[-0.13312268 -0.43740308 -1.160069   -0.43740308]
[-0.1521402  -0.47543812 -1.198104   -0.47543812]
[-0.1521402  -0.49445564 -1.2361392  -0.49445564]
[-0.17115772 -0.51347315 -1.2741742  -0.51347315]
[-0.17115772 -0.51347315 -1.3122092  -0.53249073]
[-0.17115772 -0.53249073 -1.3692617  -0.55150825]
[-0.1521402  -0.53249073 -1.4453319  -0.57052577]
[-0.13312268 -0.53249073 -1.5404196  -0.57052577]
[-0.11410515 -0.53249073 -1.6735423  -0.57052577]
[-0.09508763 -0.55150825 -1.7876474  -0.6085608 ]
[-0.09508763 -0.57052577 -1.8637174  -0.6275783 ]
[-0.11410515 -0.5895433  -1.882735   -0.64659584]
[-0.13312268 -0.6085608  -1.882735   -0.64659584]
[-0.11410515 -0.5895433  -1.9017525  -0.64659584]
[-0.11410515 -0.5895433  -1.92077    -0.64659584]
[-0.11410515 -0.5895433  -1.92077    -0.64659584]
[-0.11410515 -0.5895433  -1.92077    -0.64659584]
[-0.11410515 -0.5895433  -1.9588051  -0.6275783 ]
[-0.09508763 -0.6085608  -2.0158577  -0.6275783 ]
[-0.09508763 -0.6275783  -2.0919278  -0.64659584]
[-0.11410515 -0.66561335 -2.1489804  -0.70364845]
[-0.13312268 -0.70364845 -2.1679978  -0.7416835 ]
[-0.13312268 -0.72266597 -2.206033   -0.7797185 ]
[-0.13312268 -0.7416835  -2.206033   -0.79873604]
[-0.13312268 -0.72266597 -2.2250504  -0.81775355]
[-0.11410515 -0.72266597 -2.2630854  -0.79873604]
[-0.09508763 -0.70364845 -2.3011205  -0.79873604]
[-0.09508763 -0.6846309  -2.320138   -0.79873604]
[-0.0760701 -0.6846309 -2.320138  -0.7797185]
[-0.0760701  -0.66561335 -2.282103   -0.760701  ]
[-0.0760701  -0.66561335 -2.244068   -0.7416835 ]
[-0.09508763 -0.6846309  -2.206033   -0.760701  ]
[-0.09508763 -0.64659584 -2.206033   -0.7416835 ]
[-0.0760701  -0.6275783  -2.1870153  -0.72266597]
[-0.05705258 -0.5895433  -2.1870153  -0.6846309 ]
[-0.03803505 -0.5895433  -2.1870153  -0.66561335]
[-0.05705258 -0.6085608  -2.1870153  -0.6846309 ]
[-0.05705258 -0.5895433  -2.1679978  -0.6846309 ]
[-0.05705258 -0.57052577 -2.1489804  -0.66561335]
[-0.05705258 -0.57052577 -2.1109452  -0.6275783 ]
[-0.05705258 -0.55150825 -2.1109452  -0.6275783 ]
[-0.03803505 -0.53249073 -2.1109452  -0.5895433 ]
[-0.01901753 -0.53249073 -2.129963   -0.5895433 ]
[ 0.         -0.49445564 -2.1489804  -0.57052577]
[ 0.01901753 -0.4564206  -2.1109452  -0.55150825]
[ 0.03803505 -0.3803505  -1.9778225  -0.51347315]
[ 0.05705258 -0.3042804  -1.7305948  -0.43740308]
[ 0.1521402  -0.09508763 -1.6925597  -0.26624537]
[-0.0760701  -0.28526288 -0.81775355 -0.3042804 ]
[-0.43740308 -0.7797185  -1.1410515  -0.6846309 ]
[-0.13312268 -0.7416835  -2.129963   -0.83677113]
[-0.19017525 -0.7416835  -1.9968401  -0.83677113]
[-0.19017525 -0.70364845 -1.8637174  -0.79873604]
[-0.2282103  -0.6085608  -1.6164896  -0.72266597]
[-0.2282103  -0.57052577 -1.3502443  -0.5895433 ]
[-0.2282103  -0.53249073 -1.2361392  -0.49445564]
[-0.20919278 -0.51347315 -1.2931917  -0.47543812]
[-0.17115772 -0.51347315 -1.4263144  -0.49445564]
[-0.1521402  -0.51347315 -1.4643494  -0.53249073]
[-0.1521402  -0.49445564 -1.4263144  -0.55150825]
[-0.1521402  -0.49445564 -1.3312267  -0.53249073]
[-0.13312268 -0.41838557 -1.2361392  -0.49445564]
[-0.1521402  -0.3803505  -1.122034   -0.41838557]
[-0.13312268 -0.36133298 -1.0649815  -0.36133298]
[-0.1521402 -0.3803505 -1.0649815 -0.3042804]
[-0.1521402  -0.43740308 -1.122034   -0.36133298]
[-0.17115772 -0.4564206  -1.1410515  -0.39936802]
[-0.19017525 -0.47543812 -1.160069   -0.4564206 ]
[-0.19017525 -0.49445564 -1.198104   -0.49445564]
[-0.19017525 -0.49445564 -1.2551566  -0.51347315]
[-0.17115772 -0.49445564 -1.3122092  -0.53249073]
[-0.13312268 -0.49445564 -1.4072969  -0.53249073]
[-0.11410515 -0.49445564 -1.521402   -0.53249073]
[-0.0760701  -0.49445564 -1.6545247  -0.55150825]
[-0.0760701  -0.53249073 -1.7686298  -0.5895433 ]
[-0.09508763 -0.55150825 -1.8256824  -0.6085608 ]
[-0.11410515 -0.5895433  -1.8637174  -0.6275783 ]
[-0.11410515 -0.5895433  -1.9017525  -0.6275783 ]
[-0.13312268 -0.5895433  -1.9017525  -0.64659584]
[-0.13312268 -0.6085608  -1.9017525  -0.64659584]
[-0.13312268 -0.6085608  -1.9017525  -0.64659584]
[-0.13312268 -0.6085608  -1.9397875  -0.64659584]
[-0.11410515 -0.6085608  -1.9968401  -0.64659584]
[-0.09508763 -0.64659584 -2.0919278  -0.66561335]
[-0.11410515 -0.6846309  -2.1489804  -0.70364845]
[-0.11410515 -0.70364845 -2.1870153  -0.760701  ]
[-0.13312268 -0.72266597 -2.2250504  -0.79873604]
[-0.13312268 -0.7416835  -2.2250504  -0.81775355]
[-0.13312268 -0.7416835  -2.2250504  -0.81775355]
[-0.11410515 -0.72266597 -2.244068   -0.81775355]
[-0.09508763 -0.70364845 -2.2630854  -0.79873604]
[-0.0760701  -0.6846309  -2.3011205  -0.79873604]
[-0.0760701  -0.66561335 -2.3011205  -0.7797185 ]
[-0.0760701  -0.66561335 -2.2630854  -0.760701  ]
[-0.09508763 -0.6846309  -2.2250504  -0.760701  ]
[-0.11410515 -0.6846309  -2.206033   -0.760701  ]
[-0.09508763 -0.64659584 -2.1870153  -0.7416835 ]
[-0.0760701  -0.6085608  -2.1870153  -0.70364845]
[-0.03803505 -0.57052577 -2.1679978  -0.64659584]
[-0.03803505 -0.57052577 -2.1679978  -0.64659584]
[-0.03803505 -0.5895433  -2.1489804  -0.64659584]
[-0.05705258 -0.5895433  -2.1489804  -0.66561335]
[-0.0760701  -0.57052577 -2.1109452  -0.66561335]
[-0.05705258 -0.55150825 -2.129963   -0.6275783 ]
[-0.01901753 -0.51347315 -2.129963   -0.5895433 ]
[ 0.         -0.49445564 -2.1489804  -0.57052577]
[ 0.         -0.49445564 -2.1489804  -0.55150825]
[ 0.         -0.49445564 -2.129963   -0.57052577]
[ 0.         -0.47543812 -2.0729103  -0.55150825]
[ 0.         -0.39936802 -1.8637174  -0.51347315]
[-0.01901753 -0.32329792 -1.559437   -0.41838557]
[ 0.05705258 -0.0760701  -1.4643494  -0.20919278]
[-0.13312268 -0.32329792 -0.66561335 -0.2282103 ]
[-0.4564206 -0.7797185 -1.1030165 -0.6846309]
[-0.1521402  -0.72266597 -2.0538926  -0.83677113]
[-0.19017525 -0.72266597 -1.9588051  -0.81775355]
[-0.17115772 -0.66561335 -1.8447     -0.79873604]
[-0.19017525 -0.5895433  -1.6545247  -0.70364845]
[-0.20919278 -0.55150825 -1.4072969  -0.5895433 ]
[-0.20919278 -0.51347315 -1.2931917  -0.51347315]
[-0.19017525 -0.49445564 -1.3122092  -0.47543812]
[-0.17115772 -0.49445564 -1.4072969  -0.49445564]
[-0.1521402  -0.49445564 -1.4072969  -0.51347315]
[-0.1521402  -0.47543812 -1.3502443  -0.51347315]
[-0.17115772 -0.4564206  -1.2551566  -0.47543812]
[-0.1521402  -0.36133298 -1.160069   -0.43740308]
[-0.1521402  -0.3042804  -1.1030165  -0.28526288]
[-0.09508763 -0.26624537 -1.1410515  -0.20919278]
[-0.09508763 -0.3042804  -1.198104   -0.17115772]
[-0.09508763 -0.34231544 -1.1790866  -0.24722782]
[-0.1521402  -0.39936802 -1.122034   -0.32329792]
[-0.17115772 -0.43740308 -1.0839989  -0.39936802]
[-0.19017525 -0.4564206  -1.0839989  -0.43740308]
[-0.19017525 -0.47543812 -1.1030165  -0.47543812]
[-0.17115772 -0.47543812 -1.1410515  -0.49445564]
[-0.1521402  -0.4564206  -1.198104   -0.49445564]
[-0.13312268 -0.4564206  -1.3122092  -0.47543812]
[-0.09508763 -0.47543812 -1.4453319  -0.49445564]
[-0.09508763 -0.49445564 -1.5974721  -0.53249073]
[-0.11410515 -0.53249073 -1.7115773  -0.57052577]
[-0.11410515 -0.57052577 -1.8066648  -0.6085608 ]
[-0.11410515 -0.5895433  -1.8637174  -0.6275783 ]
[-0.11410515 -0.5895433  -1.882735   -0.64659584]
[-0.13312268 -0.6085608  -1.882735   -0.66561335]
[-0.13312268 -0.6085608  -1.882735   -0.66561335]
[-0.11410515 -0.6085608  -1.9017525  -0.64659584]
[-0.11410515 -0.6275783  -1.9778225  -0.64659584]
[-0.09508763 -0.64659584 -2.0538926  -0.6846309 ]
[-0.11410515 -0.6846309  -2.1489804  -0.72266597]
[-0.11410515 -0.70364845 -2.1870153  -0.760701  ]
[-0.13312268 -0.72266597 -2.2250504  -0.79873604]
[-0.11410515 -0.72266597 -2.2250504  -0.81775355]
[-0.11410515 -0.70364845 -2.206033   -0.81775355]
[-0.0760701  -0.64659584 -2.1870153  -0.79873604]
[-0.03803505 -0.6085608  -2.1870153  -0.7797185 ]
[-0.01901753 -0.5895433  -2.1870153  -0.760701  ]
[-0.03803505 -0.5895433  -2.206033   -0.7416835 ]
[-0.05705258 -0.64659584 -2.206033   -0.7416835 ]
[-0.0760701  -0.66561335 -2.2250504  -0.7416835 ]
[-0.09508763 -0.66561335 -2.2250504  -0.760701  ]
[-0.0760701 -0.6275783 -2.206033  -0.7416835]
[-0.05705258 -0.57052577 -2.1489804  -0.6846309 ]
[ 0.         -0.49445564 -2.0919278  -0.64659584]
[ 0.01901753 -0.49445564 -2.0729103  -0.6085608 ]
[-0.01901753 -0.55150825 -2.0729103  -0.6085608 ]
[-0.0760701  -0.5895433  -2.129963   -0.64659584]
[-0.0760701  -0.5895433  -2.1489804  -0.64659584]
[-0.05705258 -0.53249073 -2.1489804  -0.6275783 ]
[-0.01901753 -0.51347315 -2.129963   -0.57052577]
[ 0.         -0.49445564 -2.129963   -0.55150825]
[ 0.         -0.49445564 -2.1109452  -0.55150825]
[ 0.         -0.49445564 -2.1109452  -0.57052577]
[ 0.         -0.4564206  -2.0158577  -0.57052577]
[ 0.         -0.3803505  -1.7876474  -0.51347315]
[-0.03803505 -0.3042804  -1.4453319  -0.43740308]
[ 0.01901753 -0.05705258 -1.3692617  -0.17115772]
[-0.1521402  -0.32329792 -0.6085608  -0.19017525]
[-0.43740308 -0.72266597 -1.0079288  -0.6846309 ]
[-0.11410515 -0.6846309  -1.9397875  -0.81775355]
[-0.1521402  -0.66561335 -1.8637174  -0.7797185 ]
[-0.1521402 -0.6275783 -1.7876474 -0.760701 ]
[-0.17115772 -0.57052577 -1.6545247  -0.6846309 ]
[-0.19017525 -0.53249073 -1.4263144  -0.5895433 ]
[-0.19017525 -0.49445564 -1.3122092  -0.51347315]
[-0.17115772 -0.47543812 -1.3122092  -0.47543812]
[-0.1521402  -0.47543812 -1.3692617  -0.47543812]
[-0.1521402  -0.47543812 -1.3502443  -0.49445564]
[-0.17115772 -0.4564206  -1.2741742  -0.47543812]
[-0.1521402  -0.43740308 -1.198104   -0.43740308]
[-0.11410515 -0.26624537 -1.1790866  -0.34231544]
[-0.05705258 -0.17115772 -1.2171216  -0.1521402 ]
[ 0.03803505 -0.13312268 -1.3312267  -0.09508763]
[ 0.01901753 -0.19017525 -1.3502443  -0.09508763]
[-0.05705258 -0.26624537 -1.2361392  -0.19017525]
[-0.13312268 -0.36133298 -1.1410515  -0.28526288]
[-0.19017525 -0.41838557 -1.0649815  -0.34231544]
[-0.20919278 -0.4564206  -1.0269463  -0.39936802]
[-0.20919278 -0.4564206  -0.95087624 -0.43740308]
[-0.20919278 -0.43740308 -0.9318587  -0.4564206 ]
[-0.19017525 -0.41838557 -0.9889113  -0.43740308]
[-0.17115772 -0.43740308 -1.0839989  -0.41838557]
[-0.1521402  -0.4564206  -1.2551566  -0.43740308]
[-0.13312268 -0.49445564 -1.4453319  -0.47543812]
[-0.13312268 -0.53249073 -1.6164896  -0.53249073]
[-0.11410515 -0.55150825 -1.7496123  -0.57052577]
[-0.11410515 -0.57052577 -1.8256824  -0.6085608 ]
[-0.11410515 -0.5895433  -1.8637174  -0.6275783 ]
[-0.13312268 -0.6085608  -1.8637174  -0.64659584]
[-0.13312268 -0.5895433  -1.8637174  -0.64659584]
[-0.11410515 -0.6085608  -1.8637174  -0.64659584]
[-0.11410515 -0.6275783  -1.9397875  -0.64659584]
[-0.11410515 -0.66561335 -2.0158577  -0.6846309 ]
[-0.11410515 -0.66561335 -2.0919278  -0.7416835 ]
[-0.09508763 -0.66561335 -2.129963   -0.7797185 ]
[-0.0760701  -0.64659584 -2.129963   -0.79873604]
[-0.03803505 -0.5895433  -2.0729103  -0.79873604]
[ 0.         -0.51347315 -1.9968401  -0.7797185 ]
[ 0.05705258 -0.43740308 -1.882735   -0.7416835 ]
[ 0.0760701  -0.39936802 -1.8256824  -0.6846309 ]
[ 0.03803505 -0.4564206  -1.8447     -0.64659584]
[-0.01901753 -0.57052577 -1.9968401  -0.66561335]
[-0.0760701  -0.66561335 -2.129963   -0.70364845]
[-0.11410515 -0.70364845 -2.206033   -0.7416835 ]
[-0.09508763 -0.66561335 -2.244068   -0.7416835 ]
[-0.0760701  -0.6275783  -2.2250504  -0.72266597]
[-0.03803505 -0.57052577 -2.129963   -0.6846309 ]
[ 0.         -0.4564206  -1.9017525  -0.64659584]
[ 0.01901753 -0.41838557 -1.8256824  -0.55150825]
[ 0.         -0.47543812 -1.882735   -0.55150825]
[-0.03803505 -0.57052577 -2.129963   -0.6085608 ]
[-0.0760701  -0.5895433  -2.244068   -0.64659584]
[-0.05705258 -0.53249073 -2.2250504  -0.6275783 ]
[-0.01901753 -0.51347315 -2.1489804  -0.57052577]
[-0.03803505 -0.53249073 -2.0919278  -0.57052577]
[-0.01901753 -0.53249073 -2.0919278  -0.57052577]
[-0.03803505 -0.51347315 -2.0729103  -0.5895433 ]
[-0.03803505 -0.47543812 -1.9397875  -0.57052577]
[-0.01901753 -0.39936802 -1.7115773  -0.49445564]
[-0.0760701  -0.3042804  -1.3312267  -0.41838557]
[ 0.        -0.0760701 -1.3122092 -0.1521402]
[-0.1521402  -0.32329792 -0.6275783  -0.20919278]
[-0.36133298 -0.57052577 -0.79873604 -0.64659584]
[-0.05705258 -0.57052577 -1.6545247  -0.7416835 ]
[-0.09508763 -0.5895433  -1.6545247  -0.70364845]
[-0.1521402  -0.6085608  -1.6925597  -0.70364845]
[-0.1521402  -0.57052577 -1.5784546  -0.66561335]
[-0.19017525 -0.53249073 -1.3882793  -0.5895433 ]
[-0.17115772 -0.47543812 -1.2361392  -0.51347315]
[-0.17115772 -0.4564206  -1.2361392  -0.4564206 ]
[-0.13312268 -0.43740308 -1.2741742  -0.4564206 ]
[-0.13312268 -0.41838557 -1.2551566  -0.47543812]
[-0.1521402  -0.41838557 -1.1790866  -0.4564206 ]
[-0.13312268 -0.36133298 -1.122034   -0.3803505 ]
[-0.0760701  -0.17115772 -1.1790866  -0.28526288]
[ 0.03803505 -0.0760701  -1.2931917  -0.05705258]
[ 0.11410515 -0.09508763 -1.3882793  -0.03803505]
[ 0.03803505 -0.1521402  -1.3312267  -0.09508763]
[-0.05705258 -0.26624537 -1.2551566  -0.19017525]
[-0.13312268 -0.36133298 -1.1790866  -0.28526288]
[-0.19017525 -0.39936802 -1.0839989  -0.34231544]
[-0.2282103  -0.43740308 -0.96989375 -0.3803505 ]
[-0.24722782 -0.41838557 -0.83677113 -0.41838557]
[-0.2282103  -0.41838557 -0.760701   -0.39936802]
[-0.20919278 -0.39936802 -0.7797185  -0.3803505 ]
[-0.19017525 -0.39936802 -0.9318587  -0.36133298]
[-0.17115772 -0.43740308 -1.1410515  -0.3803505 ]
[-0.1521402  -0.47543812 -1.3692617  -0.43740308]
[-0.13312268 -0.51347315 -1.559437   -0.49445564]
[-0.11410515 -0.55150825 -1.6925597  -0.55150825]
[-0.13312268 -0.57052577 -1.7876474  -0.5895433 ]
[-0.11410515 -0.5895433  -1.8447     -0.6275783 ]
[-0.13312268 -0.5895433  -1.8447     -0.64659584]
[-0.13312268 -0.5895433  -1.8256824  -0.6275783 ]
[-0.13312268 -0.6085608  -1.8447     -0.6275783 ]
[-0.11410515 -0.6085608  -1.92077    -0.64659584]
[-0.09508763 -0.5895433  -1.9588051  -0.6846309 ]
[-0.03803505 -0.55150825 -1.9397875  -0.72266597]
[ 0.         -0.49445564 -1.8637174  -0.7416835 ]
[ 0.03803505 -0.41838557 -1.7496123  -0.7416835 ]
[ 0.0760701  -0.36133298 -1.5784546  -0.70364845]
[ 0.0760701  -0.32329792 -1.4072969  -0.64659584]
[ 0.03803505 -0.32329792 -1.2361392  -0.5895433 ]
[ 0.         -0.3803505  -1.1790866  -0.51347315]
[-0.0760701  -0.51347315 -1.3882793  -0.49445564]
[-0.11410515 -0.6085608  -1.7876474  -0.57052577]
[-0.13312268 -0.66561335 -2.0919278  -0.6846309 ]
[-0.11410515 -0.70364845 -2.244068   -0.760701  ]
[-0.11410515 -0.6846309  -2.2630854  -0.760701  ]
[-0.11410515 -0.66561335 -2.244068   -0.7416835 ]
[-0.09508763 -0.6085608  -2.0729103  -0.72266597]
[-0.0760701  -0.47543812 -1.6355071  -0.66561335]
[-0.05705258 -0.39936802 -1.3882793  -0.53249073]
[-0.03803505 -0.47543812 -1.5784546  -0.47543812]
[ 0.         -0.53249073 -2.0538926  -0.57052577]
[-0.01901753 -0.53249073 -2.320138   -0.6275783 ]
[ 0.         -0.53249073 -2.3581731  -0.6085608 ]
[-0.01901753 -0.51347315 -2.320138   -0.55150825]
[-0.05705258 -0.55150825 -2.244068   -0.53249073]
[-0.05705258 -0.57052577 -2.1870153  -0.57052577]
[-0.0760701  -0.53249073 -2.0729103  -0.6085608 ]
[-0.05705258 -0.47543812 -1.882735   -0.5895433 ]
[-0.05705258 -0.39936802 -1.5974721  -0.51347315]
[-0.13312268 -0.34231544 -1.1790866  -0.41838557]
[-0.01901753 -0.11410515 -1.2551566  -0.17115772]
[-0.17115772 -0.32329792 -0.6275783  -0.2282103 ]
[-0.32329792 -0.4564206  -0.47543812 -0.51347315]
[-0.05705258 -0.47543812 -1.2551566  -0.55150825]
[-0.09508763 -0.53249073 -1.3692617  -0.55150825]
[-0.1521402  -0.57052577 -1.521402   -0.64659584]
[-0.17115772 -0.57052577 -1.4453319  -0.64659584]
[-0.20919278 -0.53249073 -1.2741742  -0.6085608 ]
[-0.20919278 -0.47543812 -1.122034   -0.53249073]
[-0.17115772 -0.41838557 -1.0839989  -0.4564206 ]
[-0.13312268 -0.36133298 -1.0839989  -0.43740308]
[-0.11410515 -0.34231544 -1.0459639  -0.43740308]
[-0.11410515 -0.36133298 -1.0079288  -0.39936802]
[-0.11410515 -0.32329792 -1.0079288  -0.34231544]
[-0.05705258 -0.1521402  -1.0839989  -0.2282103 ]
[ 0.03803505 -0.11410515 -1.198104   -0.05705258]
[ 0.03803505 -0.1521402  -1.2171216  -0.0760701 ]
[-0.03803505 -0.2282103  -1.160069   -0.1521402 ]
[-0.09508763 -0.3042804  -1.1410515  -0.24722782]
[-0.13312268 -0.34231544 -1.160069   -0.3042804 ]
[-0.1521402  -0.3803505  -1.0839989  -0.36133298]
[-0.19017525 -0.39936802 -0.95087624 -0.3803505 ]
[-0.2282103 -0.3803505 -0.7416835 -0.3803505]
[-0.24722782 -0.3803505  -0.6085608  -0.36133298]
[-0.24722782 -0.3803505  -0.6085608  -0.32329792]
[-0.20919278 -0.3803505  -0.81775355 -0.3042804 ]
[-0.17115772 -0.39936802 -1.0839989  -0.32329792]
[-0.13312268 -0.41838557 -1.3312267  -0.3803505 ]
[-0.11410515 -0.47543812 -1.5023844  -0.4564206 ]
[-0.11410515 -0.51347315 -1.6355071  -0.53249073]
[-0.11410515 -0.55150825 -1.7305948  -0.57052577]
[-0.11410515 -0.57052577 -1.8256824  -0.5895433 ]
[-0.11410515 -0.5895433  -1.8447     -0.6275783 ]
[-0.13312268 -0.57052577 -1.8447     -0.6085608 ]
[-0.11410515 -0.57052577 -1.8447     -0.6085608 ]
[-0.0760701  -0.55150825 -1.8447     -0.64659584]
[-0.05705258 -0.51347315 -1.7686298  -0.66561335]
[-0.03803505 -0.4564206  -1.5784546  -0.66561335]
[-0.01901753 -0.41838557 -1.3502443  -0.6275783 ]
[-0.05705258 -0.39936802 -1.122034   -0.57052577]
[-0.11410515 -0.43740308 -0.9318587  -0.51347315]
[-0.2282103  -0.51347315 -0.79873604 -0.4564206 ]
[-0.32329792 -0.5895433  -0.70364845 -0.41838557]
[-0.36133298 -0.6085608  -0.83677113 -0.39936802]
[-0.32329792 -0.64659584 -1.2361392  -0.41838557]
[-0.2282103  -0.6846309  -1.7686298  -0.55150825]
[-0.1521402  -0.70364845 -2.1679978  -0.70364845]
[-0.13312268 -0.7416835  -2.282103   -0.79873604]
[-0.13312268 -0.72266597 -2.3011205  -0.79873604]
[-0.13312268 -0.70364845 -2.2630854  -0.79873604]
[-0.1521402  -0.66561335 -2.0729103  -0.760701  ]
[-0.20919278 -0.55150825 -1.4453319  -0.72266597]
[-0.17115772 -0.47543812 -1.0459639  -0.49445564]
[-0.17115772 -0.51347315 -1.2361392  -0.39936802]
[-0.03803505 -0.47543812 -1.8447     -0.47543812]
[ 0.         -0.57052577 -2.3581731  -0.6085608 ]
[ 0.         -0.53249073 -2.4152257  -0.6275783 ]
[ 0.03803505 -0.49445564 -2.4342432  -0.5895433 ]
[ 0.03803505 -0.49445564 -2.4342432  -0.55150825]
[ 0.         -0.49445564 -2.320138   -0.5895433 ]
[-0.01901753 -0.47543812 -2.129963   -0.6085608 ]
[-0.03803505 -0.43740308 -1.8256824  -0.5895433 ]
[-0.05705258 -0.3803505  -1.483367   -0.51347315]
[-0.1521402  -0.34231544 -1.0649815  -0.41838557]
[-0.01901753 -0.11410515 -1.1790866  -0.19017525]
[-0.17115772 -0.3042804  -0.5895433  -0.2282103 ]
[-0.39936802 -0.41838557 -0.17115772 -0.3803505 ]
[-0.13312268 -0.43740308 -0.9128412  -0.36133298]
[-0.13312268 -0.47543812 -1.1410515  -0.43740308]
[-0.1521402  -0.53249073 -1.3312267  -0.57052577]
[-0.19017525 -0.55150825 -1.2931917  -0.6085608 ]
[-0.20919278 -0.53249073 -1.1410515  -0.57052577]
[-0.20919278 -0.43740308 -0.9889113  -0.51347315]
[-0.17115772 -0.34231544 -0.81775355 -0.43740308]
[-0.13312268 -0.32329792 -0.72266597 -0.3803505 ]
[-0.13312268 -0.3042804  -0.6846309  -0.36133298]
[-0.1521402  -0.32329792 -0.70364845 -0.34231544]
[-0.1521402  -0.3042804  -0.79873604 -0.3042804 ]
[-0.11410515 -0.19017525 -0.8938237  -0.2282103 ]
[-0.05705258 -0.20919278 -0.9889113  -0.13312268]
[-0.05705258 -0.2282103  -0.9889113  -0.17115772]
[-0.13312268 -0.3042804  -0.96989375 -0.2282103 ]
[-0.13312268 -0.34231544 -1.0269463  -0.28526288]
[-0.1521402  -0.36133298 -1.0649815  -0.32329792]
[-0.1521402  -0.36133298 -1.0079288  -0.36133298]
[-0.19017525 -0.34231544 -0.85578865 -0.36133298]
[-0.2282103  -0.34231544 -0.6275783  -0.34231544]
[-0.26624537 -0.36133298 -0.4564206  -0.3042804 ]
[-0.28526288 -0.36133298 -0.49445564 -0.26624537]
[-0.20919278 -0.34231544 -0.7416835  -0.26624537]
[-0.1521402  -0.36133298 -1.0459639  -0.28526288]
[-0.11410515 -0.39936802 -1.2741742  -0.34231544]
[-0.11410515 -0.4564206  -1.4263144  -0.41838557]
[-0.11410515 -0.49445564 -1.559437   -0.49445564]
[-0.11410515 -0.53249073 -1.6735423  -0.55150825]
[-0.09508763 -0.55150825 -1.8066648  -0.57052577]
[-0.11410515 -0.55150825 -1.8637174  -0.5895433 ]
[-0.11410515 -0.57052577 -1.882735   -0.5895433 ]
[-0.11410515 -0.5895433  -1.8637174  -0.5895433 ]
[-0.13312268 -0.6085608  -1.8066648  -0.6085608 ]
[-0.17115772 -0.6275783  -1.5974721  -0.6275783 ]
[-0.24722782 -0.6275783  -1.3122092  -0.5895433 ]
[-0.36133298 -0.66561335 -1.0079288  -0.53249073]
[-0.4564206  -0.70364845 -0.81775355 -0.47543812]
[-0.55150825 -0.7797185  -0.760701   -0.4564206 ]
[-0.6085608  -0.83677113 -0.81775355 -0.47543812]
[-0.6085608  -0.83677113 -0.9128412  -0.51347315]
[-0.51347315 -0.72266597 -1.1030165  -0.51347315]
[-0.36133298 -0.6846309  -1.483367   -0.49445564]
[-0.20919278 -0.70364845 -1.92077    -0.5895433 ]
[-0.1521402 -0.7416835 -2.244068  -0.7416835]
[-0.1521402  -0.760701   -2.3011205  -0.83677113]
[-0.13312268 -0.760701   -2.3011205  -0.83677113]
[-0.13312268 -0.72266597 -2.282103   -0.83677113]
[-0.17115772 -0.70364845 -2.1109452  -0.81775355]
[-0.28526288 -0.6275783  -1.4263144  -0.7797185 ]
[-0.3042804  -0.53249073 -0.85578865 -0.57052577]
[-0.2282103  -0.41838557 -0.9889113  -0.34231544]
[-0.0760701  -0.49445564 -1.6735423  -0.3803505 ]
[ 0.03803505 -0.6085608  -2.3771906  -0.6085608 ]
[-0.01901753 -0.55150825 -2.4342432  -0.64659584]
[ 0.03803505 -0.51347315 -2.4912958  -0.6085608 ]
[ 0.09508763 -0.4564206  -2.5103133  -0.57052577]
[ 0.0760701 -0.4564206 -2.3771906 -0.5895433]
[ 0.03803505 -0.39936802 -2.1679978  -0.57052577]
[-0.01901753 -0.39936802 -1.7496123  -0.53249073]
[-0.05705258 -0.36133298 -1.3122092  -0.49445564]
[-0.1521402  -0.34231544 -0.8938237  -0.39936802]
[-0.01901753 -0.0760701  -1.0649815  -0.17115772]
[-0.17115772 -0.32329792 -0.53249073 -0.19017525]
[-0.41838557 -0.47543812 -0.17115772 -0.26624537]
[-0.17115772 -0.41838557 -0.8938237  -0.2282103 ]
[-0.17115772 -0.43740308 -1.0079288  -0.34231544]
[-0.17115772 -0.47543812 -1.1410515  -0.51347315]
[-0.19017525 -0.51347315 -1.1410515  -0.55150825]
[-0.20919278 -0.47543812 -1.0459639  -0.53249073]
[-0.19017525 -0.3803505  -0.81775355 -0.47543812]
[-0.2282103  -0.34231544 -0.49445564 -0.39936802]
[-0.24722782 -0.34231544 -0.24722782 -0.34231544]
[-0.26624537 -0.34231544 -0.2282103  -0.32329792]
[-0.24722782 -0.34231544 -0.36133298 -0.3042804 ]
[-0.20919278 -0.3042804  -0.51347315 -0.28526288]
[-0.17115772 -0.26624537 -0.66561335 -0.24722782]
[-0.1521402  -0.28526288 -0.7416835  -0.20919278]
[-0.1521402 -0.3042804 -0.7797185 -0.2282103]
[-0.17115772 -0.34231544 -0.83677113 -0.26624537]
[-0.19017525 -0.36133298 -0.9128412  -0.3042804 ]
[-0.17115772 -0.36133298 -0.9128412  -0.34231544]
[-0.17115772 -0.34231544 -0.85578865 -0.36133298]
[-0.19017525 -0.32329792 -0.6846309  -0.34231544]
[-0.24722782 -0.34231544 -0.47543812 -0.3042804 ]
[-0.28526288 -0.36133298 -0.34231544 -0.26624537]
[-0.3042804  -0.36133298 -0.41838557 -0.2282103 ]
[-0.2282103  -0.34231544 -0.6846309  -0.2282103 ]
[-0.1521402  -0.34231544 -0.96989375 -0.24722782]
[-0.13312268 -0.36133298 -1.1790866  -0.3042804 ]
[-0.11410515 -0.41838557 -1.3502443  -0.3803505 ]
[-0.11410515 -0.47543812 -1.483367   -0.4564206 ]
[-0.11410515 -0.51347315 -1.6164896  -0.51347315]
[-0.09508763 -0.51347315 -1.7876474  -0.53249073]
[-0.0760701  -0.53249073 -1.882735   -0.55150825]
[-0.09508763 -0.55150825 -1.92077    -0.57052577]
[-0.13312268 -0.5895433  -1.92077    -0.5895433 ]
[-0.19017525 -0.64659584 -1.8447     -0.6275783 ]
[-0.28526288 -0.72266597 -1.6545247  -0.66561335]
[-0.41838557 -0.7797185  -1.4263144  -0.64659584]
[-0.53249073 -0.83677113 -1.2551566  -0.6275783 ]
[-0.57052577 -0.85578865 -1.2171216  -0.6085608 ]
[-0.57052577 -0.87480617 -1.3312267  -0.6275783 ]
[-0.51347315 -0.85578865 -1.5023844  -0.66561335]
[-0.43740308 -0.79873604 -1.6164896  -0.70364845]
[-0.32329792 -0.66561335 -1.6355071  -0.6846309 ]
[-0.24722782 -0.66561335 -1.8066648  -0.5895433 ]
[-0.1521402  -0.70364845 -2.0538926  -0.64659584]
[-0.13312268 -0.760701   -2.3011205  -0.79873604]
[-0.1521402  -0.7797185  -2.320138   -0.87480617]
[-0.1521402  -0.7797185  -2.3011205  -0.87480617]
[-0.13312268 -0.7416835  -2.2630854  -0.85578865]
[-0.17115772 -0.72266597 -2.129963   -0.83677113]
[-0.28526288 -0.66561335 -1.5404196  -0.81775355]
[-0.32329792 -0.53249073 -0.85578865 -0.6275783 ]
[-0.28526288 -0.3803505  -0.79873604 -0.32329792]
[-0.03803505 -0.49445564 -1.5784546  -0.32329792]
[ 0.09508763 -0.55150825 -2.282103   -0.5895433 ]
[-0.01901753 -0.6275783  -2.3771906  -0.6846309 ]
[-0.05705258 -0.6085608  -2.3771906  -0.72266597]
[-0.03803505 -0.57052577 -2.3771906  -0.66561335]
[ 0.01901753 -0.49445564 -2.282103   -0.6275783 ]
[ 0.01901753 -0.39936802 -2.0729103  -0.57052577]
[ 0.         -0.34231544 -1.6735423  -0.4564206 ]
[-0.05705258 -0.34231544 -1.2171216  -0.3803505 ]
[-0.17115772 -0.32329792 -0.9318587  -0.2282103 ]
[-0.05705258 -0.11410515 -1.122034   -0.01901753]
[-0.17115772 -0.3803505  -0.66561335 -0.13312268]
[-0.43740308 -0.4564206  -0.39936802 -0.28526288]
[-0.13312268 -0.39936802 -1.0649815  -0.19017525]
[-0.13312268 -0.39936802 -0.95087624 -0.26624537]
[-0.17115772 -0.39936802 -0.9318587  -0.41838557]
[-0.17115772 -0.41838557 -0.9889113  -0.47543812]
[-0.17115772 -0.3803505  -0.8938237  -0.4564206 ]
[-0.2282103  -0.36133298 -0.55150825 -0.41838557]
[-0.32329792 -0.3803505  -0.1521402  -0.36133298]
[-0.39936802 -0.39936802  0.11410515 -0.32329792]
[-0.39936802 -0.41838557  0.11410515 -0.3042804 ]
[-0.36133298 -0.3803505  -0.03803505 -0.28526288]
[-0.28526288 -0.34231544 -0.2282103  -0.28526288]
[-0.26624537 -0.32329792 -0.39936802 -0.26624537]
[-0.24722782 -0.34231544 -0.49445564 -0.26624537]
[-0.24722782 -0.36133298 -0.57052577 -0.28526288]
[-0.2282103  -0.36133298 -0.6846309  -0.28526288]
[-0.20919278 -0.36133298 -0.7797185  -0.32329792]
[-0.19017525 -0.34231544 -0.760701   -0.34231544]
[-0.20919278 -0.32329792 -0.6275783  -0.34231544]
[-0.24722782 -0.32329792 -0.4564206  -0.3042804 ]
[-0.3042804  -0.34231544 -0.32329792 -0.26624537]
[-0.32329792 -0.3803505  -0.3042804  -0.2282103 ]
[-0.32329792 -0.3803505  -0.43740308 -0.2282103 ]
[-0.24722782 -0.34231544 -0.66561335 -0.2282103 ]
[-0.17115772 -0.34231544 -0.8938237  -0.24722782]
[-0.13312268 -0.36133298 -1.1030165  -0.28526288]
[-0.13312268 -0.41838557 -1.2741742  -0.36133298]
[-0.11410515 -0.4564206  -1.4072969  -0.43740308]
[-0.11410515 -0.49445564 -1.559437   -0.47543812]
[-0.0760701  -0.49445564 -1.7305948  -0.51347315]
[-0.0760701  -0.51347315 -1.8447     -0.55150825]
[-0.0760701  -0.55150825 -1.92077    -0.57052577]
[-0.0760701  -0.57052577 -1.9778225  -0.6085608 ]
[-0.11410515 -0.6085608  -1.9778225  -0.64659584]
[-0.19017525 -0.6846309  -1.9397875  -0.6846309 ]
[-0.28526288 -0.760701   -1.8637174  -0.72266597]
[-0.34231544 -0.79873604 -1.8447     -0.7416835 ]
[-0.34231544 -0.81775355 -1.9017525  -0.760701  ]
[-0.3042804  -0.81775355 -1.9778225  -0.7797185 ]
[-0.26624537 -0.81775355 -2.0538926  -0.81775355]
[-0.24722782 -0.79873604 -2.0158577  -0.85578865]
[-0.20919278 -0.66561335 -1.9017525  -0.79873604]
[-0.19017525 -0.70364845 -1.9397875  -0.66561335]
[-0.13312268 -0.72266597 -2.1109452  -0.6846309 ]
[-0.13312268 -0.7416835  -2.3011205  -0.81775355]
[-0.13312268 -0.760701   -2.3011205  -0.87480617]
[-0.1521402 -0.7797185 -2.244068  -0.8938237]
[-0.1521402  -0.7416835  -2.206033   -0.87480617]
[-0.17115772 -0.72266597 -2.0919278  -0.85578865]
[-0.2282103  -0.66561335 -1.6164896  -0.83677113]
[-0.3042804  -0.53249073 -0.8938237  -0.6846309 ]
[-0.26624537 -0.43740308 -0.7416835  -0.32329792]
[-0.01901753 -0.43740308 -1.483367   -0.24722782]
[ 0.05705258 -0.4564206  -2.1679978  -0.4564206 ]
[ 0.01901753 -0.64659584 -2.4152257  -0.6275783 ]
[-0.09508763 -0.6846309  -2.3011205  -0.7797185 ]
[-0.0760701  -0.66561335 -2.2630854  -0.760701  ]
[-0.05705258 -0.55150825 -2.1870153  -0.6846309 ]
[-0.03803505 -0.43740308 -1.9778225  -0.5895433 ]
[-0.03803505 -0.34231544 -1.6355071  -0.41838557]
[-0.13312268 -0.34231544 -1.2741742  -0.3042804 ]
[-0.17115772 -0.28526288 -1.160069   -0.17115772]
[-0.05705258 -0.17115772 -1.3882793  -0.01901753]
[-0.1521402  -0.39936802 -0.81775355 -0.2282103 ]
[-0.3042804  -0.34231544 -0.7797185  -0.3042804 ]
[ 0.03803505 -0.20919278 -1.4072969  -0.11410515]
[-0.05705258 -0.3042804  -0.9889113  -0.1521402 ]
[-0.1521402  -0.34231544 -0.760701   -0.3042804 ]
[-0.1521402  -0.32329792 -0.7416835  -0.3803505 ]
[-0.17115772 -0.3042804  -0.6085608  -0.3803505 ]
[-0.26624537 -0.36133298 -0.26624537 -0.36133298]
[-0.39936802 -0.41838557  0.05705258 -0.34231544]
[-0.49445564 -0.43740308  0.24722782 -0.3042804 ]
[-0.47543812 -0.4564206   0.26624537 -0.3042804 ]
[-0.4564206  -0.41838557  0.19017525 -0.28526288]
[-0.39936802 -0.39936802  0.01901753 -0.28526288]
[-0.32329792 -0.36133298 -0.17115772 -0.28526288]
[-0.3042804  -0.36133298 -0.3042804  -0.28526288]
[-0.28526288 -0.36133298 -0.39936802 -0.28526288]
[-0.24722782 -0.36133298 -0.53249073 -0.3042804 ]
[-0.20919278 -0.32329792 -0.6085608  -0.3042804 ]
[-0.2282103  -0.32329792 -0.51347315 -0.34231544]
[-0.26624537 -0.32329792 -0.36133298 -0.32329792]
[-0.32329792 -0.34231544 -0.2282103  -0.28526288]
[-0.34231544 -0.36133298 -0.2282103  -0.24722782]
[-0.32329792 -0.3803505  -0.36133298 -0.20919278]
[-0.3042804  -0.39936802 -0.51347315 -0.2282103 ]
[-0.26624537 -0.36133298 -0.6846309  -0.24722782]
[-0.2282103  -0.36133298 -0.83677113 -0.26624537]
[-0.17115772 -0.3803505  -1.0269463  -0.3042804 ]
[-0.1521402  -0.41838557 -1.198104   -0.36133298]
[-0.13312268 -0.43740308 -1.3312267  -0.39936802]
[-0.11410515 -0.47543812 -1.483367   -0.43740308]
[-0.11410515 -0.51347315 -1.6735423  -0.49445564]
[-0.09508763 -0.55150825 -1.7876474  -0.55150825]
[-0.09508763 -0.57052577 -1.8637174  -0.5895433 ]
[-0.0760701  -0.57052577 -1.9397875  -0.6275783 ]
[-0.09508763 -0.6085608  -1.9968401  -0.64659584]
[-0.13312268 -0.70364845 -2.0538926  -0.70364845]
[-0.19017525 -0.760701   -2.1109452  -0.7797185 ]
[-0.20919278 -0.79873604 -2.1489804  -0.83677113]
[-0.20919278 -0.79873604 -2.1870153  -0.87480617]
[-0.19017525 -0.79873604 -2.1870153  -0.8938237 ]
[-0.19017525 -0.79873604 -2.1489804  -0.8938237 ]
[-0.20919278 -0.79873604 -2.0538926  -0.8938237 ]
[-0.17115772 -0.66561335 -1.9588051  -0.81775355]
[-0.17115772 -0.70364845 -2.0158577  -0.6846309 ]
[-0.13312268 -0.72266597 -2.129963   -0.70364845]
[-0.1521402  -0.760701   -2.2630854  -0.83677113]
[-0.1521402  -0.7797185  -2.244068   -0.87480617]
[-0.17115772 -0.79873604 -2.1870153  -0.8938237 ]
[-0.17115772 -0.760701   -2.129963   -0.8938237 ]
[-0.17115772 -0.72266597 -2.0538926  -0.83677113]
[-0.20919278 -0.64659584 -1.6355071  -0.79873604]
[-0.3042804  -0.53249073 -0.9128412  -0.6846309 ]
[-0.26624537 -0.4564206  -0.6846309  -0.3042804 ]
[-0.09508763 -0.3042804  -1.3882793  -0.2282103 ]
[ 0.         -0.39936802 -2.129963   -0.3042804 ]
[ 0.09508763 -0.64659584 -2.4532607  -0.57052577]
[-0.09508763 -0.70364845 -2.3011205  -0.7797185 ]
[-0.09508763 -0.66561335 -2.282103   -0.760701  ]
[-0.09508763 -0.6085608  -2.1489804  -0.70364845]
[-0.09508763 -0.49445564 -1.9017525  -0.6085608 ]
[-0.05705258 -0.36133298 -1.7305948  -0.43740308]
[-0.0760701  -0.26624537 -1.5974721  -0.2282103 ]
[ 0.         -0.19017525 -1.6735423  -0.0760701 ]
[ 0.05705258 -0.2282103  -1.8066648  -0.03803505]
[-0.13312268 -0.41838557 -1.0079288  -0.32329792]
[-0.1521402  -0.19017525 -1.0649815  -0.26624537]
[ 0.2282103   0.         -1.6925597  -0.03803505]
[ 0.11410515 -0.11410515 -1.160069    0.03803505]
[-0.11410515 -0.26624537 -0.64659584 -0.13312268]
[-0.19017525 -0.3042804  -0.4564206  -0.26624537]
[-0.24722782 -0.32329792 -0.26624537 -0.32329792]
[-0.34231544 -0.3803505  -0.01901753 -0.32329792]
[-0.43740308 -0.39936802  0.17115772 -0.3042804 ]
[-0.4564206  -0.39936802  0.19017525 -0.24722782]
[-0.47543812 -0.41838557  0.19017525 -0.2282103 ]
[-0.47543812 -0.43740308  0.20919278 -0.24722782]
[-0.4564206  -0.41838557  0.1521402  -0.26624537]
[-0.39936802 -0.39936802  0.03803505 -0.28526288]
[-0.34231544 -0.3803505  -0.09508763 -0.28526288]
[-0.3042804  -0.34231544 -0.20919278 -0.28526288]
[-0.26624537 -0.32329792 -0.28526288 -0.28526288]
[-0.24722782 -0.3042804  -0.32329792 -0.28526288]
[-0.28526288 -0.32329792 -0.20919278 -0.3042804 ]
[-0.34231544 -0.36133298 -0.0760701  -0.3042804 ]
[-0.3803505  -0.3803505  -0.0760701  -0.26624537]
[-0.36133298 -0.39936802 -0.20919278 -0.24722782]
[-0.32329792 -0.39936802 -0.41838557 -0.2282103 ]
[-0.3042804  -0.39936802 -0.5895433  -0.26624537]
[-0.26624537 -0.3803505  -0.70364845 -0.28526288]
[-0.2282103  -0.36133298 -0.81775355 -0.28526288]
[-0.19017525 -0.39936802 -0.96989375 -0.3042804 ]
[-0.17115772 -0.41838557 -1.1410515  -0.34231544]
[-0.17115772 -0.4564206  -1.2741742  -0.39936802]
[-0.13312268 -0.49445564 -1.4643494  -0.41838557]
[-0.13312268 -0.53249073 -1.6355071  -0.49445564]
[-0.13312268 -0.57052577 -1.7686298  -0.55150825]
[-0.13312268 -0.6085608  -1.8066648  -0.6085608 ]
[-0.13312268 -0.5895433  -1.8447     -0.6275783 ]
[-0.13312268 -0.64659584 -1.9397875  -0.6275783 ]
[-0.13312268 -0.70364845 -2.0729103  -0.70364845]
[-0.17115772 -0.760701   -2.1870153  -0.79873604]
[-0.17115772 -0.7797185  -2.2250504  -0.87480617]
[-0.1521402 -0.7797185 -2.2250504 -0.8938237]
[-0.17115772 -0.79873604 -2.1870153  -0.8938237 ]
[-0.19017525 -0.81775355 -2.129963   -0.8938237 ]
[-0.2282103  -0.81775355 -2.0348752  -0.8938237 ]
[-0.17115772 -0.64659584 -1.9778225  -0.81775355]
[-0.1521402  -0.66561335 -2.0348752  -0.70364845]
[-0.11410515 -0.72266597 -2.129963   -0.72266597]
[-0.1521402  -0.7797185  -2.206033   -0.85578865]
[-0.19017525 -0.83677113 -2.1870153  -0.8938237 ]
[-0.20919278 -0.81775355 -2.1489804  -0.9128412 ]
[-0.20919278 -0.760701   -2.1109452  -0.8938237 ]
[-0.17115772 -0.72266597 -2.0348752  -0.81775355]
[-0.19017525 -0.6275783  -1.6355071  -0.7797185 ]
[-0.3042804  -0.51347315 -0.9318587  -0.6846309 ]
[-0.24722782 -0.39936802 -0.6846309  -0.26624537]
[-0.05705258 -0.1521402  -1.4643494  -0.17115772]
[ 0.09508763 -0.28526288 -2.244068   -0.1521402 ]
[ 0.1521402  -0.57052577 -2.5293307  -0.51347315]
[-0.09508763 -0.66561335 -2.3011205  -0.7797185 ]
[-0.09508763 -0.66561335 -2.2630854  -0.7797185 ]
[-0.11410515 -0.64659584 -2.1489804  -0.7416835 ]
[-0.13312268 -0.55150825 -1.9397875  -0.64659584]
[-0.03803505 -0.34231544 -1.882735   -0.4564206 ]
[ 0.         -0.20919278 -1.882735   -0.2282103 ]
[ 0.11410515 -0.1521402  -1.9778225  -0.11410515]
[ 0.09508763 -0.28526288 -2.0158577  -0.19017525]
[-0.1521402  -0.43740308 -1.0649815  -0.47543812]
[-0.0760701  -0.0760701  -1.2171216  -0.20919278]
[ 0.3803505   0.19017525 -1.9588051   0.11410515]
[ 0.3042804   0.11410515 -1.4263144   0.26624537]
[-0.03803505 -0.13312268 -0.72266597  0.0760701 ]
[-0.2282103 -0.3042804 -0.3042804 -0.1521402]
[-0.3803505  -0.36133298  0.01901753 -0.28526288]
[-0.41838557 -0.39936802  0.17115772 -0.28526288]
[-0.43740308 -0.3803505   0.19017525 -0.24722782]
[-0.3803505  -0.32329792  0.         -0.13312268]
[-0.36133298 -0.28526288 -0.1521402  -0.0760701 ]
[-0.3803505  -0.34231544 -0.11410515 -0.0760701 ]
[-0.41838557 -0.39936802  0.03803505 -0.17115772]
[-0.43740308 -0.41838557  0.13312268 -0.24722782]
[-0.39936802 -0.3803505   0.0760701  -0.28526288]
[-0.36133298 -0.36133298  0.         -0.24722782]
[-0.34231544 -0.34231544 -0.05705258 -0.24722782]
[-0.32329792 -0.36133298 -0.03803505 -0.26624537]
[-0.3803505  -0.3803505   0.0760701  -0.28526288]
[-0.41838557 -0.39936802  0.11410515 -0.28526288]
[-0.41838557 -0.41838557  0.01901753 -0.26624537]
[-0.39936802 -0.41838557 -0.19017525 -0.24722782]
[-0.32329792 -0.43740308 -0.4564206  -0.26624537]
[-0.3042804  -0.39936802 -0.6275783  -0.3042804 ]
[-0.26624537 -0.39936802 -0.72266597 -0.3042804 ]
[-0.2282103  -0.3803505  -0.81775355 -0.28526288]
[-0.20919278 -0.39936802 -0.95087624 -0.3042804 ]
[-0.19017525 -0.41838557 -1.122034   -0.34231544]
[-0.17115772 -0.43740308 -1.2741742  -0.3803505 ]
[-0.13312268 -0.47543812 -1.4643494  -0.41838557]
[-0.13312268 -0.51347315 -1.6355071  -0.49445564]
[-0.13312268 -0.5895433  -1.7305948  -0.57052577]
[-0.17115772 -0.64659584 -1.7686298  -0.64659584]
[-0.1521402  -0.5895433  -1.7686298  -0.66561335]
[-0.1521402  -0.66561335 -1.9017525  -0.6275783 ]
[-0.1521402  -0.72266597 -2.0538926  -0.70364845]
[-0.17115772 -0.7797185  -2.1870153  -0.83677113]
[-0.17115772 -0.79873604 -2.206033   -0.87480617]
[-0.17115772 -0.79873604 -2.1679978  -0.87480617]
[-0.19017525 -0.81775355 -2.1489804  -0.8938237 ]
[-0.20919278 -0.81775355 -2.129963   -0.87480617]
[-0.2282103  -0.81775355 -2.0729103  -0.8938237 ]
[-0.17115772 -0.64659584 -1.9968401  -0.81775355]
[-0.1521402  -0.6846309  -2.0158577  -0.70364845]
[-0.13312268 -0.72266597 -2.0919278  -0.72266597]
[-0.17115772 -0.81775355 -2.1870153  -0.85578865]
[-0.20919278 -0.83677113 -2.206033   -0.9128412 ]
[-0.20919278 -0.79873604 -2.1870153  -0.9128412 ]
[-0.17115772 -0.72266597 -2.1489804  -0.85578865]
[-0.13312268 -0.66561335 -2.0729103  -0.7797185 ]
[-0.13312268 -0.55150825 -1.6925597  -0.72266597]
[-0.26624537 -0.4564206  -0.9318587  -0.64659584]
[-0.2282103  -0.32329792 -0.66561335 -0.24722782]
[-0.03803505 -0.13312268 -1.4072969  -0.11410515]
[ 0.13312268 -0.26624537 -2.2250504  -0.1521402 ]
[ 0.1521402  -0.53249073 -2.4722784  -0.53249073]
[-0.09508763 -0.6846309  -2.2630854  -0.7797185 ]
[-0.09508763 -0.6846309  -2.2630854  -0.760701  ]
[-0.11410515 -0.64659584 -2.1489804  -0.7416835 ]
[-0.09508763 -0.57052577 -1.9968401  -0.66561335]
[ 0.        -0.3042804 -2.0158577 -0.4564206]
[ 0.0760701  -0.17115772 -2.0538926  -0.20919278]
[ 0.20919278 -0.13312268 -2.1489804  -0.13312268]
[ 0.1521402  -0.26624537 -2.1489804  -0.20919278]
[-0.11410515 -0.39936802 -1.1410515  -0.49445564]
[-0.0760701 -0.0760701 -1.198104  -0.2282103]
[ 0.39936802  0.24722782 -1.9778225   0.13312268]
[ 0.36133298  0.24722782 -1.521402    0.28526288]
[ 0.0760701   0.         -0.83677113  0.17115772]
[-0.19017525 -0.26624537 -0.32329792 -0.0760701 ]
[-0.41838557 -0.3803505   0.09508763 -0.2282103 ]
[-0.47543812 -0.41838557  0.2282103  -0.26624537]
[-0.41838557 -0.34231544  0.1521402  -0.20919278]
[-0.26624537 -0.1521402  -0.3042804  -0.01901753]
[-0.11410515 -0.01901753 -0.7416835   0.17115772]
[-0.11410515 -0.0760701  -0.7797185   0.19017525]
[-0.26624537 -0.26624537 -0.34231544  0.01901753]
[-0.41838557 -0.39936802  0.0760701  -0.19017525]
[-0.4564206  -0.39936802  0.19017525 -0.26624537]
[-0.43740308 -0.3803505   0.13312268 -0.24722782]
[-0.41838557 -0.3803505   0.11410515 -0.2282103 ]
[-0.43740308 -0.3803505   0.1521402  -0.24722782]
[-0.4564206  -0.39936802  0.20919278 -0.24722782]
[-0.4564206  -0.41838557  0.19017525 -0.26624537]
[-0.43740308 -0.43740308  0.01901753 -0.24722782]
[-0.39936802 -0.4564206  -0.26624537 -0.24722782]
[-0.34231544 -0.4564206  -0.53249073 -0.28526288]
[-0.32329792 -0.43740308 -0.70364845 -0.32329792]
[-0.28526288 -0.39936802 -0.760701   -0.32329792]
[-0.24722782 -0.39936802 -0.85578865 -0.3042804 ]
[-0.20919278 -0.39936802 -0.9889113  -0.3042804 ]
[-0.19017525 -0.41838557 -1.160069   -0.32329792]
[-0.17115772 -0.4564206  -1.3312267  -0.36133298]
[-0.13312268 -0.47543812 -1.483367   -0.41838557]
[-0.11410515 -0.51347315 -1.6164896  -0.49445564]
[-0.13312268 -0.57052577 -1.7305948  -0.57052577]
[-0.1521402  -0.6275783  -1.7496123  -0.64659584]
[-0.1521402  -0.5895433  -1.7686298  -0.64659584]
[-0.1521402 -0.6846309 -1.9017525 -0.6275783]
[-0.1521402  -0.7416835  -2.0919278  -0.70364845]
[-0.19017525 -0.79873604 -2.206033   -0.85578865]
[-0.19017525 -0.81775355 -2.1870153  -0.8938237 ]
[-0.20919278 -0.79873604 -2.1489804  -0.8938237 ]
[-0.20919278 -0.81775355 -2.1679978  -0.87480617]
[-0.20919278 -0.81775355 -2.1679978  -0.8938237 ]
[-0.2282103  -0.81775355 -2.0729103  -0.9128412 ]
[-0.19017525 -0.6846309  -1.9588051  -0.85578865]
[-0.19017525 -0.72266597 -1.9778225  -0.72266597]
[-0.17115772 -0.760701   -2.0729103  -0.7416835 ]
[-0.19017525 -0.83677113 -2.206033   -0.87480617]
[-0.19017525 -0.81775355 -2.244068   -0.9128412 ]
[-0.17115772 -0.760701   -2.2250504  -0.9128412 ]
[-0.13312268 -0.70364845 -2.1870153  -0.83677113]
[-0.09508763 -0.6085608  -2.1109452  -0.7416835 ]
[-0.11410515 -0.49445564 -1.6545247  -0.6846309 ]
[-0.24722782 -0.41838557 -0.85578865 -0.6085608 ]
[-0.2282103  -0.3042804  -0.53249073 -0.24722782]
[-0.11410515 -0.2282103  -1.2171216  -0.13312268]
[ 0.03803505 -0.3803505  -1.9968401  -0.19017525]
[ 0.05705258 -0.6085608  -2.3771906  -0.57052577]
[-0.13312268 -0.70364845 -2.2630854  -0.7797185 ]
[-0.11410515 -0.6846309  -2.2250504  -0.7797185 ]
[-0.11410515 -0.64659584 -2.1489804  -0.7416835 ]
[-0.0760701  -0.55150825 -2.0729103  -0.64659584]
[ 0.03803505 -0.28526288 -2.1109452  -0.4564206 ]
[ 0.17115772 -0.0760701  -2.1679978  -0.17115772]
[ 0.3042804  -0.01901753 -2.2630854  -0.05705258]
[ 0.2282103  -0.19017525 -2.2630854  -0.13312268]
[-0.0760701  -0.36133298 -1.2171216  -0.4564206 ]
[-0.1521402  -0.19017525 -1.160069   -0.28526288]
[ 0.32329792  0.11410515 -1.882735    0.05705258]
[ 0.32329792  0.20919278 -1.4643494   0.24722782]
[ 0.11410515  0.03803505 -0.9318587   0.24722782]
[-0.09508763 -0.1521402  -0.53249073  0.05705258]
[-0.36133298 -0.32329792 -0.09508763 -0.09508763]
[-0.43740308 -0.41838557  0.11410515 -0.19017525]
[-0.3803505  -0.3042804   0.05705258 -0.1521402 ]
[-0.09508763  0.03803505 -0.5895433   0.09508763]
[ 0.20919278  0.34231544 -1.3502443   0.39936802]
[ 0.28526288  0.28526288 -1.483367    0.4564206 ]
[ 0.         -0.03803505 -0.7797185   0.20919278]
[-0.32329792 -0.32329792 -0.05705258 -0.11410515]
[-0.47543812 -0.39936802  0.2282103  -0.26624537]
[-0.4564206  -0.3803505   0.20919278 -0.26624537]
[-0.41838557 -0.36133298  0.17115772 -0.24722782]
[-0.43740308 -0.36133298  0.19017525 -0.24722782]
[-0.4564206  -0.39936802  0.2282103  -0.24722782]
[-0.4564206  -0.41838557  0.17115772 -0.24722782]
[-0.41838557 -0.43740308 -0.03803505 -0.2282103 ]
[-0.3803505  -0.47543812 -0.3803505  -0.24722782]
[-0.34231544 -0.47543812 -0.6846309  -0.3042804 ]
[-0.3042804  -0.4564206  -0.81775355 -0.34231544]
[-0.28526288 -0.41838557 -0.87480617 -0.32329792]
[-0.24722782 -0.41838557 -0.95087624 -0.3042804 ]
[-0.20919278 -0.41838557 -1.0839989  -0.3042804 ]
[-0.20919278 -0.4564206  -1.2361392  -0.34231544]
[-0.19017525 -0.47543812 -1.4263144  -0.39936802]
[-0.17115772 -0.51347315 -1.5404196  -0.4564206 ]
[-0.1521402  -0.55150825 -1.6164896  -0.49445564]
[-0.1521402  -0.5895433  -1.6925597  -0.57052577]
[-0.17115772 -0.6275783  -1.7305948  -0.64659584]
[-0.13312268 -0.57052577 -1.7686298  -0.64659584]
[-0.13312268 -0.64659584 -1.92077    -0.6085608 ]
[-0.13312268 -0.72266597 -2.0919278  -0.72266597]
[-0.17115772 -0.7797185  -2.206033   -0.85578865]
[-0.19017525 -0.79873604 -2.1870153  -0.9128412 ]
[-0.19017525 -0.79873604 -2.1679978  -0.8938237 ]
[-0.19017525 -0.79873604 -2.1870153  -0.87480617]
[-0.19017525 -0.81775355 -2.1870153  -0.8938237 ]
[-0.20919278 -0.81775355 -2.0729103  -0.9318587 ]
[-0.19017525 -0.70364845 -1.92077    -0.87480617]
[-0.20919278 -0.72266597 -1.92077    -0.7416835 ]
[-0.17115772 -0.760701   -2.0729103  -0.760701  ]
[-0.17115772 -0.79873604 -2.2250504  -0.87480617]
[-0.17115772 -0.79873604 -2.2630854  -0.8938237 ]
[-0.17115772 -0.760701   -2.2630854  -0.87480617]
[-0.13312268 -0.70364845 -2.2250504  -0.81775355]
[-0.0760701  -0.57052577 -2.0538926  -0.7416835 ]
[-0.09508763 -0.43740308 -1.5023844  -0.6846309 ]
[-0.24722782 -0.39936802 -0.6846309  -0.55150825]
[-0.28526288 -0.36133298 -0.34231544 -0.3042804 ]
[-0.19017525 -0.32329792 -1.0079288  -0.13312268]
[-0.01901753 -0.4564206  -1.882735   -0.2282103 ]
[ 0.01901753 -0.6846309  -2.4342432  -0.6085608 ]
[-0.11410515 -0.66561335 -2.3011205  -0.760701  ]
[-0.11410515 -0.6846309  -2.206033   -0.7797185 ]
[-0.11410515 -0.64659584 -2.1679978  -0.7416835 ]
[-0.05705258 -0.53249073 -2.129963   -0.6275783 ]
[ 0.09508763 -0.2282103  -2.1870153  -0.41838557]
[ 0.3042804  0.0760701 -2.282103  -0.0760701]
[ 0.4564206   0.19017525 -2.396208    0.09508763]
[ 0.39936802  0.         -2.4342432   0.05705258]
[ 0.01901753 -0.26624537 -1.3312267  -0.36133298]
[-0.20919278 -0.3042804  -1.1410515  -0.34231544]
[ 0.19017525 -0.0760701  -1.8447     -0.0760701 ]
[ 0.1521402   0.05705258 -1.3502443   0.13312268]
[ 0.05705258  0.03803505 -1.0649815   0.24722782]
[ 0.          0.01901753 -0.9128412   0.20919278]
[-0.17115772 -0.13312268 -0.64659584  0.11410515]
[-0.32329792 -0.3042804  -0.2282103  -0.05705258]
[-0.34231544 -0.28526288 -0.05705258 -0.09508763]
[ 0.          0.13312268 -0.72266597  0.17115772]
[ 0.41838557  0.55150825 -1.6545247   0.53249073]
[ 0.55150825  0.51347315 -1.882735    0.6275783 ]
[ 0.19017525  0.11410515 -1.0459639   0.32329792]
[-0.24722782 -0.28526288 -0.13312268 -0.05705258]
[-0.47543812 -0.41838557  0.26624537 -0.26624537]
[-0.49445564 -0.41838557  0.28526288 -0.28526288]
[-0.4564206  -0.39936802  0.2282103  -0.24722782]
[-0.43740308 -0.3803505   0.19017525 -0.2282103 ]
[-0.43740308 -0.39936802  0.19017525 -0.2282103 ]
[-0.43740308 -0.39936802  0.11410515 -0.2282103 ]
[-0.39936802 -0.41838557 -0.13312268 -0.20919278]
[-0.34231544 -0.4564206  -0.53249073 -0.26624537]
[-0.28526288 -0.4564206  -0.85578865 -0.34231544]
[-0.28526288 -0.4564206  -0.95087624 -0.3803505 ]
[-0.26624537 -0.43740308 -0.9889113  -0.36133298]
[-0.2282103  -0.43740308 -1.0459639  -0.34231544]
[-0.2282103  -0.43740308 -1.1790866  -0.34231544]
[-0.20919278 -0.49445564 -1.3502443  -0.3803505 ]
[-0.19017525 -0.53249073 -1.5404196  -0.43740308]
[-0.19017525 -0.57052577 -1.6735423  -0.51347315]
[-0.19017525 -0.57052577 -1.6925597  -0.55150825]
[-0.17115772 -0.5895433  -1.7115773  -0.5895433 ]
[-0.17115772 -0.6275783  -1.7115773  -0.6275783 ]
[-0.11410515 -0.53249073 -1.7686298  -0.6275783 ]
[-0.09508763 -0.6085608  -1.9017525  -0.5895433 ]
[-0.09508763 -0.6846309  -2.0538926  -0.6846309 ]
[-0.1521402  -0.760701   -2.1870153  -0.83677113]
[-0.19017525 -0.79873604 -2.206033   -0.8938237 ]
[-0.19017525 -0.81775355 -2.1870153  -0.87480617]
[-0.19017525 -0.83677113 -2.1870153  -0.87480617]
[-0.20919278 -0.83677113 -2.1870153  -0.9128412 ]
[-0.2282103  -0.83677113 -2.0729103  -0.9318587 ]
[-0.20919278 -0.70364845 -1.882735   -0.87480617]
[-0.20919278 -0.70364845 -1.8637174  -0.7416835 ]
[-0.1521402  -0.72266597 -2.0348752  -0.760701  ]
[-0.1521402  -0.760701   -2.206033   -0.87480617]
[-0.13312268 -0.7416835  -2.2250504  -0.8938237 ]
[-0.13312268 -0.6846309  -2.2250504  -0.85578865]
[-0.03803505 -0.6085608  -2.206033   -0.79873604]
[ 0.         -0.43740308 -1.92077    -0.7416835 ]
[-0.0760701  -0.36133298 -1.2171216  -0.64659584]
[-0.26624537 -0.41838557 -0.3803505  -0.49445564]
[-0.36133298 -0.39936802 -0.11410515 -0.32329792]
[-0.19017525 -0.26624537 -0.95087624 -0.11410515]
[ 0.05705258 -0.41838557 -1.9588051  -0.19017525]
[ 0.1521402  -0.5895433  -2.5863833  -0.55150825]
[-0.03803505 -0.6085608  -2.3391557  -0.70364845]
[-0.09508763 -0.6846309  -2.2250504  -0.760701  ]
[-0.11410515 -0.66561335 -2.1870153  -0.7416835 ]
[-0.05705258 -0.53249073 -2.1870153  -0.64659584]
[ 0.11410515 -0.19017525 -2.206033   -0.39936802]
[ 0.3803505   0.17115772 -2.3391557   0.03803505]
[ 0.57052577  0.36133298 -2.4722784   0.3042804 ]
[ 0.51347315  0.1521402  -2.5293307   0.28526288]
[ 0.0760701  -0.19017525 -1.4072969  -0.24722782]
[-0.20919278 -0.34231544 -1.198104   -0.3803505 ]
[ 0.1521402  -0.11410515 -1.9397875  -0.19017525]
[ 0.13312268  0.03803505 -1.5023844   0.05705258]
[ 0.1521402   0.11410515 -1.3882793   0.28526288]
[ 0.19017525  0.2282103  -1.4453319   0.3803505 ]
[ 0.09508763  0.13312268 -1.3122092   0.34231544]
[-0.11410515 -0.13312268 -0.7416835   0.11410515]
[-0.24722782 -0.26624537 -0.3042804  -0.01901753]
[ 0.          0.13312268 -0.70364845  0.17115772]
[ 0.39936802  0.53249073 -1.6164896   0.53249073]
[ 0.57052577  0.55150825 -1.92077     0.64659584]
[ 0.2282103   0.13312268 -1.1030165   0.36133298]
[-0.2282103  -0.28526288 -0.1521402  -0.05705258]
[-0.49445564 -0.4564206   0.32329792 -0.28526288]
[-0.53249073 -0.4564206   0.36133298 -0.3042804 ]
[-0.49445564 -0.41838557  0.28526288 -0.28526288]
[-0.4564206  -0.39936802  0.20919278 -0.24722782]
[-0.4564206  -0.39936802  0.19017525 -0.24722782]
[-0.43740308 -0.39936802  0.05705258 -0.2282103 ]
[-0.3803505  -0.41838557 -0.2282103  -0.20919278]
[-0.3042804  -0.43740308 -0.64659584 -0.26624537]
[-0.24722782 -0.4564206  -0.9318587  -0.36133298]
[-0.2282103  -0.43740308 -1.0459639  -0.39936802]
[-0.2282103  -0.4564206  -1.0839989  -0.36133298]
[-0.2282103  -0.47543812 -1.1410515  -0.3803505 ]
[-0.20919278 -0.47543812 -1.2741742  -0.39936802]
[-0.20919278 -0.53249073 -1.4263144  -0.41838557]
[-0.17115772 -0.57052577 -1.6735423  -0.49445564]
[-0.1521402  -0.57052577 -1.8066648  -0.57052577]
[-0.1521402  -0.57052577 -1.7876474  -0.5895433 ]
[-0.17115772 -0.5895433  -1.7496123  -0.6085608 ]
[-0.17115772 -0.6275783  -1.7305948  -0.6275783 ]
[-0.11410515 -0.53249073 -1.7305948  -0.6275783 ]
[-0.11410515 -0.6085608  -1.8066648  -0.5895433 ]
[-0.11410515 -0.6846309  -1.9588051  -0.66561335]
[-0.1521402  -0.760701   -2.1109452  -0.81775355]
[-0.17115772 -0.79873604 -2.1679978  -0.8938237 ]
[-0.19017525 -0.79873604 -2.1679978  -0.8938237 ]
[-0.19017525 -0.81775355 -2.1870153  -0.9128412 ]
[-0.19017525 -0.79873604 -2.1870153  -0.9128412 ]
[-0.19017525 -0.7797185  -2.0348752  -0.9318587 ]
[-0.19017525 -0.6275783  -1.8447     -0.85578865]
[-0.17115772 -0.6085608  -1.7686298  -0.70364845]
[-0.0760701  -0.6085608  -1.9017525  -0.72266597]
[-0.03803505 -0.5895433  -2.0158577  -0.79873604]
[ 0.01901753 -0.51347315 -2.0348752  -0.79873604]
[ 0.05705258 -0.43740308 -2.0538926  -0.7416835 ]
[ 0.13312268 -0.32329792 -1.9397875  -0.70364845]
[ 0.09508763 -0.26624537 -1.483367   -0.64659584]
[-0.11410515 -0.32329792 -0.66561335 -0.57052577]
[-0.36133298 -0.43740308  0.         -0.43740308]
[-0.43740308 -0.43740308  0.05705258 -0.34231544]
[-0.11410515 -0.19017525 -0.95087624 -0.05705258]
[ 0.19017525 -0.32329792 -2.0538926  -0.13312268]
[ 0.28526288 -0.4564206  -2.6624534  -0.4564206 ]
[ 0.         -0.57052577 -2.3391557  -0.6275783 ]
[-0.0760701  -0.66561335 -2.206033   -0.7416835 ]
[-0.09508763 -0.64659584 -2.2250504  -0.72266597]
[-0.03803505 -0.53249073 -2.2250504  -0.66561335]
[ 0.11410515 -0.17115772 -2.2250504  -0.39936802]
[ 0.3803505   0.19017525 -2.320138    0.03803505]
[ 0.57052577  0.41838557 -2.4152257   0.3803505 ]
[ 0.53249073  0.2282103  -2.5293307   0.39936802]
[ 0.09508763 -0.13312268 -1.4453319  -0.1521402 ]
[-0.19017525 -0.34231544 -1.2171216  -0.3803505 ]
[ 0.20919278 -0.05705258 -2.129963   -0.19017525]
[ 0.2282103   0.09508763 -1.7876474   0.03803505]
[ 0.34231544  0.26624537 -1.7305948   0.32329792]
[ 0.3803505   0.41838557 -1.8256824   0.47543812]
[ 0.3803505   0.39936802 -1.8447      0.51347315]
[ 0.1521402   0.0760701  -1.3122092   0.26624537]
[-0.09508763 -0.1521402  -0.6085608   0.09508763]
[-0.01901753  0.09508763 -0.70364845  0.19017525]
[ 0.36133298  0.49445564 -1.521402    0.49445564]
[ 0.55150825  0.53249073 -1.882735    0.6275783 ]
[ 0.2282103   0.13312268 -1.1410515   0.3803505 ]
[-0.2282103  -0.26624537 -0.20919278 -0.01901753]
[-0.49445564 -0.43740308  0.28526288 -0.26624537]
[-0.51347315 -0.43740308  0.34231544 -0.28526288]
[-0.49445564 -0.43740308  0.28526288 -0.26624537]
[-0.47543812 -0.41838557  0.2282103  -0.24722782]
[-0.47543812 -0.43740308  0.17115772 -0.24722782]
[-0.43740308 -0.41838557  0.         -0.24722782]
[-0.39936802 -0.43740308 -0.3042804  -0.2282103 ]
[-0.32329792 -0.47543812 -0.6846309  -0.28526288]
[-0.26624537 -0.47543812 -0.96989375 -0.3803505 ]
[-0.24722782 -0.47543812 -1.0649815  -0.41838557]
[-0.2282103  -0.47543812 -1.122034   -0.39936802]
[-0.20919278 -0.49445564 -1.198104   -0.41838557]
[-0.19017525 -0.47543812 -1.3502443  -0.43740308]
[-0.19017525 -0.53249073 -1.521402   -0.4564206 ]
[-0.13312268 -0.57052577 -1.7496123  -0.53249073]
[-0.13312268 -0.5895433  -1.8447     -0.6085608 ]
[-0.13312268 -0.57052577 -1.8256824  -0.6275783 ]
[-0.1521402 -0.5895433 -1.7686298 -0.6275783]
[-0.17115772 -0.6275783  -1.7115773  -0.64659584]
[-0.1521402  -0.53249073 -1.6545247  -0.64659584]
[-0.13312268 -0.6085608  -1.6925597  -0.5895433 ]
[-0.11410515 -0.64659584 -1.8066648  -0.66561335]
[-0.13312268 -0.6846309  -1.9778225  -0.79873604]
[-0.11410515 -0.6846309  -2.0348752  -0.87480617]
[-0.09508763 -0.66561335 -2.0158577  -0.8938237 ]
[-0.05705258 -0.64659584 -1.9968401  -0.8938237 ]
[-0.03803505 -0.5895433  -1.92077    -0.8938237 ]
[-0.01901753 -0.51347315 -1.7496123  -0.87480617]
[-0.01901753 -0.3803505  -1.483367   -0.79873604]
[ 0.         -0.34231544 -1.3312267  -0.6275783 ]
[ 0.05705258 -0.32329792 -1.3502443  -0.64659584]
[ 0.09508763 -0.3042804  -1.3692617  -0.6846309 ]
[ 0.13312268 -0.24722782 -1.3502443  -0.64659584]
[ 0.17115772 -0.19017525 -1.3312267  -0.5895433 ]
[ 0.1521402  -0.17115772 -1.1410515  -0.53249073]
[-0.03803505 -0.26624537 -0.64659584 -0.49445564]
[-0.3042804  -0.41838557 -0.05705258 -0.4564206 ]
[-0.49445564 -0.51347315  0.28526288 -0.41838557]
[-0.49445564 -0.4564206   0.17115772 -0.34231544]
[-0.09508763 -0.20919278 -0.85578865 -0.05705258]
[ 0.19017525 -0.34231544 -1.9778225  -0.13312268]
[ 0.28526288 -0.39936802 -2.5483484  -0.41838557]
[-0.03803505 -0.5895433  -2.2630854  -0.6085608 ]
[-0.11410515 -0.66561335 -2.1870153  -0.7416835 ]
[-0.09508763 -0.64659584 -2.2250504  -0.72266597]
[-0.03803505 -0.53249073 -2.206033   -0.6846309 ]
[ 0.11410515 -0.20919278 -2.206033   -0.41838557]
[ 0.36133298  0.13312268 -2.282103   -0.01901753]
[ 0.51347315  0.3803505  -2.3391557   0.3803505 ]
[ 0.51347315  0.2282103  -2.5103133   0.39936802]
[ 0.11410515 -0.11410515 -1.483367   -0.13312268]
[-0.20919278 -0.36133298 -1.2361392  -0.3803505 ]
[ 0.2282103  -0.09508763 -2.2250504  -0.19017525]
[ 0.26624537  0.09508763 -1.9588051   0.01901753]
[ 0.41838557  0.3042804  -1.92077     0.34231544]
[ 0.47543812  0.4564206  -2.0158577   0.51347315]
[ 0.51347315  0.49445564 -2.1489804   0.5895433 ]
[ 0.34231544  0.2282103  -1.6925597   0.36133298]
[ 0.05705258 -0.03803505 -0.8938237   0.17115772]
[ 0.01901753  0.0760701  -0.7797185   0.20919278]
[ 0.3042804   0.41838557 -1.4072969   0.43740308]
[ 0.53249073  0.53249073 -1.8256824   0.6085608 ]
[ 0.26624537  0.19017525 -1.2551566   0.39936802]
[-0.17115772 -0.20919278 -0.3803505   0.05705258]
[-0.4564206  -0.39936802  0.13312268 -0.19017525]
[-0.49445564 -0.41838557  0.24722782 -0.24722782]
[-0.49445564 -0.43740308  0.28526288 -0.26624537]
[-0.49445564 -0.43740308  0.24722782 -0.26624537]
[-0.49445564 -0.4564206   0.13312268 -0.26624537]
[-0.43740308 -0.43740308 -0.09508763 -0.26624537]
[-0.3803505  -0.4564206  -0.39936802 -0.24722782]
[-0.3042804  -0.47543812 -0.760701   -0.32329792]
[-0.26624537 -0.49445564 -1.0079288  -0.39936802]
[-0.24722782 -0.47543812 -1.0839989  -0.43740308]
[-0.2282103  -0.47543812 -1.160069   -0.41838557]
[-0.20919278 -0.49445564 -1.2171216  -0.43740308]
[-0.1521402 -0.4564206 -1.3502443 -0.4564206]
[-0.13312268 -0.49445564 -1.521402   -0.47543812]
[-0.09508763 -0.53249073 -1.7115773  -0.53249073]
[-0.11410515 -0.55150825 -1.7686298  -0.6275783 ]
[-0.11410515 -0.51347315 -1.7115773  -0.6275783 ]
[-0.09508763 -0.53249073 -1.6545247  -0.6085608 ]
[-0.11410515 -0.53249073 -1.5784546  -0.66561335]
[-0.09508763 -0.43740308 -1.4453319  -0.64659584]
[-0.05705258 -0.4564206  -1.4072969  -0.6085608 ]
[-0.01901753 -0.43740308 -1.4453319  -0.6275783 ]
[ 0.01901753 -0.43740308 -1.521402   -0.7416835 ]
[ 0.03803505 -0.39936802 -1.521402   -0.7797185 ]
[ 0.05705258 -0.3803505  -1.4263144  -0.760701  ]
[ 0.05705258 -0.3803505  -1.3312267  -0.760701  ]
[ 0.05705258 -0.36133298 -1.2171216  -0.72266597]
[ 0.         -0.34231544 -0.9889113  -0.6846309 ]
[-0.05705258 -0.32329792 -0.72266597 -0.5895433 ]
[-0.09508763 -0.34231544 -0.55150825 -0.47543812]
[-0.11410515 -0.34231544 -0.49445564 -0.4564206 ]
[-0.11410515 -0.34231544 -0.4564206  -0.4564206 ]
[-0.09508763 -0.32329792 -0.43740308 -0.41838557]
[-0.11410515 -0.3042804  -0.3803505  -0.3803505 ]
[-0.2282103  -0.36133298 -0.19017525 -0.3803505 ]
[-0.36133298 -0.4564206   0.11410515 -0.39936802]
[-0.51347315 -0.55150825  0.36133298 -0.41838557]
[-0.6085608  -0.57052577  0.4564206  -0.43740308]
[-0.51347315 -0.4564206   0.2282103  -0.34231544]
[-0.17115772 -0.3042804  -0.66561335 -0.1521402 ]
[ 0.1521402  -0.34231544 -1.8066648  -0.17115772]
[ 0.19017525 -0.41838557 -2.3011205  -0.41838557]
[-0.03803505 -0.6085608  -2.282103   -0.5895433 ]
[-0.11410515 -0.6846309  -2.206033   -0.7416835 ]
[-0.11410515 -0.66561335 -2.1870153  -0.7416835 ]
[-0.0760701  -0.57052577 -2.129963   -0.70364845]
[ 0.05705258 -0.3042804  -2.129963   -0.4564206 ]
[ 0.26624537  0.0760701  -2.2250504  -0.11410515]
[ 0.43740308  0.32329792 -2.3011205   0.32329792]
[ 0.51347315  0.19017525 -2.5293307   0.3803505 ]
[ 0.09508763 -0.11410515 -1.5023844  -0.13312268]
[-0.19017525 -0.36133298 -1.2551566  -0.36133298]
[ 0.2282103  -0.11410515 -2.2630854  -0.20919278]
[ 0.2282103   0.05705258 -2.0158577  -0.03803505]
[ 0.39936802  0.26624537 -1.9588051   0.28526288]
[ 0.47543812  0.41838557 -2.1109452   0.49445564]
[ 0.53249073  0.47543812 -2.244068    0.5895433 ]
[ 0.3803505   0.3042804  -1.9017525   0.39936802]
[ 0.13312268  0.         -1.2171216   0.24722782]
[ 0.0760701   0.03803505 -1.0459639   0.26624537]
[ 0.20919278  0.32329792 -1.4263144   0.43740308]
[ 0.47543812  0.47543812 -1.8256824   0.6085608 ]
[ 0.3042804  0.2282103 -1.4072969  0.4564206]
[-0.01901753 -0.0760701  -0.7416835   0.20919278]
[-0.3042804  -0.26624537 -0.26624537 -0.01901753]
[-0.41838557 -0.36133298 -0.05705258 -0.09508763]
[-0.4564206  -0.43740308  0.1521402  -0.19017525]
[-0.47543812 -0.4564206   0.20919278 -0.26624537]
[-0.4564206  -0.43740308  0.05705258 -0.28526288]
[-0.39936802 -0.41838557 -0.20919278 -0.26624537]
[-0.34231544 -0.41838557 -0.49445564 -0.26624537]
[-0.26624537 -0.4564206  -0.81775355 -0.34231544]
[-0.2282103  -0.4564206  -0.9889113  -0.41838557]
[-0.19017525 -0.43740308 -1.0649815  -0.4564206 ]
[-0.17115772 -0.41838557 -1.1030165  -0.43740308]
[-0.17115772 -0.43740308 -1.1030165  -0.4564206 ]
[-0.11410515 -0.3803505  -1.198104   -0.47543812]
[-0.0760701  -0.36133298 -1.2741742  -0.47543812]
[ 0.01901753 -0.32329792 -1.3882793  -0.53249073]
[ 0.01901753 -0.34231544 -1.3882793  -0.6085608 ]
[ 0.01901753 -0.32329792 -1.2931917  -0.6085608 ]
[ 0.         -0.34231544 -1.1790866  -0.5895433 ]
[-0.01901753 -0.34231544 -1.0649815  -0.6085608 ]
[-0.03803505 -0.3042804  -0.9128412  -0.5895433 ]
[-0.03803505 -0.34231544 -0.81775355 -0.51347315]
[-0.05705258 -0.34231544 -0.7797185  -0.51347315]
[-0.05705258 -0.36133298 -0.760701   -0.53249073]
[-0.0760701  -0.3803505  -0.66561335 -0.55150825]
[-0.13312268 -0.39936802 -0.55150825 -0.53249073]
[-0.17115772 -0.43740308 -0.43740308 -0.51347315]
[-0.24722782 -0.47543812 -0.3042804  -0.51347315]
[-0.32329792 -0.47543812 -0.11410515 -0.51347315]
[-0.39936802 -0.49445564  0.0760701  -0.4564206 ]
[-0.4564206  -0.51347315  0.2282103  -0.43740308]
[-0.49445564 -0.51347315  0.28526288 -0.43740308]
[-0.51347315 -0.53249073  0.32329792 -0.43740308]
[-0.53249073 -0.53249073  0.36133298 -0.43740308]
[-0.55150825 -0.55150825  0.39936802 -0.43740308]
[-0.5895433  -0.55150825  0.4564206  -0.43740308]
[-0.6085608  -0.57052577  0.49445564 -0.43740308]
[-0.6275783  -0.5895433   0.51347315 -0.43740308]
[-0.6275783  -0.5895433   0.51347315 -0.43740308]
[-0.51347315 -0.43740308  0.24722782 -0.34231544]
[-0.2282103  -0.43740308 -0.55150825 -0.19017525]
[ 0.0760701  -0.36133298 -1.6355071  -0.20919278]
[ 0.05705258 -0.41838557 -2.1870153  -0.3803505 ]
[ 0.05705258 -0.5895433  -2.3391557  -0.55150825]
[-0.09508763 -0.66561335 -2.206033   -0.7416835 ]
[-0.13312268 -0.6846309  -2.1679978  -0.7416835 ]
[-0.13312268 -0.6275783  -2.0729103  -0.7416835 ]
[-0.01901753 -0.43740308 -2.0348752  -0.53249073]
[ 0.17115772 -0.01901753 -2.1870153  -0.20919278]
[ 0.32329792  0.19017525 -2.3391557   0.24722782]
[ 0.4564206   0.11410515 -2.605401    0.32329792]
[ 0.05705258 -0.1521402  -1.5023844  -0.19017525]
[-0.17115772 -0.32329792 -1.3122092  -0.34231544]
[ 0.26624537 -0.11410515 -2.320138   -0.19017525]
[ 0.2282103   0.01901753 -2.0919278  -0.0760701 ]
[ 0.41838557  0.26624537 -2.0729103   0.24722782]
[ 0.53249073  0.41838557 -2.2250504   0.47543812]
[ 0.55150825  0.41838557 -2.320138    0.55150825]
[ 0.39936802  0.28526288 -2.0538926   0.36133298]
[ 0.19017525  0.01901753 -1.5784546   0.24722782]
[ 0.13312268  0.03803505 -1.4453319   0.26624537]
[ 0.20919278  0.26624537 -1.6545247   0.41838557]
[ 0.4564206   0.43740308 -1.92077     0.55150825]
[ 0.39936802  0.3042804  -1.6545247   0.53249073]
[ 0.17115772  0.13312268 -1.1790866   0.3803505 ]
[-0.05705258  0.01901753 -0.81775355  0.19017525]
[-0.17115772 -0.19017525 -0.4564206   0.03803505]
[-0.34231544 -0.36133298  0.         -0.1521402 ]
[-0.47543812 -0.4564206   0.20919278 -0.28526288]
[-0.43740308 -0.41838557  0.0760701  -0.3042804 ]
[-0.36133298 -0.3803505  -0.17115772 -0.28526288]
[-0.28526288 -0.36133298 -0.41838557 -0.3042804 ]
[-0.20919278 -0.36133298 -0.6275783  -0.36133298]
[-0.17115772 -0.36133298 -0.7416835  -0.43740308]
[-0.13312268 -0.32329792 -0.760701   -0.4564206 ]
[-0.13312268 -0.32329792 -0.760701   -0.43740308]
[-0.13312268 -0.34231544 -0.7416835  -0.4564206 ]
[-0.11410515 -0.3042804  -0.70364845 -0.4564206 ]
[-0.09508763 -0.3042804  -0.70364845 -0.43740308]
[-0.05705258 -0.3042804  -0.70364845 -0.43740308]
[-0.09508763 -0.34231544 -0.66561335 -0.47543812]
[-0.11410515 -0.36133298 -0.5895433  -0.47543812]
[-0.17115772 -0.39936802 -0.47543812 -0.4564206 ]
[-0.2282103  -0.43740308 -0.36133298 -0.4564206 ]
[-0.3042804 -0.4564206 -0.2282103 -0.4564206]
[-0.34231544 -0.51347315 -0.13312268 -0.43740308]
[-0.3803505  -0.51347315 -0.0760701  -0.41838557]
[-0.41838557 -0.53249073 -0.0760701  -0.41838557]
[-0.4564206  -0.5895433  -0.09508763 -0.39936802]
[-0.51347315 -0.5895433  -0.11410515 -0.34231544]
[-0.55150825 -0.64659584 -0.13312268 -0.36133298]
[-0.55150825 -0.5895433  -0.13312268 -0.32329792]
[-0.5895433  -0.5895433   0.05705258 -0.36133298]
[-0.5895433  -0.5895433   0.24722782 -0.3803505 ]
[-0.6275783  -0.5895433   0.43740308 -0.41838557]
[-0.64659584 -0.5895433   0.53249073 -0.43740308]
[-0.64659584 -0.5895433   0.53249073 -0.43740308]
[-0.64659584 -0.5895433   0.55150825 -0.43740308]
[-0.64659584 -0.5895433   0.55150825 -0.43740308]
[-0.64659584 -0.5895433   0.55150825 -0.43740308]
[-0.64659584 -0.5895433   0.55150825 -0.43740308]
[-0.64659584 -0.5895433   0.53249073 -0.43740308]
[-0.64659584 -0.5895433   0.51347315 -0.43740308]
[-0.53249073 -0.47543812  0.3042804  -0.36133298]
[-0.3042804  -0.47543812 -0.43740308 -0.20919278]
[ 0.03803505 -0.24722782 -1.5784546  -0.2282103 ]
[ 0.0760701  -0.34231544 -2.206033   -0.24722782]
[ 0.13312268 -0.55150825 -2.4152257  -0.49445564]
[-0.09508763 -0.66561335 -2.2250504  -0.72266597]
[-0.13312268 -0.70364845 -2.1679978  -0.760701  ]
[-0.1521402  -0.66561335 -2.0538926  -0.760701  ]
[-0.09508763 -0.53249073 -2.0158577  -0.6085608 ]
[ 0.0760701  -0.1521402  -2.1489804  -0.34231544]
[ 0.26624537  0.0760701  -2.282103    0.01901753]
[ 0.43740308  0.05705258 -2.5483484   0.11410515]
[ 0.03803505 -0.17115772 -1.4263144  -0.28526288]
[-0.13312268 -0.26624537 -1.3122092  -0.32329792]
[ 0.28526288 -0.09508763 -2.3581731  -0.17115772]
[ 0.26624537  0.03803505 -2.1679978  -0.0760701 ]
[ 0.41838557  0.28526288 -2.1679978   0.20919278]
[ 0.57052577  0.47543812 -2.3011205   0.47543812]
[ 0.5895433   0.43740308 -2.396208    0.55150825]
[ 0.47543812  0.3042804  -2.244068    0.39936802]
[ 0.34231544  0.1521402  -2.0538926   0.28526288]
[ 0.36133298  0.24722782 -2.0729103   0.36133298]
[ 0.43740308  0.39936802 -2.1679978   0.49445564]
[ 0.57052577  0.51347315 -2.2250504   0.5895433 ]
[ 0.51347315  0.47543812 -1.92077     0.5895433 ]
[ 0.3803505   0.3803505  -1.5784546   0.49445564]
[ 0.2282103   0.2282103  -1.160069    0.32329792]
[ 0.         -0.03803505 -0.57052577  0.0760701 ]
[-0.28526288 -0.34231544  0.05705258 -0.17115772]
[-0.49445564 -0.4564206   0.3042804  -0.32329792]
[-0.47543812 -0.43740308  0.20919278 -0.34231544]
[-0.39936802 -0.39936802  0.03803505 -0.32329792]
[-0.32329792 -0.39936802 -0.13312268 -0.32329792]
[-0.28526288 -0.3803505  -0.2282103  -0.36133298]
[-0.26624537 -0.39936802 -0.26624537 -0.39936802]
[-0.26624537 -0.39936802 -0.26624537 -0.39936802]
[-0.26624537 -0.39936802 -0.24722782 -0.39936802]
[-0.28526288 -0.41838557 -0.20919278 -0.39936802]
[-0.32329792 -0.41838557 -0.17115772 -0.3803505 ]
[-0.36133298 -0.49445564 -0.09508763 -0.3803505 ]
[-0.39936802 -0.51347315 -0.0760701  -0.3803505 ]
[-0.4564206  -0.53249073 -0.05705258 -0.36133298]
[-0.4564206  -0.57052577 -0.09508763 -0.3803505 ]
[-0.49445564 -0.5895433  -0.09508763 -0.36133298]
[-0.53249073 -0.6275783  -0.09508763 -0.34231544]
[-0.55150825 -0.66561335 -0.2282103  -0.26624537]
[-0.5895433  -0.70364845 -0.34231544 -0.24722782]
[-0.6275783  -0.72266597 -0.39936802 -0.24722782]
[-0.6275783 -0.6846309 -0.4564206 -0.2282103]
[-0.57052577 -0.66561335 -0.6275783  -0.20919278]
[-0.53249073 -0.6085608  -0.760701   -0.19017525]
[-0.49445564 -0.6275783  -0.81775355 -0.3042804 ]
[-0.47543812 -0.43740308 -0.70364845 -0.28526288]
[-0.47543812 -0.4564206  -0.39936802 -0.32329792]
[-0.49445564 -0.51347315 -0.01901753 -0.34231544]
[-0.6085608  -0.57052577  0.41838557 -0.39936802]
[-0.64659584 -0.5895433   0.55150825 -0.4564206 ]
[-0.66561335 -0.6085608   0.57052577 -0.4564206 ]
[-0.66561335 -0.6085608   0.57052577 -0.4564206 ]
[-0.66561335 -0.6085608   0.57052577 -0.4564206 ]
[-0.64659584 -0.6085608   0.57052577 -0.4564206 ]
[-0.64659584 -0.5895433   0.55150825 -0.43740308]
[-0.64659584 -0.5895433   0.53249073 -0.43740308]
[-0.6275783  -0.5895433   0.51347315 -0.43740308]
[-0.57052577 -0.51347315  0.36133298 -0.3803505 ]
[-0.26624537 -0.39936802 -0.41838557 -0.19017525]
[ 0.05705258 -0.05705258 -1.6164896  -0.13312268]
[ 0.17115772 -0.2282103  -2.320138   -0.09508763]
[ 0.19017525 -0.51347315 -2.4152257  -0.43740308]
[-0.09508763 -0.66561335 -2.1679978  -0.72266597]
[-0.09508763 -0.6846309  -2.1489804  -0.760701  ]
[-0.11410515 -0.64659584 -2.0729103  -0.760701  ]
[-0.0760701  -0.55150825 -2.0348752  -0.64659584]
[ 0.03803505 -0.26624537 -2.129963   -0.43740308]
[ 0.17115772 -0.11410515 -2.1870153  -0.13312268]
[ 0.32329792 -0.0760701  -2.4152257  -0.03803505]
[ 0.        -0.2282103 -1.3882793 -0.3042804]
[-0.11410515 -0.24722782 -1.3122092  -0.28526288]
[ 0.34231544 -0.0760701  -2.320138   -0.1521402 ]
[ 0.3042804   0.03803505 -2.1109452  -0.09508763]
[ 0.43740308  0.28526288 -2.1109452   0.11410515]
[ 0.5895433   0.49445564 -2.1870153   0.41838557]
[ 0.64659584  0.53249073 -2.320138    0.55150825]
[ 0.64659584  0.49445564 -2.4152257   0.49445564]
[ 0.66561335  0.51347315 -2.5103133   0.4564206 ]
[ 0.72266597  0.6085608  -2.6244185   0.55150825]
[ 0.7797185   0.6846309  -2.6244185   0.64659584]
[ 0.760701    0.6846309  -2.4152257   0.64659584]
[ 0.6275783   0.5895433  -1.9778225   0.57052577]
[ 0.4564206   0.43740308 -1.4643494   0.41838557]
[ 0.20919278  0.1521402  -0.83677113  0.20919278]
[-0.13312268 -0.17115772 -0.19017525 -0.05705258]
[-0.41838557 -0.41838557  0.28526288 -0.26624537]
[-0.57052577 -0.53249073  0.4564206  -0.3803505 ]
[-0.55150825 -0.51347315  0.39936802 -0.3803505 ]
[-0.51347315 -0.49445564  0.3042804  -0.36133298]
[-0.47543812 -0.49445564  0.20919278 -0.36133298]
[-0.47543812 -0.49445564  0.17115772 -0.3803505 ]
[-0.47543812 -0.49445564  0.13312268 -0.36133298]
[-0.47543812 -0.51347315  0.0760701  -0.34231544]
[-0.47543812 -0.51347315  0.         -0.32329792]
[-0.49445564 -0.51347315 -0.01901753 -0.3042804 ]
[-0.49445564 -0.53249073 -0.09508763 -0.26624537]
[-0.53249073 -0.5895433  -0.13312268 -0.26624537]
[-0.51347315 -0.55150825 -0.3042804  -0.2282103 ]
[-0.57052577 -0.6085608  -0.3803505  -0.19017525]
[-0.49445564 -0.6275783  -0.6275783  -0.24722782]
[-0.53249073 -0.57052577 -0.6085608  -0.2282103 ]
[-0.51347315 -0.5895433  -0.72266597 -0.26624537]
[-0.43740308 -0.51347315 -0.9128412  -0.24722782]
[-0.36133298 -0.49445564 -1.1030165  -0.3042804 ]
[-0.32329792 -0.47543812 -1.2741742  -0.3042804 ]
[-0.32329792 -0.41838557 -1.3692617  -0.2282103 ]
[-0.20919278 -0.34231544 -1.7305948  -0.19017525]
[-0.05705258 -0.28526288 -1.92077    -0.09508763]
[-0.03803505 -0.28526288 -1.8066648  -0.20919278]
[-0.09508763 -0.1521402  -1.4263144  -0.13312268]
[-0.1521402  -0.24722782 -0.95087624 -0.20919278]
[-0.32329792 -0.3803505  -0.3042804  -0.26624537]
[-0.55150825 -0.53249073  0.34231544 -0.3803505 ]
[-0.64659584 -0.6085608   0.57052577 -0.4564206 ]
[-0.66561335 -0.6085608   0.5895433  -0.4564206 ]
[-0.66561335 -0.6085608   0.57052577 -0.4564206 ]
[-0.64659584 -0.6085608   0.57052577 -0.4564206 ]
[-0.66561335 -0.6085608   0.57052577 -0.4564206 ]
[-0.64659584 -0.5895433   0.57052577 -0.43740308]
[-0.64659584 -0.5895433   0.53249073 -0.43740308]
[-0.6275783  -0.5895433   0.51347315 -0.43740308]
[-0.5895433  -0.57052577  0.3803505  -0.39936802]
[-0.26624537 -0.3042804  -0.39936802 -0.17115772]
[ 0.05705258  0.         -1.559437   -0.03803505]
[ 0.26624537 -0.1521402  -2.320138   -0.01901753]
[ 0.19017525 -0.47543812 -2.3391557  -0.41838557]
[-0.0760701  -0.64659584 -2.129963   -0.70364845]
[-0.05705258 -0.6275783  -2.129963   -0.70364845]
[-0.05705258 -0.5895433  -2.0919278  -0.6846309 ]
[-0.01901753 -0.49445564 -2.0919278  -0.57052577]
[ 0.01901753 -0.34231544 -2.1109452  -0.4564206 ]
[ 0.0760701  -0.26624537 -2.0538926  -0.28526288]
[ 0.20919278 -0.11410515 -2.282103   -0.17115772]
[-0.03803505 -0.24722782 -1.3502443  -0.32329792]
[-0.13312268 -0.28526288 -1.2741742  -0.28526288]
[ 0.3042804  -0.09508763 -2.2250504  -0.13312268]
[ 0.24722782 -0.03803505 -1.9968401  -0.09508763]
[ 0.36133298  0.19017525 -1.882735    0.05705258]
[ 0.4564206   0.3803505  -1.8066648   0.28526288]
[ 0.6085608   0.53249073 -1.9397875   0.43740308]
[ 0.760701    0.6846309  -2.2250504   0.53249073]
[ 0.9128412   0.81775355 -2.5483484   0.64659584]
[ 0.9889113  0.9128412 -2.7575412  0.7797185]
[ 0.96989375  0.87480617 -2.6624534   0.79873604]
[ 0.81775355  0.7416835  -2.282103    0.72266597]
[ 0.55150825  0.47543812 -1.6735423   0.53249073]
[ 0.24722782  0.1521402  -0.96989375  0.3042804 ]
[-0.13312268 -0.19017525 -0.28526288  0.01901753]
[-0.39936802 -0.41838557  0.19017525 -0.19017525]
[-0.57052577 -0.53249073  0.43740308 -0.32329792]
[-0.6085608  -0.57052577  0.4564206  -0.36133298]
[-0.5895433  -0.55150825  0.36133298 -0.32329792]
[-0.57052577 -0.53249073  0.26624537 -0.3042804 ]
[-0.53249073 -0.51347315  0.17115772 -0.28526288]
[-0.53249073 -0.51347315  0.11410515 -0.28526288]
[-0.51347315 -0.49445564  0.01901753 -0.24722782]
[-0.49445564 -0.49445564 -0.11410515 -0.24722782]
[-0.4564206  -0.4564206  -0.24722782 -0.24722782]
[-0.41838557 -0.39936802 -0.36133298 -0.2282103 ]
[-0.34231544 -0.34231544 -0.55150825 -0.1521402 ]
[-0.34231544 -0.3803505  -0.70364845 -0.1521402 ]
[-0.24722782 -0.24722782 -1.0079288  -0.13312268]
[-0.19017525 -0.32329792 -1.2171216  -0.0760701 ]
[-0.0760701  -0.32329792 -1.4453319  -0.2282103 ]
[-0.17115772 -0.2282103  -1.4072969  -0.17115772]
[-0.0760701  -0.26624537 -1.5404196  -0.20919278]
[ 0.05705258 -0.17115772 -1.8256824  -0.09508763]
[ 0.09508763 -0.2282103  -1.9778225  -0.13312268]
[ 0.13312268 -0.13312268 -2.1109452  -0.1521402 ]
[ 0.17115772 -0.1521402  -2.2250504  -0.09508763]
[ 0.36133298 -0.01901753 -2.567366   -0.11410515]
[ 0.36133298 -0.05705258 -2.5863833  -0.0760701 ]
[ 0.24722782 -0.01901753 -2.244068   -0.19017525]
[ 0.05705258 -0.0760701  -1.7305948  -0.0760701 ]
[-0.03803505 -0.19017525 -1.1030165  -0.17115772]
[-0.24722782 -0.36133298 -0.36133298 -0.24722782]
[-0.55150825 -0.53249073  0.34231544 -0.3803505 ]
[-0.66561335 -0.6085608   0.57052577 -0.4564206 ]
[-0.66561335 -0.6085608   0.5895433  -0.4564206 ]
[-0.66561335 -0.6085608   0.57052577 -0.4564206 ]
[-0.66561335 -0.6085608   0.57052577 -0.4564206 ]
[-0.66561335 -0.5895433   0.57052577 -0.4564206 ]
[-0.64659584 -0.5895433   0.55150825 -0.43740308]
[-0.64659584 -0.5895433   0.53249073 -0.43740308]
[-0.64659584 -0.5895433   0.51347315 -0.43740308]
[-0.5895433  -0.57052577  0.39936802 -0.39936802]
[-0.26624537 -0.24722782 -0.36133298 -0.17115772]
[ 0.01901753 -0.01901753 -1.4453319   0.        ]
[ 0.24722782 -0.17115772 -2.1679978   0.        ]
[ 0.1521402  -0.43740308 -2.2250504  -0.41838557]
[-0.03803505 -0.57052577 -2.1109452  -0.64659584]
[-0.03803505 -0.53249073 -2.1109452  -0.64659584]
[-0.01901753 -0.47543812 -2.0919278  -0.5895433 ]
[ 0.05705258 -0.3803505  -2.1679978  -0.4564206 ]
[ 0.09508763 -0.24722782 -2.1870153  -0.36133298]
[ 0.19017525 -0.19017525 -2.206033   -0.20919278]
[ 0.28526288 -0.05705258 -2.4152257  -0.13312268]
[ 0.01901753 -0.20919278 -1.4263144  -0.28526288]
[-0.1521402  -0.28526288 -1.3122092  -0.28526288]
[ 0.24722782 -0.1521402  -2.244068   -0.1521402 ]
[ 0.17115772 -0.09508763 -1.92077    -0.13312268]
[ 0.19017525  0.05705258 -1.6355071  -0.03803505]
[ 0.24722782  0.17115772 -1.3502443   0.13312268]
[ 0.3803505   0.32329792 -1.3312267   0.32329792]
[ 0.55150825  0.57052577 -1.6545247   0.51347315]
[ 0.7797185   0.760701   -2.129963    0.72266597]
[ 0.9128412   0.87480617 -2.4152257   0.85578865]
[ 0.85578865  0.7797185  -2.3391557   0.83677113]
[ 0.64659584  0.57052577 -1.9017525   0.6846309 ]
[ 0.28526288  0.2282103  -1.2361392   0.39936802]
[-0.0760701  -0.11410515 -0.51347315  0.09508763]
[-0.36133298 -0.34231544  0.         -0.1521402 ]
[-0.51347315 -0.4564206   0.26624537 -0.26624537]
[-0.57052577 -0.51347315  0.32329792 -0.3042804 ]
[-0.57052577 -0.51347315  0.3042804  -0.32329792]
[-0.53249073 -0.4564206   0.1521402  -0.28526288]
[-0.49445564 -0.41838557  0.03803505 -0.26624537]
[-0.43740308 -0.3803505  -0.09508763 -0.2282103 ]
[-0.41838557 -0.34231544 -0.20919278 -0.19017525]
[-0.34231544 -0.34231544 -0.36133298 -0.1521402 ]
[-0.3042804  -0.34231544 -0.55150825 -0.1521402 ]
[-0.2282103  -0.28526288 -0.70364845 -0.17115772]
[-0.1521402  -0.19017525 -0.83677113 -0.09508763]
[-0.05705258 -0.09508763 -1.0649815   0.        ]
[-0.01901753 -0.13312268 -1.2931917   0.01901753]
[ 0.17115772  0.0760701  -1.6735423   0.03803505]
[ 0.24722782 -0.01901753 -1.8447      0.11410515]
[ 0.32329792 -0.03803505 -1.9588051  -0.09508763]
[ 0.19017525  0.         -1.8256824   0.        ]
[ 0.19017525 -0.0760701  -1.8637174  -0.0760701 ]
[ 0.17115772 -0.19017525 -1.9968401  -0.13312268]
[ 0.11410515 -0.24722782 -2.0348752  -0.24722782]
[ 0.13312268 -0.09508763 -2.1679978  -0.2282103 ]
[ 0.2282103  -0.20919278 -2.3011205  -0.11410515]
[ 0.3803505  -0.11410515 -2.4722784  -0.19017525]
[ 0.34231544 -0.09508763 -2.3771906  -0.17115772]
[ 0.26624537 -0.03803505 -2.129963   -0.2282103 ]
[ 0.13312268 -0.01901753 -1.8066648  -0.0760701 ]
[-0.03803505 -0.17115772 -1.122034   -0.1521402 ]
[-0.26624537 -0.3803505  -0.3803505  -0.24722782]
[-0.55150825 -0.53249073  0.32329792 -0.3803505 ]
[-0.66561335 -0.6085608   0.57052577 -0.4564206 ]
[-0.66561335 -0.6085608   0.57052577 -0.4564206 ]
[-0.66561335 -0.6085608   0.5895433  -0.4564206 ]
[-0.66561335 -0.6085608   0.57052577 -0.4564206 ]
[-0.64659584 -0.5895433   0.55150825 -0.43740308]
[-0.64659584 -0.5895433   0.55150825 -0.43740308]
[-0.64659584 -0.5895433   0.53249073 -0.43740308]
[-0.64659584 -0.5895433   0.51347315 -0.43740308]
[-0.5895433  -0.55150825  0.39936802 -0.39936802]
[-0.3042804  -0.26624537 -0.28526288 -0.20919278]
[-0.05705258 -0.11410515 -1.2551566  -0.01901753]
[ 0.17115772 -0.20919278 -1.9588051  -0.05705258]
[ 0.09508763 -0.43740308 -2.1870153  -0.39936802]
[ 0.01901753 -0.47543812 -2.1489804  -0.53249073]
[ 0.01901753 -0.4564206  -2.1489804  -0.53249073]
[ 0.03803505 -0.39936802 -2.1489804  -0.47543812]
[ 0.11410515 -0.3042804  -2.244068   -0.36133298]
[ 0.17115772 -0.1521402  -2.320138   -0.24722782]
[ 0.28526288 -0.13312268 -2.3771906  -0.11410515]
[ 0.32329792 -0.01901753 -2.5103133  -0.05705258]
[ 0.01901753 -0.2282103  -1.4643494  -0.26624537]
[-0.13312268 -0.28526288 -1.4263144  -0.3042804 ]
[ 0.26624537 -0.11410515 -2.4152257  -0.17115772]
[ 0.17115772 -0.0760701  -2.0538926  -0.1521402 ]
[ 0.11410515  0.         -1.5784546  -0.09508763]
[ 0.05705258 -0.05705258 -0.9889113   0.        ]
[ 0.01901753  0.         -0.70364845  0.09508763]
[ 0.1521402   0.2282103  -0.96989375  0.26624537]
[ 0.43740308  0.47543812 -1.521402    0.51347315]
[ 0.6085608  0.6085608 -1.9017525  0.6846309]
[ 0.5895433   0.57052577 -1.882735    0.66561335]
[ 0.41838557  0.39936802 -1.5404196   0.53249073]
[ 0.1521402   0.13312268 -1.0269463   0.28526288]
[-0.11410515 -0.11410515 -0.47543812  0.05705258]
[-0.3042804  -0.28526288 -0.11410515 -0.11410515]
[-0.41838557 -0.36133298  0.0760701  -0.19017525]
[-0.43740308 -0.41838557  0.11410515 -0.2282103 ]
[-0.41838557 -0.3803505   0.01901753 -0.20919278]
[-0.3803505  -0.32329792 -0.1521402  -0.17115772]
[-0.32329792 -0.3042804  -0.26624537 -0.1521402 ]
[-0.26624537 -0.24722782 -0.34231544 -0.1521402 ]
[-0.2282103  -0.19017525 -0.47543812 -0.11410515]
[-0.13312268 -0.19017525 -0.70364845 -0.03803505]
[-0.09508763 -0.2282103  -0.9128412  -0.0760701 ]
[-0.09508763 -0.19017525 -0.95087624 -0.11410515]
[-0.0760701  -0.13312268 -1.0079288  -0.05705258]
[ 0.01901753 -0.03803505 -1.2171216   0.01901753]
[ 0.0760701  -0.0760701  -1.4453319   0.03803505]
[ 0.24722782  0.09508763 -1.7115773   0.03803505]
[ 0.26624537  0.         -1.7686298   0.0760701 ]
[ 0.28526288  0.01901753 -1.7876474  -0.01901753]
[ 0.11410515 -0.0760701  -1.6925597   0.03803505]
[ 0.09508763 -0.19017525 -1.8637174  -0.0760701 ]
[ 0.13312268 -0.2282103  -1.9778225  -0.17115772]
[ 0.1521402  -0.24722782 -1.9968401  -0.26624537]
[ 0.19017525 -0.11410515 -2.129963   -0.26624537]
[ 0.2282103  -0.17115772 -2.244068   -0.13312268]
[ 0.24722782 -0.26624537 -2.206033   -0.2282103 ]
[ 0.13312268 -0.20919278 -2.0919278  -0.19017525]
[ 0.13312268 -0.11410515 -1.9588051  -0.20919278]
[ 0.17115772 -0.0760701  -1.7686298  -0.09508763]
[-0.03803505 -0.17115772 -1.1790866  -0.1521402 ]
[-0.28526288 -0.39936802 -0.39936802 -0.26624537]
[-0.55150825 -0.53249073  0.32329792 -0.36133298]
[-0.64659584 -0.5895433   0.55150825 -0.43740308]
[-0.66561335 -0.6085608   0.57052577 -0.4564206 ]
[-0.66561335 -0.6085608   0.57052577 -0.4564206 ]
[-0.66561335 -0.6085608   0.57052577 -0.4564206 ]
[-0.64659584 -0.5895433   0.55150825 -0.43740308]
[-0.64659584 -0.5895433   0.53249073 -0.43740308]
[-0.64659584 -0.5895433   0.49445564 -0.43740308]
[-0.64659584 -0.5895433   0.49445564 -0.43740308]
[-0.5895433  -0.55150825  0.39936802 -0.39936802]
[-0.36133298 -0.34231544 -0.1521402  -0.24722782]
[-0.11410515 -0.13312268 -1.122034   -0.01901753]
[ 0.13312268 -0.24722782 -1.9588051  -0.03803505]
[ 0.13312268 -0.4564206  -2.3581731  -0.28526288]
[ 0.         -0.4564206  -2.244068   -0.43740308]
[ 0.         -0.4564206  -2.2250504  -0.49445564]
[ 0.03803505 -0.39936802 -2.2250504  -0.43740308]
[ 0.11410515 -0.3042804  -2.282103   -0.34231544]
[ 0.19017525 -0.1521402  -2.3581731  -0.2282103 ]
[ 0.26624537 -0.1521402  -2.4342432  -0.1521402 ]
[ 0.32329792 -0.01901753 -2.5863833  -0.0760701 ]
[ 0.01901753 -0.26624537 -1.5023844  -0.32329792]
[-0.13312268 -0.3042804  -1.4072969  -0.34231544]
[ 0.28526288 -0.11410515 -2.4342432  -0.2282103 ]
[ 0.2282103  -0.0760701  -2.0919278  -0.20919278]
[ 0.11410515 -0.03803505 -1.521402   -0.17115772]
[-0.05705258 -0.13312268 -0.81775355 -0.09508763]
[-0.13312268 -0.1521402  -0.4564206  -0.03803505]
[-0.03803505  0.03803505 -0.6275783   0.09508763]
[ 0.20919278  0.28526288 -1.122034    0.32329792]
[ 0.41838557  0.4564206  -1.5404196   0.51347315]
[ 0.4564206   0.4564206  -1.5974721   0.53249073]
[ 0.34231544  0.3042804  -1.3502443   0.41838557]
[ 0.11410515  0.09508763 -0.9128412   0.20919278]
[-0.11410515 -0.11410515 -0.4564206   0.05705258]
[-0.26624537 -0.24722782 -0.17115772 -0.09508763]
[-0.34231544 -0.3042804  -0.05705258 -0.13312268]
[-0.3803505  -0.3803505  -0.01901753 -0.19017525]
[-0.36133298 -0.32329792 -0.1521402  -0.17115772]
[-0.32329792 -0.26624537 -0.28526288 -0.1521402 ]
[-0.26624537 -0.3042804  -0.34231544 -0.13312268]
[-0.24722782 -0.26624537 -0.36133298 -0.13312268]
[-0.20919278 -0.20919278 -0.55150825 -0.09508763]
[-0.09508763 -0.17115772 -0.85578865  0.        ]
[-0.05705258 -0.20919278 -1.0269463  -0.03803505]
[-0.09508763 -0.2282103  -1.0459639  -0.0760701 ]
[-0.09508763 -0.19017525 -1.0459639  -0.09508763]
[ 0.         -0.09508763 -1.1790866   0.        ]
[ 0.03803505 -0.11410515 -1.3692617  -0.03803505]
[ 0.19017525  0.05705258 -1.559437   -0.01901753]
[ 0.19017525  0.         -1.4643494   0.01901753]
[ 0.24722782  0.0760701  -1.5404196   0.        ]
[ 0.1521402  -0.01901753 -1.6355071   0.01901753]
[ 0.19017525 -0.1521402  -1.9397875  -0.11410515]
[ 0.13312268 -0.1521402  -1.92077    -0.17115772]
[ 0.09508763 -0.24722782 -1.9017525  -0.24722782]
[ 0.20919278 -0.11410515 -2.129963   -0.17115772]
[ 0.24722782 -0.09508763 -2.244068   -0.0760701 ]
[ 0.20919278 -0.24722782 -2.2630854  -0.20919278]
[ 0.1521402  -0.19017525 -2.0919278  -0.20919278]
[ 0.0760701  -0.1521402  -1.8637174  -0.17115772]
[ 0.1521402  -0.05705258 -1.7496123  -0.09508763]
[ 0.        -0.1521402 -1.198104  -0.1521402]
[-0.2282103  -0.36133298 -0.39936802 -0.26624537]
[-0.53249073 -0.53249073  0.32329792 -0.36133298]
[-0.64659584 -0.5895433   0.55150825 -0.43740308]
[-0.66561335 -0.6085608   0.57052577 -0.4564206 ]
[-0.66561335 -0.5895433   0.57052577 -0.4564206 ]
[-0.66561335 -0.5895433   0.57052577 -0.4564206 ]
[-0.64659584 -0.5895433   0.55150825 -0.43740308]
[-0.6275783  -0.5895433   0.51347315 -0.41838557]
[-0.6275783  -0.5895433   0.43740308 -0.41838557]
[-0.6275783  -0.57052577  0.43740308 -0.39936802]
[-0.5895433  -0.57052577  0.3803505  -0.39936802]
[-0.43740308 -0.41838557 -0.03803505 -0.3042804 ]
[-0.0760701  -0.11410515 -1.0839989   0.        ]
[ 0.19017525 -0.24722782 -2.129963   -0.03803505]
[ 0.26624537 -0.36133298 -2.643436   -0.26624537]
[ 0.01901753 -0.43740308 -2.396208   -0.43740308]
[ 0.         -0.49445564 -2.3581731  -0.51347315]
[ 0.01901753 -0.43740308 -2.3581731  -0.47543812]
[ 0.05705258 -0.36133298 -2.3391557  -0.39936802]
[ 0.11410515 -0.28526288 -2.320138   -0.32329792]
[ 0.2282103  -0.2282103  -2.4152257  -0.26624537]
[ 0.28526288 -0.09508763 -2.5483484  -0.1521402 ]
[ 0.01901753 -0.26624537 -1.5023844  -0.39936802]
[-0.20919278 -0.36133298 -1.2361392  -0.3803505 ]
[ 0.20919278 -0.19017525 -2.244068   -0.3042804 ]
[ 0.19017525 -0.13312268 -1.92077    -0.26624537]
[ 0.0760701  -0.09508763 -1.3692617  -0.2282103 ]
[-0.09508763 -0.17115772 -0.72266597 -0.13312268]
[-0.17115772 -0.19017525 -0.3803505  -0.0760701 ]
[-0.11410515 -0.05705258 -0.47543812  0.01901753]
[ 0.0760701   0.17115772 -0.85578865  0.19017525]
[ 0.26624537  0.3042804  -1.1790866   0.32329792]
[ 0.3042804   0.32329792 -1.2171216   0.36133298]
[ 0.20919278  0.1521402  -1.0079288   0.26624537]
[ 0.          0.         -0.66561335  0.09508763]
[-0.19017525 -0.1521402  -0.34231544 -0.01901753]
[-0.26624537 -0.24722782 -0.17115772 -0.09508763]
[-0.32329792 -0.28526288 -0.11410515 -0.11410515]
[-0.34231544 -0.34231544 -0.11410515 -0.1521402 ]
[-0.28526288 -0.28526288 -0.26624537 -0.1521402 ]
[-0.28526288 -0.24722782 -0.39936802 -0.13312268]
[-0.24722782 -0.28526288 -0.43740308 -0.11410515]
[-0.28526288 -0.28526288 -0.41838557 -0.13312268]
[-0.2282103  -0.2282103  -0.5895433  -0.13312268]
[-0.09508763 -0.13312268 -0.95087624  0.        ]
[-0.01901753 -0.13312268 -1.160069    0.        ]
[-0.01901753 -0.20919278 -1.2361392  -0.0760701 ]
[-0.09508763 -0.20919278 -1.0839989  -0.13312268]
[-0.03803505 -0.1521402  -1.1030165  -0.09508763]
[-0.01901753 -0.1521402  -1.198104   -0.09508763]
[ 0.11410515  0.01901753 -1.3312267  -0.05705258]
[ 0.09508763  0.         -1.122034   -0.01901753]
[ 0.24722782  0.0760701  -1.2551566   0.05705258]
[ 0.2282103   0.01901753 -1.521402    0.05705258]
[ 0.28526288 -0.0760701  -1.882735   -0.09508763]
[ 0.17115772 -0.1521402  -1.8066648  -0.17115772]
[ 0.13312268 -0.17115772 -1.8066648  -0.2282103 ]
[ 0.20919278 -0.03803505 -2.0348752  -0.1521402 ]
[ 0.36133298  0.01901753 -2.3391557   0.        ]
[ 0.36133298 -0.13312268 -2.4912958  -0.13312268]
[ 0.26624537  0.01901753 -2.1870153  -0.1521402 ]
[ 0.17115772 -0.03803505 -1.882735   -0.1521402 ]
[ 0.20919278  0.01901753 -1.6545247  -0.11410515]
[ 0.01901753 -0.09508763 -1.1030165  -0.1521402 ]
[-0.2282103  -0.34231544 -0.32329792 -0.26624537]
[-0.55150825 -0.53249073  0.34231544 -0.3803505 ]
[-0.64659584 -0.5895433   0.57052577 -0.4564206 ]
[-0.66561335 -0.6085608   0.57052577 -0.4564206 ]
[-0.66561335 -0.6085608   0.57052577 -0.4564206 ]
[-0.66561335 -0.6085608   0.57052577 -0.4564206 ]
[-0.64659584 -0.5895433   0.55150825 -0.43740308]
[-0.6275783  -0.57052577  0.49445564 -0.41838557]
[-0.6085608  -0.55150825  0.3803505  -0.41838557]
[-0.5895433  -0.55150825  0.34231544 -0.39936802]
[-0.5895433  -0.57052577  0.32329792 -0.39936802]
[-0.4564206  -0.39936802 -0.01901753 -0.28526288]
[-0.01901753 -0.11410515 -1.122034    0.01901753]
[ 0.3042804  -0.24722782 -2.3011205  -0.03803505]
[ 0.34231544 -0.28526288 -2.719506   -0.28526288]
[ 0.05705258 -0.47543812 -2.4722784  -0.49445564]
[ 0.01901753 -0.51347315 -2.4152257  -0.5895433 ]
[ 0.03803505 -0.47543812 -2.4152257  -0.57052577]
[ 0.05705258 -0.41838557 -2.3581731  -0.51347315]
[ 0.0760701  -0.39936802 -2.3011205  -0.43740308]
[ 0.13312268 -0.28526288 -2.3391557  -0.3803505 ]
[ 0.19017525 -0.17115772 -2.4912958  -0.2282103 ]
[ 0.         -0.32329792 -1.483367   -0.43740308]
[-0.3042804  -0.49445564 -1.1790866  -0.41838557]
[ 0.05705258 -0.36133298 -2.1109452  -0.36133298]
[ 0.01901753 -0.28526288 -1.7115773  -0.32329792]
[-0.05705258 -0.20919278 -1.1790866  -0.26624537]
[-0.1521402  -0.2282103  -0.6275783  -0.17115772]
[-0.20919278 -0.2282103  -0.32329792 -0.09508763]
[-0.20919278 -0.13312268 -0.32329792 -0.05705258]
[-0.0760701  -0.01901753 -0.53249073  0.05705258]
[ 0.03803505  0.0760701  -0.6846309   0.13312268]
[ 0.05705258  0.0760701  -0.70364845  0.13312268]
[-0.01901753 -0.03803505 -0.6085608   0.09508763]
[-0.13312268 -0.1521402  -0.4564206   0.        ]
[-0.26624537 -0.2282103  -0.28526288 -0.05705258]
[-0.28526288 -0.26624537 -0.19017525 -0.11410515]
[-0.28526288 -0.26624537 -0.1521402  -0.11410515]
[-0.3042804  -0.32329792 -0.17115772 -0.1521402 ]
[-0.26624537 -0.2282103  -0.26624537 -0.13312268]
[-0.28526288 -0.26624537 -0.39936802 -0.17115772]
[-0.2282103  -0.2282103  -0.4564206  -0.17115772]
[-0.20919278 -0.2282103  -0.49445564 -0.13312268]
[-0.17115772 -0.17115772 -0.66561335 -0.13312268]
[-0.01901753 -0.01901753 -1.0269463   0.01901753]
[ 0.09508763 -0.03803505 -1.2741742   0.03803505]
[ 0.13312268 -0.11410515 -1.3312267  -0.03803505]
[-0.03803505 -0.20919278 -1.1030165  -0.1521402 ]
[-0.05705258 -0.1521402  -1.0269463  -0.11410515]
[-0.05705258 -0.19017525 -1.122034   -0.11410515]
[ 0.03803505  0.         -1.160069   -0.05705258]
[-0.05705258 -0.13312268 -0.7416835  -0.05705258]
[ 0.03803505 -0.11410515 -0.7797185  -0.01901753]
[ 0.         -0.20919278 -1.0649815  -0.05705258]
[ 0.1521402  -0.13312268 -1.521402   -0.13312268]
[ 0.13312268 -0.11410515 -1.5404196  -0.17115772]
[ 0.19017525 -0.05705258 -1.5404196  -0.17115772]
[ 0.34231544  0.17115772 -1.7496123  -0.11410515]
[ 0.49445564  0.13312268 -2.0158577  -0.03803505]
[ 0.53249073  0.1521402  -2.0729103  -0.1521402 ]
[ 0.32329792  0.1521402  -1.7686298  -0.17115772]
[ 0.24722782  0.0760701  -1.5784546  -0.1521402 ]
[ 0.17115772  0.03803505 -1.2741742  -0.13312268]
[-0.01901753 -0.1521402  -0.7797185  -0.17115772]
[-0.28526288 -0.36133298 -0.13312268 -0.28526288]
[-0.57052577 -0.55150825  0.39936802 -0.39936802]
[-0.64659584 -0.6085608   0.57052577 -0.4564206 ]
[-0.66561335 -0.6085608   0.5895433  -0.4564206 ]
[-0.66561335 -0.6085608   0.5895433  -0.4564206 ]
[-0.66561335 -0.6085608   0.57052577 -0.4564206 ]
[-0.64659584 -0.6085608   0.55150825 -0.4564206 ]
[-0.6275783  -0.57052577  0.47543812 -0.41838557]
[-0.57052577 -0.53249073  0.32329792 -0.3803505 ]
[-0.55150825 -0.55150825  0.24722782 -0.3803505 ]
[-0.55150825 -0.53249073  0.24722782 -0.39936802]
[-0.41838557 -0.34231544 -0.0760701  -0.24722782]
[-0.03803505 -0.24722782 -1.1030165  -0.01901753]
[ 0.24722782 -0.34231544 -2.1489804  -0.13312268]
[ 0.19017525 -0.41838557 -2.4532607  -0.41838557]
[-0.01901753 -0.57052577 -2.4342432  -0.6085608 ]
[-0.01901753 -0.5895433  -2.4152257  -0.64659584]
[ 0.         -0.55150825 -2.4152257  -0.6275783 ]
[ 0.01901753 -0.49445564 -2.3581731  -0.57052577]
[ 0.01901753 -0.49445564 -2.244068   -0.53249073]
[ 0.0760701  -0.32329792 -2.3011205  -0.4564206 ]
[ 0.13312268 -0.24722782 -2.4722784  -0.3042804 ]
[-0.01901753 -0.36133298 -1.483367   -0.47543812]
[-0.28526288 -0.47543812 -1.198104   -0.49445564]
[ 0.05705258 -0.36133298 -2.0729103  -0.49445564]
[-0.03803505 -0.26624537 -1.6355071  -0.41838557]
[-0.13312268 -0.20919278 -1.1030165  -0.3042804 ]
[-0.19017525 -0.24722782 -0.6085608  -0.19017525]
[-0.2282103  -0.24722782 -0.3042804  -0.13312268]
[-0.26624537 -0.20919278 -0.20919278 -0.13312268]
[-0.2282103  -0.17115772 -0.24722782 -0.0760701 ]
[-0.20919278 -0.19017525 -0.24722782 -0.05705258]
[-0.20919278 -0.17115772 -0.26624537 -0.05705258]
[-0.2282103  -0.17115772 -0.26624537 -0.0760701 ]
[-0.2282103  -0.2282103  -0.26624537 -0.11410515]
[-0.26624537 -0.24722782 -0.2282103  -0.13312268]
[-0.3042804  -0.24722782 -0.17115772 -0.1521402 ]
[-0.3042804  -0.28526288 -0.11410515 -0.1521402 ]
[-0.3042804  -0.3042804  -0.13312268 -0.17115772]
[-0.3042804  -0.28526288 -0.17115772 -0.1521402 ]
[-0.24722782 -0.3042804  -0.34231544 -0.17115772]
[-0.2282103  -0.2282103  -0.3803505  -0.17115772]
[-0.17115772 -0.20919278 -0.4564206  -0.09508763]
[-0.13312268 -0.17115772 -0.6275783  -0.11410515]
[ 0.         -0.01901753 -0.9128412   0.        ]
[ 0.11410515  0.01901753 -1.1030165   0.01901753]
[ 0.11410515 -0.09508763 -1.0839989  -0.09508763]
[-0.01901753 -0.17115772 -0.85578865 -0.19017525]
[-0.0760701  -0.1521402  -0.87480617 -0.13312268]
[-0.05705258 -0.13312268 -1.0269463  -0.13312268]
[ 0.          0.         -0.9889113  -0.05705258]
[-0.19017525 -0.26624537 -0.4564206  -0.13312268]
[-0.1521402  -0.32329792 -0.43740308 -0.13312268]
[-0.19017525 -0.34231544 -0.72266597 -0.17115772]
[ 0.         -0.20919278 -1.2171216  -0.24722782]
[ 0.03803505 -0.11410515 -1.122034   -0.2282103 ]
[ 0.11410515 -0.09508763 -0.96989375 -0.20919278]
[ 0.17115772  0.05705258 -0.9318587  -0.1521402 ]
[ 0.26624537 -0.03803505 -1.0649815  -0.11410515]
[ 0.2282103   0.05705258 -1.0079288  -0.20919278]
[ 0.09508763 -0.05705258 -0.85578865 -0.2282103 ]
[ 0.09508763 -0.09508763 -0.7416835  -0.2282103 ]
[-0.05705258 -0.09508763 -0.51347315 -0.2282103 ]
[-0.20919278 -0.24722782 -0.2282103  -0.26624537]
[-0.39936802 -0.41838557  0.1521402  -0.34231544]
[-0.5895433  -0.57052577  0.41838557 -0.41838557]
[-0.66561335 -0.6275783   0.51347315 -0.43740308]
[-0.6846309  -0.6275783   0.51347315 -0.43740308]
[-0.6846309  -0.6275783   0.51347315 -0.43740308]
[-0.66561335 -0.6275783   0.49445564 -0.43740308]
[-0.66561335 -0.6275783   0.47543812 -0.41838557]
[-0.64659584 -0.6085608   0.3803505  -0.39936802]
[-0.6085608  -0.5895433   0.2282103  -0.36133298]
[-0.57052577 -0.57052577  0.09508763 -0.36133298]
[-0.57052577 -0.57052577  0.03803505 -0.34231544]
[-0.39936802 -0.36133298 -0.3803505  -0.17115772]
[-0.11410515 -0.39936802 -1.198104   -0.05705258]
[ 0.05705258 -0.47543812 -1.9397875  -0.26624537]
[-0.01901753 -0.5895433  -2.1870153  -0.5895433 ]
[-0.05705258 -0.66561335 -2.282103   -0.7416835 ]
[-0.0760701  -0.66561335 -2.3011205  -0.760701  ]
[-0.05705258 -0.6275783  -2.3011205  -0.7416835 ]
[-0.05705258 -0.57052577 -2.244068   -0.6846309 ]
[-0.03803505 -0.55150825 -2.1489804  -0.6085608 ]
[ 0.05705258 -0.34231544 -2.244068   -0.49445564]
[ 0.1521402  -0.26624537 -2.4532607  -0.36133298]
[-0.01901753 -0.34231544 -1.4643494  -0.53249073]
[-0.28526288 -0.49445564 -1.198104   -0.47543812]
[ 0.05705258 -0.3803505  -2.0729103  -0.47543812]
[ 0.         -0.26624537 -1.6545247  -0.41838557]
[-0.09508763 -0.20919278 -1.160069   -0.28526288]
[-0.19017525 -0.26624537 -0.6085608  -0.19017525]
[-0.24722782 -0.3042804  -0.24722782 -0.17115772]
[-0.34231544 -0.28526288 -0.03803505 -0.20919278]
[-0.34231544 -0.28526288  0.         -0.17115772]
[-0.36133298 -0.32329792  0.03803505 -0.20919278]
[-0.36133298 -0.3042804   0.05705258 -0.20919278]
[-0.32329792 -0.28526288 -0.01901753 -0.19017525]
[-0.28526288 -0.26624537 -0.09508763 -0.19017525]
[-0.28526288 -0.26624537 -0.05705258 -0.19017525]
[-0.32329792 -0.26624537  0.         -0.20919278]
[-0.36133298 -0.34231544  0.03803505 -0.2282103 ]
[-0.36133298 -0.3042804   0.05705258 -0.24722782]
[-0.36133298 -0.36133298  0.01901753 -0.24722782]
[-0.32329792 -0.32329792 -0.05705258 -0.28526288]
[-0.36133298 -0.3042804   0.         -0.28526288]
[-0.3042804  -0.28526288 -0.09508763 -0.24722782]
[-0.2282103  -0.19017525 -0.26624537 -0.2282103 ]
[-0.11410515 -0.11410515 -0.4564206  -0.1521402 ]
[-0.03803505 -0.11410515 -0.57052577 -0.13312268]
[-0.0760701  -0.19017525 -0.49445564 -0.20919278]
[-0.1521402  -0.20919278 -0.36133298 -0.24722782]
[-0.09508763 -0.1521402  -0.57052577 -0.1521402 ]
[-0.0760701  -0.11410515 -0.81775355 -0.13312268]
[-0.03803505 -0.03803505 -0.85578865 -0.03803505]
[-0.2282103  -0.32329792 -0.41838557 -0.13312268]
[-0.2282103  -0.3803505  -0.34231544 -0.19017525]
[-0.2282103  -0.36133298 -0.64659584 -0.2282103 ]
[-0.05705258 -0.19017525 -1.0269463  -0.26624537]
[-0.0760701  -0.20919278 -0.760701   -0.19017525]
[-0.1521402  -0.34231544 -0.3042804  -0.24722782]
[-0.28526288 -0.34231544 -0.01901753 -0.28526288]
[-0.3042804  -0.39936802  0.01901753 -0.28526288]
[-0.32329792 -0.3803505   0.0760701  -0.32329792]
[-0.34231544 -0.3803505   0.05705258 -0.28526288]
[-0.36133298 -0.39936802  0.09508763 -0.28526288]
[-0.3803505  -0.39936802  0.13312268 -0.3042804 ]
[-0.47543812 -0.4564206   0.24722782 -0.34231544]
[-0.55150825 -0.55150825  0.32329792 -0.36133298]
[-0.64659584 -0.64659584  0.32329792 -0.3803505 ]
[-0.70364845 -0.72266597  0.20919278 -0.39936802]
[-0.7416835  -0.760701    0.11410515 -0.39936802]
[-0.7416835  -0.760701    0.0760701  -0.39936802]
[-0.760701   -0.7797185   0.05705258 -0.3803505 ]
[-0.760701   -0.7797185  -0.01901753 -0.3803505 ]
[-0.7416835  -0.760701   -0.09508763 -0.3803505 ]
[-0.66561335 -0.72266597 -0.26624537 -0.36133298]
[-0.64659584 -0.6846309  -0.36133298 -0.34231544]
[-0.5895433  -0.64659584 -0.43740308 -0.36133298]
[-0.34231544 -0.39936802 -0.83677113 -0.20919278]
[-0.13312268 -0.39936802 -1.4072969  -0.17115772]
[-0.01901753 -0.51347315 -1.9017525  -0.36133298]
[-0.09508763 -0.6275783  -2.0919278  -0.6275783 ]
[-0.09508763 -0.66561335 -2.244068   -0.7416835 ]
[-0.0760701  -0.6846309  -2.320138   -0.72266597]
[-0.05705258 -0.64659584 -2.3011205  -0.72266597]
[-0.0760701  -0.6085608  -2.2250504  -0.70364845]
[-0.05705258 -0.57052577 -2.0919278  -0.64659584]
[ 0.01901753 -0.41838557 -2.129963   -0.53249073]
[ 0.11410515 -0.32329792 -2.320138   -0.39936802]
[-0.05705258 -0.36133298 -1.3502443  -0.55150825]
[-0.39936802 -0.6275783  -1.0079288  -0.57052577]
[-0.0760701  -0.49445564 -1.8637174  -0.5895433 ]
[-0.09508763 -0.32329792 -1.559437   -0.4564206 ]
[-0.11410515 -0.2282103  -1.160069   -0.28526288]
[-0.19017525 -0.28526288 -0.5895433  -0.20919278]
[-0.32329792 -0.36133298 -0.11410515 -0.2282103 ]
[-0.43740308 -0.3803505   0.1521402  -0.28526288]
[-0.43740308 -0.3803505   0.20919278 -0.28526288]
[-0.4564206  -0.39936802  0.26624537 -0.3042804 ]
[-0.47543812 -0.39936802  0.32329792 -0.3042804 ]
[-0.43740308 -0.39936802  0.26624537 -0.3042804 ]
[-0.41838557 -0.3803505   0.24722782 -0.3042804 ]
[-0.4564206  -0.39936802  0.26624537 -0.3042804 ]
[-0.4564206  -0.39936802  0.28526288 -0.3042804 ]
[-0.4564206  -0.43740308  0.28526288 -0.3042804 ]
[-0.4564206  -0.39936802  0.26624537 -0.3042804 ]
[-0.43740308 -0.43740308  0.2282103  -0.3042804 ]
[-0.4564206  -0.43740308  0.2282103  -0.32329792]
[-0.47543812 -0.43740308  0.2282103  -0.32329792]
[-0.43740308 -0.43740308  0.17115772 -0.28526288]
[-0.3803505  -0.3803505   0.01901753 -0.2282103 ]
[-0.36133298 -0.3803505  -0.0760701  -0.20919278]
[-0.34231544 -0.41838557 -0.11410515 -0.2282103 ]
[-0.39936802 -0.4564206  -0.03803505 -0.26624537]
[-0.43740308 -0.4564206  -0.01901753 -0.28526288]
[-0.34231544 -0.3803505  -0.24722782 -0.19017525]
[-0.26624537 -0.26624537 -0.64659584 -0.11410515]
[-0.11410515 -0.11410515 -0.83677113 -0.03803505]
[-0.19017525 -0.34231544 -0.57052577 -0.11410515]
[-0.24722782 -0.3803505  -0.34231544 -0.19017525]
[-0.24722782 -0.3803505  -0.6275783  -0.2282103 ]
[-0.13312268 -0.20919278 -0.8938237  -0.26624537]
[-0.2282103  -0.36133298 -0.49445564 -0.24722782]
[-0.41838557 -0.53249073  0.11410515 -0.3803505 ]
[-0.6085608  -0.57052577  0.49445564 -0.43740308]
[-0.6275783  -0.5895433   0.55150825 -0.43740308]
[-0.64659584 -0.5895433   0.55150825 -0.43740308]
[-0.64659584 -0.5895433   0.55150825 -0.4564206 ]
[-0.64659584 -0.5895433   0.55150825 -0.4564206 ]
[-0.64659584 -0.5895433   0.55150825 -0.4564206 ]
[-0.64659584 -0.5895433   0.53249073 -0.43740308]
[-0.64659584 -0.6085608   0.3803505  -0.39936802]
[-0.66561335 -0.72266597  0.01901753 -0.3803505 ]
[-0.6846309  -0.81775355 -0.39936802 -0.41838557]
[-0.72266597 -0.85578865 -0.66561335 -0.49445564]
[-0.7416835  -0.87480617 -0.7416835  -0.51347315]
[-0.72266597 -0.85578865 -0.79873604 -0.51347315]
[-0.6846309  -0.83677113 -0.85578865 -0.51347315]
[-0.5895433 -0.7416835 -0.9889113 -0.4564206]
[-0.43740308 -0.53249073 -1.122034   -0.39936802]
[-0.43740308 -0.55150825 -1.1410515  -0.28526288]
[-0.3803505  -0.64659584 -1.1790866  -0.36133298]
[-0.26624537 -0.41838557 -1.3882793  -0.32329792]
[-0.09508763 -0.41838557 -1.6355071  -0.28526288]
[ 0.         -0.47543812 -1.882735   -0.3803505 ]
[-0.0760701 -0.6085608 -2.0538926 -0.6085608]
[-0.0760701  -0.64659584 -2.2250504  -0.72266597]
[-0.0760701  -0.66561335 -2.2630854  -0.7416835 ]
[-0.0760701 -0.6275783 -2.244068  -0.7416835]
[-0.09508763 -0.6275783  -2.1679978  -0.72266597]
[-0.09508763 -0.5895433  -2.0348752  -0.6846309 ]
[-0.05705258 -0.49445564 -1.9968401  -0.5895433 ]
[ 0.01901753 -0.3803505  -2.1679978  -0.4564206 ]
[-0.13312268 -0.39936802 -1.2741742  -0.57052577]
[-0.39936802 -0.64659584 -0.9889113  -0.5895433 ]
[-0.0760701  -0.49445564 -1.8637174  -0.5895433 ]
[-0.0760701 -0.3042804 -1.6164896 -0.4564206]
[-0.09508763 -0.20919278 -1.198104   -0.26624537]
[-0.20919278 -0.3042804  -0.57052577 -0.2282103 ]
[-0.3803505  -0.41838557 -0.01901753 -0.28526288]
[-0.51347315 -0.4564206   0.28526288 -0.32329792]
[-0.55150825 -0.51347315  0.36133298 -0.32329792]
[-0.57052577 -0.55150825  0.3803505  -0.34231544]
[-0.6085608  -0.57052577  0.39936802 -0.34231544]
[-0.6085608  -0.57052577  0.39936802 -0.34231544]
[-0.5895433  -0.57052577  0.36133298 -0.32329792]
[-0.6085608  -0.57052577  0.32329792 -0.32329792]
[-0.6085608  -0.57052577  0.28526288 -0.3042804 ]
[-0.6275783  -0.5895433   0.28526288 -0.32329792]
[-0.6085608  -0.5895433   0.24722782 -0.32329792]
[-0.6275783  -0.6085608   0.20919278 -0.32329792]
[-0.6275783  -0.6275783   0.17115772 -0.32329792]
[-0.64659584 -0.6275783   0.1521402  -0.32329792]
[-0.64659584 -0.6275783   0.11410515 -0.32329792]
[-0.6085608  -0.5895433   0.01901753 -0.3042804 ]
[-0.5895433  -0.5895433  -0.05705258 -0.3042804 ]
[-0.5895433  -0.6085608  -0.11410515 -0.32329792]
[-0.6085608  -0.64659584 -0.13312268 -0.34231544]
[-0.6275783  -0.66561335 -0.13312268 -0.36133298]
[-0.55150825 -0.5895433  -0.26624537 -0.34231544]
[-0.34231544 -0.26624537 -0.72266597 -0.19017525]
[-0.11410515 -0.09508763 -0.95087624 -0.0760701 ]
[-0.11410515 -0.26624537 -0.7416835  -0.11410515]
[-0.26624537 -0.36133298 -0.32329792 -0.17115772]
[-0.28526288 -0.36133298 -0.5895433  -0.2282103 ]
[-0.17115772 -0.2282103  -0.81775355 -0.26624537]
[-0.24722782 -0.3803505  -0.43740308 -0.28526288]
[-0.4564206  -0.53249073  0.20919278 -0.39936802]
[-0.64659584 -0.5895433   0.57052577 -0.4564206 ]
[-0.66561335 -0.6085608   0.5895433  -0.4564206 ]
[-0.66561335 -0.6085608   0.5895433  -0.4564206 ]
[-0.66561335 -0.6085608   0.57052577 -0.4564206 ]
[-0.66561335 -0.6085608   0.57052577 -0.4564206 ]
[-0.64659584 -0.6085608   0.57052577 -0.4564206 ]
[-0.64659584 -0.5895433   0.53249073 -0.43740308]
[-0.5895433  -0.57052577  0.26624537 -0.3803505 ]
[-0.53249073 -0.66561335 -0.39936802 -0.36133298]
[-0.43740308 -0.70364845 -1.1030165  -0.49445564]
[-0.39936802 -0.7416835  -1.5404196  -0.6085608 ]
[-0.39936802 -0.760701   -1.6355071  -0.64659584]
[-0.3803505  -0.7416835  -1.6735423  -0.66561335]
[-0.34231544 -0.70364845 -1.7115773  -0.64659584]
[-0.19017525 -0.51347315 -1.8447     -0.49445564]
[ 0.         -0.19017525 -1.9968401  -0.34231544]
[-0.01901753 -0.32329792 -2.0158577  -0.09508763]
[-0.09508763 -0.5895433  -1.8637174  -0.36133298]
[-0.17115772 -0.47543812 -1.7115773  -0.51347315]
[-0.09508763 -0.43740308 -1.6925597  -0.43740308]
[-0.03803505 -0.41838557 -1.8066648  -0.36133298]
[-0.01901753 -0.53249073 -2.0538926  -0.53249073]
[-0.03803505 -0.5895433  -2.2250504  -0.66561335]
[-0.03803505 -0.6085608  -2.2630854  -0.70364845]
[-0.05705258 -0.6275783  -2.2250504  -0.70364845]
[-0.0760701  -0.6275783  -2.1679978  -0.70364845]
[-0.0760701  -0.5895433  -2.0348752  -0.66561335]
[-0.0760701  -0.49445564 -1.9397875  -0.5895433 ]
[ 0.01901753 -0.36133298 -2.129963   -0.4564206 ]
[-0.13312268 -0.3803505  -1.2551566  -0.57052577]
[-0.3803505  -0.6275783  -1.0269463  -0.57052577]
[-0.05705258 -0.4564206  -1.9017525  -0.57052577]
[-0.03803505 -0.28526288 -1.6545247  -0.43740308]
[-0.0760701  -0.19017525 -1.2171216  -0.26624537]
[-0.20919278 -0.3042804  -0.57052577 -0.2282103 ]
[-0.39936802 -0.43740308  0.01901753 -0.3042804 ]
[-0.55150825 -0.51347315  0.34231544 -0.36133298]
[-0.6085608  -0.5895433   0.34231544 -0.36133298]
[-0.64659584 -0.6275783   0.24722782 -0.36133298]
[-0.6846309  -0.64659584  0.17115772 -0.36133298]
[-0.70364845 -0.6846309   0.1521402  -0.3803505 ]
[-0.6846309  -0.66561335  0.09508763 -0.3803505 ]
[-0.66561335 -0.64659584  0.01901753 -0.3803505 ]
[-0.6275783  -0.6275783  -0.01901753 -0.3803505 ]
[-0.6275783  -0.6085608  -0.05705258 -0.3803505 ]
[-0.6275783  -0.6085608  -0.09508763 -0.3803505 ]
[-0.64659584 -0.66561335 -0.19017525 -0.36133298]
[-0.64659584 -0.6846309  -0.32329792 -0.3803505 ]
[-0.6085608  -0.6275783  -0.36133298 -0.39936802]
[-0.55150825 -0.55150825 -0.34231544 -0.3803505 ]
[-0.4564206  -0.49445564 -0.34231544 -0.36133298]
[-0.41838557 -0.43740308 -0.39936802 -0.36133298]
[-0.3803505  -0.41838557 -0.4564206  -0.36133298]
[-0.3803505  -0.4564206  -0.51347315 -0.3803505 ]
[-0.41838557 -0.51347315 -0.55150825 -0.41838557]
[-0.3803505  -0.47543812 -0.5895433  -0.41838557]
[-0.19017525 -0.17115772 -0.9318587  -0.19017525]
[-0.05705258 -0.13312268 -1.0459639  -0.11410515]
[-0.0760701  -0.20919278 -0.72266597 -0.1521402 ]
[-0.34231544 -0.39936802 -0.32329792 -0.19017525]
[-0.32329792 -0.39936802 -0.6085608  -0.24722782]
[-0.20919278 -0.32329792 -0.85578865 -0.28526288]
[-0.28526288 -0.41838557 -0.41838557 -0.3042804 ]
[-0.49445564 -0.55150825  0.2282103  -0.39936802]
[-0.66561335 -0.6085608   0.57052577 -0.4564206 ]
[-0.66561335 -0.6085608   0.5895433  -0.4564206 ]
[-0.66561335 -0.6085608   0.57052577 -0.4564206 ]
[-0.66561335 -0.6085608   0.57052577 -0.4564206 ]
[-0.66561335 -0.6085608   0.57052577 -0.4564206 ]
[-0.66561335 -0.5895433   0.57052577 -0.4564206 ]
[-0.64659584 -0.5895433   0.51347315 -0.43740308]
[-0.55150825 -0.55150825  0.19017525 -0.36133298]
[-0.39936802 -0.6275783  -0.6085608  -0.36133298]
[-0.26624537 -0.64659584 -1.4263144  -0.53249073]
[-0.17115772 -0.70364845 -1.9778225  -0.70364845]
[-0.17115772 -0.70364845 -2.0729103  -0.7416835 ]
[-0.19017525 -0.72266597 -2.0729103  -0.760701  ]
[-0.1521402 -0.6846309 -2.0729103 -0.7416835]
[ 0.03803505 -0.36133298 -2.2250504  -0.47543812]
[ 0.24722782  0.01901753 -2.4722784  -0.2282103 ]
[ 0.3042804  -0.09508763 -2.5293307   0.0760701 ]
[ 0.11410515 -0.43740308 -2.2630854  -0.3042804 ]
[-0.11410515 -0.51347315 -1.8447     -0.6275783 ]
[-0.0760701  -0.39936802 -1.6735423  -0.51347315]
[-0.0760701  -0.39936802 -1.7305948  -0.34231544]
[ 0.03803505 -0.4564206  -2.0348752  -0.43740308]
[ 0.         -0.55150825 -2.1489804  -0.6085608 ]
[-0.01901753 -0.57052577 -2.1870153  -0.64659584]
[-0.03803505 -0.57052577 -2.206033   -0.66561335]
[-0.05705258 -0.5895433  -2.1870153  -0.66561335]
[-0.03803505 -0.53249073 -2.0538926  -0.64659584]
[-0.01901753 -0.4564206  -1.9588051  -0.53249073]
[ 0.05705258 -0.34231544 -2.1489804  -0.39936802]
[-0.11410515 -0.3803505  -1.2741742  -0.51347315]
[-0.36133298 -0.5895433  -1.0459639  -0.55150825]
[-0.03803505 -0.4564206  -1.92077    -0.53249073]
[-0.03803505 -0.3042804  -1.6545247  -0.43740308]
[-0.0760701  -0.20919278 -1.2171216  -0.28526288]
[-0.20919278 -0.3042804  -0.5895433  -0.24722782]
[-0.39936802 -0.43740308  0.01901753 -0.3042804 ]
[-0.55150825 -0.51347315  0.34231544 -0.36133298]
[-0.57052577 -0.55150825  0.1521402  -0.32329792]
[-0.53249073 -0.55150825 -0.17115772 -0.32329792]
[-0.49445564 -0.55150825 -0.41838557 -0.34231544]
[-0.49445564 -0.57052577 -0.49445564 -0.32329792]
[-0.49445564 -0.57052577 -0.5895433  -0.3042804 ]
[-0.47543812 -0.55150825 -0.72266597 -0.28526288]
[-0.43740308 -0.53249073 -0.7416835  -0.28526288]
[-0.41838557 -0.53249073 -0.6846309  -0.28526288]
[-0.41838557 -0.53249073 -0.70364845 -0.3042804 ]
[-0.43740308 -0.57052577 -0.83677113 -0.34231544]
[-0.39936802 -0.5895433  -1.0269463  -0.41838557]
[-0.36133298 -0.51347315 -1.0269463  -0.41838557]
[-0.34231544 -0.47543812 -0.9128412  -0.34231544]
[-0.3042804  -0.4564206  -0.81775355 -0.26624537]
[-0.28526288 -0.43740308 -0.85578865 -0.20919278]
[-0.28526288 -0.43740308 -0.85578865 -0.2282103 ]
[-0.28526288 -0.4564206  -0.9128412  -0.24722782]
[-0.3042804  -0.49445564 -0.8938237  -0.34231544]
[-0.3042804  -0.47543812 -0.83677113 -0.39936802]
[-0.19017525 -0.3042804  -0.96989375 -0.26624537]
[-0.17115772 -0.3042804  -0.8938237  -0.20919278]
[-0.2282103  -0.34231544 -0.6275783  -0.2282103 ]
[-0.39936802 -0.47543812 -0.41838557 -0.24722782]
[-0.32329792 -0.49445564 -0.7416835  -0.28526288]
[-0.2282103  -0.36133298 -0.9128412  -0.36133298]
[-0.34231544 -0.43740308 -0.39936802 -0.36133298]
[-0.51347315 -0.57052577  0.24722782 -0.41838557]
[-0.66561335 -0.6085608   0.57052577 -0.4564206 ]
[-0.66561335 -0.6085608   0.5895433  -0.4564206 ]
[-0.66561335 -0.5895433   0.57052577 -0.43740308]
[-0.64659584 -0.5895433   0.57052577 -0.4564206 ]
[-0.64659584 -0.5895433   0.57052577 -0.4564206 ]
[-0.64659584 -0.5895433   0.57052577 -0.4564206 ]
[-0.6275783  -0.5895433   0.51347315 -0.43740308]
[-0.55150825 -0.55150825  0.19017525 -0.36133298]
[-0.39936802 -0.6275783  -0.6275783  -0.36133298]
[-0.24722782 -0.64659584 -1.483367   -0.51347315]
[-0.13312268 -0.72266597 -2.0729103  -0.70364845]
[-0.13312268 -0.6846309  -2.1870153  -0.7416835 ]
[-0.13312268 -0.70364845 -2.206033   -0.7416835 ]
[-0.11410515 -0.64659584 -2.206033   -0.7416835 ]
[ 0.0760701  -0.34231544 -2.3391557  -0.4564206 ]
[ 0.28526288  0.01901753 -2.6624534  -0.17115772]
[ 0.3803505  -0.0760701  -2.7575412   0.09508763]
[ 0.17115772 -0.41838557 -2.4342432  -0.3042804 ]
[-0.11410515 -0.53249073 -1.8637174  -0.66561335]
[-0.05705258 -0.36133298 -1.6545247  -0.53249073]
[-0.05705258 -0.3803505  -1.6925597  -0.32329792]
[ 0.0760701  -0.39936802 -1.9778225  -0.36133298]
[ 0.01901753 -0.47543812 -2.1109452  -0.53249073]
[ 0.03803505 -0.51347315 -2.1870153  -0.53249073]
[ 0.01901753 -0.49445564 -2.244068   -0.57052577]
[ 0.         -0.51347315 -2.2630854  -0.55150825]
[ 0.         -0.49445564 -2.0919278  -0.5895433 ]
[-0.01901753 -0.41838557 -1.9588051  -0.47543812]
[ 0.05705258 -0.32329792 -2.129963   -0.3803505 ]
[-0.11410515 -0.3803505  -1.2551566  -0.51347315]
[-0.34231544 -0.55150825 -1.0649815  -0.53249073]
[-0.01901753 -0.4564206  -1.9588051  -0.51347315]
[-0.03803505 -0.32329792 -1.6545247  -0.4564206 ]
[-0.09508763 -0.20919278 -1.1790866  -0.32329792]
[-0.20919278 -0.3042804  -0.55150825 -0.26624537]
[-0.39936802 -0.43740308  0.05705258 -0.32329792]
[-0.53249073 -0.51347315  0.32329792 -0.36133298]
[-0.49445564 -0.51347315 -0.01901753 -0.3042804 ]
[-0.3803505  -0.4564206  -0.53249073 -0.3042804 ]
[-0.28526288 -0.43740308 -0.85578865 -0.32329792]
[-0.28526288 -0.4564206  -0.95087624 -0.34231544]
[-0.28526288 -0.43740308 -1.0649815  -0.36133298]
[-0.24722782 -0.43740308 -1.2171216  -0.3803505 ]
[-0.26624537 -0.47543812 -1.1790866  -0.3803505 ]
[-0.3042804  -0.49445564 -1.0649815  -0.39936802]
[-0.3042804  -0.53249073 -1.0459639  -0.39936802]
[-0.28526288 -0.55150825 -1.198104   -0.41838557]
[-0.2282103  -0.53249073 -1.3882793  -0.49445564]
[-0.2282103  -0.47543812 -1.3312267  -0.51347315]
[-0.26624537 -0.49445564 -1.160069   -0.41838557]
[-0.32329792 -0.51347315 -1.0079288  -0.3803505 ]
[-0.3803505  -0.51347315 -1.0459639  -0.36133298]
[-0.3803505  -0.53249073 -1.0459639  -0.36133298]
[-0.3803505  -0.55150825 -1.0459639  -0.39936802]
[-0.3803505  -0.55150825 -0.9889113  -0.4564206 ]
[-0.34231544 -0.51347315 -0.8938237  -0.47543812]
[-0.3042804  -0.43740308 -0.85578865 -0.3803505 ]
[-0.32329792 -0.49445564 -0.7797185  -0.36133298]
[-0.36133298 -0.51347315 -0.64659584 -0.36133298]
[-0.41838557 -0.55150825 -0.64659584 -0.32329792]
[-0.32329792 -0.53249073 -0.9889113  -0.32329792]
[-0.24722782 -0.3803505  -1.0269463  -0.39936802]
[-0.32329792 -0.4564206  -0.4564206  -0.39936802]
[-0.49445564 -0.55150825  0.2282103  -0.41838557]
[-0.64659584 -0.5895433   0.55150825 -0.43740308]
[-0.66561335 -0.5895433   0.5895433  -0.43740308]
[-0.64659584 -0.5895433   0.57052577 -0.43740308]
[-0.64659584 -0.5895433   0.57052577 -0.4564206 ]
[-0.66561335 -0.5895433   0.5895433  -0.4564206 ]
[-0.66561335 -0.6085608   0.5895433  -0.4564206 ]
[-0.64659584 -0.5895433   0.53249073 -0.43740308]
[-0.55150825 -0.57052577  0.19017525 -0.36133298]
[-0.39936802 -0.6085608  -0.64659584 -0.3803505 ]
[-0.24722782 -0.64659584 -1.5404196  -0.51347315]
[-0.11410515 -0.66561335 -2.129963   -0.70364845]
[-0.09508763 -0.64659584 -2.2630854  -0.72266597]
[-0.05705258 -0.6275783  -2.3011205  -0.70364845]
[-0.05705258 -0.5895433  -2.282103   -0.70364845]
[ 0.05705258 -0.39936802 -2.3391557  -0.51347315]
[ 0.20919278 -0.13312268 -2.5293307  -0.32329792]
[ 0.24722782 -0.28526288 -2.605401   -0.17115772]
[ 0.09508763 -0.49445564 -2.3581731  -0.4564206 ]
[-0.1521402 -0.5895433 -1.8447    -0.6846309]
[-0.05705258 -0.34231544 -1.6735423  -0.51347315]
[-0.03803505 -0.34231544 -1.6925597  -0.28526288]
[ 0.09508763 -0.36133298 -1.9588051  -0.28526288]
[ 0.03803505 -0.41838557 -2.1109452  -0.43740308]
[ 0.0760701  -0.43740308 -2.244068   -0.43740308]
[ 0.0760701  -0.39936802 -2.3391557  -0.4564206 ]
[ 0.0760701  -0.43740308 -2.3391557  -0.47543812]
[ 0.01901753 -0.43740308 -2.1489804  -0.53249073]
[ 0.         -0.3803505  -1.9968401  -0.43740308]
[ 0.09508763 -0.28526288 -2.1679978  -0.34231544]
[-0.09508763 -0.36133298 -1.2551566  -0.49445564]
[-0.32329792 -0.53249073 -1.0839989  -0.51347315]
[ 0.03803505 -0.43740308 -1.9588051  -0.51347315]
[-0.03803505 -0.3042804  -1.6164896  -0.4564206 ]
[-0.11410515 -0.26624537 -1.0839989  -0.34231544]
[-0.24722782 -0.34231544 -0.43740308 -0.28526288]
[-0.43740308 -0.4564206   0.13312268 -0.34231544]
[-0.53249073 -0.51347315  0.32329792 -0.36133298]
[-0.4564206  -0.49445564 -0.11410515 -0.28526288]
[-0.32329792 -0.43740308 -0.70364845 -0.28526288]
[-0.19017525 -0.39936802 -1.0839989  -0.32329792]
[-0.17115772 -0.41838557 -1.2171216  -0.3042804 ]
[-0.13312268 -0.3803505  -1.3692617  -0.3042804 ]
[-0.09508763 -0.3803505  -1.521402   -0.34231544]
[-0.11410515 -0.43740308 -1.483367   -0.36133298]
[-0.19017525 -0.47543812 -1.3502443  -0.41838557]
[-0.20919278 -0.49445564 -1.2741742  -0.43740308]
[-0.2282103  -0.53249073 -1.3312267  -0.4564206 ]
[-0.17115772 -0.51347315 -1.483367   -0.51347315]
[-0.1521402  -0.43740308 -1.4643494  -0.51347315]
[-0.17115772 -0.47543812 -1.3692617  -0.41838557]
[-0.20919278 -0.49445564 -1.3502443  -0.3803505 ]
[-0.2282103  -0.49445564 -1.483367   -0.3803505 ]
[-0.2282103  -0.51347315 -1.483367   -0.41838557]
[-0.24722782 -0.53249073 -1.4263144  -0.43740308]
[-0.26624537 -0.55150825 -1.2741742  -0.49445564]
[-0.28526288 -0.51347315 -1.0269463  -0.49445564]
[-0.32329792 -0.57052577 -0.9318587  -0.43740308]
[-0.34231544 -0.55150825 -0.9128412  -0.43740308]
[-0.36133298 -0.57052577 -0.8938237  -0.39936802]
[-0.34231544 -0.5895433  -1.0459639  -0.3803505 ]
[-0.28526288 -0.51347315 -1.2931917  -0.3803505 ]
[-0.2282103  -0.39936802 -1.1790866  -0.43740308]
[-0.32329792 -0.4564206  -0.49445564 -0.39936802]
[-0.49445564 -0.57052577  0.20919278 -0.41838557]
[-0.64659584 -0.5895433   0.55150825 -0.43740308]
[-0.66561335 -0.5895433   0.5895433  -0.43740308]
[-0.66561335 -0.6085608   0.57052577 -0.43740308]
[-0.66561335 -0.6085608   0.5895433  -0.4564206 ]
[-0.66561335 -0.6085608   0.5895433  -0.4564206 ]
[-0.66561335 -0.6085608   0.5895433  -0.4564206 ]
[-0.64659584 -0.5895433   0.53249073 -0.43740308]
[-0.55150825 -0.55150825  0.19017525 -0.36133298]
[-0.39936802 -0.6085608  -0.66561335 -0.36133298]
[-0.2282103  -0.6275783  -1.5784546  -0.49445564]
[-0.09508763 -0.66561335 -2.206033   -0.70364845]
[-0.09508763 -0.66561335 -2.282103   -0.72266597]
[-0.0760701  -0.64659584 -2.3011205  -0.72266597]
[-0.05705258 -0.5895433  -2.282103   -0.70364845]
[ 0.01901753 -0.49445564 -2.282103   -0.5895433 ]
[ 0.09508763 -0.39936802 -2.3581731  -0.47543812]
[ 0.0760701  -0.51347315 -2.4152257  -0.43740308]
[ 0.        -0.5895433 -2.282103  -0.5895433]
[-0.13312268 -0.57052577 -1.9017525  -0.6846309 ]
[-0.05705258 -0.32329792 -1.6735423  -0.51347315]
[-0.01901753 -0.32329792 -1.7115773  -0.26624537]
[ 0.09508763 -0.32329792 -1.9397875  -0.26624537]
[ 0.0760701  -0.34231544 -2.1679978  -0.3803505 ]
[ 0.1521402  -0.32329792 -2.320138   -0.36133298]
[ 0.17115772 -0.3042804  -2.396208   -0.3803505 ]
[ 0.1521402  -0.34231544 -2.3771906  -0.39936802]
[ 0.0760701  -0.3803505  -2.2250504  -0.47543812]
[ 0.03803505 -0.36133298 -2.0538926  -0.39936802]
[ 0.09508763 -0.32329792 -2.1679978  -0.34231544]
[-0.11410515 -0.3803505  -1.2551566  -0.49445564]
[-0.32329792 -0.53249073 -1.1030165  -0.49445564]
[ 0.01901753 -0.41838557 -1.9588051  -0.49445564]
[-0.05705258 -0.34231544 -1.6164896  -0.41838557]
[-0.1521402  -0.3042804  -1.0459639  -0.34231544]
[-0.3042804  -0.39936802 -0.34231544 -0.32329792]
[-0.49445564 -0.49445564  0.2282103  -0.36133298]
[-0.55150825 -0.51347315  0.34231544 -0.36133298]
[-0.43740308 -0.49445564 -0.1521402  -0.28526288]
[-0.28526288 -0.41838557 -0.79873604 -0.3042804 ]
[-0.17115772 -0.3803505  -1.198104   -0.32329792]
[-0.17115772 -0.39936802 -1.2741742  -0.32329792]
[-0.1521402  -0.41838557 -1.3882793  -0.36133298]
[-0.13312268 -0.43740308 -1.5023844  -0.41838557]
[-0.1521402  -0.49445564 -1.483367   -0.4564206 ]
[-0.20919278 -0.53249073 -1.3882793  -0.51347315]
[-0.20919278 -0.51347315 -1.3122092  -0.51347315]
[-0.2282103  -0.55150825 -1.3502443  -0.47543812]
[-0.19017525 -0.53249073 -1.4643494  -0.53249073]
[-0.1521402  -0.43740308 -1.4643494  -0.51347315]
[-0.17115772 -0.51347315 -1.4453319  -0.4564206 ]
[-0.17115772 -0.53249073 -1.483367   -0.4564206 ]
[-0.19017525 -0.57052577 -1.5974721  -0.53249073]
[-0.19017525 -0.5895433  -1.5974721  -0.5895433 ]
[-0.2282103 -0.6085608 -1.5023844 -0.5895433]
[-0.26624537 -0.6085608  -1.3502443  -0.6085608 ]
[-0.3042804  -0.55150825 -1.0649815  -0.57052577]
[-0.28526288 -0.5895433  -1.0839989  -0.4564206 ]
[-0.3042804  -0.51347315 -1.1410515  -0.4564206 ]
[-0.24722782 -0.53249073 -1.3122092  -0.41838557]
[-0.19017525 -0.51347315 -1.4643494  -0.39936802]
[-0.17115772 -0.41838557 -1.559437   -0.41838557]
[-0.13312268 -0.3042804  -1.3122092  -0.4564206 ]
[-0.26624537 -0.43740308 -0.55150825 -0.39936802]
[-0.47543812 -0.57052577  0.17115772 -0.41838557]
[-0.64659584 -0.5895433   0.55150825 -0.43740308]
[-0.66561335 -0.6085608   0.57052577 -0.43740308]
[-0.66561335 -0.6085608   0.55150825 -0.43740308]
[-0.66561335 -0.6085608   0.55150825 -0.43740308]
[-0.66561335 -0.6085608   0.57052577 -0.43740308]
[-0.66561335 -0.6085608   0.5895433  -0.4564206 ]
[-0.64659584 -0.5895433   0.53249073 -0.43740308]
[-0.55150825 -0.57052577  0.20919278 -0.36133298]
[-0.39936802 -0.6085608  -0.66561335 -0.36133298]
[-0.2282103  -0.6275783  -1.5784546  -0.49445564]
[-0.09508763 -0.70364845 -2.206033   -0.72266597]
[-0.11410515 -0.70364845 -2.2630854  -0.7797185 ]
[-0.11410515 -0.6846309  -2.2630854  -0.760701  ]
[-0.0760701  -0.5895433  -2.2630854  -0.72266597]
[-0.03803505 -0.57052577 -2.2250504  -0.6275783 ]
[-0.03803505 -0.6085608  -2.1870153  -0.6275783 ]
[-0.05705258 -0.5895433  -2.244068   -0.6085608 ]
[-0.09508763 -0.6085608  -2.2250504  -0.70364845]
[-0.0760701  -0.53249073 -1.9968401  -0.66561335]
[-0.03803505 -0.32329792 -1.6925597  -0.51347315]
[-0.01901753 -0.34231544 -1.7115773  -0.24722782]
[ 0.05705258 -0.34231544 -1.9397875  -0.26624537]
[ 0.09508763 -0.34231544 -2.244068   -0.3803505 ]
[ 0.1521402  -0.3042804  -2.320138   -0.34231544]
[ 0.17115772 -0.3042804  -2.3391557  -0.36133298]
[ 0.1521402  -0.34231544 -2.320138   -0.3803505 ]
[ 0.09508763 -0.36133298 -2.206033   -0.4564206 ]
[ 0.0760701  -0.34231544 -2.0538926  -0.41838557]
[ 0.11410515 -0.32329792 -2.1870153  -0.34231544]
[-0.09508763 -0.36133298 -1.2741742  -0.51347315]
[-0.32329792 -0.53249073 -1.0649815  -0.49445564]
[ 0.         -0.41838557 -1.9588051  -0.51347315]
[-0.03803505 -0.3042804  -1.6355071  -0.43740308]
[-0.1521402  -0.28526288 -1.0079288  -0.36133298]
[-0.32329792 -0.41838557 -0.28526288 -0.34231544]
[-0.51347315 -0.51347315  0.28526288 -0.3803505 ]
[-0.55150825 -0.51347315  0.36133298 -0.36133298]
[-0.41838557 -0.47543812 -0.19017525 -0.26624537]
[-0.24722782 -0.41838557 -0.85578865 -0.3042804 ]
[-0.13312268 -0.36133298 -1.2741742  -0.34231544]
[-0.1521402  -0.39936802 -1.3122092  -0.34231544]
[-0.13312268 -0.41838557 -1.3882793  -0.39936802]
[-0.11410515 -0.4564206  -1.4643494  -0.4564206 ]
[-0.1521402  -0.51347315 -1.4643494  -0.51347315]
[-0.19017525 -0.53249073 -1.4072969  -0.53249073]
[-0.20919278 -0.51347315 -1.3312267  -0.53249073]
[-0.20919278 -0.53249073 -1.3692617  -0.47543812]
[-0.19017525 -0.51347315 -1.4453319  -0.51347315]
[-0.13312268 -0.43740308 -1.4643494  -0.51347315]
[-0.13312268 -0.49445564 -1.5023844  -0.43740308]
[-0.13312268 -0.51347315 -1.5974721  -0.4564206 ]
[-0.13312268 -0.53249073 -1.7115773  -0.53249073]
[-0.1521402  -0.55150825 -1.6925597  -0.5895433 ]
[-0.19017525 -0.5895433  -1.5974721  -0.5895433 ]
[-0.20919278 -0.57052577 -1.4643494  -0.5895433 ]
[-0.24722782 -0.55150825 -1.2171216  -0.55150825]
[-0.20919278 -0.51347315 -1.2551566  -0.43740308]
[-0.17115772 -0.43740308 -1.4643494  -0.39936802]
[-0.03803505 -0.39936802 -1.7305948  -0.3803505 ]
[ 0.         -0.32329792 -1.7115773  -0.3803505 ]
[-0.01901753 -0.28526288 -1.6164896  -0.39936802]
[-0.03803505 -0.19017525 -1.2551566  -0.43740308]
[-0.19017525 -0.39936802 -0.51347315 -0.36133298]
[-0.41838557 -0.55150825  0.17115772 -0.39936802]
[-0.64659584 -0.5895433   0.53249073 -0.43740308]
[-0.66561335 -0.6085608   0.53249073 -0.43740308]
[-0.64659584 -0.6085608   0.4564206  -0.41838557]
[-0.64659584 -0.6085608   0.43740308 -0.43740308]
[-0.66561335 -0.6085608   0.49445564 -0.43740308]
[-0.66561335 -0.6085608   0.57052577 -0.4564206 ]
[-0.64659584 -0.5895433   0.55150825 -0.43740308]
[-0.55150825 -0.57052577  0.20919278 -0.36133298]
[-0.39936802 -0.6085608  -0.66561335 -0.3803505 ]
[-0.2282103  -0.6275783  -1.5974721  -0.51347315]
[-0.09508763 -0.6846309  -2.206033   -0.7416835 ]
[-0.11410515 -0.70364845 -2.282103   -0.7797185 ]
[-0.11410515 -0.6846309  -2.2630854  -0.7797185 ]
[-0.09508763 -0.6085608  -2.2630854  -0.72266597]
[-0.05705258 -0.5895433  -2.2630854  -0.6275783 ]
[-0.03803505 -0.6085608  -2.2630854  -0.6275783 ]
[-0.01901753 -0.55150825 -2.282103   -0.6085608 ]
[-0.05705258 -0.5895433  -2.244068   -0.6846309 ]
[-0.01901753 -0.47543812 -2.0348752  -0.64659584]
[-0.01901753 -0.3042804  -1.6735423  -0.49445564]
[-0.01901753 -0.36133298 -1.7305948  -0.24722782]
[ 0.03803505 -0.34231544 -1.9588051  -0.28526288]
[ 0.09508763 -0.34231544 -2.320138   -0.3803505 ]
[ 0.13312268 -0.32329792 -2.3391557  -0.34231544]
[ 0.11410515 -0.36133298 -2.282103   -0.36133298]
[ 0.0760701  -0.39936802 -2.244068   -0.36133298]
[ 0.03803505 -0.41838557 -2.1870153  -0.4564206 ]
[ 0.05705258 -0.36133298 -2.0919278  -0.41838557]
[ 0.11410515 -0.32329792 -2.206033   -0.34231544]
[-0.09508763 -0.36133298 -1.2931917  -0.49445564]
[-0.3042804  -0.51347315 -1.122034   -0.4564206 ]
[ 0.05705258 -0.39936802 -2.0538926  -0.4564206 ]
[-0.01901753 -0.26624537 -1.6925597  -0.3803505 ]
[-0.13312268 -0.28526288 -1.0459639  -0.34231544]
[-0.32329792 -0.41838557 -0.28526288 -0.32329792]
[-0.53249073 -0.53249073  0.3042804  -0.3803505 ]
[-0.57052577 -0.53249073  0.3803505  -0.3803505 ]
[-0.41838557 -0.49445564 -0.17115772 -0.28526288]
[-0.26624537 -0.4564206  -0.83677113 -0.32329792]
[-0.1521402  -0.3803505  -1.2741742  -0.36133298]
[-0.17115772 -0.4564206  -1.3312267  -0.36133298]
[-0.17115772 -0.51347315 -1.3692617  -0.41838557]
[-0.17115772 -0.53249073 -1.4263144  -0.49445564]
[-0.19017525 -0.55150825 -1.4263144  -0.53249073]
[-0.19017525 -0.55150825 -1.3882793  -0.55150825]
[-0.19017525 -0.49445564 -1.3502443  -0.55150825]
[-0.19017525 -0.51347315 -1.3692617  -0.47543812]
[-0.17115772 -0.51347315 -1.4263144  -0.51347315]
[-0.1521402  -0.4564206  -1.4453319  -0.51347315]
[-0.13312268 -0.49445564 -1.5023844  -0.43740308]
[-0.13312268 -0.51347315 -1.6164896  -0.47543812]
[-0.11410515 -0.53249073 -1.7496123  -0.55150825]
[-0.13312268 -0.53249073 -1.7305948  -0.57052577]
[-0.17115772 -0.57052577 -1.6545247  -0.57052577]
[-0.17115772 -0.51347315 -1.559437   -0.5895433 ]
[-0.19017525 -0.49445564 -1.3122092  -0.53249073]
[-0.13312268 -0.47543812 -1.3882793  -0.41838557]
[-0.0760701 -0.3803505 -1.6164896 -0.3803505]
[ 0.05705258 -0.28526288 -1.7876474  -0.39936802]
[ 0.05705258 -0.24722782 -1.5784546  -0.39936802]
[ 0.         -0.24722782 -1.2931917  -0.3803505 ]
[-0.05705258 -0.19017525 -0.9128412  -0.39936802]
[-0.2282103  -0.3803505  -0.34231544 -0.32329792]
[-0.43740308 -0.53249073  0.20919278 -0.39936802]
[-0.6275783  -0.5895433   0.51347315 -0.43740308]
[-0.6275783  -0.5895433   0.4564206  -0.41838557]
[-0.6085608  -0.57052577  0.3042804  -0.39936802]
[-0.5895433  -0.55150825  0.28526288 -0.41838557]
[-0.6275783  -0.5895433   0.39936802 -0.43740308]
[-0.64659584 -0.6085608   0.55150825 -0.4564206 ]
[-0.64659584 -0.5895433   0.55150825 -0.43740308]
[-0.55150825 -0.57052577  0.20919278 -0.36133298]
[-0.41838557 -0.6275783  -0.6846309  -0.36133298]
[-0.24722782 -0.66561335 -1.6355071  -0.51347315]
[-0.11410515 -0.70364845 -2.244068   -0.7416835 ]
[-0.11410515 -0.72266597 -2.282103   -0.7797185 ]
[-0.09508763 -0.6846309  -2.2630854  -0.7797185 ]
[-0.05705258 -0.5895433  -2.282103   -0.72266597]
[ 0.         -0.55150825 -2.3011205  -0.6275783 ]
[ 0.         -0.57052577 -2.282103   -0.6275783 ]
[-0.03803505 -0.5895433  -2.2630854  -0.6275783 ]
[-0.0760701 -0.6275783 -2.1870153 -0.6846309]
[-0.05705258 -0.49445564 -1.9778225  -0.64659584]
[-0.03803505 -0.32329792 -1.6355071  -0.47543812]
[ 0.01901753 -0.34231544 -1.7496123  -0.24722782]
[ 0.03803505 -0.32329792 -2.0348752  -0.28526288]
[ 0.13312268 -0.32329792 -2.4152257  -0.3803505 ]
[ 0.13312268 -0.34231544 -2.3771906  -0.3803505 ]
[ 0.09508763 -0.3803505  -2.282103   -0.3803505 ]
[ 0.05705258 -0.41838557 -2.2630854  -0.39936802]
[ 0.         -0.4564206  -2.206033   -0.49445564]
[ 0.03803505 -0.3803505  -2.1109452  -0.43740308]
[ 0.0760701  -0.32329792 -2.1870153  -0.3803505 ]
[-0.09508763 -0.36133298 -1.2551566  -0.51347315]
[-0.3042804  -0.51347315 -1.1410515  -0.47543812]
[ 0.01901753 -0.39936802 -2.0348752  -0.47543812]
[-0.03803505 -0.3042804  -1.6925597  -0.39936802]
[-0.17115772 -0.28526288 -1.0269463  -0.34231544]
[-0.32329792 -0.41838557 -0.3042804  -0.32329792]
[-0.53249073 -0.53249073  0.3042804  -0.3803505 ]
[-0.5895433  -0.53249073  0.41838557 -0.39936802]
[-0.41838557 -0.47543812 -0.0760701  -0.3042804 ]
[-0.26624537 -0.43740308 -0.72266597 -0.34231544]
[-0.13312268 -0.36133298 -1.1790866  -0.39936802]
[-0.17115772 -0.4564206  -1.2741742  -0.41838557]
[-0.19017525 -0.53249073 -1.3122092  -0.49445564]
[-0.2282103  -0.55150825 -1.3312267  -0.55150825]
[-0.20919278 -0.55150825 -1.3312267  -0.57052577]
[-0.19017525 -0.53249073 -1.3122092  -0.57052577]
[-0.19017525 -0.47543812 -1.2931917  -0.53249073]
[-0.17115772 -0.47543812 -1.3122092  -0.47543812]
[-0.17115772 -0.49445564 -1.3312267  -0.51347315]
[-0.1521402  -0.4564206  -1.3502443  -0.53249073]
[-0.13312268 -0.49445564 -1.4072969  -0.47543812]
[-0.13312268 -0.49445564 -1.5404196  -0.49445564]
[-0.11410515 -0.51347315 -1.6735423  -0.57052577]
[-0.11410515 -0.51347315 -1.6545247  -0.5895433 ]
[-0.13312268 -0.53249073 -1.6164896  -0.57052577]
[-0.11410515 -0.4564206  -1.559437   -0.57052577]
[-0.11410515 -0.43740308 -1.3502443  -0.49445564]
[-0.09508763 -0.4564206  -1.3882793  -0.39936802]
[-0.09508763 -0.43740308 -1.5404196  -0.39936802]
[-0.03803505 -0.3803505  -1.6355071  -0.43740308]
[-0.0760701  -0.36133298 -1.3122092  -0.41838557]
[-0.17115772 -0.3803505  -0.9318587  -0.34231544]
[-0.24722782 -0.32329792 -0.6085608  -0.34231544]
[-0.34231544 -0.43740308 -0.19017525 -0.3042804 ]
[-0.47543812 -0.55150825  0.24722782 -0.39936802]
[-0.6275783  -0.57052577  0.49445564 -0.43740308]
[-0.6085608  -0.57052577  0.3803505  -0.39936802]
[-0.55150825 -0.53249073  0.19017525 -0.3803505 ]
[-0.55150825 -0.51347315  0.17115772 -0.39936802]
[-0.57052577 -0.57052577  0.32329792 -0.41838557]
[-0.64659584 -0.5895433   0.53249073 -0.43740308]
[-0.64659584 -0.5895433   0.55150825 -0.43740308]
[-0.55150825 -0.57052577  0.20919278 -0.36133298]
[-0.39936802 -0.6275783  -0.72266597 -0.36133298]
[-0.2282103  -0.64659584 -1.6735423  -0.53249073]
[-0.09508763 -0.6846309  -2.2630854  -0.7416835 ]
[-0.11410515 -0.72266597 -2.3011205  -0.79873604]
[-0.11410515 -0.70364845 -2.2630854  -0.79873604]
[-0.05705258 -0.5895433  -2.2630854  -0.7416835 ]
[-0.01901753 -0.55150825 -2.2630854  -0.6275783 ]
[ 0.         -0.57052577 -2.2630854  -0.6085608 ]
[-0.03803505 -0.6275783  -2.2630854  -0.6275783 ]
[-0.09508763 -0.64659584 -2.1679978  -0.70364845]
[-0.09508763 -0.51347315 -1.9397875  -0.6846309 ]
[-0.05705258 -0.32329792 -1.559437   -0.49445564]
[ 0.         -0.36133298 -1.6735423  -0.26624537]
[ 0.03803505 -0.34231544 -2.0348752  -0.3042804 ]
[ 0.13312268 -0.34231544 -2.4532607  -0.41838557]
[ 0.13312268 -0.34231544 -2.396208   -0.39936802]
[ 0.13312268 -0.36133298 -2.320138   -0.39936802]
[ 0.09508763 -0.39936802 -2.3391557  -0.39936802]
[ 0.05705258 -0.41838557 -2.3011205  -0.49445564]
[ 0.05705258 -0.36133298 -2.1679978  -0.43740308]
[ 0.0760701  -0.34231544 -2.206033   -0.39936802]
[-0.11410515 -0.3803505  -1.2361392  -0.51347315]
[-0.3042804  -0.53249073 -1.160069   -0.47543812]
[ 0.05705258 -0.3803505  -2.0729103  -0.47543812]
[-0.01901753 -0.26624537 -1.7305948  -0.39936802]
[-0.13312268 -0.28526288 -1.1030165  -0.32329792]
[-0.3042804  -0.41838557 -0.32329792 -0.34231544]
[-0.53249073 -0.51347315  0.3042804  -0.3803505 ]
[-0.5895433  -0.55150825  0.47543812 -0.41838557]
[-0.43740308 -0.47543812  0.09508763 -0.34231544]
[-0.26624537 -0.36133298 -0.41838557 -0.36133298]
[-0.09508763 -0.28526288 -0.83677113 -0.39936802]
[-0.0760701  -0.32329792 -1.0269463  -0.41838557]
[-0.0760701  -0.36133298 -1.0649815  -0.49445564]
[-0.09508763 -0.39936802 -1.0839989  -0.55150825]
[-0.09508763 -0.39936802 -1.0839989  -0.55150825]
[-0.11410515 -0.3803505  -1.0459639  -0.55150825]
[-0.11410515 -0.36133298 -0.9889113  -0.53249073]
[-0.09508763 -0.36133298 -0.9889113  -0.49445564]
[-0.09508763 -0.3803505  -1.0079288  -0.51347315]
[-0.09508763 -0.36133298 -1.0079288  -0.53249073]
[-0.0760701  -0.3803505  -1.1030165  -0.49445564]
[-0.05705258 -0.36133298 -1.2171216  -0.51347315]
[-0.01901753 -0.36133298 -1.3312267  -0.55150825]
[-0.01901753 -0.36133298 -1.3502443  -0.55150825]
[-0.03803505 -0.36133298 -1.3502443  -0.55150825]
[-0.03803505 -0.34231544 -1.3312267  -0.51347315]
[-0.09508763 -0.36133298 -1.160069   -0.47543812]
[-0.0760701  -0.41838557 -1.2171216  -0.39936802]
[-0.11410515 -0.43740308 -1.3882793  -0.4564206 ]
[-0.09508763 -0.41838557 -1.4263144  -0.49445564]
[-0.19017525 -0.41838557 -1.0649815  -0.49445564]
[-0.3042804  -0.43740308 -0.72266597 -0.39936802]
[-0.34231544 -0.36133298 -0.49445564 -0.3803505 ]
[-0.39936802 -0.43740308 -0.11410515 -0.32329792]
[-0.49445564 -0.55150825  0.26624537 -0.39936802]
[-0.6275783  -0.57052577  0.47543812 -0.41838557]
[-0.5895433  -0.55150825  0.36133298 -0.39936802]
[-0.53249073 -0.47543812  0.17115772 -0.3803505 ]
[-0.49445564 -0.49445564  0.1521402  -0.3803505 ]
[-0.53249073 -0.55150825  0.32329792 -0.41838557]
[-0.6275783  -0.5895433   0.53249073 -0.43740308]
[-0.64659584 -0.5895433   0.55150825 -0.43740308]
[-0.55150825 -0.55150825  0.2282103  -0.3803505 ]
[-0.34231544 -0.55150825 -0.66561335 -0.36133298]
[-0.1521402  -0.53249073 -1.5784546  -0.53249073]
[ 0.         -0.57052577 -2.1489804  -0.72266597]
[-0.03803505 -0.6275783  -2.206033   -0.7797185 ]
[-0.05705258 -0.6275783  -2.206033   -0.7797185 ]
[-0.01901753 -0.53249073 -2.206033   -0.70364845]
[ 0.         -0.49445564 -2.206033   -0.5895433 ]
[ 0.01901753 -0.51347315 -2.2250504  -0.5895433 ]
[ 0.         -0.55150825 -2.2250504  -0.6275783 ]
[-0.03803505 -0.57052577 -2.1489804  -0.70364845]
[-0.05705258 -0.43740308 -1.9017525  -0.66561335]
[-0.05705258 -0.34231544 -1.4643494  -0.47543812]
[-0.05705258 -0.47543812 -1.6164896  -0.26624537]
[-0.0760701  -0.51347315 -2.0348752  -0.34231544]
[ 0.         -0.53249073 -2.5863833  -0.49445564]
[ 0.         -0.53249073 -2.5103133  -0.49445564]
[ 0.01901753 -0.47543812 -2.3771906  -0.4564206 ]
[ 0.0760701  -0.41838557 -2.3581731  -0.41838557]
[ 0.0760701  -0.39936802 -2.320138   -0.49445564]
[ 0.0760701  -0.36133298 -2.1870153  -0.43740308]
[ 0.0760701  -0.34231544 -2.1870153  -0.39936802]
[-0.13312268 -0.3803505  -1.2171216  -0.51347315]
[-0.28526288 -0.53249073 -1.2551566  -0.41838557]
[ 0.0760701 -0.3803505 -2.2250504 -0.3803505]
[-0.01901753 -0.34231544 -1.882735   -0.36133298]
[-0.11410515 -0.32329792 -1.160069   -0.34231544]
[-0.32329792 -0.43740308 -0.28526288 -0.3803505 ]
[-0.55150825 -0.53249073  0.34231544 -0.39936802]
[-0.6275783  -0.57052577  0.53249073 -0.41838557]
[-0.51347315 -0.51347315  0.32329792 -0.3803505 ]
[-0.3803505  -0.41838557  0.01901753 -0.36133298]
[-0.24722782 -0.32329792 -0.26624537 -0.3803505 ]
[-0.17115772 -0.32329792 -0.41838557 -0.3803505 ]
[-0.13312268 -0.32329792 -0.47543812 -0.43740308]
[-0.13312268 -0.34231544 -0.49445564 -0.47543812]
[-0.13312268 -0.34231544 -0.49445564 -0.47543812]
[-0.1521402  -0.34231544 -0.4564206  -0.47543812]
[-0.17115772 -0.34231544 -0.39936802 -0.4564206 ]
[-0.17115772 -0.36133298 -0.3803505  -0.43740308]
[-0.19017525 -0.36133298 -0.39936802 -0.4564206 ]
[-0.17115772 -0.36133298 -0.41838557 -0.4564206 ]
[-0.1521402  -0.34231544 -0.49445564 -0.43740308]
[-0.11410515 -0.32329792 -0.5895433  -0.4564206 ]
[-0.0760701  -0.32329792 -0.66561335 -0.47543812]
[-0.05705258 -0.3042804  -0.72266597 -0.47543812]
[-0.05705258 -0.28526288 -0.760701   -0.4564206 ]
[-0.05705258 -0.28526288 -0.760701   -0.4564206 ]
[-0.09508763 -0.3042804  -0.72266597 -0.43740308]
[-0.05705258 -0.3042804  -0.85578865 -0.39936802]
[-0.03803505 -0.26624537 -1.0649815  -0.43740308]
[-0.01901753 -0.28526288 -1.1030165  -0.47543812]
[-0.11410515 -0.3042804  -0.87480617 -0.4564206 ]
[-0.20919278 -0.34231544 -0.6846309  -0.36133298]
[-0.28526288 -0.3042804  -0.4564206  -0.34231544]
[-0.36133298 -0.43740308 -0.11410515 -0.32329792]
[-0.49445564 -0.55150825  0.28526288 -0.39936802]
[-0.6275783  -0.57052577  0.47543812 -0.41838557]
[-0.57052577 -0.53249073  0.3803505  -0.39936802]
[-0.53249073 -0.47543812  0.26624537 -0.39936802]
[-0.51347315 -0.51347315  0.24722782 -0.39936802]
[-0.55150825 -0.55150825  0.39936802 -0.43740308]
[-0.64659584 -0.5895433   0.53249073 -0.4564206 ]
[-0.64659584 -0.5895433   0.55150825 -0.43740308]
[-0.55150825 -0.53249073  0.28526288 -0.39936802]
[-0.3042804  -0.43740308 -0.39936802 -0.3803505 ]
[-0.05705258 -0.32329792 -1.1030165  -0.51347315]
[ 0.1521402  -0.3042804  -1.559437   -0.64659584]
[ 0.1521402  -0.3042804  -1.6545247  -0.70364845]
[ 0.1521402  -0.28526288 -1.6925597  -0.70364845]
[ 0.17115772 -0.2282103  -1.7115773  -0.66561335]
[ 0.20919278 -0.19017525 -1.7496123  -0.5895433 ]
[ 0.20919278 -0.20919278 -1.7686298  -0.57052577]
[ 0.19017525 -0.24722782 -1.7496123  -0.6085608 ]
[ 0.1521402  -0.28526288 -1.7115773  -0.64659584]
[ 0.0760701  -0.24722782 -1.5023844  -0.6275783 ]
[-0.01901753 -0.28526288 -1.160069   -0.47543812]
[-0.13312268 -0.5895433  -1.4263144  -0.34231544]
[-0.24722782 -0.7416835  -2.0348752  -0.55150825]
[-0.1521402  -0.79873604 -2.7575412  -0.7797185 ]
[-0.13312268 -0.760701   -2.681471   -0.79873604]
[-0.09508763 -0.6085608  -2.4532607  -0.6846309 ]
[-0.01901753 -0.51347315 -2.3581731  -0.53249073]
[ 0.03803505 -0.43740308 -2.282103   -0.51347315]
[ 0.0760701  -0.36133298 -2.1679978  -0.43740308]
[ 0.09508763 -0.34231544 -2.206033   -0.39936802]
[-0.13312268 -0.3803505  -1.2361392  -0.51347315]
[-0.24722782 -0.43740308 -1.3502443  -0.39936802]
[ 0.13312268 -0.34231544 -2.4152257  -0.3803505 ]
[ 0.0760701  -0.32329792 -2.0919278  -0.41838557]
[-0.1521402  -0.36133298 -1.160069   -0.39936802]
[-0.36133298 -0.49445564 -0.24722782 -0.41838557]
[-0.5895433  -0.57052577  0.34231544 -0.39936802]
[-0.64659584 -0.6085608   0.51347315 -0.43740308]
[-0.6085608  -0.57052577  0.47543812 -0.41838557]
[-0.55150825 -0.53249073  0.3803505  -0.39936802]
[-0.47543812 -0.47543812  0.28526288 -0.39936802]
[-0.43740308 -0.47543812  0.20919278 -0.3803505 ]
[-0.41838557 -0.49445564  0.17115772 -0.39936802]
[-0.41838557 -0.49445564  0.17115772 -0.41838557]
[-0.41838557 -0.47543812  0.17115772 -0.41838557]
[-0.41838557 -0.47543812  0.19017525 -0.41838557]
[-0.43740308 -0.49445564  0.2282103  -0.41838557]
[-0.4564206  -0.49445564  0.24722782 -0.41838557]
[-0.4564206  -0.49445564  0.2282103  -0.41838557]
[-0.43740308 -0.47543812  0.20919278 -0.41838557]
[-0.41838557 -0.47543812  0.1521402  -0.39936802]
[-0.39936802 -0.4564206   0.09508763 -0.39936802]
[-0.36133298 -0.4564206   0.03803505 -0.39936802]
[-0.34231544 -0.4564206  -0.01901753 -0.39936802]
[-0.32329792 -0.41838557 -0.11410515 -0.3803505 ]
[-0.3042804  -0.39936802 -0.13312268 -0.3803505 ]
[-0.28526288 -0.3803505  -0.1521402  -0.36133298]
[-0.20919278 -0.36133298 -0.28526288 -0.36133298]
[-0.1521402 -0.3042804 -0.4564206 -0.3803505]
[-0.13312268 -0.3042804  -0.49445564 -0.39936802]
[-0.19017525 -0.3042804  -0.39936802 -0.39936802]
[-0.2282103  -0.3042804  -0.34231544 -0.36133298]
[-0.3042804  -0.3042804  -0.20919278 -0.36133298]
[-0.3803505  -0.43740308  0.03803505 -0.36133298]
[-0.51347315 -0.53249073  0.32329792 -0.41838557]
[-0.6275783  -0.57052577  0.47543812 -0.43740308]
[-0.6085608  -0.55150825  0.4564206  -0.41838557]
[-0.57052577 -0.55150825  0.39936802 -0.41838557]
[-0.57052577 -0.55150825  0.39936802 -0.41838557]
[-0.6085608  -0.57052577  0.47543812 -0.43740308]
[-0.64659584 -0.5895433   0.55150825 -0.4564206 ]
[-0.64659584 -0.5895433   0.55150825 -0.43740308]
[-0.57052577 -0.55150825  0.39936802 -0.39936802]
[-0.3803505  -0.4564206   0.01901753 -0.3803505 ]
[-0.20919278 -0.36133298 -0.3803505  -0.39936802]
[-0.05705258 -0.32329792 -0.64659584 -0.43740308]
[-0.01901753 -0.32329792 -0.7416835  -0.47543812]
[ 0.01901753 -0.28526288 -0.79873604 -0.47543812]
[ 0.03803505 -0.24722782 -0.81775355 -0.43740308]
[ 0.0760701  -0.2282103  -0.85578865 -0.39936802]
[ 0.0760701  -0.2282103  -0.85578865 -0.39936802]
[ 0.05705258 -0.24722782 -0.85578865 -0.43740308]
[ 0.03803505 -0.26624537 -0.85578865 -0.4564206 ]
[ 0.         -0.24722782 -0.7797185  -0.4564206 ]
[-0.0760701  -0.3042804  -0.6275783  -0.39936802]
[-0.17115772 -0.64659584 -1.198104   -0.3803505 ]
[-0.24722782 -0.85578865 -2.0919278  -0.70364845]
[-0.13312268 -0.9318587  -2.966734   -1.0079288 ]
[-0.1521402 -0.9128412 -2.9477165 -1.0459639]
[-0.17115772 -0.81775355 -2.643436   -0.9318587 ]
[-0.11410515 -0.70364845 -2.4342432  -0.7416835 ]
[-0.05705258 -0.53249073 -2.244068   -0.6275783 ]
[ 0.05705258 -0.3803505  -2.129963   -0.49445564]
[ 0.09508763 -0.3042804  -2.1870153  -0.3803505 ]
[-0.09508763 -0.36133298 -1.2171216  -0.49445564]
[-0.17115772 -0.34231544 -1.4072969  -0.36133298]
[ 0.3042804  -0.34231544 -2.567366   -0.34231544]
[ 0.20919278 -0.2282103  -2.129963   -0.43740308]
[-0.13312268 -0.34231544 -1.1790866  -0.41838557]
[-0.3803505  -0.53249073 -0.32329792 -0.39936802]
[-0.57052577 -0.57052577  0.19017525 -0.36133298]
[-0.64659584 -0.5895433   0.34231544 -0.41838557]
[-0.64659584 -0.5895433   0.43740308 -0.41838557]
[-0.64659584 -0.5895433   0.51347315 -0.41838557]
[-0.6275783  -0.5895433   0.51347315 -0.41838557]
[-0.6275783  -0.6085608   0.43740308 -0.3803505 ]
[-0.64659584 -0.64659584  0.32329792 -0.3803505 ]
[-0.66561335 -0.64659584  0.28526288 -0.39936802]
[-0.66561335 -0.6275783   0.3803505  -0.41838557]
[-0.64659584 -0.6085608   0.51347315 -0.43740308]
[-0.64659584 -0.5895433   0.57052577 -0.43740308]
[-0.6275783  -0.5895433   0.55150825 -0.43740308]
[-0.6275783  -0.5895433   0.55150825 -0.43740308]
[-0.6275783  -0.57052577  0.53249073 -0.43740308]
[-0.6085608  -0.57052577  0.49445564 -0.41838557]
[-0.5895433  -0.57052577  0.4564206  -0.41838557]
[-0.5895433  -0.57052577  0.39936802 -0.41838557]
[-0.53249073 -0.53249073  0.2282103  -0.36133298]
[-0.55150825 -0.53249073  0.11410515 -0.32329792]
[-0.53249073 -0.51347315  0.11410515 -0.32329792]
[-0.51347315 -0.53249073  0.19017525 -0.3803505 ]
[-0.47543812 -0.47543812  0.20919278 -0.36133298]
[-0.41838557 -0.4564206   0.1521402  -0.36133298]
[-0.39936802 -0.43740308  0.09508763 -0.36133298]
[-0.39936802 -0.43740308  0.09508763 -0.36133298]
[-0.39936802 -0.41838557  0.0760701  -0.34231544]
[-0.39936802 -0.43740308  0.11410515 -0.34231544]
[-0.47543812 -0.49445564  0.24722782 -0.3803505 ]
[-0.55150825 -0.55150825  0.39936802 -0.41838557]
[-0.6275783  -0.5895433   0.49445564 -0.43740308]
[-0.6275783  -0.5895433   0.47543812 -0.41838557]
[-0.64659584 -0.6085608   0.43740308 -0.41838557]
[-0.64659584 -0.6085608   0.41838557 -0.41838557]
[-0.64659584 -0.6085608   0.4564206  -0.43740308]
[-0.66561335 -0.6085608   0.51347315 -0.43740308]
[-0.64659584 -0.5895433   0.55150825 -0.43740308]
[-0.6275783  -0.57052577  0.49445564 -0.41838557]
[-0.57052577 -0.55150825  0.34231544 -0.39936802]
[-0.51347315 -0.51347315  0.2282103  -0.3803505 ]
[-0.4564206  -0.49445564  0.11410515 -0.3803505 ]
[-0.43740308 -0.49445564  0.0760701  -0.39936802]
[-0.43740308 -0.49445564  0.09508763 -0.41838557]
[-0.43740308 -0.47543812  0.13312268 -0.41838557]
[-0.41838557 -0.47543812  0.13312268 -0.41838557]
[-0.41838557 -0.47543812  0.13312268 -0.41838557]
[-0.39936802 -0.47543812  0.11410515 -0.39936802]
[-0.3803505  -0.4564206   0.0760701  -0.39936802]
[-0.3803505  -0.43740308  0.05705258 -0.39936802]
[-0.36133298 -0.43740308  0.         -0.3803505 ]
[-0.20919278 -0.57052577 -0.7416835  -0.43740308]
[-0.13312268 -0.6846309  -1.8256824  -0.7797185 ]
[ 0.01901753 -0.81775355 -2.7385235  -1.1030165 ]
[-0.05705258 -0.8938237  -2.9286988  -1.2171216 ]
[-0.09508763 -0.87480617 -2.719506   -1.1030165 ]
[-0.11410515 -0.7416835  -2.4532607  -0.95087624]
[-0.0760701  -0.53249073 -2.1679978  -0.760701  ]
[ 0.05705258 -0.34231544 -1.9588051  -0.57052577]
[ 0.13312268 -0.26624537 -2.0348752  -0.36133298]
[-0.09508763 -0.36133298 -1.122034   -0.51347315]
[-0.17115772 -0.41838557 -1.3502443  -0.39936802]
[ 0.24722782 -0.3803505  -2.396208   -0.36133298]
[ 0.0760701  -0.3042804  -1.9588051  -0.43740308]
[-0.09508763 -0.34231544 -1.2361392  -0.3803505 ]
[-0.3042804  -0.49445564 -0.53249073 -0.36133298]
[-0.49445564 -0.51347315 -0.0760701  -0.34231544]
[-0.57052577 -0.55150825  0.11410515 -0.39936802]
[-0.5895433  -0.55150825  0.3042804  -0.41838557]
[-0.6275783  -0.57052577  0.47543812 -0.41838557]
[-0.64659584 -0.5895433   0.4564206  -0.39936802]
[-0.66561335 -0.66561335  0.24722782 -0.3803505 ]
[-0.66561335 -0.72266597 -0.05705258 -0.39936802]
[-0.66561335 -0.70364845 -0.13312268 -0.4564206 ]
[-0.6846309  -0.66561335  0.09508763 -0.49445564]
[-0.6846309  -0.6275783   0.41838557 -0.4564206 ]
[-0.6846309 -0.6085608  0.5895433 -0.4564206]
[-0.66561335 -0.6085608   0.6085608  -0.4564206 ]
[-0.66561335 -0.6085608   0.6085608  -0.4564206 ]
[-0.66561335 -0.5895433   0.5895433  -0.43740308]
[-0.64659584 -0.5895433   0.55150825 -0.43740308]
[-0.64659584 -0.5895433   0.51347315 -0.41838557]
[-0.6085608  -0.5895433   0.41838557 -0.39936802]
[-0.53249073 -0.4564206   0.11410515 -0.32329792]
[-0.49445564 -0.43740308 -0.1521402  -0.28526288]
[-0.41838557 -0.43740308 -0.11410515 -0.24722782]
[-0.53249073 -0.55150825  0.19017525 -0.39936802]
[-0.5895433  -0.55150825  0.41838557 -0.39936802]
[-0.6085608  -0.57052577  0.43740308 -0.41838557]
[-0.5895433  -0.55150825  0.41838557 -0.41838557]
[-0.5895433  -0.55150825  0.41838557 -0.41838557]
[-0.5895433  -0.55150825  0.41838557 -0.41838557]
[-0.5895433  -0.55150825  0.41838557 -0.41838557]
[-0.6085608  -0.57052577  0.43740308 -0.41838557]
[-0.6275783  -0.57052577  0.47543812 -0.41838557]
[-0.6275783  -0.5895433   0.4564206  -0.41838557]
[-0.66561335 -0.64659584  0.32329792 -0.3803505 ]
[-0.6846309  -0.70364845  0.17115772 -0.3803505 ]
[-0.72266597 -0.7416835   0.03803505 -0.3803505 ]
[-0.72266597 -0.70364845  0.11410515 -0.41838557]
[-0.70364845 -0.64659584  0.28526288 -0.43740308]
[-0.66561335 -0.6085608   0.47543812 -0.43740308]
[-0.64659584 -0.5895433   0.51347315 -0.43740308]
[-0.6085608  -0.55150825  0.41838557 -0.41838557]
[-0.5895433  -0.53249073  0.34231544 -0.3803505 ]
[-0.55150825 -0.53249073  0.26624537 -0.3803505 ]
[-0.57052577 -0.53249073  0.3042804  -0.39936802]
[-0.57052577 -0.55150825  0.36133298 -0.41838557]
[-0.5895433  -0.57052577  0.43740308 -0.41838557]
[-0.6085608  -0.57052577  0.47543812 -0.43740308]
[-0.6085608  -0.57052577  0.49445564 -0.43740308]
[-0.6085608  -0.57052577  0.49445564 -0.43740308]
[-0.6085608  -0.57052577  0.4564206  -0.41838557]
[-0.6085608  -0.57052577  0.47543812 -0.43740308]
[-0.55150825 -0.53249073  0.39936802 -0.41838557]
[-0.3042804  -0.49445564 -0.1521402  -0.41838557]
[-0.01901753 -0.39936802 -1.0839989  -0.6275783 ]
[ 0.28526288 -0.34231544 -1.9588051  -0.8938237 ]
[ 0.34231544 -0.36133298 -2.396208   -1.0079288 ]
[ 0.24722782 -0.4564206  -2.3771906  -0.9889113 ]
[ 0.1521402  -0.41838557 -2.1489804  -0.9318587 ]
[ 0.11410515 -0.28526288 -1.7686298  -0.760701  ]
[ 0.11410515 -0.20919278 -1.483367   -0.53249073]
[ 0.13312268 -0.24722782 -1.6545247  -0.32329792]
[-0.13312268 -0.3803505  -0.9128412  -0.49445564]
[-0.26624537 -0.53249073 -1.2551566  -0.47543812]
[ 0.0760701  -0.43740308 -2.1870153  -0.47543812]
[ 0.        -0.3042804 -1.882735  -0.4564206]
[-0.05705258 -0.32329792 -1.3122092  -0.32329792]
[-0.17115772 -0.41838557 -0.760701   -0.32329792]
[-0.39936802 -0.43740308 -0.3042804  -0.3042804 ]
[-0.47543812 -0.47543812 -0.0760701  -0.3803505 ]
[-0.53249073 -0.51347315  0.19017525 -0.39936802]
[-0.6085608  -0.57052577  0.39936802 -0.41838557]
[-0.6085608  -0.57052577  0.28526288 -0.36133298]
[-0.57052577 -0.64659584 -0.17115772 -0.34231544]
[-0.51347315 -0.66561335 -0.64659584 -0.39936802]
[-0.51347315 -0.66561335 -0.760701   -0.49445564]
[-0.57052577 -0.64659584 -0.36133298 -0.53249073]
[-0.6275783  -0.6085608   0.17115772 -0.47543812]
[-0.66561335 -0.6085608   0.53249073 -0.4564206 ]
[-0.66561335 -0.6085608   0.6085608  -0.4564206 ]
[-0.66561335 -0.6085608   0.6085608  -0.4564206 ]
[-0.66561335 -0.5895433   0.5895433  -0.43740308]
[-0.64659584 -0.5895433   0.55150825 -0.43740308]
[-0.6275783  -0.57052577  0.49445564 -0.41838557]
[-0.5895433  -0.55150825  0.34231544 -0.3803505 ]
[-0.3803505  -0.34231544 -0.20919278 -0.20919278]
[-0.28526288 -0.2282103  -0.6275783  -0.09508763]
[-0.20919278 -0.3042804  -0.55150825 -0.0760701 ]
[-0.4564206  -0.49445564 -0.01901753 -0.3042804 ]
[-0.5895433  -0.55150825  0.39936802 -0.3803505 ]
[-0.6275783  -0.5895433   0.49445564 -0.43740308]
[-0.6275783  -0.57052577  0.47543812 -0.43740308]
[-0.6275783  -0.5895433   0.49445564 -0.43740308]
[-0.6275783  -0.5895433   0.47543812 -0.43740308]
[-0.6275783  -0.57052577  0.47543812 -0.43740308]
[-0.6275783  -0.57052577  0.47543812 -0.41838557]
[-0.6275783  -0.57052577  0.4564206  -0.41838557]
[-0.6275783 -0.6085608  0.3042804 -0.3803505]
[-0.66561335 -0.72266597 -0.03803505 -0.34231544]
[-0.66561335 -0.79873604 -0.4564206  -0.41838557]
[-0.6846309  -0.81775355 -0.70364845 -0.49445564]
[-0.6846309  -0.7797185  -0.57052577 -0.53249073]
[-0.6846309  -0.6846309  -0.19017525 -0.51347315]
[-0.66561335 -0.6275783   0.2282103  -0.4564206 ]
[-0.6275783  -0.57052577  0.41838557 -0.39936802]
[-0.5895433  -0.53249073  0.32329792 -0.36133298]
[-0.57052577 -0.55150825  0.17115772 -0.32329792]
[-0.55150825 -0.57052577  0.13312268 -0.36133298]
[-0.5895433  -0.57052577  0.24722782 -0.39936802]
[-0.6085608  -0.5895433   0.34231544 -0.41838557]
[-0.6275783  -0.6085608   0.43740308 -0.41838557]
[-0.66561335 -0.6085608   0.47543812 -0.43740308]
[-0.66561335 -0.6085608   0.49445564 -0.43740308]
[-0.64659584 -0.6085608   0.51347315 -0.43740308]
[-0.64659584 -0.5895433   0.49445564 -0.43740308]
[-0.6275783  -0.5895433   0.51347315 -0.43740308]
[-0.6275783  -0.5895433   0.55150825 -0.43740308]
[-0.51347315 -0.55150825  0.39936802 -0.41838557]
[-0.28526288 -0.47543812 -0.09508763 -0.41838557]
[-0.01901753 -0.32329792 -0.70364845 -0.53249073]
[ 0.20919278 -0.24722782 -1.1410515  -0.6275783 ]
[ 0.26624537 -0.24722782 -1.3312267  -0.6846309 ]
[ 0.17115772 -0.20919278 -1.198104   -0.6846309 ]
[ 0.0760701  -0.24722782 -0.9128412  -0.57052577]
[-0.01901753 -0.26624537 -0.7416835  -0.39936802]
[-0.03803505 -0.32329792 -1.160069   -0.26624537]
[-0.20919278 -0.41838557 -0.72266597 -0.49445564]
[-0.28526288 -0.51347315 -1.2741742  -0.49445564]
[ 0.09508763 -0.39936802 -2.282103   -0.47543812]
[ 0.0760701  -0.24722782 -2.0158577  -0.39936802]
[ 0.        -0.3042804 -1.4263144 -0.3042804]
[-0.11410515 -0.39936802 -0.85578865 -0.3042804 ]
[-0.34231544 -0.39936802 -0.39936802 -0.32329792]
[-0.41838557 -0.4564206  -0.1521402  -0.3803505 ]
[-0.51347315 -0.51347315  0.1521402  -0.39936802]
[-0.5895433  -0.55150825  0.32329792 -0.39936802]
[-0.55150825 -0.55150825  0.09508763 -0.34231544]
[-0.4564206  -0.6275783  -0.51347315 -0.34231544]
[-0.3803505  -0.6275783  -1.0649815  -0.47543812]
[-0.36133298 -0.6275783  -1.198104   -0.5895433 ]
[-0.43740308 -0.6085608  -0.70364845 -0.6085608 ]
[-0.55150825 -0.5895433  -0.0760701  -0.51347315]
[-0.66561335 -0.6085608   0.43740308 -0.4564206 ]
[-0.66561335 -0.6085608   0.6085608  -0.4564206 ]
[-0.66561335 -0.6085608   0.6085608  -0.4564206 ]
[-0.64659584 -0.5895433   0.57052577 -0.43740308]
[-0.6275783  -0.57052577  0.53249073 -0.43740308]
[-0.6085608  -0.55150825  0.47543812 -0.41838557]
[-0.55150825 -0.51347315  0.3042804  -0.36133298]
[-0.26624537 -0.2282103  -0.3803505  -0.17115772]
[-0.1521402  -0.0760701  -0.85578865 -0.05705258]
[-0.0760701  -0.17115772 -0.79873604 -0.03803505]
[-0.36133298 -0.39936802 -0.1521402  -0.3042804 ]
[-0.57052577 -0.53249073  0.34231544 -0.3803505 ]
[-0.6275783  -0.57052577  0.47543812 -0.43740308]
[-0.6275783  -0.5895433   0.47543812 -0.43740308]
[-0.6275783  -0.5895433   0.47543812 -0.43740308]
[-0.6275783  -0.57052577  0.4564206  -0.41838557]
[-0.6275783  -0.57052577  0.43740308 -0.41838557]
[-0.6275783  -0.57052577  0.43740308 -0.41838557]
[-0.6085608  -0.57052577  0.3803505  -0.39936802]
[-0.6085608  -0.6085608   0.05705258 -0.34231544]
[-0.53249073 -0.72266597 -0.5895433  -0.34231544]
[-0.47543812 -0.7416835  -1.2171216  -0.49445564]
[-0.41838557 -0.7416835  -1.521402   -0.6275783 ]
[-0.4564206  -0.72266597 -1.3312267  -0.64659584]
[-0.51347315 -0.64659584 -0.7797185  -0.6085608 ]
[-0.5895433  -0.5895433  -0.09508763 -0.49445564]
[-0.6085608  -0.55150825  0.32329792 -0.41838557]
[-0.55150825 -0.49445564  0.2282103  -0.36133298]
[-0.49445564 -0.49445564  0.         -0.3042804 ]
[-0.51347315 -0.57052577 -0.13312268 -0.36133298]
[-0.5895433  -0.5895433   0.         -0.36133298]
[-0.6275783  -0.6275783   0.19017525 -0.41838557]
[-0.64659584 -0.64659584  0.32329792 -0.43740308]
[-0.66561335 -0.64659584  0.3803505  -0.4564206 ]
[-0.66561335 -0.6275783   0.39936802 -0.4564206 ]
[-0.64659584 -0.6085608   0.43740308 -0.43740308]
[-0.6275783  -0.6085608   0.4564206  -0.43740308]
[-0.64659584 -0.5895433   0.51347315 -0.43740308]
[-0.66561335 -0.6085608   0.5895433  -0.4564206 ]
[-0.66561335 -0.6085608   0.64659584 -0.4564206 ]
[-0.6275783  -0.5895433   0.57052577 -0.43740308]
[-0.49445564 -0.49445564  0.34231544 -0.39936802]
[-0.36133298 -0.4564206   0.05705258 -0.36133298]
[-0.24722782 -0.39936802 -0.17115772 -0.3803505 ]
[-0.24722782 -0.3803505  -0.20919278 -0.3803505 ]
[-0.3042804  -0.41838557 -0.11410515 -0.3803505 ]
[-0.3042804  -0.3803505  -0.19017525 -0.26624537]
[-0.20919278 -0.41838557 -0.8938237  -0.19017525]
[-0.24722782 -0.43740308 -0.6846309  -0.41838557]
[-0.24722782 -0.51347315 -1.3122092  -0.49445564]
[ 0.13312268 -0.3803505  -2.3391557  -0.47543812]
[ 0.11410515 -0.2282103  -2.0919278  -0.39936802]
[ 0.03803505 -0.3042804  -1.5023844  -0.28526288]
[-0.09508763 -0.39936802 -0.9128412  -0.3042804 ]
[-0.34231544 -0.41838557 -0.39936802 -0.32329792]
[-0.43740308 -0.47543812 -0.1521402  -0.3803505 ]
[-0.51347315 -0.53249073  0.11410515 -0.39936802]
[-0.57052577 -0.53249073  0.24722782 -0.3803505 ]
[-0.49445564 -0.55150825 -0.09508763 -0.3042804 ]
[-0.36133298 -0.5895433  -0.7797185  -0.34231544]
[-0.26624537 -0.57052577 -1.3502443  -0.4564206 ]
[-0.2282103  -0.5895433  -1.559437   -0.57052577]
[-0.34231544 -0.53249073 -1.0459639  -0.57052577]
[-0.4564206  -0.5895433  -0.32329792 -0.53249073]
[-0.6275783  -0.5895433   0.34231544 -0.4564206 ]
[-0.66561335 -0.6085608   0.5895433  -0.4564206 ]
[-0.66561335 -0.6085608   0.5895433  -0.4564206 ]
[-0.64659584 -0.5895433   0.57052577 -0.43740308]
[-0.64659584 -0.57052577  0.53249073 -0.43740308]
[-0.6085608  -0.57052577  0.49445564 -0.41838557]
[-0.53249073 -0.51347315  0.28526288 -0.36133298]
[-0.26624537 -0.20919278 -0.32329792 -0.20919278]
[-0.05705258  0.05705258 -0.79873604 -0.01901753]
[ 0.         -0.1521402  -0.7416835  -0.05705258]
[-0.28526288 -0.36133298 -0.17115772 -0.26624537]
[-0.55150825 -0.51347315  0.34231544 -0.3803505 ]
[-0.6275783  -0.57052577  0.47543812 -0.41838557]
[-0.6275783  -0.57052577  0.4564206  -0.41838557]
[-0.6275783  -0.57052577  0.43740308 -0.41838557]
[-0.6085608  -0.57052577  0.39936802 -0.41838557]
[-0.6085608  -0.57052577  0.39936802 -0.41838557]
[-0.6085608  -0.57052577  0.39936802 -0.41838557]
[-0.5895433  -0.57052577  0.24722782 -0.36133298]
[-0.53249073 -0.6275783  -0.26624537 -0.32329792]
[-0.39936802 -0.70364845 -1.0839989  -0.39936802]
[-0.3042804  -0.70364845 -1.7115773  -0.6085608 ]
[-0.2282103  -0.72266597 -1.9397875  -0.7416835 ]
[-0.26624537 -0.6846309  -1.7876474  -0.7416835 ]
[-0.36133298 -0.6275783  -1.198104   -0.70364845]
[-0.49445564 -0.6085608  -0.41838557 -0.57052577]
[-0.5895433  -0.55150825  0.17115772 -0.43740308]
[-0.51347315 -0.4564206   0.1521402  -0.32329792]
[-0.39936802 -0.43740308 -0.2282103  -0.24722782]
[-0.36133298 -0.43740308 -0.49445564 -0.3042804 ]
[-0.41838557 -0.4564206  -0.4564206  -0.26624537]
[-0.49445564 -0.55150825 -0.28526288 -0.3042804 ]
[-0.53249073 -0.6085608  -0.2282103  -0.28526288]
[-0.55150825 -0.6085608  -0.1521402  -0.3042804 ]
[-0.57052577 -0.5895433  -0.0760701  -0.3042804 ]
[-0.5895433  -0.57052577  0.0760701  -0.32329792]
[-0.5895433  -0.5895433   0.26624537 -0.3803505 ]
[-0.64659584 -0.5895433   0.49445564 -0.41838557]
[-0.66561335 -0.6085608   0.6085608  -0.4564206 ]
[-0.6846309  -0.6085608   0.6275783  -0.43740308]
[-0.6846309  -0.6085608   0.6275783  -0.43740308]
[-0.66561335 -0.6085608   0.6085608  -0.43740308]
[-0.64659584 -0.5895433   0.55150825 -0.41838557]
[-0.5895433  -0.51347315  0.36133298 -0.36133298]
[-0.51347315 -0.51347315  0.19017525 -0.3042804 ]
[-0.49445564 -0.49445564  0.13312268 -0.3042804 ]
[-0.43740308 -0.41838557 -0.1521402  -0.2282103 ]
[-0.24722782 -0.3803505  -0.95087624 -0.17115772]
[-0.24722782 -0.41838557 -0.72266597 -0.3803505 ]
[-0.24722782 -0.49445564 -1.3122092  -0.49445564]
[ 0.1521402  -0.36133298 -2.320138   -0.47543812]
[ 0.13312268 -0.19017525 -2.0919278  -0.39936802]
[ 0.05705258 -0.26624537 -1.521402   -0.28526288]
[-0.05705258 -0.3803505  -0.9128412  -0.32329792]
[-0.36133298 -0.41838557 -0.36133298 -0.34231544]
[-0.43740308 -0.47543812 -0.13312268 -0.3803505 ]
[-0.49445564 -0.51347315  0.0760701  -0.39936802]
[-0.53249073 -0.49445564  0.13312268 -0.36133298]
[-0.43740308 -0.53249073 -0.24722782 -0.28526288]
[-0.3042804  -0.51347315 -0.95087624 -0.36133298]
[-0.17115772 -0.51347315 -1.5404196  -0.43740308]
[-0.09508763 -0.47543812 -1.7496123  -0.55150825]
[-0.2282103  -0.43740308 -1.2741742  -0.53249073]
[-0.36133298 -0.55150825 -0.51347315 -0.55150825]
[-0.57052577 -0.57052577  0.24722782 -0.4564206 ]
[-0.64659584 -0.6085608   0.55150825 -0.43740308]
[-0.66561335 -0.6085608   0.57052577 -0.43740308]
[-0.64659584 -0.5895433   0.55150825 -0.43740308]
[-0.64659584 -0.5895433   0.53249073 -0.43740308]
[-0.6275783  -0.57052577  0.51347315 -0.41838557]
[-0.55150825 -0.53249073  0.36133298 -0.3803505 ]
[-0.34231544 -0.28526288 -0.05705258 -0.26624537]
[-0.20919278 -0.13312268 -0.36133298 -0.1521402 ]
[-0.1521402  -0.26624537 -0.34231544 -0.19017525]
[-0.3803505  -0.43740308  0.0760701  -0.32329792]
[-0.57052577 -0.53249073  0.3803505  -0.39936802]
[-0.6275783  -0.57052577  0.4564206  -0.41838557]
[-0.6085608  -0.57052577  0.41838557 -0.41838557]
[-0.6085608  -0.55150825  0.3803505  -0.41838557]
[-0.5895433  -0.55150825  0.36133298 -0.39936802]
[-0.5895433  -0.55150825  0.36133298 -0.41838557]
[-0.5895433  -0.55150825  0.34231544 -0.39936802]
[-0.55150825 -0.53249073  0.11410515 -0.36133298]
[-0.43740308 -0.6275783  -0.55150825 -0.32329792]
[-0.3042804  -0.6846309  -1.3502443  -0.49445564]
[-0.20919278 -0.6846309  -1.9017525  -0.6846309 ]
[-0.1521402 -0.6846309 -2.0348752 -0.760701 ]
[-0.19017525 -0.6846309  -1.9397875  -0.760701  ]
[-0.3042804  -0.64659584 -1.4453319  -0.7416835 ]
[-0.43740308 -0.6275783  -0.6846309  -0.64659584]
[-0.5895433  -0.57052577  0.01901753 -0.47543812]
[-0.53249073 -0.47543812  0.19017525 -0.36133298]
[-0.32329792 -0.3803505  -0.2282103  -0.26624537]
[-0.2282103  -0.24722782 -0.57052577 -0.3042804 ]
[-0.1521402  -0.2282103  -0.72266597 -0.24722782]
[-0.20919278 -0.26624537 -0.6275783  -0.28526288]
[-0.24722782 -0.3042804  -0.6275783  -0.28526288]
[-0.28526288 -0.3042804  -0.53249073 -0.3042804 ]
[-0.3042804 -0.3042804 -0.4564206 -0.3042804]
[-0.3803505 -0.3803505 -0.2282103 -0.3042804]
[-0.49445564 -0.47543812  0.13312268 -0.3803505 ]
[-0.6275783  -0.57052577  0.47543812 -0.41838557]
[-0.66561335 -0.6085608   0.6085608  -0.4564206 ]
[-0.64659584 -0.57052577  0.5895433  -0.43740308]
[-0.64659584 -0.55150825  0.57052577 -0.41838557]
[-0.64659584 -0.5895433   0.57052577 -0.41838557]
[-0.6275783  -0.55150825  0.55150825 -0.41838557]
[-0.55150825 -0.47543812  0.34231544 -0.3803505 ]
[-0.47543812 -0.39936802  0.1521402  -0.32329792]
[-0.43740308 -0.39936802  0.09508763 -0.3042804 ]
[-0.34231544 -0.36133298 -0.20919278 -0.2282103 ]
[-0.17115772 -0.24722782 -0.9889113  -0.19017525]
[-0.20919278 -0.34231544 -0.7416835  -0.3803505 ]
[-0.26624537 -0.51347315 -1.4453319  -0.43740308]
[ 0.11410515 -0.3803505  -2.5103133  -0.3803505 ]
[ 0.11410515 -0.19017525 -2.2250504  -0.32329792]
[ 0.05705258 -0.26624537 -1.559437   -0.26624537]
[-0.0760701  -0.3803505  -0.87480617 -0.32329792]
[-0.34231544 -0.41838557 -0.3042804  -0.36133298]
[-0.41838557 -0.47543812 -0.11410515 -0.3803505 ]
[-0.47543812 -0.49445564  0.05705258 -0.39936802]
[-0.49445564 -0.47543812  0.0760701  -0.36133298]
[-0.39936802 -0.53249073 -0.34231544 -0.28526288]
[-0.24722782 -0.47543812 -1.0649815  -0.36133298]
[-0.09508763 -0.43740308 -1.6545247  -0.36133298]
[-0.01901753 -0.39936802 -1.8256824  -0.49445564]
[-0.11410515 -0.4564206  -1.4263144  -0.49445564]
[-0.28526288 -0.49445564 -0.6085608  -0.55150825]
[-0.55150825 -0.55150825  0.20919278 -0.4564206 ]
[-0.64659584 -0.5895433   0.53249073 -0.43740308]
[-0.64659584 -0.5895433   0.57052577 -0.43740308]
[-0.64659584 -0.5895433   0.55150825 -0.43740308]
[-0.64659584 -0.57052577  0.53249073 -0.43740308]
[-0.6275783  -0.57052577  0.51347315 -0.41838557]
[-0.5895433  -0.55150825  0.43740308 -0.39936802]
[-0.51347315 -0.43740308  0.28526288 -0.34231544]
[-0.39936802 -0.3803505   0.09508763 -0.28526288]
[-0.3803505  -0.41838557  0.11410515 -0.3042804 ]
[-0.49445564 -0.49445564  0.28526288 -0.3803505 ]
[-0.5895433  -0.57052577  0.43740308 -0.41838557]
[-0.6085608  -0.57052577  0.41838557 -0.41838557]
[-0.5895433  -0.55150825  0.36133298 -0.39936802]
[-0.5895433  -0.55150825  0.34231544 -0.39936802]
[-0.57052577 -0.55150825  0.32329792 -0.39936802]
[-0.57052577 -0.53249073  0.34231544 -0.39936802]
[-0.57052577 -0.55150825  0.3042804  -0.39936802]
[-0.51347315 -0.53249073  0.         -0.34231544]
[-0.39936802 -0.64659584 -0.72266597 -0.34231544]
[-0.26624537 -0.66561335 -1.483367   -0.55150825]
[-0.1521402  -0.6275783  -1.92077    -0.72266597]
[-0.09508763 -0.5895433  -1.9968401  -0.7416835 ]
[-0.09508763 -0.5895433  -1.9017525  -0.72266597]
[-0.19017525 -0.6275783  -1.5974721  -0.72266597]
[-0.34231544 -0.57052577 -0.9128412  -0.66561335]
[-0.51347315 -0.55150825 -0.17115772 -0.49445564]
[-0.51347315 -0.49445564  0.20919278 -0.3803505 ]
[-0.36133298 -0.39936802 -0.01901753 -0.3042804 ]
[-0.2282103  -0.24722782 -0.26624537 -0.3042804 ]
[-0.09508763 -0.1521402  -0.47543812 -0.20919278]
[-0.05705258 -0.13312268 -0.55150825 -0.19017525]
[-0.01901753 -0.11410515 -0.6085608  -0.19017525]
[-0.05705258 -0.13312268 -0.55150825 -0.19017525]
[-0.09508763 -0.1521402  -0.4564206  -0.20919278]
[-0.2282103  -0.28526288 -0.20919278 -0.26624537]
[-0.41838557 -0.43740308  0.17115772 -0.36133298]
[-0.6085608  -0.57052577  0.47543812 -0.43740308]
[-0.66561335 -0.6085608   0.6085608  -0.4564206 ]
[-0.64659584 -0.55150825  0.5895433  -0.41838557]
[-0.6275783  -0.57052577  0.57052577 -0.41838557]
[-0.6275783  -0.57052577  0.5895433  -0.41838557]
[-0.6085608  -0.55150825  0.55150825 -0.41838557]
[-0.51347315 -0.4564206   0.3803505  -0.36133298]
[-0.41838557 -0.39936802  0.2282103  -0.3042804 ]
[-0.41838557 -0.39936802  0.19017525 -0.3042804 ]
[-0.36133298 -0.3803505  -0.13312268 -0.20919278]
[-0.19017525 -0.28526288 -0.95087624 -0.17115772]
[-0.19017525 -0.39936802 -0.7416835  -0.34231544]
[-0.2282103  -0.47543812 -1.5023844  -0.49445564]
[ 0.19017525 -0.26624537 -2.6244185  -0.47543812]
[ 0.17115772 -0.1521402  -2.3391557  -0.39936802]
[ 0.01901753 -0.28526288 -1.5784546  -0.32329792]
[-0.1521402  -0.41838557 -0.7797185  -0.36133298]
[-0.39936802 -0.47543812 -0.2282103  -0.3803505 ]
[-0.4564206  -0.49445564 -0.0760701  -0.3803505 ]
[-0.49445564 -0.51347315  0.05705258 -0.39936802]
[-0.47543812 -0.49445564  0.01901753 -0.34231544]
[-0.3803505  -0.53249073 -0.43740308 -0.26624537]
[-0.2282103  -0.43740308 -1.1410515  -0.36133298]
[-0.11410515 -0.41838557 -1.6355071  -0.34231544]
[-0.05705258 -0.49445564 -1.7876474  -0.49445564]
[-0.1521402  -0.47543812 -1.3692617  -0.51347315]
[-0.34231544 -0.49445564 -0.57052577 -0.57052577]
[-0.55150825 -0.55150825  0.19017525 -0.4564206 ]
[-0.64659584 -0.5895433   0.53249073 -0.43740308]
[-0.64659584 -0.5895433   0.55150825 -0.43740308]
[-0.64659584 -0.5895433   0.55150825 -0.43740308]
[-0.64659584 -0.5895433   0.53249073 -0.43740308]
[-0.6275783  -0.57052577  0.53249073 -0.43740308]
[-0.6275783  -0.57052577  0.51347315 -0.41838557]
[-0.5895433  -0.55150825  0.4564206  -0.39936802]
[-0.57052577 -0.51347315  0.39936802 -0.3803505 ]
[-0.57052577 -0.53249073  0.39936802 -0.39936802]
[-0.57052577 -0.55150825  0.41838557 -0.39936802]
[-0.6085608  -0.57052577  0.43740308 -0.41838557]
[-0.5895433  -0.55150825  0.39936802 -0.41838557]
[-0.5895433  -0.55150825  0.36133298 -0.39936802]
[-0.57052577 -0.53249073  0.32329792 -0.39936802]
[-0.57052577 -0.53249073  0.3042804  -0.39936802]
[-0.57052577 -0.55150825  0.3042804  -0.39936802]
[-0.57052577 -0.55150825  0.28526288 -0.3803505 ]
[-0.49445564 -0.55150825 -0.0760701  -0.34231544]
[-0.39936802 -0.66561335 -0.81775355 -0.3803505 ]
[-0.24722782 -0.70364845 -1.5784546  -0.57052577]
[-0.1521402  -0.64659584 -1.9397875  -0.6846309 ]
[-0.13312268 -0.6085608  -1.9778225  -0.66561335]
[-0.0760701  -0.55150825 -1.9588051  -0.57052577]
[-0.1521402 -0.5895433 -1.7115773 -0.6085608]
[-0.24722782 -0.51347315 -1.0649815  -0.6275783 ]
[-0.43740308 -0.51347315 -0.3042804  -0.51347315]
[-0.53249073 -0.53249073  0.24722782 -0.41838557]
[-0.51347315 -0.49445564  0.3042804  -0.3803505 ]
[-0.47543812 -0.4564206   0.2282103  -0.36133298]
[-0.39936802 -0.41838557  0.13312268 -0.32329792]
[-0.3803505  -0.41838557  0.09508763 -0.3042804 ]
[-0.36133298 -0.39936802  0.0760701  -0.3042804 ]
[-0.3803505  -0.39936802  0.09508763 -0.3042804 ]
[-0.39936802 -0.41838557  0.11410515 -0.3042804 ]
[-0.4564206  -0.47543812  0.2282103  -0.34231544]
[-0.53249073 -0.53249073  0.3803505  -0.39936802]
[-0.6275783  -0.5895433   0.51347315 -0.43740308]
[-0.66561335 -0.6085608   0.6085608  -0.4564206 ]
[-0.66561335 -0.5895433   0.64659584 -0.4564206 ]
[-0.66561335 -0.5895433   0.64659584 -0.43740308]
[-0.66561335 -0.5895433   0.64659584 -0.43740308]
[-0.64659584 -0.5895433   0.6275783  -0.43740308]
[-0.6275783  -0.55150825  0.57052577 -0.41838557]
[-0.5895433  -0.53249073  0.53249073 -0.39936802]
[-0.57052577 -0.55150825  0.43740308 -0.3803505 ]
[-0.49445564 -0.49445564  0.03803505 -0.3042804 ]
[-0.24722782 -0.32329792 -0.8938237  -0.20919278]
[-0.20919278 -0.39936802 -0.7416835  -0.36133298]
[-0.1521402  -0.41838557 -1.5023844  -0.43740308]
[ 0.3042804  -0.2282103  -2.6244185  -0.39936802]
[ 0.2282103  -0.19017525 -2.282103   -0.3803505 ]
[ 0.         -0.39936802 -1.559437   -0.36133298]
[-0.28526288 -0.57052577 -0.760701   -0.41838557]
[-0.53249073 -0.64659584 -0.26624537 -0.43740308]
[-0.55150825 -0.6275783  -0.11410515 -0.41838557]
[-0.55150825 -0.6085608  -0.03803505 -0.41838557]
[-0.51347315 -0.55150825 -0.11410515 -0.34231544]
[-0.3803505  -0.55150825 -0.5895433  -0.26624537]
[-0.2282103  -0.43740308 -1.2551566  -0.34231544]
[-0.09508763 -0.41838557 -1.7305948  -0.32329792]
[-0.03803505 -0.47543812 -1.8066648  -0.47543812]
[-0.19017525 -0.47543812 -1.3122092  -0.53249073]
[-0.36133298 -0.51347315 -0.5895433  -0.57052577]
[-0.57052577 -0.57052577  0.1521402  -0.4564206 ]
[-0.64659584 -0.6085608   0.47543812 -0.43740308]
[-0.64659584 -0.6085608   0.51347315 -0.43740308]
[-0.64659584 -0.5895433   0.51347315 -0.43740308]
[-0.64659584 -0.5895433   0.51347315 -0.43740308]
[-0.64659584 -0.5895433   0.53249073 -0.43740308]
[-0.64659584 -0.5895433   0.53249073 -0.43740308]
[-0.6275783  -0.5895433   0.51347315 -0.43740308]
[-0.6275783  -0.57052577  0.51347315 -0.43740308]
[-0.6275783  -0.57052577  0.49445564 -0.41838557]
[-0.6085608  -0.57052577  0.47543812 -0.41838557]
[-0.6085608  -0.57052577  0.43740308 -0.41838557]
[-0.5895433  -0.55150825  0.39936802 -0.41838557]
[-0.5895433  -0.55150825  0.36133298 -0.41838557]
[-0.57052577 -0.53249073  0.32329792 -0.39936802]
[-0.55150825 -0.53249073  0.28526288 -0.39936802]
[-0.57052577 -0.53249073  0.28526288 -0.39936802]
[-0.55150825 -0.53249073  0.24722782 -0.3803505 ]
[-0.47543812 -0.55150825 -0.1521402  -0.34231544]
[-0.36133298 -0.66561335 -0.8938237  -0.39936802]
[-0.2282103 -0.6846309 -1.6735423 -0.5895433]
[-0.17115772 -0.6085608  -1.9968401  -0.70364845]
[-0.11410515 -0.53249073 -2.0538926  -0.6085608 ]
[ 0.         -0.39936802 -2.0538926  -0.49445564]
[-0.0760701  -0.43740308 -1.8066648  -0.4564206 ]
[-0.17115772 -0.49445564 -1.198104   -0.55150825]
[-0.39936802 -0.51347315 -0.34231544 -0.49445564]
[-0.57052577 -0.55150825  0.3042804  -0.43740308]
[-0.6275783  -0.5895433   0.49445564 -0.43740308]
[-0.6275783  -0.5895433   0.53249073 -0.43740308]
[-0.6275783  -0.5895433   0.51347315 -0.43740308]
[-0.6275783  -0.5895433   0.51347315 -0.43740308]
[-0.6275783  -0.5895433   0.53249073 -0.4564206 ]
[-0.6275783  -0.5895433   0.53249073 -0.4564206 ]
[-0.6275783  -0.5895433   0.51347315 -0.43740308]
[-0.6275783  -0.5895433   0.51347315 -0.43740308]
[-0.6275783  -0.5895433   0.51347315 -0.43740308]
[-0.64659584 -0.6085608   0.55150825 -0.4564206 ]
[-0.66561335 -0.6085608   0.6275783  -0.47543812]
[-0.6846309  -0.6275783   0.6846309  -0.47543812]
[-0.70364845 -0.6085608   0.70364845 -0.47543812]
[-0.6846309  -0.6085608   0.70364845 -0.4564206 ]
[-0.6846309 -0.6275783  0.6846309 -0.4564206]
[-0.70364845 -0.6275783   0.6846309  -0.4564206 ]
[-0.6846309  -0.6275783   0.66561335 -0.4564206 ]
[-0.64659584 -0.5895433   0.53249073 -0.41838557]
[-0.49445564 -0.49445564  0.01901753 -0.32329792]
[-0.19017525 -0.26624537 -1.0269463  -0.17115772]
[-0.1521402  -0.36133298 -0.87480617 -0.32329792]
[-0.28526288 -0.49445564 -1.160069   -0.53249073]
[ 0.09508763 -0.3803505  -2.1679978  -0.49445564]
[ 0.03803505 -0.36133298 -1.9968401  -0.43740308]
[-0.11410515 -0.51347315 -1.5974721  -0.43740308]
[-0.34231544 -0.66561335 -1.1030165  -0.43740308]
[-0.51347315 -0.7416835  -0.760701   -0.43740308]
[-0.55150825 -0.70364845 -0.6275783  -0.39936802]
[-0.55150825 -0.66561335 -0.53249073 -0.36133298]
[-0.49445564 -0.6275783  -0.57052577 -0.32329792]
[-0.36133298 -0.5895433  -0.96989375 -0.24722782]
[-0.19017525 -0.43740308 -1.5023844  -0.32329792]
[-0.01901753 -0.39936802 -1.9397875  -0.3042804 ]
[ 0.         -0.3803505  -1.8637174  -0.41838557]
[-0.19017525 -0.53249073 -1.4453319  -0.47543812]
[-0.3803505  -0.6085608  -0.81775355 -0.49445564]
[-0.6085608  -0.64659584 -0.19017525 -0.39936802]
[-0.6846309  -0.66561335  0.1521402  -0.3803505 ]
[-0.6846309  -0.66561335  0.26624537 -0.39936802]
[-0.66561335 -0.64659584  0.32329792 -0.39936802]
[-0.66561335 -0.6275783   0.36133298 -0.39936802]
[-0.66561335 -0.6275783   0.39936802 -0.39936802]
[-0.66561335 -0.6275783   0.41838557 -0.41838557]
[-0.66561335 -0.6085608   0.43740308 -0.41838557]
[-0.64659584 -0.6085608   0.4564206  -0.41838557]
[-0.64659584 -0.6085608   0.4564206  -0.41838557]
[-0.6275783  -0.5895433   0.43740308 -0.41838557]
[-0.6275783  -0.5895433   0.41838557 -0.41838557]
[-0.6085608  -0.57052577  0.39936802 -0.41838557]
[-0.5895433  -0.55150825  0.3803505  -0.41838557]
[-0.57052577 -0.53249073  0.32329792 -0.39936802]
[-0.55150825 -0.53249073  0.26624537 -0.39936802]
[-0.55150825 -0.51347315  0.24722782 -0.3803505 ]
[-0.53249073 -0.53249073  0.20919278 -0.3803505 ]
[-0.4564206  -0.53249073 -0.17115772 -0.34231544]
[-0.34231544 -0.66561335 -0.9318587  -0.39936802]
[-0.17115772 -0.6085608  -1.7686298  -0.5895433 ]
[-0.0760701  -0.51347315 -2.1489804  -0.64659584]
[ 0.         -0.4564206  -2.244068   -0.51347315]
[ 0.05705258 -0.28526288 -2.3011205  -0.39936802]
[ 0.03803505 -0.3803505  -2.0919278  -0.32329792]
[-0.09508763 -0.47543812 -1.3692617  -0.49445564]
[-0.41838557 -0.51347315 -0.34231544 -0.49445564]
[-0.57052577 -0.57052577  0.32329792 -0.43740308]
[-0.64659584 -0.5895433   0.51347315 -0.43740308]
[-0.64659584 -0.6085608   0.55150825 -0.4564206 ]
[-0.64659584 -0.6085608   0.55150825 -0.4564206 ]
[-0.66561335 -0.6085608   0.55150825 -0.4564206 ]
[-0.66561335 -0.6085608   0.55150825 -0.4564206 ]
[-0.66561335 -0.6085608   0.55150825 -0.4564206 ]
[-0.64659584 -0.6085608   0.55150825 -0.4564206 ]
[-0.64659584 -0.5895433   0.53249073 -0.43740308]
[-0.64659584 -0.5895433   0.51347315 -0.43740308]
[-0.64659584 -0.6085608   0.55150825 -0.4564206 ]
[-0.6846309  -0.6085608   0.6275783  -0.47543812]
[-0.70364845 -0.6275783   0.70364845 -0.47543812]
[-0.70364845 -0.6275783   0.7416835  -0.47543812]
[-0.70364845 -0.6275783   0.72266597 -0.47543812]
[-0.70364845 -0.6275783   0.6846309  -0.4564206 ]
[-0.6846309  -0.6275783   0.64659584 -0.4564206 ]
[-0.6846309  -0.6275783   0.6085608  -0.43740308]
[-0.64659584 -0.5895433   0.49445564 -0.41838557]
[-0.47543812 -0.49445564 -0.03803505 -0.32329792]
[-0.1521402  -0.26624537 -1.122034   -0.17115772]
[-0.13312268 -0.34231544 -0.9318587  -0.32329792]
[-0.3042804  -0.51347315 -1.0269463  -0.51347315]
[ 0.05705258 -0.39936802 -1.9588051  -0.49445564]
[ 0.01901753 -0.3803505  -1.8447     -0.4564206 ]
[-0.05705258 -0.43740308 -1.7305948  -0.47543812]
[-0.17115772 -0.49445564 -1.5404196  -0.51347315]
[-0.24722782 -0.51347315 -1.3502443  -0.51347315]
[-0.28526288 -0.49445564 -1.2171216  -0.4564206 ]
[-0.32329792 -0.49445564 -1.1790866  -0.3803505 ]
[-0.3042804  -0.49445564 -1.2551566  -0.3042804 ]
[-0.20919278 -0.51347315 -1.5404196  -0.28526288]
[-0.0760701  -0.3803505  -1.8256824  -0.32329792]
[ 0.03803505 -0.36133298 -1.9968401  -0.36133298]
[ 0.01901753 -0.36133298 -1.9017525  -0.39936802]
[-0.13312268 -0.49445564 -1.5974721  -0.47543812]
[-0.34231544 -0.57052577 -1.160069   -0.51347315]
[-0.51347315 -0.64659584 -0.7797185  -0.43740308]
[-0.6275783  -0.70364845 -0.51347315 -0.41838557]
[-0.6846309  -0.7416835  -0.3803505  -0.39936802]
[-0.70364845 -0.7416835  -0.28526288 -0.3803505 ]
[-0.70364845 -0.7416835  -0.20919278 -0.3803505 ]
[-0.72266597 -0.7416835  -0.1521402  -0.3803505 ]
[-0.72266597 -0.7416835  -0.0760701  -0.3803505 ]
[-0.72266597 -0.7416835  -0.01901753 -0.3803505 ]
[-0.72266597 -0.7416835   0.05705258 -0.39936802]
[-0.70364845 -0.70364845  0.11410515 -0.39936802]
[-0.6846309  -0.6846309   0.1521402  -0.39936802]
[-0.66561335 -0.66561335  0.19017525 -0.39936802]
[-0.66561335 -0.64659584  0.20919278 -0.39936802]
[-0.6275783  -0.6085608   0.2282103  -0.39936802]
[-0.5895433  -0.57052577  0.20919278 -0.3803505 ]
[-0.57052577 -0.55150825  0.17115772 -0.36133298]
[-0.55150825 -0.53249073  0.17115772 -0.36133298]
[-0.55150825 -0.55150825  0.1521402  -0.36133298]
[-0.4564206  -0.55150825 -0.2282103  -0.32329792]
[-0.34231544 -0.66561335 -0.96989375 -0.3803505 ]
[-0.13312268 -0.5895433  -1.7876474  -0.55150825]
[-0.05705258 -0.55150825 -2.1870153  -0.6275783 ]
[ 0.         -0.47543812 -2.282103   -0.53249073]
[ 0.05705258 -0.28526288 -2.4152257  -0.39936802]
[ 0.09508763 -0.36133298 -2.320138   -0.32329792]
[-0.05705258 -0.41838557 -1.5404196  -0.51347315]
[-0.43740308 -0.51347315 -0.39936802 -0.51347315]
[-0.5895433  -0.57052577  0.32329792 -0.4564206 ]
[-0.64659584 -0.5895433   0.51347315 -0.43740308]
[-0.64659584 -0.5895433   0.53249073 -0.43740308]
[-0.64659584 -0.5895433   0.55150825 -0.4564206 ]
[-0.64659584 -0.6085608   0.55150825 -0.4564206 ]
[-0.64659584 -0.6085608   0.55150825 -0.4564206 ]
[-0.64659584 -0.6085608   0.55150825 -0.4564206 ]
[-0.64659584 -0.5895433   0.53249073 -0.43740308]
[-0.64659584 -0.5895433   0.51347315 -0.43740308]
[-0.64659584 -0.5895433   0.51347315 -0.43740308]
[-0.64659584 -0.6085608   0.55150825 -0.4564206 ]
[-0.6846309  -0.6275783   0.64659584 -0.47543812]
[-0.70364845 -0.6275783   0.72266597 -0.47543812]
[-0.72266597 -0.64659584  0.760701   -0.47543812]
[-0.70364845 -0.6275783   0.72266597 -0.47543812]
[-0.70364845 -0.6275783   0.64659584 -0.4564206 ]
[-0.6846309  -0.6085608   0.55150825 -0.43740308]
[-0.66561335 -0.6275783   0.47543812 -0.41838557]
[-0.6275783  -0.5895433   0.36133298 -0.3803505 ]
[-0.47543812 -0.51347315 -0.17115772 -0.28526288]
[-0.1521402  -0.26624537 -1.2361392  -0.1521402 ]
[-0.11410515 -0.34231544 -1.0269463  -0.32329792]
[-0.28526288 -0.47543812 -0.95087624 -0.49445564]
[ 0.0760701  -0.32329792 -1.8256824  -0.4564206 ]
[ 0.09508763 -0.26624537 -1.7496123  -0.39936802]
[ 0.11410515 -0.24722782 -1.7686298  -0.3803505 ]
[ 0.11410515 -0.2282103  -1.7496123  -0.3803505 ]
[ 0.09508763 -0.20919278 -1.6735423  -0.36133298]
[ 0.0760701  -0.20919278 -1.559437   -0.34231544]
[ 0.05705258 -0.20919278 -1.521402   -0.32329792]
[ 0.0760701  -0.20919278 -1.5404196  -0.36133298]
[ 0.1521402  -0.20919278 -1.6925597  -0.3803505 ]
[ 0.1521402  -0.20919278 -1.6925597  -0.43740308]
[ 0.13312268 -0.24722782 -1.7305948  -0.43740308]
[ 0.05705258 -0.32329792 -1.6735423  -0.43740308]
[ 0.         -0.3803505  -1.5974721  -0.47543812]
[-0.13312268 -0.43740308 -1.4453319  -0.49445564]
[-0.24722782 -0.49445564 -1.3122092  -0.47543812]
[-0.3042804  -0.53249073 -1.198104   -0.4564206 ]
[-0.3803505  -0.55150825 -1.1030165  -0.4564206 ]
[-0.41838557 -0.57052577 -1.0269463  -0.4564206 ]
[-0.4564206 -0.5895433 -0.9318587 -0.4564206]
[-0.49445564 -0.6275783  -0.83677113 -0.47543812]
[-0.55150825 -0.66561335 -0.760701   -0.49445564]
[-0.5895433  -0.6846309  -0.70364845 -0.49445564]
[-0.6085608  -0.72266597 -0.64659584 -0.47543812]
[-0.64659584 -0.7416835  -0.57052577 -0.4564206 ]
[-0.6846309  -0.760701   -0.53249073 -0.41838557]
[-0.6846309  -0.7797185  -0.47543812 -0.39936802]
[-0.6846309  -0.760701   -0.41838557 -0.39936802]
[-0.66561335 -0.70364845 -0.34231544 -0.3803505 ]
[-0.6275783  -0.64659584 -0.24722782 -0.36133298]
[-0.5895433  -0.5895433  -0.17115772 -0.34231544]
[-0.57052577 -0.5895433  -0.11410515 -0.34231544]
[-0.57052577 -0.6085608  -0.13312268 -0.32329792]
[-0.51347315 -0.66561335 -0.51347315 -0.32329792]
[-0.3803505  -0.7416835  -1.1410515  -0.39936802]
[-0.20919278 -0.64659584 -1.8256824  -0.57052577]
[-0.09508763 -0.5895433  -2.1870153  -0.64659584]
[ 0.         -0.47543812 -2.3011205  -0.57052577]
[ 0.09508763 -0.3042804  -2.4722784  -0.4564206 ]
[ 0.11410515 -0.3803505  -2.396208   -0.43740308]
[-0.05705258 -0.41838557 -1.5974721  -0.57052577]
[-0.41838557 -0.55150825 -0.49445564 -0.53249073]
[-0.6085608  -0.6085608   0.24722782 -0.4564206 ]
[-0.64659584 -0.6085608   0.4564206  -0.43740308]
[-0.66561335 -0.6085608   0.49445564 -0.43740308]
[-0.64659584 -0.6085608   0.51347315 -0.43740308]
[-0.64659584 -0.6085608   0.51347315 -0.43740308]
[-0.64659584 -0.5895433   0.51347315 -0.43740308]
[-0.64659584 -0.6085608   0.53249073 -0.43740308]
[-0.64659584 -0.5895433   0.51347315 -0.43740308]
[-0.64659584 -0.5895433   0.49445564 -0.43740308]
[-0.6275783  -0.5895433   0.49445564 -0.43740308]
[-0.64659584 -0.6085608   0.53249073 -0.4564206 ]
[-0.6846309  -0.6275783   0.6275783  -0.47543812]
[-0.70364845 -0.64659584  0.70364845 -0.47543812]
[-0.72266597 -0.64659584  0.7416835  -0.47543812]
[-0.72266597 -0.64659584  0.6846309  -0.4564206 ]
[-0.6846309  -0.6275783   0.49445564 -0.39936802]
[-0.6275783  -0.6085608   0.2282103  -0.32329792]
[-0.6085608  -0.6275783   0.01901753 -0.3042804 ]
[-0.57052577 -0.6085608  -0.0760701  -0.28526288]
[-0.43740308 -0.53249073 -0.47543812 -0.24722782]
[-0.13312268 -0.24722782 -1.4263144  -0.1521402 ]
[-0.09508763 -0.32329792 -1.1410515  -0.32329792]
[-0.28526288 -0.41838557 -0.81775355 -0.4564206 ]
[ 0.0760701  -0.28526288 -1.6164896  -0.39936802]
[ 0.0760701 -0.2282103 -1.521402  -0.3042804]
[ 0.0760701  -0.20919278 -1.5023844  -0.28526288]
[ 0.09508763 -0.19017525 -1.4643494  -0.28526288]
[ 0.09508763 -0.17115772 -1.3882793  -0.28526288]
[ 0.09508763 -0.17115772 -1.3122092  -0.26624537]
[ 0.09508763 -0.19017525 -1.3122092  -0.2282103 ]
[ 0.11410515 -0.19017525 -1.3502443  -0.2282103 ]
[ 0.13312268 -0.20919278 -1.3502443  -0.24722782]
[ 0.09508763 -0.28526288 -1.2741742  -0.28526288]
[ 0.05705258 -0.28526288 -1.2361392  -0.36133298]
[ 0.01901753 -0.28526288 -1.2171216  -0.36133298]
[ 0.01901753 -0.3042804  -1.2551566  -0.39936802]
[ 0.         -0.32329792 -1.2741742  -0.43740308]
[-0.01901753 -0.32329792 -1.2931917  -0.4564206 ]
[-0.01901753 -0.3042804  -1.3122092  -0.43740308]
[-0.01901753 -0.32329792 -1.2931917  -0.43740308]
[-0.05705258 -0.34231544 -1.2741742  -0.4564206 ]
[-0.09508763 -0.39936802 -1.2171216  -0.47543812]
[-0.17115772 -0.4564206  -1.1790866  -0.49445564]
[-0.20919278 -0.49445564 -1.1790866  -0.51347315]
[-0.24722782 -0.53249073 -1.2171216  -0.53249073]
[-0.28526288 -0.55150825 -1.2551566  -0.53249073]
[-0.32329792 -0.5895433  -1.2551566  -0.51347315]
[-0.36133298 -0.5895433  -1.2741742  -0.51347315]
[-0.39936802 -0.5895433  -1.2551566  -0.51347315]
[-0.39936802 -0.57052577 -1.160069   -0.51347315]
[-0.39936802 -0.53249073 -1.0079288  -0.47543812]
[-0.41838557 -0.51347315 -0.81775355 -0.41838557]
[-0.43740308 -0.51347315 -0.66561335 -0.3803505 ]
[-0.49445564 -0.57052577 -0.6085608  -0.34231544]
[-0.51347315 -0.64659584 -0.70364845 -0.34231544]
[-0.4564206  -0.70364845 -1.0459639  -0.39936802]
[-0.36133298 -0.7416835  -1.5023844  -0.51347315]
[-0.20919278 -0.6846309  -1.9588051  -0.64659584]
[-0.09508763 -0.5895433  -2.206033   -0.66561335]
[ 0.         -0.51347315 -2.3391557  -0.5895433 ]
[ 0.09508763 -0.39936802 -2.4532607  -0.51347315]
[ 0.03803505 -0.49445564 -2.282103   -0.53249073]
[-0.1521402  -0.57052577 -1.6164896  -0.6085608 ]
[-0.4564206  -0.6846309  -0.7416835  -0.55150825]
[-0.66561335 -0.70364845 -0.11410515 -0.4564206 ]
[-0.70364845 -0.70364845  0.13312268 -0.41838557]
[-0.70364845 -0.6846309   0.20919278 -0.39936802]
[-0.70364845 -0.66561335  0.26624537 -0.39936802]
[-0.6846309  -0.66561335  0.32329792 -0.41838557]
[-0.6846309  -0.64659584  0.36133298 -0.41838557]
[-0.6846309  -0.64659584  0.41838557 -0.43740308]
[-0.66561335 -0.6275783   0.43740308 -0.43740308]
[-0.64659584 -0.6085608   0.41838557 -0.41838557]
[-0.64659584 -0.6085608   0.39936802 -0.41838557]
[-0.66561335 -0.6275783   0.41838557 -0.41838557]
[-0.6846309  -0.64659584  0.49445564 -0.43740308]
[-0.72266597 -0.66561335  0.53249073 -0.41838557]
[-0.7416835  -0.70364845  0.51347315 -0.41838557]
[-0.7416835  -0.70364845  0.41838557 -0.39936802]
[-0.6846309  -0.64659584  0.1521402  -0.34231544]
[-0.55150825 -0.57052577 -0.28526288 -0.28526288]
[-0.43740308 -0.51347315 -0.64659584 -0.3042804 ]
[-0.39936802 -0.51347315 -0.6846309  -0.26624537]
[-0.32329792 -0.49445564 -0.8938237  -0.26624537]
[-0.05705258 -0.20919278 -1.6925597  -0.1521402 ]
[-0.03803505 -0.28526288 -1.2361392  -0.34231544]
[-0.34231544 -0.4564206  -0.66561335 -0.4564206 ]
[-0.01901753 -0.3042804  -1.4072969  -0.36133298]
[-0.01901753 -0.26624537 -1.2931917  -0.24722782]
[-0.03803505 -0.24722782 -1.2931917  -0.2282103 ]
[-0.03803505 -0.24722782 -1.2361392  -0.20919278]
[-0.03803505 -0.24722782 -1.1410515  -0.20919278]
[-0.09508763 -0.26624537 -1.0079288  -0.20919278]
[-0.13312268 -0.32329792 -0.9128412  -0.24722782]
[-0.1521402  -0.34231544 -0.87480617 -0.28526288]
[-0.19017525 -0.34231544 -0.79873604 -0.3042804 ]
[-0.19017525 -0.36133298 -0.760701   -0.3042804 ]
[-0.19017525 -0.34231544 -0.760701   -0.3042804 ]
[-0.17115772 -0.32329792 -0.79873604 -0.28526288]
[-0.13312268 -0.32329792 -0.85578865 -0.28526288]
[-0.09508763 -0.32329792 -0.9318587  -0.3042804 ]
[-0.0760701  -0.32329792 -0.96989375 -0.3042804 ]
[-0.0760701  -0.32329792 -1.0079288  -0.3042804 ]
[-0.0760701  -0.34231544 -1.0079288  -0.3042804 ]
[-0.09508763 -0.3803505  -1.0079288  -0.32329792]
[-0.11410515 -0.41838557 -1.0079288  -0.36133298]
[-0.13312268 -0.43740308 -1.0459639  -0.3803505 ]
[-0.13312268 -0.43740308 -1.122034   -0.41838557]
[-0.11410515 -0.43740308 -1.2171216  -0.4564206 ]
[-0.0760701  -0.41838557 -1.3312267  -0.4564206 ]
[-0.0760701  -0.43740308 -1.4453319  -0.47543812]
[-0.05705258 -0.41838557 -1.521402   -0.51347315]
[-0.05705258 -0.41838557 -1.521402   -0.53249073]
[-0.05705258 -0.3803505  -1.483367   -0.51347315]
[-0.09508763 -0.36133298 -1.3502443  -0.4564206 ]
[-0.1521402  -0.39936802 -1.1790866  -0.3803505 ]
[-0.24722782 -0.43740308 -1.0649815  -0.36133298]
[-0.28526288 -0.49445564 -1.1410515  -0.34231544]
[-0.28526288 -0.55150825 -1.3312267  -0.3803505 ]
[-0.24722782 -0.6085608  -1.6164896  -0.47543812]
[-0.19017525 -0.66561335 -1.8637174  -0.5895433 ]
[-0.13312268 -0.64659584 -2.0919278  -0.70364845]
[-0.0760701 -0.5895433 -2.2250504 -0.6846309]
[ 0.         -0.53249073 -2.3011205  -0.6275783 ]
[ 0.01901753 -0.51347315 -2.282103   -0.6085608 ]
[-0.0760701  -0.6085608  -2.129963   -0.64659584]
[-0.26624537 -0.72266597 -1.7305948  -0.6846309 ]
[-0.49445564 -0.79873604 -1.2361392  -0.64659584]
[-0.66561335 -0.83677113 -0.83677113 -0.53249073]
[-0.72266597 -0.83677113 -0.6085608  -0.47543812]
[-0.7416835  -0.83677113 -0.47543812 -0.4564206 ]
[-0.760701   -0.83677113 -0.39936802 -0.4564206 ]
[-0.760701   -0.83677113 -0.28526288 -0.4564206 ]
[-0.760701   -0.81775355 -0.19017525 -0.4564206 ]
[-0.760701   -0.760701   -0.05705258 -0.43740308]
[-0.72266597 -0.7416835   0.05705258 -0.41838557]
[-0.70364845 -0.72266597  0.11410515 -0.41838557]
[-0.70364845 -0.72266597  0.11410515 -0.43740308]
[-0.70364845 -0.72266597  0.11410515 -0.43740308]
[-0.72266597 -0.7416835   0.11410515 -0.43740308]
[-0.7416835  -0.760701    0.0760701  -0.41838557]
[-0.7416835  -0.7797185  -0.05705258 -0.39936802]
[-0.7416835  -0.7797185  -0.26624537 -0.3803505 ]
[-0.6085608  -0.66561335 -0.6275783  -0.32329792]
[-0.3803505  -0.53249073 -1.160069   -0.24722782]
[-0.20919278 -0.41838557 -1.4643494  -0.2282103 ]
[-0.20919278 -0.4564206  -1.4643494  -0.20919278]
[-0.20919278 -0.4564206  -1.521402   -0.24722782]
[-0.01901753 -0.2282103  -2.0348752  -0.1521402 ]
[-0.05705258 -0.32329792 -1.3502443  -0.34231544]
[-0.3803505  -0.51347315 -0.85578865 -0.32329792]
[-0.09508763 -0.39936802 -1.7115773  -0.19017525]
[-0.11410515 -0.36133298 -1.6355071  -0.09508763]
[-0.11410515 -0.34231544 -1.6355071  -0.0760701 ]
[-0.13312268 -0.36133298 -1.5784546  -0.0760701 ]
[-0.17115772 -0.3803505  -1.4453319  -0.0760701 ]
[-0.20919278 -0.3803505  -1.3502443  -0.0760701 ]
[-0.20919278 -0.3803505  -1.3122092  -0.0760701 ]
[-0.20919278 -0.3803505  -1.2931917  -0.0760701 ]
[-0.2282103  -0.3803505  -1.2361392  -0.05705258]
[-0.24722782 -0.39936802 -1.1790866  -0.0760701 ]
[-0.24722782 -0.39936802 -1.1410515  -0.0760701 ]
[-0.26624537 -0.39936802 -1.1410515  -0.0760701 ]
[-0.24722782 -0.39936802 -1.1410515  -0.0760701 ]
[-0.24722782 -0.39936802 -1.1410515  -0.09508763]
[-0.24722782 -0.41838557 -1.1410515  -0.11410515]
[-0.24722782 -0.41838557 -1.1410515  -0.13312268]
[-0.26624537 -0.43740308 -1.1410515  -0.1521402 ]
[-0.28526288 -0.4564206  -1.1410515  -0.17115772]
[-0.28526288 -0.4564206  -1.160069   -0.19017525]
[-0.26624537 -0.4564206  -1.2171216  -0.20919278]
[-0.2282103 -0.4564206 -1.3122092 -0.2282103]
[-0.19017525 -0.4564206  -1.3882793  -0.2282103 ]
[-0.1521402 -0.4564206 -1.5023844 -0.2282103]
[-0.11410515 -0.47543812 -1.5974721  -0.26624537]
[-0.11410515 -0.51347315 -1.6164896  -0.3042804 ]
[-0.13312268 -0.53249073 -1.5974721  -0.34231544]
[-0.1521402  -0.51347315 -1.5404196  -0.34231544]
[-0.17115772 -0.49445564 -1.483367   -0.32329792]
[-0.20919278 -0.47543812 -1.4072969  -0.26624537]
[-0.20919278 -0.47543812 -1.4453319  -0.26624537]
[-0.17115772 -0.47543812 -1.5974721  -0.26624537]
[-0.11410515 -0.51347315 -1.8066648  -0.34231544]
[-0.09508763 -0.55150825 -1.9588051  -0.4564206 ]
[-0.0760701  -0.6085608  -2.0538926  -0.57052577]
[-0.05705258 -0.6275783  -2.1109452  -0.66561335]
[-0.03803505 -0.6085608  -2.1870153  -0.66561335]
[-0.05705258 -0.57052577 -2.2250504  -0.64659584]
[-0.05705258 -0.5895433  -2.2250504  -0.64659584]
[-0.11410515 -0.66561335 -2.1489804  -0.6846309 ]
[-0.2282103  -0.72266597 -1.9968401  -0.7416835 ]
[-0.32329792 -0.7416835  -1.8066648  -0.760701  ]
[-0.39936802 -0.7416835  -1.6355071  -0.6846309 ]
[-0.4564206 -0.760701  -1.5023844 -0.6275783]
[-0.51347315 -0.7797185  -1.4072969  -0.6085608 ]
[-0.55150825 -0.81775355 -1.3122092  -0.6085608 ]
[-0.6085608  -0.85578865 -1.198104   -0.6085608 ]
[-0.64659584 -0.85578865 -1.0649815  -0.5895433 ]
[-0.6846309  -0.83677113 -0.9128412  -0.55150825]
[-0.70364845 -0.85578865 -0.79873604 -0.49445564]
[-0.70364845 -0.85578865 -0.7416835  -0.43740308]
[-0.72266597 -0.87480617 -0.760701   -0.41838557]
[-0.70364845 -0.83677113 -0.79873604 -0.39936802]
[-0.6846309  -0.79873604 -0.83677113 -0.39936802]
[-0.6085608  -0.7416835  -0.8938237  -0.36133298]
[-0.55150825 -0.70364845 -1.0269463  -0.3803505 ]
[-0.47543812 -0.66561335 -1.198104   -0.39936802]
[-0.34231544 -0.5895433  -1.4453319  -0.41838557]
[-0.19017525 -0.47543812 -1.7305948  -0.39936802]
[-0.11410515 -0.41838557 -1.882735   -0.3803505 ]
[-0.0760701  -0.41838557 -1.9588051  -0.36133298]
[-0.0760701  -0.3803505  -2.0158577  -0.36133298]
[ 0.05705258 -0.24722782 -2.3581731  -0.26624537]
[-0.0760701  -0.34231544 -1.4643494  -0.4564206 ]
[-0.17115772 -0.11410515 -0.57052577 -0.53249073]
[ 0.3042804   0.11410515 -1.2361392  -0.47543812]
[ 0.26624537  0.13312268 -1.2171216  -0.41838557]
[ 0.26624537  0.1521402  -1.2361392  -0.41838557]
[ 0.26624537  0.1521402  -1.198104   -0.41838557]
[ 0.2282103   0.11410515 -1.1030165  -0.39936802]
[ 0.19017525  0.09508763 -1.0459639  -0.39936802]
[ 0.17115772  0.09508763 -1.0079288  -0.39936802]
[ 0.1521402   0.09508763 -0.9889113  -0.3803505 ]
[ 0.13312268  0.0760701  -0.9318587  -0.3803505 ]
[ 0.11410515  0.05705258 -0.8938237  -0.3803505 ]
[ 0.11410515  0.05705258 -0.87480617 -0.3803505 ]
[ 0.11410515  0.05705258 -0.87480617 -0.3803505 ]
[ 0.11410515  0.05705258 -0.87480617 -0.3803505 ]
[ 0.09508763  0.03803505 -0.85578865 -0.3803505 ]
[ 0.11410515  0.03803505 -0.85578865 -0.36133298]
[ 0.11410515  0.05705258 -0.87480617 -0.3803505 ]
[ 0.13312268  0.0760701  -0.9128412  -0.3803505 ]
[ 0.13312268  0.0760701  -0.9318587  -0.36133298]
[ 0.13312268  0.0760701  -0.95087624 -0.36133298]
[ 0.1521402   0.0760701  -0.96989375 -0.3803505 ]
[ 0.1521402   0.05705258 -0.96989375 -0.3803505 ]
[ 0.1521402   0.05705258 -1.0079288  -0.39936802]
[ 0.17115772  0.03803505 -1.0269463  -0.43740308]
[ 0.17115772  0.01901753 -1.0459639  -0.47543812]
[ 0.1521402  -0.01901753 -1.0079288  -0.53249073]
[ 0.11410515 -0.05705258 -0.95087624 -0.57052577]
[ 0.09508763 -0.03803505 -0.9318587  -0.57052577]
[ 0.09508763 -0.03803505 -0.9128412  -0.53249073]
[ 0.11410515 -0.03803505 -0.9318587  -0.49445564]
[ 0.13312268 -0.01901753 -0.9889113  -0.49445564]
[ 0.19017525 -0.03803505 -1.122034   -0.49445564]
[ 0.2282103  -0.03803505 -1.2171216  -0.57052577]
[ 0.24722782 -0.0760701  -1.2741742  -0.6275783 ]
[ 0.26624537 -0.11410515 -1.2931917  -0.6846309 ]
[ 0.24722782 -0.13312268 -1.3122092  -0.72266597]
[ 0.26624537 -0.11410515 -1.3502443  -0.7416835 ]
[ 0.26624537 -0.09508763 -1.4072969  -0.72266597]
[ 0.26624537 -0.11410515 -1.4072969  -0.760701  ]
[ 0.24722782 -0.1521402  -1.3882793  -0.7797185 ]
[ 0.20919278 -0.17115772 -1.3692617  -0.81775355]
[ 0.20919278 -0.17115772 -1.3502443  -0.83677113]
[ 0.19017525 -0.1521402  -1.3122092  -0.79873604]
[ 0.17115772 -0.17115772 -1.2931917  -0.7797185 ]
[ 0.1521402  -0.17115772 -1.2551566  -0.7797185 ]
[ 0.13312268 -0.17115772 -1.2171216  -0.7797185 ]
[ 0.09508763 -0.19017525 -1.160069   -0.7797185 ]
[ 0.05705258 -0.19017525 -1.0839989  -0.7797185 ]
[ 0.01901753 -0.19017525 -0.9889113  -0.7416835 ]
[-0.01901753 -0.19017525 -0.8938237  -0.70364845]
[-0.05705258 -0.17115772 -0.85578865 -0.6846309 ]
[-0.05705258 -0.1521402  -0.85578865 -0.6846309 ]
[-0.05705258 -0.13312268 -0.8938237  -0.6846309 ]
[-0.01901753 -0.09508763 -0.8938237  -0.64659584]
[ 0.01901753 -0.09508763 -0.9318587  -0.6275783 ]
[ 0.0760701  -0.09508763 -1.0079288  -0.6085608 ]
[ 0.13312268 -0.09508763 -1.0839989  -0.5895433 ]
[ 0.19017525 -0.0760701  -1.1790866  -0.6085608 ]
[ 0.26624537 -0.03803505 -1.2741742  -0.57052577]
[ 0.3042804   0.         -1.3692617  -0.55150825]
[ 0.34231544  0.03803505 -1.4643494  -0.51347315]
[ 0.36133298  0.09508763 -1.521402   -0.51347315]
[ 0.47543812  0.17115772 -1.6925597  -0.49445564]
[ 0.1521402 -0.0760701 -0.9128412 -0.6085608]
