[-0.06548467 -0.29468098  0.13096933 -0.45839265]
[-0.32742333 -0.58936197  0.09822699 -0.36016566]
[-0.29468098 -0.58936197  0.09822699 -0.42565033]
[-0.32742333 -0.65484667  0.06548467 -0.42565033]
[-0.36016566 -0.65484667  0.06548467 -0.45839265]
[-0.32742333 -0.687589    0.06548467 -0.45839265]
[-0.36016566 -0.687589    0.03274233 -0.45839265]
[-0.39290798 -0.687589    0.         -0.45839265]
[-0.45839265 -0.7203313  -0.03274233 -0.491135  ]
[-0.5238773  -0.78581595 -0.13096933 -0.58936197]
[-0.58936197 -0.884043   -0.19645399 -0.62210435]
[-0.58936197 -0.9167853  -0.22919632 -0.65484667]
[-0.55661964 -0.9167853  -0.22919632 -0.62210435]
[-0.5238773  -0.85130066 -0.19645399 -0.5238773 ]
[-0.42565033 -0.7203313  -0.09822699 -0.491135  ]
[-0.36016566 -0.65484667 -0.03274233 -0.42565033]
[-0.32742333 -0.58936197  0.         -0.39290798]
[-0.32742333 -0.55661964  0.03274233 -0.39290798]
[-0.29468098 -0.55661964  0.06548467 -0.39290798]
[-0.29468098 -0.55661964  0.06548467 -0.36016566]
[-0.29468098 -0.55661964  0.03274233 -0.36016566]
[-0.32742333 -0.5238773   0.03274233 -0.36016566]
[-0.32742333 -0.55661964  0.         -0.39290798]
[-0.36016566 -0.58936197 -0.03274233 -0.42565033]
[-0.36016566 -0.62210435 -0.03274233 -0.42565033]
[-0.39290798 -0.62210435 -0.06548467 -0.42565033]
[-0.39290798 -0.65484667 -0.09822699 -0.45839265]
[-0.39290798 -0.687589   -0.09822699 -0.45839265]
[-0.36016566 -0.687589   -0.09822699 -0.45839265]
[-0.39290798 -0.687589   -0.09822699 -0.45839265]
[-0.39290798 -0.687589   -0.13096933 -0.45839265]
[-0.39290798 -0.687589   -0.13096933 -0.45839265]
[-0.39290798 -0.687589   -0.13096933 -0.45839265]
[-0.39290798 -0.65484667 -0.13096933 -0.45839265]
[-0.39290798 -0.65484667 -0.16371167 -0.42565033]
[-0.39290798 -0.65484667 -0.19645399 -0.45839265]
[-0.39290798 -0.687589   -0.19645399 -0.491135  ]
[-0.42565033 -0.7203313  -0.22919632 -0.491135  ]
[-0.42565033 -0.7203313  -0.22919632 -0.491135  ]
[-0.42565033 -0.7203313  -0.26193866 -0.491135  ]
[-0.42565033 -0.687589   -0.26193866 -0.491135  ]
[-0.42565033 -0.687589   -0.22919632 -0.491135  ]
[-0.42565033 -0.65484667 -0.22919632 -0.491135  ]
[-0.39290798 -0.65484667 -0.19645399 -0.491135  ]
[-0.36016566 -0.65484667 -0.16371167 -0.45839265]
[-0.36016566 -0.62210435 -0.13096933 -0.42565033]
[-0.36016566 -0.58936197 -0.09822699 -0.39290798]
[-0.36016566 -0.58936197 -0.09822699 -0.39290798]
[-0.32742333 -0.58936197 -0.09822699 -0.39290798]
[-0.32742333 -0.58936197 -0.09822699 -0.39290798]
[-0.32742333 -0.55661964 -0.09822699 -0.36016566]
[-0.32742333 -0.55661964 -0.09822699 -0.42565033]
[-0.32742333 -0.62210435 -0.09822699 -0.42565033]
[-0.36016566 -0.65484667 -0.06548467 -0.45839265]
[-0.36016566 -0.7203313  -0.06548467 -0.491135  ]
[-0.36016566 -0.75307363 -0.06548467 -0.491135  ]
[-0.39290798 -0.75307363 -0.06548467 -0.491135  ]
[-0.39290798 -0.78581595 -0.06548467 -0.491135  ]
[-0.39290798 -0.78581595 -0.09822699 -0.5238773 ]
[-0.45839265 -0.81855834 -0.13096933 -0.5238773 ]
[-0.491135   -0.85130066 -0.13096933 -0.55661964]
[-0.5238773  -0.884043   -0.16371167 -0.58936197]
[-0.5238773  -0.9495276  -0.19645399 -0.62210435]
[-0.5238773  -0.9495276  -0.19645399 -0.62210435]
[-0.5238773  -0.9167853  -0.16371167 -0.58936197]
[-0.491135   -0.9167853  -0.16371167 -0.58936197]
[-0.491135   -0.9495276  -0.16371167 -0.62210435]
[-0.491135   -0.98227    -0.13096933 -0.62210435]
[-0.5238773  -0.98227    -0.13096933 -0.62210435]
[-0.491135   -0.98227    -0.09822699 -0.62210435]
[-0.45839265 -0.98227    -0.06548467 -0.62210435]
[-0.42565033 -0.98227    -0.03274233 -0.55661964]
[-0.36016566 -0.884043    0.03274233 -0.491135  ]
[-0.29468098 -0.78581595  0.06548467 -0.39290798]
[-0.26193866 -0.62210435  0.13096933 -0.32742333]
[-0.22919632 -0.5238773   0.16371167 -0.29468098]
[-0.19645399 -0.491135    0.16371167 -0.26193866]
[-0.22919632 -0.45839265  0.16371167 -0.26193866]
[-0.29468098 -0.42565033  0.16371167 -0.29468098]
[-0.29468098 -0.5238773   0.13096933 -0.39290798]
[-0.36016566 -0.65484667  0.09822699 -0.491135  ]
[-0.36016566 -0.75307363  0.09822699 -0.5238773 ]
[-0.39290798 -0.81855834  0.09822699 -0.5238773 ]
[-0.39290798 -0.85130066  0.09822699 -0.5238773 ]
[-0.42565033 -0.85130066  0.13096933 -0.5238773 ]
[-0.42565033 -0.85130066  0.13096933 -0.55661964]
[-0.42565033 -0.9167853   0.13096933 -0.58936197]
[-0.36016566 -0.98227     0.13096933 -0.58936197]
[-0.39290798 -0.9495276   0.13096933 -0.491135  ]
[-0.36016566 -0.81855834  0.16371167 -0.42565033]
[-0.36016566 -0.7203313   0.16371167 -0.42565033]
[-0.32742333 -0.7203313   0.13096933 -0.45839265]
[-0.36016566 -0.75307363  0.13096933 -0.45839265]
[-0.32742333 -0.75307363  0.13096933 -0.45839265]
[-0.32742333 -0.78581595  0.13096933 -0.491135  ]
[-0.36016566 -0.78581595  0.09822699 -0.491135  ]
[-0.39290798 -0.81855834  0.03274233 -0.5238773 ]
[-0.42565033 -0.85130066 -0.03274233 -0.5238773 ]
[-0.39290798 -0.884043   -0.03274233 -0.55661964]
[-0.39290798 -0.884043   -0.03274233 -0.5238773 ]
[-0.36016566 -0.81855834  0.         -0.45839265]
[-0.36016566 -0.75307363  0.         -0.45839265]
[-0.36016566 -0.75307363  0.03274233 -0.45839265]
[-0.39290798 -0.7203313   0.03274233 -0.45839265]
[-0.36016566 -0.7203313   0.03274233 -0.45839265]
[-0.42565033 -0.7203313   0.         -0.45839265]
[-0.42565033 -0.7203313   0.         -0.491135  ]
[-0.45839265 -0.78581595 -0.03274233 -0.5238773 ]
[-0.45839265 -0.85130066 -0.03274233 -0.55661964]
[-0.45839265 -0.884043   -0.06548467 -0.58936197]
[-0.45839265 -0.9495276  -0.06548467 -0.62210435]
[-0.45839265 -0.98227    -0.09822699 -0.58936197]
[-0.45839265 -0.9495276  -0.06548467 -0.58936197]
[-0.491135   -0.98227    -0.06548467 -0.58936197]
[-0.5238773  -1.0150123  -0.06548467 -0.62210435]
[-0.58936197 -1.0477546  -0.09822699 -0.687589  ]
[-0.62210435 -1.1132393  -0.09822699 -0.75307363]
[-0.687589   -1.1787239  -0.09822699 -0.75307363]
[-0.687589   -1.2114663  -0.13096933 -0.78581595]
[-0.687589   -1.276951   -0.13096933 -0.81855834]
[-0.687589   -1.276951   -0.13096933 -0.78581595]
[-0.687589   -1.276951   -0.16371167 -0.78581595]
[-0.65484667 -1.276951   -0.16371167 -0.78581595]
[-0.65484667 -1.276951   -0.16371167 -0.78581595]
[-0.65484667 -1.3096933  -0.16371167 -0.78581595]
[-0.687589   -1.3096933  -0.16371167 -0.78581595]
[-0.687589   -1.3096933  -0.13096933 -0.81855834]
[ 0.16371167 -1.5388896  -0.06548467 -0.884043  ]
[ 0.         -0.22919632  0.16371167 -0.26193866]
[-0.16371167 -0.29468098  0.09822699 -0.06548467]
[-0.13096933 -0.36016566  0.09822699 -0.13096933]
[-0.16371167 -0.36016566  0.06548467 -0.13096933]
[-0.16371167 -0.36016566  0.06548467 -0.13096933]
[-0.16371167 -0.39290798  0.06548467 -0.13096933]
[-0.19645399 -0.36016566  0.03274233 -0.13096933]
[-0.26193866 -0.42565033 -0.03274233 -0.19645399]
[-0.39290798 -0.45839265 -0.13096933 -0.26193866]
[-0.42565033 -0.58936197 -0.22919632 -0.36016566]
[-0.491135   -0.687589   -0.36016566 -0.42565033]
[-0.5238773  -0.75307363 -0.42565033 -0.491135  ]
[-0.491135   -0.78581595 -0.42565033 -0.491135  ]
[-0.45839265 -0.7203313  -0.36016566 -0.42565033]
[-0.39290798 -0.62210435 -0.26193866 -0.36016566]
[-0.32742333 -0.5238773  -0.16371167 -0.29468098]
[-0.26193866 -0.45839265 -0.09822699 -0.26193866]
[-0.26193866 -0.42565033 -0.03274233 -0.22919632]
[-0.22919632 -0.42565033  0.         -0.22919632]
[-0.22919632 -0.42565033  0.         -0.19645399]
[-0.22919632 -0.42565033  0.         -0.22919632]
[-0.29468098 -0.39290798 -0.03274233 -0.22919632]
[-0.29468098 -0.42565033 -0.06548467 -0.22919632]
[-0.29468098 -0.42565033 -0.09822699 -0.26193866]
[-0.29468098 -0.45839265 -0.13096933 -0.26193866]
[-0.32742333 -0.45839265 -0.16371167 -0.26193866]
[-0.32742333 -0.45839265 -0.19645399 -0.22919632]
[-0.29468098 -0.491135   -0.22919632 -0.26193866]
[-0.26193866 -0.491135   -0.19645399 -0.26193866]
[-0.29468098 -0.491135   -0.19645399 -0.26193866]
[-0.29468098 -0.491135   -0.22919632 -0.26193866]
[-0.29468098 -0.491135   -0.22919632 -0.29468098]
[-0.29468098 -0.491135   -0.22919632 -0.26193866]
[-0.29468098 -0.491135   -0.26193866 -0.29468098]
[-0.32742333 -0.491135   -0.29468098 -0.29468098]
[-0.36016566 -0.5238773  -0.32742333 -0.32742333]
[-0.36016566 -0.55661964 -0.36016566 -0.36016566]
[-0.39290798 -0.55661964 -0.39290798 -0.39290798]
[-0.39290798 -0.58936197 -0.42565033 -0.39290798]
[-0.42565033 -0.58936197 -0.42565033 -0.42565033]
[-0.42565033 -0.58936197 -0.42565033 -0.39290798]
[-0.39290798 -0.55661964 -0.42565033 -0.39290798]
[-0.39290798 -0.55661964 -0.39290798 -0.36016566]
[-0.36016566 -0.5238773  -0.36016566 -0.36016566]
[-0.32742333 -0.5238773  -0.32742333 -0.32742333]
[-0.32742333 -0.491135   -0.29468098 -0.29468098]
[-0.29468098 -0.45839265 -0.22919632 -0.26193866]
[-0.29468098 -0.45839265 -0.22919632 -0.26193866]
[-0.26193866 -0.45839265 -0.22919632 -0.26193866]
[-0.26193866 -0.42565033 -0.22919632 -0.22919632]
[-0.26193866 -0.39290798 -0.19645399 -0.19645399]
[-0.26193866 -0.36016566 -0.19645399 -0.16371167]
[-0.22919632 -0.32742333 -0.16371167 -0.13096933]
[-0.19645399 -0.36016566 -0.16371167 -0.09822699]
[-0.16371167 -0.36016566 -0.13096933 -0.06548467]
[-0.13096933 -0.36016566 -0.09822699 -0.06548467]
[-0.13096933 -0.36016566 -0.09822699 -0.03274233]
[-0.13096933 -0.36016566 -0.13096933 -0.03274233]
[-0.16371167 -0.39290798 -0.13096933 -0.06548467]
[-0.19645399 -0.39290798 -0.16371167 -0.09822699]
[-0.22919632 -0.42565033 -0.19645399 -0.13096933]
[-0.26193866 -0.45839265 -0.26193866 -0.13096933]
[-0.22919632 -0.491135   -0.26193866 -0.13096933]
[-0.22919632 -0.491135   -0.26193866 -0.13096933]
[-0.22919632 -0.42565033 -0.26193866 -0.06548467]
[-0.16371167 -0.42565033 -0.22919632 -0.06548467]
[-0.16371167 -0.42565033 -0.19645399 -0.03274233]
[-0.16371167 -0.39290798 -0.16371167  0.        ]
[-0.13096933 -0.39290798 -0.16371167  0.        ]
[-0.13096933 -0.39290798 -0.09822699  0.03274233]
[-0.06548467 -0.39290798 -0.06548467  0.        ]
[ 0.         -0.39290798  0.          0.        ]
[ 0.03274233 -0.39290798  0.03274233 -0.03274233]
[ 0.03274233 -0.36016566  0.09822699  0.03274233]
[ 0.         -0.26193866  0.16371167  0.03274233]
[-0.03274233 -0.19645399  0.19645399  0.03274233]
[-0.03274233 -0.22919632  0.19645399  0.        ]
[-0.06548467 -0.19645399  0.19645399  0.        ]
[-0.13096933 -0.16371167  0.19645399  0.03274233]
[-0.09822699 -0.19645399  0.16371167  0.03274233]
[-0.09822699 -0.22919632  0.16371167  0.09822699]
[ 0.         -0.22919632  0.16371167  0.09822699]
[ 0.         -0.22919632  0.16371167  0.16371167]
[ 0.03274233 -0.22919632  0.19645399  0.16371167]
[-0.03274233 -0.19645399  0.22919632  0.19645399]
[ 0.         -0.22919632  0.22919632  0.16371167]
[ 0.03274233 -0.29468098  0.22919632  0.16371167]
[ 0.13096933 -0.36016566  0.22919632  0.09822699]
[ 0.03274233 -0.29468098  0.26193866  0.16371167]
[-0.03274233 -0.22919632  0.26193866  0.13096933]
[-0.06548467 -0.22919632  0.22919632  0.09822699]
[-0.03274233 -0.29468098  0.19645399  0.06548467]
[-0.03274233 -0.29468098  0.19645399  0.09822699]
[ 0.         -0.26193866  0.19645399  0.13096933]
[ 0.03274233 -0.26193866  0.19645399  0.13096933]
[ 0.         -0.22919632  0.16371167  0.16371167]
[-0.03274233 -0.26193866  0.06548467  0.09822699]
[-0.06548467 -0.32742333  0.          0.06548467]
[-0.03274233 -0.36016566  0.          0.03274233]
[-0.03274233 -0.36016566  0.          0.03274233]
[-0.06548467 -0.32742333  0.          0.03274233]
[-0.09822699 -0.32742333  0.03274233  0.        ]
[-0.09822699 -0.36016566  0.03274233  0.        ]
[-0.13096933 -0.32742333  0.03274233 -0.03274233]
[-0.13096933 -0.36016566  0.03274233 -0.03274233]
[-0.16371167 -0.36016566  0.         -0.03274233]
[-0.22919632 -0.36016566 -0.03274233 -0.03274233]
[-0.16371167 -0.39290798 -0.06548467 -0.03274233]
[-0.16371167 -0.39290798 -0.06548467  0.        ]
[-0.13096933 -0.39290798 -0.09822699  0.03274233]
[-0.09822699 -0.39290798 -0.09822699  0.06548467]
[-0.06548467 -0.36016566 -0.09822699  0.09822699]
[-0.06548467 -0.32742333 -0.06548467  0.13096933]
[-0.09822699 -0.32742333 -0.06548467  0.09822699]
[-0.13096933 -0.36016566 -0.06548467  0.09822699]
[-0.19645399 -0.42565033 -0.06548467  0.06548467]
[-0.19645399 -0.45839265 -0.09822699  0.        ]
[-0.22919632 -0.5238773  -0.09822699  0.        ]
[-0.26193866 -0.5238773  -0.09822699  0.03274233]
[-0.19645399 -0.5238773  -0.13096933  0.03274233]
[-0.16371167 -0.5238773  -0.13096933  0.06548467]
[-0.16371167 -0.491135   -0.13096933  0.09822699]
[-0.13096933 -0.491135   -0.13096933  0.13096933]
[-0.09822699 -0.45839265 -0.13096933  0.13096933]
[-0.09822699 -0.45839265 -0.13096933  0.13096933]
[-0.09822699 -0.45839265 -0.09822699  0.13096933]
[-0.13096933 -0.45839265 -0.09822699  0.13096933]
[ 0.9167853  -1.0150123   0.09822699 -0.45839265]
[ 0.         -0.22919632  0.16371167 -0.26193866]
[-0.13096933 -0.32742333  0.13096933 -0.06548467]
[-0.13096933 -0.36016566  0.09822699 -0.13096933]
[-0.16371167 -0.36016566  0.09822699 -0.09822699]
[-0.16371167 -0.32742333  0.09822699 -0.09822699]
[-0.16371167 -0.36016566  0.06548467 -0.16371167]
[-0.19645399 -0.36016566  0.03274233 -0.16371167]
[-0.29468098 -0.39290798 -0.03274233 -0.19645399]
[-0.39290798 -0.45839265 -0.16371167 -0.26193866]
[-0.45839265 -0.58936197 -0.29468098 -0.39290798]
[-0.5238773  -0.7203313  -0.42565033 -0.45839265]
[-0.55661964 -0.81855834 -0.491135   -0.5238773 ]
[-0.5238773  -0.81855834 -0.491135   -0.5238773 ]
[-0.491135   -0.75307363 -0.42565033 -0.45839265]
[-0.42565033 -0.65484667 -0.32742333 -0.39290798]
[-0.36016566 -0.58936197 -0.26193866 -0.32742333]
[-0.32742333 -0.5238773  -0.19645399 -0.29468098]
[-0.32742333 -0.491135   -0.13096933 -0.26193866]
[-0.29468098 -0.491135   -0.09822699 -0.26193866]
[-0.26193866 -0.491135   -0.06548467 -0.26193866]
[-0.29468098 -0.45839265 -0.06548467 -0.26193866]
[-0.29468098 -0.45839265 -0.09822699 -0.26193866]
[-0.29468098 -0.45839265 -0.09822699 -0.26193866]
[-0.32742333 -0.42565033 -0.13096933 -0.26193866]
[-0.32742333 -0.45839265 -0.16371167 -0.26193866]
[-0.32742333 -0.491135   -0.19645399 -0.26193866]
[-0.32742333 -0.491135   -0.22919632 -0.26193866]
[-0.29468098 -0.5238773  -0.22919632 -0.26193866]
[-0.26193866 -0.5238773  -0.22919632 -0.26193866]
[-0.29468098 -0.5238773  -0.22919632 -0.26193866]
[-0.29468098 -0.5238773  -0.22919632 -0.26193866]
[-0.29468098 -0.491135   -0.22919632 -0.26193866]
[-0.29468098 -0.45839265 -0.22919632 -0.26193866]
[-0.29468098 -0.491135   -0.26193866 -0.29468098]
[-0.32742333 -0.491135   -0.29468098 -0.29468098]
[-0.32742333 -0.5238773  -0.32742333 -0.32742333]
[-0.36016566 -0.55661964 -0.36016566 -0.36016566]
[-0.39290798 -0.55661964 -0.39290798 -0.39290798]
[-0.39290798 -0.55661964 -0.42565033 -0.39290798]
[-0.42565033 -0.58936197 -0.42565033 -0.39290798]
[-0.42565033 -0.58936197 -0.42565033 -0.42565033]
[-0.42565033 -0.58936197 -0.42565033 -0.39290798]
[-0.39290798 -0.55661964 -0.39290798 -0.39290798]
[-0.36016566 -0.55661964 -0.36016566 -0.36016566]
[-0.36016566 -0.5238773  -0.36016566 -0.36016566]
[-0.32742333 -0.491135   -0.32742333 -0.32742333]
[-0.29468098 -0.491135   -0.29468098 -0.29468098]
[-0.32742333 -0.45839265 -0.26193866 -0.26193866]
[-0.26193866 -0.45839265 -0.26193866 -0.29468098]
[-0.29468098 -0.45839265 -0.26193866 -0.26193866]
[-0.29468098 -0.42565033 -0.22919632 -0.22919632]
[-0.29468098 -0.39290798 -0.22919632 -0.19645399]
[-0.26193866 -0.36016566 -0.19645399 -0.16371167]
[-0.22919632 -0.36016566 -0.16371167 -0.13096933]
[-0.19645399 -0.39290798 -0.16371167 -0.09822699]
[-0.16371167 -0.39290798 -0.13096933 -0.09822699]
[-0.16371167 -0.39290798 -0.13096933 -0.06548467]
[-0.16371167 -0.39290798 -0.13096933 -0.06548467]
[-0.19645399 -0.39290798 -0.16371167 -0.09822699]
[-0.22919632 -0.42565033 -0.19645399 -0.09822699]
[-0.22919632 -0.42565033 -0.19645399 -0.13096933]
[-0.22919632 -0.45839265 -0.22919632 -0.13096933]
[-0.19645399 -0.45839265 -0.22919632 -0.13096933]
[-0.19645399 -0.45839265 -0.22919632 -0.09822699]
[-0.22919632 -0.39290798 -0.22919632 -0.06548467]
[-0.16371167 -0.42565033 -0.22919632 -0.06548467]
[-0.16371167 -0.42565033 -0.19645399 -0.03274233]
[-0.16371167 -0.39290798 -0.16371167 -0.03274233]
[-0.13096933 -0.39290798 -0.16371167 -0.03274233]
[-0.09822699 -0.39290798 -0.13096933  0.        ]
[-0.06548467 -0.39290798 -0.06548467  0.        ]
[ 0.         -0.36016566  0.          0.        ]
[ 0.06548467 -0.36016566  0.03274233  0.        ]
[ 0.03274233 -0.29468098  0.13096933  0.06548467]
[-0.03274233 -0.22919632  0.16371167  0.03274233]
[-0.03274233 -0.22919632  0.19645399  0.        ]
[-0.03274233 -0.22919632  0.19645399  0.        ]
[-0.06548467 -0.19645399  0.19645399  0.03274233]
[-0.13096933 -0.16371167  0.19645399  0.06548467]
[-0.06548467 -0.19645399  0.16371167  0.03274233]
[-0.06548467 -0.19645399  0.16371167  0.09822699]
[ 0.         -0.22919632  0.16371167  0.09822699]
[ 0.         -0.22919632  0.16371167  0.16371167]
[ 0.03274233 -0.22919632  0.19645399  0.16371167]
[-0.03274233 -0.19645399  0.22919632  0.19645399]
[-0.03274233 -0.22919632  0.22919632  0.16371167]
[ 0.03274233 -0.32742333  0.22919632  0.16371167]
[ 0.13096933 -0.36016566  0.22919632  0.09822699]
[ 0.         -0.29468098  0.26193866  0.19645399]
[-0.06548467 -0.26193866  0.22919632  0.13096933]
[-0.09822699 -0.29468098  0.19645399  0.06548467]
[-0.06548467 -0.36016566  0.16371167  0.03274233]
[-0.06548467 -0.32742333  0.16371167  0.09822699]
[-0.03274233 -0.29468098  0.16371167  0.13096933]
[ 0.         -0.29468098  0.16371167  0.13096933]
[-0.03274233 -0.26193866  0.13096933  0.13096933]
[-0.06548467 -0.29468098  0.06548467  0.09822699]
[-0.06548467 -0.29468098  0.          0.06548467]
[-0.03274233 -0.36016566  0.          0.03274233]
[-0.06548467 -0.36016566  0.          0.03274233]
[-0.06548467 -0.36016566  0.03274233  0.03274233]
[-0.06548467 -0.36016566  0.03274233  0.        ]
[-0.09822699 -0.36016566  0.03274233  0.        ]
[-0.13096933 -0.32742333  0.03274233  0.        ]
[-0.13096933 -0.32742333  0.03274233 -0.03274233]
[-0.16371167 -0.32742333  0.         -0.03274233]
[-0.19645399 -0.36016566 -0.03274233 -0.03274233]
[-0.16371167 -0.39290798 -0.06548467  0.        ]
[-0.13096933 -0.39290798 -0.06548467  0.        ]
[-0.13096933 -0.39290798 -0.09822699  0.03274233]
[-0.13096933 -0.39290798 -0.09822699  0.06548467]
[-0.09822699 -0.39290798 -0.09822699  0.06548467]
[-0.13096933 -0.36016566 -0.09822699  0.09822699]
[-0.13096933 -0.36016566 -0.06548467  0.06548467]
[-0.16371167 -0.39290798 -0.06548467  0.06548467]
[-0.19645399 -0.42565033 -0.09822699  0.03274233]
[-0.19645399 -0.491135   -0.09822699  0.        ]
[-0.22919632 -0.5238773  -0.09822699  0.        ]
[-0.22919632 -0.5238773  -0.09822699  0.03274233]
[-0.16371167 -0.5238773  -0.09822699  0.03274233]
[-0.16371167 -0.491135   -0.13096933  0.09822699]
[-0.13096933 -0.491135   -0.13096933  0.13096933]
[-0.09822699 -0.45839265 -0.13096933  0.13096933]
[-0.09822699 -0.45839265 -0.09822699  0.16371167]
[-0.09822699 -0.45839265 -0.09822699  0.16371167]
[-0.09822699 -0.45839265 -0.09822699  0.16371167]
[-0.09822699 -0.45839265 -0.09822699  0.16371167]
[ 0.9167853  -0.98227     0.09822699 -0.45839265]
[ 0.         -0.22919632  0.16371167 -0.26193866]
[-0.09822699 -0.32742333  0.13096933 -0.06548467]
[-0.09822699 -0.36016566  0.09822699 -0.09822699]
[-0.16371167 -0.36016566  0.09822699 -0.09822699]
[-0.16371167 -0.32742333  0.09822699 -0.13096933]
[-0.16371167 -0.36016566  0.06548467 -0.16371167]
[-0.22919632 -0.36016566  0.03274233 -0.16371167]
[-0.32742333 -0.39290798 -0.06548467 -0.19645399]
[-0.45839265 -0.491135   -0.19645399 -0.29468098]
[-0.491135   -0.65484667 -0.36016566 -0.42565033]
[-0.55661964 -0.78581595 -0.491135   -0.491135  ]
[-0.58936197 -0.85130066 -0.58936197 -0.5238773 ]
[-0.55661964 -0.85130066 -0.58936197 -0.55661964]
[-0.55661964 -0.78581595 -0.5238773  -0.491135  ]
[-0.491135   -0.7203313  -0.45839265 -0.45839265]
[-0.45839265 -0.65484667 -0.39290798 -0.39290798]
[-0.42565033 -0.58936197 -0.29468098 -0.36016566]
[-0.39290798 -0.55661964 -0.26193866 -0.32742333]
[-0.36016566 -0.55661964 -0.19645399 -0.32742333]
[-0.32742333 -0.55661964 -0.16371167 -0.32742333]
[-0.32742333 -0.5238773  -0.16371167 -0.29468098]
[-0.36016566 -0.491135   -0.13096933 -0.26193866]
[-0.36016566 -0.45839265 -0.13096933 -0.26193866]
[-0.36016566 -0.45839265 -0.16371167 -0.26193866]
[-0.32742333 -0.491135   -0.19645399 -0.29468098]
[-0.36016566 -0.5238773  -0.22919632 -0.26193866]
[-0.32742333 -0.55661964 -0.26193866 -0.29468098]
[-0.29468098 -0.55661964 -0.26193866 -0.26193866]
[-0.29468098 -0.55661964 -0.26193866 -0.26193866]
[-0.29468098 -0.5238773  -0.26193866 -0.26193866]
[-0.29468098 -0.5238773  -0.26193866 -0.29468098]
[-0.29468098 -0.491135   -0.22919632 -0.26193866]
[-0.29468098 -0.45839265 -0.22919632 -0.26193866]
[-0.29468098 -0.491135   -0.26193866 -0.29468098]
[-0.32742333 -0.491135   -0.29468098 -0.29468098]
[-0.32742333 -0.5238773  -0.32742333 -0.32742333]
[-0.36016566 -0.5238773  -0.36016566 -0.36016566]
[-0.39290798 -0.55661964 -0.39290798 -0.39290798]
[-0.42565033 -0.58936197 -0.42565033 -0.39290798]
[-0.42565033 -0.58936197 -0.45839265 -0.42565033]
[-0.42565033 -0.58936197 -0.45839265 -0.42565033]
[-0.42565033 -0.58936197 -0.42565033 -0.42565033]
[-0.39290798 -0.55661964 -0.42565033 -0.39290798]
[-0.39290798 -0.55661964 -0.39290798 -0.39290798]
[-0.36016566 -0.5238773  -0.36016566 -0.36016566]
[-0.36016566 -0.5238773  -0.36016566 -0.32742333]
[-0.32742333 -0.491135   -0.32742333 -0.32742333]
[-0.36016566 -0.491135   -0.32742333 -0.29468098]
[-0.29468098 -0.491135   -0.29468098 -0.32742333]
[-0.29468098 -0.491135   -0.29468098 -0.29468098]
[-0.32742333 -0.45839265 -0.26193866 -0.26193866]
[-0.32742333 -0.42565033 -0.26193866 -0.22919632]
[-0.29468098 -0.42565033 -0.22919632 -0.19645399]
[-0.26193866 -0.42565033 -0.19645399 -0.19645399]
[-0.22919632 -0.42565033 -0.19645399 -0.16371167]
[-0.19645399 -0.42565033 -0.19645399 -0.13096933]
[-0.19645399 -0.42565033 -0.16371167 -0.13096933]
[-0.19645399 -0.42565033 -0.16371167 -0.13096933]
[-0.19645399 -0.39290798 -0.16371167 -0.13096933]
[-0.22919632 -0.42565033 -0.19645399 -0.13096933]
[-0.19645399 -0.42565033 -0.19645399 -0.13096933]
[-0.19645399 -0.42565033 -0.19645399 -0.09822699]
[-0.19645399 -0.42565033 -0.19645399 -0.09822699]
[-0.19645399 -0.42565033 -0.19645399 -0.09822699]
[-0.22919632 -0.39290798 -0.22919632 -0.06548467]
[-0.16371167 -0.42565033 -0.22919632 -0.09822699]
[-0.16371167 -0.42565033 -0.22919632 -0.06548467]
[-0.16371167 -0.39290798 -0.19645399 -0.03274233]
[-0.06548467 -0.39290798 -0.16371167 -0.03274233]
[-0.03274233 -0.36016566 -0.13096933  0.03274233]
[ 0.         -0.32742333 -0.06548467  0.03274233]
[ 0.03274233 -0.29468098  0.          0.06548467]
[ 0.09822699 -0.29468098  0.06548467  0.03274233]
[ 0.03274233 -0.22919632  0.13096933  0.06548467]
[-0.03274233 -0.22919632  0.13096933  0.03274233]
[-0.06548467 -0.22919632  0.16371167  0.        ]
[ 0.         -0.26193866  0.19645399 -0.03274233]
[-0.06548467 -0.19645399  0.19645399  0.03274233]
[-0.13096933 -0.16371167  0.19645399  0.06548467]
[-0.06548467 -0.19645399  0.16371167  0.03274233]
[-0.06548467 -0.19645399  0.16371167  0.09822699]
[ 0.03274233 -0.22919632  0.16371167  0.09822699]
[ 0.         -0.22919632  0.16371167  0.16371167]
[ 0.         -0.19645399  0.19645399  0.16371167]
[-0.06548467 -0.19645399  0.22919632  0.19645399]
[ 0.         -0.26193866  0.22919632  0.13096933]
[ 0.03274233 -0.32742333  0.19645399  0.13096933]
[ 0.09822699 -0.39290798  0.19645399  0.09822699]
[-0.03274233 -0.29468098  0.22919632  0.16371167]
[-0.06548467 -0.26193866  0.19645399  0.09822699]
[-0.06548467 -0.32742333  0.16371167  0.06548467]
[-0.03274233 -0.36016566  0.13096933  0.03274233]
[-0.03274233 -0.32742333  0.16371167  0.09822699]
[ 0.         -0.29468098  0.16371167  0.09822699]
[ 0.         -0.29468098  0.16371167  0.09822699]
[-0.03274233 -0.26193866  0.13096933  0.09822699]
[-0.06548467 -0.29468098  0.06548467  0.09822699]
[-0.06548467 -0.32742333  0.03274233  0.03274233]
[-0.06548467 -0.36016566  0.          0.03274233]
[-0.06548467 -0.36016566  0.          0.03274233]
[-0.06548467 -0.36016566  0.03274233  0.03274233]
[-0.06548467 -0.36016566  0.03274233  0.        ]
[-0.06548467 -0.32742333  0.03274233  0.        ]
[-0.09822699 -0.32742333  0.03274233  0.        ]
[-0.13096933 -0.29468098  0.          0.        ]
[-0.16371167 -0.32742333  0.          0.        ]
[-0.16371167 -0.36016566 -0.03274233  0.        ]
[-0.16371167 -0.39290798 -0.06548467  0.        ]
[-0.13096933 -0.39290798 -0.09822699  0.        ]
[-0.13096933 -0.39290798 -0.09822699  0.03274233]
[-0.13096933 -0.39290798 -0.09822699  0.03274233]
[-0.16371167 -0.39290798 -0.09822699  0.03274233]
[-0.19645399 -0.39290798 -0.09822699  0.03274233]
[-0.19645399 -0.42565033 -0.09822699  0.03274233]
[-0.19645399 -0.45839265 -0.09822699  0.03274233]
[-0.22919632 -0.45839265 -0.09822699  0.03274233]
[-0.22919632 -0.491135   -0.09822699  0.        ]
[-0.22919632 -0.5238773  -0.09822699  0.03274233]
[-0.19645399 -0.5238773  -0.09822699  0.06548467]
[-0.16371167 -0.491135   -0.09822699  0.06548467]
[-0.13096933 -0.491135   -0.13096933  0.09822699]
[-0.09822699 -0.45839265 -0.13096933  0.16371167]
[-0.06548467 -0.42565033 -0.13096933  0.16371167]
[-0.06548467 -0.42565033 -0.13096933  0.16371167]
[-0.06548467 -0.42565033 -0.13096933  0.16371167]
[-0.06548467 -0.45839265 -0.09822699  0.16371167]
[-0.09822699 -0.45839265 -0.09822699  0.16371167]
[ 0.9167853  -0.98227     0.06548467 -0.42565033]
[ 0.03274233 -0.22919632  0.16371167 -0.26193866]
[-0.06548467 -0.32742333  0.13096933 -0.03274233]
[-0.06548467 -0.36016566  0.13096933 -0.09822699]
[-0.16371167 -0.32742333  0.09822699 -0.09822699]
[-0.16371167 -0.32742333  0.09822699 -0.13096933]
[-0.16371167 -0.36016566  0.06548467 -0.16371167]
[-0.26193866 -0.36016566  0.         -0.16371167]
[-0.36016566 -0.42565033 -0.09822699 -0.22919632]
[-0.491135   -0.5238773  -0.26193866 -0.32742333]
[-0.55661964 -0.7203313  -0.42565033 -0.45839265]
[-0.58936197 -0.81855834 -0.58936197 -0.5238773 ]
[-0.62210435 -0.884043   -0.65484667 -0.55661964]
[-0.62210435 -0.9167853  -0.687589   -0.58936197]
[-0.62210435 -0.85130066 -0.65484667 -0.55661964]
[-0.55661964 -0.81855834 -0.58936197 -0.55661964]
[-0.5238773  -0.75307363 -0.491135   -0.45839265]
[-0.491135   -0.687589   -0.42565033 -0.42565033]
[-0.45839265 -0.65484667 -0.36016566 -0.39290798]
[-0.42565033 -0.65484667 -0.32742333 -0.39290798]
[-0.42565033 -0.62210435 -0.29468098 -0.39290798]
[-0.39290798 -0.62210435 -0.26193866 -0.36016566]
[-0.39290798 -0.55661964 -0.22919632 -0.32742333]
[-0.36016566 -0.5238773  -0.19645399 -0.29468098]
[-0.39290798 -0.491135   -0.22919632 -0.26193866]
[-0.36016566 -0.5238773  -0.22919632 -0.29468098]
[-0.36016566 -0.55661964 -0.29468098 -0.29468098]
[-0.32742333 -0.58936197 -0.29468098 -0.29468098]
[-0.32742333 -0.58936197 -0.29468098 -0.29468098]
[-0.32742333 -0.58936197 -0.29468098 -0.29468098]
[-0.32742333 -0.55661964 -0.29468098 -0.29468098]
[-0.32742333 -0.55661964 -0.29468098 -0.29468098]
[-0.32742333 -0.5238773  -0.26193866 -0.29468098]
[-0.32742333 -0.491135   -0.26193866 -0.29468098]
[-0.32742333 -0.5238773  -0.29468098 -0.29468098]
[-0.32742333 -0.5238773  -0.29468098 -0.29468098]
[-0.36016566 -0.5238773  -0.32742333 -0.32742333]
[-0.36016566 -0.55661964 -0.36016566 -0.36016566]
[-0.39290798 -0.58936197 -0.39290798 -0.39290798]
[-0.42565033 -0.58936197 -0.42565033 -0.42565033]
[-0.45839265 -0.62210435 -0.45839265 -0.42565033]
[-0.45839265 -0.62210435 -0.45839265 -0.42565033]
[-0.42565033 -0.58936197 -0.45839265 -0.42565033]
[-0.42565033 -0.58936197 -0.42565033 -0.42565033]
[-0.39290798 -0.55661964 -0.42565033 -0.39290798]
[-0.39290798 -0.5238773  -0.39290798 -0.36016566]
[-0.39290798 -0.5238773  -0.36016566 -0.36016566]
[-0.36016566 -0.5238773  -0.36016566 -0.36016566]
[-0.36016566 -0.5238773  -0.32742333 -0.32742333]
[-0.32742333 -0.491135   -0.32742333 -0.32742333]
[-0.32742333 -0.491135   -0.29468098 -0.29468098]
[-0.36016566 -0.491135   -0.29468098 -0.29468098]
[-0.32742333 -0.45839265 -0.29468098 -0.26193866]
[-0.32742333 -0.45839265 -0.26193866 -0.22919632]
[-0.29468098 -0.45839265 -0.22919632 -0.22919632]
[-0.26193866 -0.45839265 -0.22919632 -0.19645399]
[-0.22919632 -0.45839265 -0.19645399 -0.16371167]
[-0.22919632 -0.45839265 -0.19645399 -0.16371167]
[-0.22919632 -0.42565033 -0.19645399 -0.13096933]
[-0.22919632 -0.42565033 -0.19645399 -0.13096933]
[-0.22919632 -0.42565033 -0.19645399 -0.13096933]
[-0.19645399 -0.42565033 -0.16371167 -0.13096933]
[-0.16371167 -0.42565033 -0.16371167 -0.09822699]
[-0.16371167 -0.42565033 -0.16371167 -0.09822699]
[-0.19645399 -0.42565033 -0.19645399 -0.09822699]
[-0.22919632 -0.39290798 -0.22919632 -0.09822699]
[-0.16371167 -0.42565033 -0.22919632 -0.13096933]
[-0.16371167 -0.42565033 -0.22919632 -0.06548467]
[-0.16371167 -0.39290798 -0.19645399 -0.03274233]
[-0.06548467 -0.39290798 -0.16371167 -0.03274233]
[-0.06548467 -0.32742333 -0.09822699  0.03274233]
[ 0.         -0.29468098 -0.06548467  0.06548467]
[ 0.03274233 -0.26193866  0.          0.06548467]
[ 0.09822699 -0.22919632  0.06548467  0.03274233]
[ 0.         -0.19645399  0.13096933  0.03274233]
[-0.03274233 -0.19645399  0.13096933  0.        ]
[-0.06548467 -0.22919632  0.16371167  0.        ]
[-0.03274233 -0.26193866  0.16371167 -0.03274233]
[-0.06548467 -0.22919632  0.16371167  0.        ]
[-0.13096933 -0.19645399  0.16371167  0.03274233]
[-0.06548467 -0.19645399  0.16371167  0.03274233]
[-0.06548467 -0.19645399  0.16371167  0.09822699]
[ 0.03274233 -0.22919632  0.16371167  0.09822699]
[ 0.         -0.19645399  0.19645399  0.13096933]
[ 0.         -0.19645399  0.22919632  0.16371167]
[-0.03274233 -0.16371167  0.19645399  0.19645399]
[ 0.03274233 -0.22919632  0.19645399  0.16371167]
[ 0.06548467 -0.29468098  0.19645399  0.13096933]
[ 0.09822699 -0.36016566  0.19645399  0.09822699]
[-0.06548467 -0.26193866  0.19645399  0.19645399]
[-0.06548467 -0.29468098  0.16371167  0.09822699]
[-0.06548467 -0.32742333  0.13096933  0.06548467]
[-0.03274233 -0.32742333  0.13096933  0.06548467]
[ 0.         -0.29468098  0.13096933  0.09822699]
[ 0.         -0.29468098  0.16371167  0.09822699]
[ 0.         -0.26193866  0.16371167  0.13096933]
[-0.03274233 -0.26193866  0.13096933  0.09822699]
[-0.09822699 -0.26193866  0.06548467  0.09822699]
[-0.06548467 -0.32742333  0.03274233  0.03274233]
[-0.06548467 -0.36016566  0.          0.03274233]
[-0.06548467 -0.36016566  0.03274233  0.03274233]
[-0.06548467 -0.36016566  0.03274233  0.        ]
[-0.06548467 -0.36016566  0.03274233  0.        ]
[-0.06548467 -0.32742333  0.03274233  0.03274233]
[-0.09822699 -0.29468098  0.03274233  0.03274233]
[-0.16371167 -0.29468098  0.          0.03274233]
[-0.16371167 -0.32742333 -0.03274233 -0.03274233]
[-0.16371167 -0.36016566 -0.03274233  0.        ]
[-0.16371167 -0.39290798 -0.06548467  0.        ]
[-0.16371167 -0.39290798 -0.09822699  0.        ]
[-0.16371167 -0.39290798 -0.13096933  0.03274233]
[-0.16371167 -0.39290798 -0.13096933  0.03274233]
[-0.19645399 -0.42565033 -0.09822699  0.        ]
[-0.22919632 -0.45839265 -0.13096933  0.        ]
[-0.22919632 -0.491135   -0.09822699  0.        ]
[-0.22919632 -0.491135   -0.09822699  0.        ]
[-0.22919632 -0.491135   -0.09822699  0.03274233]
[-0.22919632 -0.491135   -0.09822699  0.03274233]
[-0.19645399 -0.5238773  -0.09822699  0.03274233]
[-0.16371167 -0.491135   -0.13096933  0.06548467]
[-0.13096933 -0.491135   -0.13096933  0.09822699]
[-0.09822699 -0.45839265 -0.13096933  0.13096933]
[-0.09822699 -0.42565033 -0.13096933  0.16371167]
[-0.09822699 -0.42565033 -0.13096933  0.16371167]
[-0.09822699 -0.45839265 -0.16371167  0.16371167]
[-0.09822699 -0.45839265 -0.16371167  0.16371167]
[-0.09822699 -0.491135   -0.16371167  0.13096933]
[-0.13096933 -0.491135   -0.16371167  0.13096933]
[ 0.884043   -1.0150123   0.         -0.45839265]
[ 0.03274233 -0.22919632  0.16371167 -0.26193866]
[-0.06548467 -0.32742333  0.13096933 -0.03274233]
[-0.06548467 -0.32742333  0.13096933 -0.06548467]
[-0.16371167 -0.32742333  0.09822699 -0.09822699]
[-0.16371167 -0.32742333  0.09822699 -0.13096933]
[-0.19645399 -0.36016566  0.06548467 -0.16371167]
[-0.29468098 -0.36016566  0.         -0.16371167]
[-0.39290798 -0.45839265 -0.13096933 -0.26193866]
[-0.5238773  -0.58936197 -0.29468098 -0.36016566]
[-0.55661964 -0.75307363 -0.491135   -0.491135  ]
[-0.65484667 -0.85130066 -0.62210435 -0.55661964]
[-0.7203313  -0.9167853  -0.75307363 -0.62210435]
[-0.687589   -0.98227    -0.78581595 -0.65484667]
[-0.687589   -0.9495276  -0.78581595 -0.65484667]
[-0.65484667 -0.9167853  -0.7203313  -0.62210435]
[-0.58936197 -0.81855834 -0.62210435 -0.55661964]
[-0.55661964 -0.75307363 -0.5238773  -0.491135  ]
[-0.5238773  -0.7203313  -0.45839265 -0.45839265]
[-0.491135   -0.687589   -0.42565033 -0.42565033]
[-0.45839265 -0.687589   -0.36016566 -0.42565033]
[-0.42565033 -0.65484667 -0.32742333 -0.39290798]
[-0.45839265 -0.62210435 -0.29468098 -0.36016566]
[-0.42565033 -0.58936197 -0.26193866 -0.32742333]
[-0.42565033 -0.5238773  -0.29468098 -0.29468098]
[-0.39290798 -0.55661964 -0.29468098 -0.32742333]
[-0.39290798 -0.58936197 -0.36016566 -0.32742333]
[-0.32742333 -0.62210435 -0.36016566 -0.32742333]
[-0.32742333 -0.62210435 -0.39290798 -0.32742333]
[-0.36016566 -0.58936197 -0.36016566 -0.32742333]
[-0.36016566 -0.58936197 -0.36016566 -0.32742333]
[-0.36016566 -0.58936197 -0.36016566 -0.36016566]
[-0.39290798 -0.55661964 -0.36016566 -0.32742333]
[-0.36016566 -0.55661964 -0.32742333 -0.32742333]
[-0.32742333 -0.55661964 -0.32742333 -0.32742333]
[-0.36016566 -0.5238773  -0.32742333 -0.32742333]
[-0.39290798 -0.55661964 -0.36016566 -0.36016566]
[-0.39290798 -0.58936197 -0.39290798 -0.39290798]
[-0.42565033 -0.58936197 -0.42565033 -0.42565033]
[-0.45839265 -0.62210435 -0.45839265 -0.42565033]
[-0.45839265 -0.62210435 -0.491135   -0.45839265]
[-0.491135   -0.62210435 -0.491135   -0.45839265]
[-0.45839265 -0.62210435 -0.491135   -0.45839265]
[-0.42565033 -0.62210435 -0.45839265 -0.42565033]
[-0.42565033 -0.58936197 -0.42565033 -0.39290798]
[-0.39290798 -0.55661964 -0.39290798 -0.39290798]
[-0.39290798 -0.55661964 -0.39290798 -0.39290798]
[-0.39290798 -0.55661964 -0.36016566 -0.36016566]
[-0.39290798 -0.5238773  -0.36016566 -0.32742333]
[-0.36016566 -0.5238773  -0.32742333 -0.32742333]
[-0.32742333 -0.491135   -0.29468098 -0.29468098]
[-0.32742333 -0.491135   -0.29468098 -0.29468098]
[-0.32742333 -0.491135   -0.29468098 -0.26193866]
[-0.32742333 -0.45839265 -0.26193866 -0.26193866]
[-0.29468098 -0.45839265 -0.26193866 -0.22919632]
[-0.29468098 -0.45839265 -0.22919632 -0.19645399]
[-0.26193866 -0.45839265 -0.22919632 -0.19645399]
[-0.26193866 -0.45839265 -0.19645399 -0.16371167]
[-0.26193866 -0.45839265 -0.19645399 -0.16371167]
[-0.22919632 -0.45839265 -0.19645399 -0.16371167]
[-0.22919632 -0.42565033 -0.19645399 -0.13096933]
[-0.19645399 -0.42565033 -0.16371167 -0.13096933]
[-0.16371167 -0.42565033 -0.16371167 -0.09822699]
[-0.16371167 -0.42565033 -0.16371167 -0.09822699]
[-0.19645399 -0.42565033 -0.19645399 -0.09822699]
[-0.22919632 -0.42565033 -0.22919632 -0.09822699]
[-0.19645399 -0.45839265 -0.22919632 -0.13096933]
[-0.19645399 -0.42565033 -0.22919632 -0.09822699]
[-0.16371167 -0.42565033 -0.19645399 -0.09822699]
[-0.09822699 -0.39290798 -0.16371167 -0.06548467]
[-0.06548467 -0.36016566 -0.09822699 -0.03274233]
[ 0.         -0.32742333 -0.06548467  0.        ]
[ 0.         -0.26193866  0.          0.03274233]
[ 0.03274233 -0.22919632  0.06548467  0.        ]
[-0.03274233 -0.19645399  0.09822699  0.03274233]
[-0.03274233 -0.19645399  0.13096933 -0.03274233]
[-0.06548467 -0.22919632  0.13096933 -0.03274233]
[-0.03274233 -0.22919632  0.16371167 -0.03274233]
[-0.06548467 -0.22919632  0.16371167  0.        ]
[-0.13096933 -0.19645399  0.16371167  0.03274233]
[-0.06548467 -0.22919632  0.16371167  0.        ]
[-0.06548467 -0.19645399  0.16371167  0.06548467]
[ 0.03274233 -0.22919632  0.16371167  0.09822699]
[ 0.         -0.19645399  0.19645399  0.16371167]
[ 0.03274233 -0.19645399  0.19645399  0.16371167]
[ 0.         -0.16371167  0.19645399  0.19645399]
[ 0.06548467 -0.22919632  0.19645399  0.16371167]
[ 0.09822699 -0.26193866  0.19645399  0.16371167]
[ 0.09822699 -0.29468098  0.19645399  0.13096933]
[-0.06548467 -0.22919632  0.19645399  0.16371167]
[-0.06548467 -0.29468098  0.13096933  0.06548467]
[-0.06548467 -0.32742333  0.09822699  0.06548467]
[-0.03274233 -0.36016566  0.09822699  0.06548467]
[-0.03274233 -0.29468098  0.13096933  0.09822699]
[ 0.         -0.29468098  0.13096933  0.09822699]
[ 0.         -0.26193866  0.13096933  0.09822699]
[-0.03274233 -0.26193866  0.09822699  0.09822699]
[-0.13096933 -0.26193866  0.06548467  0.09822699]
[-0.09822699 -0.32742333  0.03274233  0.03274233]
[-0.06548467 -0.36016566  0.03274233  0.03274233]
[-0.06548467 -0.36016566  0.03274233  0.03274233]
[-0.06548467 -0.36016566  0.03274233  0.        ]
[-0.03274233 -0.39290798  0.03274233  0.        ]
[-0.06548467 -0.32742333  0.03274233  0.03274233]
[-0.09822699 -0.29468098  0.03274233  0.03274233]
[-0.16371167 -0.29468098  0.          0.03274233]
[-0.16371167 -0.36016566 -0.03274233 -0.03274233]
[-0.13096933 -0.36016566 -0.06548467  0.        ]
[-0.16371167 -0.36016566 -0.09822699  0.        ]
[-0.13096933 -0.39290798 -0.09822699  0.        ]
[-0.16371167 -0.39290798 -0.13096933  0.03274233]
[-0.19645399 -0.39290798 -0.13096933  0.03274233]
[-0.22919632 -0.42565033 -0.13096933  0.        ]
[-0.22919632 -0.491135   -0.13096933 -0.03274233]
[-0.22919632 -0.5238773  -0.09822699 -0.03274233]
[-0.22919632 -0.5238773  -0.09822699  0.        ]
[-0.22919632 -0.491135   -0.09822699  0.03274233]
[-0.19645399 -0.491135   -0.09822699  0.03274233]
[-0.16371167 -0.491135   -0.13096933  0.06548467]
[-0.16371167 -0.491135   -0.13096933  0.09822699]
[-0.13096933 -0.45839265 -0.13096933  0.13096933]
[-0.09822699 -0.45839265 -0.13096933  0.13096933]
[-0.09822699 -0.42565033 -0.13096933  0.16371167]
[-0.09822699 -0.45839265 -0.16371167  0.13096933]
[-0.13096933 -0.491135   -0.19645399  0.13096933]
[-0.13096933 -0.491135   -0.22919632  0.09822699]
[-0.16371167 -0.5238773  -0.26193866  0.06548467]
[-0.19645399 -0.55661964 -0.29468098  0.06548467]
[ 0.85130066 -1.0477546  -0.06548467 -0.5238773 ]
[ 0.03274233 -0.22919632  0.16371167 -0.26193866]
[-0.06548467 -0.29468098  0.16371167 -0.03274233]
[-0.06548467 -0.32742333  0.16371167 -0.06548467]
[-0.16371167 -0.32742333  0.13096933 -0.09822699]
[-0.16371167 -0.36016566  0.09822699 -0.13096933]
[-0.22919632 -0.36016566  0.03274233 -0.16371167]
[-0.32742333 -0.36016566 -0.03274233 -0.16371167]
[-0.39290798 -0.491135   -0.16371167 -0.32742333]
[-0.5238773  -0.62210435 -0.36016566 -0.36016566]
[-0.58936197 -0.75307363 -0.5238773  -0.491135  ]
[-0.687589   -0.884043   -0.7203313  -0.58936197]
[-0.75307363 -0.98227    -0.81855834 -0.687589  ]
[-0.75307363 -1.0477546  -0.884043   -0.7203313 ]
[-0.75307363 -1.0150123  -0.884043   -0.687589  ]
[-0.7203313  -0.98227    -0.81855834 -0.65484667]
[-0.65484667 -0.884043   -0.7203313  -0.58936197]
[-0.58936197 -0.81855834 -0.62210435 -0.5238773 ]
[-0.55661964 -0.75307363 -0.55661964 -0.491135  ]
[-0.5238773  -0.7203313  -0.491135   -0.45839265]
[-0.491135   -0.687589   -0.45839265 -0.45839265]
[-0.45839265 -0.687589   -0.39290798 -0.42565033]
[-0.45839265 -0.65484667 -0.36016566 -0.39290798]
[-0.42565033 -0.65484667 -0.32742333 -0.36016566]
[-0.45839265 -0.58936197 -0.36016566 -0.32742333]
[-0.42565033 -0.58936197 -0.39290798 -0.32742333]
[-0.42565033 -0.62210435 -0.42565033 -0.32742333]
[-0.36016566 -0.65484667 -0.45839265 -0.36016566]
[-0.39290798 -0.65484667 -0.45839265 -0.32742333]
[-0.39290798 -0.65484667 -0.45839265 -0.36016566]
[-0.42565033 -0.65484667 -0.45839265 -0.39290798]
[-0.42565033 -0.65484667 -0.45839265 -0.42565033]
[-0.45839265 -0.62210435 -0.45839265 -0.39290798]
[-0.42565033 -0.62210435 -0.42565033 -0.39290798]
[-0.42565033 -0.62210435 -0.42565033 -0.39290798]
[-0.42565033 -0.58936197 -0.42565033 -0.39290798]
[-0.45839265 -0.62210435 -0.42565033 -0.42565033]
[-0.45839265 -0.62210435 -0.45839265 -0.42565033]
[-0.491135   -0.65484667 -0.491135   -0.45839265]
[-0.491135  -0.687589  -0.5238773 -0.491135 ]
[-0.5238773 -0.687589  -0.5238773 -0.491135 ]
[-0.5238773 -0.687589  -0.5238773 -0.491135 ]
[-0.491135   -0.65484667 -0.5238773  -0.491135  ]
[-0.45839265 -0.65484667 -0.491135   -0.45839265]
[-0.45839265 -0.62210435 -0.45839265 -0.42565033]
[-0.42565033 -0.58936197 -0.42565033 -0.42565033]
[-0.42565033 -0.55661964 -0.42565033 -0.39290798]
[-0.39290798 -0.55661964 -0.39290798 -0.39290798]
[-0.39290798 -0.5238773  -0.36016566 -0.32742333]
[-0.32742333 -0.491135   -0.32742333 -0.32742333]
[-0.32742333 -0.491135   -0.29468098 -0.29468098]
[-0.29468098 -0.491135   -0.29468098 -0.29468098]
[-0.32742333 -0.491135   -0.29468098 -0.26193866]
[-0.32742333 -0.45839265 -0.26193866 -0.26193866]
[-0.32742333 -0.45839265 -0.26193866 -0.22919632]
[-0.29468098 -0.45839265 -0.26193866 -0.22919632]
[-0.26193866 -0.45839265 -0.22919632 -0.19645399]
[-0.26193866 -0.45839265 -0.22919632 -0.19645399]
[-0.26193866 -0.45839265 -0.22919632 -0.19645399]
[-0.22919632 -0.45839265 -0.19645399 -0.16371167]
[-0.22919632 -0.45839265 -0.19645399 -0.16371167]
[-0.22919632 -0.42565033 -0.19645399 -0.13096933]
[-0.16371167 -0.42565033 -0.16371167 -0.09822699]
[-0.16371167 -0.39290798 -0.16371167 -0.09822699]
[-0.19645399 -0.39290798 -0.19645399 -0.09822699]
[-0.26193866 -0.42565033 -0.22919632 -0.13096933]
[-0.22919632 -0.45839265 -0.26193866 -0.16371167]
[-0.22919632 -0.45839265 -0.26193866 -0.13096933]
[-0.16371167 -0.45839265 -0.22919632 -0.13096933]
[-0.13096933 -0.45839265 -0.16371167 -0.09822699]
[-0.13096933 -0.36016566 -0.13096933 -0.06548467]
[-0.03274233 -0.36016566 -0.06548467 -0.06548467]
[-0.06548467 -0.29468098 -0.03274233 -0.03274233]
[-0.03274233 -0.22919632  0.03274233 -0.03274233]
[-0.06548467 -0.22919632  0.06548467  0.        ]
[-0.03274233 -0.22919632  0.09822699 -0.03274233]
[-0.06548467 -0.22919632  0.13096933  0.        ]
[-0.03274233 -0.22919632  0.16371167 -0.03274233]
[-0.06548467 -0.19645399  0.16371167  0.        ]
[-0.13096933 -0.19645399  0.16371167  0.03274233]
[-0.06548467 -0.22919632  0.13096933  0.        ]
[-0.06548467 -0.19645399  0.16371167  0.06548467]
[ 0.03274233 -0.22919632  0.16371167  0.06548467]
[ 0.         -0.19645399  0.19645399  0.16371167]
[ 0.03274233 -0.19645399  0.19645399  0.16371167]
[ 0.         -0.16371167  0.19645399  0.19645399]
[ 0.03274233 -0.19645399  0.19645399  0.19645399]
[ 0.09822699 -0.22919632  0.19645399  0.16371167]
[ 0.06548467 -0.26193866  0.19645399  0.13096933]
[-0.03274233 -0.22919632  0.16371167  0.16371167]
[-0.06548467 -0.29468098  0.13096933  0.06548467]
[-0.03274233 -0.36016566  0.09822699  0.06548467]
[-0.03274233 -0.32742333  0.09822699  0.06548467]
[-0.03274233 -0.29468098  0.13096933  0.09822699]
[ 0.         -0.29468098  0.13096933  0.09822699]
[-0.03274233 -0.26193866  0.13096933  0.09822699]
[-0.06548467 -0.26193866  0.09822699  0.09822699]
[-0.13096933 -0.26193866  0.06548467  0.09822699]
[-0.09822699 -0.32742333  0.03274233  0.        ]
[-0.06548467 -0.39290798  0.03274233  0.03274233]
[-0.06548467 -0.36016566  0.03274233  0.03274233]
[-0.06548467 -0.39290798  0.03274233  0.        ]
[-0.03274233 -0.39290798  0.03274233  0.        ]
[-0.06548467 -0.32742333  0.03274233  0.03274233]
[-0.13096933 -0.29468098  0.03274233  0.03274233]
[-0.19645399 -0.29468098  0.          0.        ]
[-0.16371167 -0.36016566 -0.06548467 -0.03274233]
[-0.13096933 -0.39290798 -0.06548467  0.        ]
[-0.16371167 -0.36016566 -0.09822699  0.03274233]
[-0.13096933 -0.36016566 -0.09822699  0.03274233]
[-0.16371167 -0.39290798 -0.13096933  0.03274233]
[-0.22919632 -0.42565033 -0.13096933  0.03274233]
[-0.26193866 -0.45839265 -0.13096933 -0.03274233]
[-0.22919632 -0.5238773  -0.13096933 -0.03274233]
[-0.22919632 -0.55661964 -0.13096933 -0.03274233]
[-0.22919632 -0.55661964 -0.09822699  0.        ]
[-0.22919632 -0.5238773  -0.09822699  0.03274233]
[-0.19645399 -0.491135   -0.09822699  0.03274233]
[-0.16371167 -0.491135   -0.13096933  0.06548467]
[-0.13096933 -0.491135   -0.13096933  0.09822699]
[-0.13096933 -0.45839265 -0.13096933  0.13096933]
[-0.09822699 -0.45839265 -0.16371167  0.13096933]
[-0.13096933 -0.45839265 -0.19645399  0.13096933]
[-0.16371167 -0.491135   -0.22919632  0.09822699]
[-0.16371167 -0.55661964 -0.29468098  0.06548467]
[-0.19645399 -0.58936197 -0.36016566  0.03274233]
[-0.26193866 -0.62210435 -0.39290798  0.        ]
[-0.29468098 -0.65484667 -0.45839265 -0.06548467]
[ 0.75307363 -1.1459817  -0.19645399 -0.58936197]
[ 0.03274233 -0.22919632  0.19645399 -0.22919632]
[-0.03274233 -0.32742333  0.16371167 -0.03274233]
[-0.06548467 -0.32742333  0.16371167 -0.06548467]
[-0.13096933 -0.32742333  0.13096933 -0.09822699]
[-0.13096933 -0.36016566  0.09822699 -0.13096933]
[-0.26193866 -0.32742333  0.03274233 -0.13096933]
[-0.36016566 -0.36016566 -0.03274233 -0.19645399]
[-0.36016566 -0.5238773  -0.19645399 -0.32742333]
[-0.5238773  -0.62210435 -0.36016566 -0.36016566]
[-0.62210435 -0.75307363 -0.55661964 -0.491135  ]
[-0.7203313  -0.884043   -0.75307363 -0.62210435]
[-0.78581595 -1.0150123  -0.884043   -0.687589  ]
[-0.81855834 -1.080497   -0.9495276  -0.75307363]
[-0.81855834 -1.080497   -0.9495276  -0.75307363]
[-0.75307363 -1.0477546  -0.884043   -0.7203313 ]
[-0.687589   -0.9495276  -0.78581595 -0.62210435]
[-0.62210435 -0.81855834 -0.687589   -0.55661964]
[-0.55661964 -0.75307363 -0.58936197 -0.491135  ]
[-0.5238773  -0.7203313  -0.55661964 -0.45839265]
[-0.491135   -0.7203313  -0.491135   -0.45839265]
[-0.491135   -0.687589   -0.45839265 -0.42565033]
[-0.491135   -0.687589   -0.42565033 -0.39290798]
[-0.45839265 -0.687589   -0.39290798 -0.39290798]
[-0.491135   -0.65484667 -0.42565033 -0.36016566]
[-0.491135   -0.65484667 -0.45839265 -0.36016566]
[-0.45839265 -0.65484667 -0.5238773  -0.39290798]
[-0.42565033 -0.7203313  -0.55661964 -0.42565033]
[-0.45839265 -0.7203313  -0.55661964 -0.39290798]
[-0.491135   -0.7203313  -0.58936197 -0.42565033]
[-0.491135   -0.75307363 -0.58936197 -0.491135  ]
[-0.5238773  -0.7203313  -0.58936197 -0.491135  ]
[-0.55661964 -0.7203313  -0.58936197 -0.491135  ]
[-0.491135   -0.7203313  -0.55661964 -0.5238773 ]
[-0.491135   -0.687589   -0.5238773  -0.45839265]
[-0.491135   -0.687589   -0.5238773  -0.45839265]
[-0.491135  -0.687589  -0.5238773 -0.491135 ]
[-0.491135   -0.7203313  -0.55661964 -0.491135  ]
[-0.5238773  -0.7203313  -0.55661964 -0.5238773 ]
[-0.55661964 -0.7203313  -0.58936197 -0.5238773 ]
[-0.55661964 -0.7203313  -0.58936197 -0.5238773 ]
[-0.55661964 -0.7203313  -0.58936197 -0.5238773 ]
[-0.491135   -0.687589   -0.55661964 -0.5238773 ]
[-0.45839265 -0.65484667 -0.5238773  -0.491135  ]
[-0.45839265 -0.62210435 -0.491135   -0.45839265]
[-0.45839265 -0.58936197 -0.45839265 -0.42565033]
[-0.42565033 -0.58936197 -0.42565033 -0.39290798]
[-0.39290798 -0.55661964 -0.42565033 -0.39290798]
[-0.36016566 -0.5238773  -0.36016566 -0.32742333]
[-0.32742333 -0.491135   -0.32742333 -0.29468098]
[-0.29468098 -0.45839265 -0.26193866 -0.26193866]
[-0.26193866 -0.45839265 -0.26193866 -0.22919632]
[-0.29468098 -0.45839265 -0.26193866 -0.22919632]
[-0.29468098 -0.45839265 -0.26193866 -0.22919632]
[-0.29468098 -0.45839265 -0.26193866 -0.22919632]
[-0.29468098 -0.45839265 -0.26193866 -0.22919632]
[-0.26193866 -0.45839265 -0.22919632 -0.19645399]
[-0.29468098 -0.45839265 -0.22919632 -0.19645399]
[-0.26193866 -0.491135   -0.22919632 -0.19645399]
[-0.22919632 -0.45839265 -0.22919632 -0.16371167]
[-0.22919632 -0.45839265 -0.19645399 -0.16371167]
[-0.22919632 -0.42565033 -0.19645399 -0.13096933]
[-0.16371167 -0.42565033 -0.19645399 -0.13096933]
[-0.16371167 -0.39290798 -0.19645399 -0.09822699]
[-0.19645399 -0.39290798 -0.19645399 -0.13096933]
[-0.22919632 -0.42565033 -0.22919632 -0.16371167]
[-0.26193866 -0.45839265 -0.26193866 -0.16371167]
[-0.22919632 -0.45839265 -0.26193866 -0.16371167]
[-0.16371167 -0.45839265 -0.22919632 -0.16371167]
[-0.13096933 -0.42565033 -0.16371167 -0.09822699]
[-0.09822699 -0.39290798 -0.13096933 -0.09822699]
[-0.06548467 -0.32742333 -0.06548467 -0.06548467]
[-0.09822699 -0.26193866 -0.03274233 -0.03274233]
[-0.06548467 -0.26193866  0.         -0.06548467]
[-0.06548467 -0.26193866  0.03274233 -0.03274233]
[-0.06548467 -0.26193866  0.06548467 -0.03274233]
[-0.03274233 -0.22919632  0.13096933  0.        ]
[-0.03274233 -0.19645399  0.13096933  0.        ]
[-0.06548467 -0.19645399  0.16371167  0.        ]
[-0.09822699 -0.19645399  0.13096933  0.        ]
[-0.06548467 -0.22919632  0.13096933  0.        ]
[-0.03274233 -0.22919632  0.16371167  0.06548467]
[ 0.         -0.19645399  0.19645399  0.06548467]
[ 0.         -0.19645399  0.19645399  0.13096933]
[ 0.03274233 -0.19645399  0.19645399  0.13096933]
[ 0.         -0.16371167  0.19645399  0.16371167]
[ 0.03274233 -0.19645399  0.19645399  0.16371167]
[ 0.06548467 -0.22919632  0.19645399  0.16371167]
[ 0.03274233 -0.26193866  0.16371167  0.13096933]
[-0.03274233 -0.26193866  0.13096933  0.13096933]
[-0.03274233 -0.32742333  0.09822699  0.06548467]
[-0.03274233 -0.32742333  0.09822699  0.06548467]
[-0.03274233 -0.32742333  0.09822699  0.06548467]
[-0.03274233 -0.32742333  0.09822699  0.03274233]
[-0.03274233 -0.32742333  0.09822699  0.06548467]
[-0.06548467 -0.26193866  0.13096933  0.09822699]
[-0.09822699 -0.26193866  0.09822699  0.06548467]
[-0.13096933 -0.26193866  0.06548467  0.06548467]
[-0.09822699 -0.36016566  0.03274233  0.        ]
[-0.06548467 -0.39290798  0.03274233  0.03274233]
[-0.06548467 -0.36016566  0.03274233  0.06548467]
[-0.03274233 -0.39290798  0.03274233  0.03274233]
[-0.03274233 -0.36016566  0.03274233  0.03274233]
[-0.09822699 -0.32742333  0.03274233  0.06548467]
[-0.13096933 -0.29468098  0.          0.03274233]
[-0.16371167 -0.32742333 -0.03274233  0.        ]
[-0.13096933 -0.36016566 -0.06548467 -0.03274233]
[-0.13096933 -0.36016566 -0.06548467  0.03274233]
[-0.16371167 -0.36016566 -0.09822699  0.03274233]
[-0.16371167 -0.36016566 -0.09822699  0.03274233]
[-0.19645399 -0.39290798 -0.13096933  0.03274233]
[-0.26193866 -0.42565033 -0.13096933  0.        ]
[-0.22919632 -0.491135   -0.16371167 -0.03274233]
[-0.26193866 -0.55661964 -0.13096933 -0.03274233]
[-0.22919632 -0.55661964 -0.13096933  0.        ]
[-0.22919632 -0.55661964 -0.09822699  0.        ]
[-0.22919632 -0.5238773  -0.13096933  0.03274233]
[-0.19645399 -0.5238773  -0.13096933  0.03274233]
[-0.16371167 -0.491135   -0.13096933  0.06548467]
[-0.13096933 -0.491135   -0.13096933  0.09822699]
[-0.13096933 -0.491135   -0.16371167  0.13096933]
[-0.13096933 -0.491135   -0.19645399  0.09822699]
[-0.19645399 -0.5238773  -0.26193866  0.06548467]
[-0.19645399 -0.58936197 -0.32742333  0.        ]
[-0.26193866 -0.65484667 -0.42565033 -0.03274233]
[-0.32742333 -0.65484667 -0.491135   -0.06548467]
[-0.39290798 -0.7203313  -0.58936197 -0.13096933]
[-0.42565033 -0.81855834 -0.687589   -0.19645399]
[ 0.65484667 -1.2442087  -0.36016566 -0.687589  ]
[ 0.03274233 -0.22919632  0.16371167 -0.22919632]
[ 0.         -0.32742333  0.16371167 -0.03274233]
[-0.06548467 -0.32742333  0.16371167 -0.03274233]
[-0.09822699 -0.29468098  0.13096933 -0.06548467]
[-0.13096933 -0.32742333  0.09822699 -0.09822699]
[-0.26193866 -0.32742333  0.03274233 -0.13096933]
[-0.32742333 -0.36016566 -0.06548467 -0.19645399]
[-0.36016566 -0.55661964 -0.19645399 -0.32742333]
[-0.491135   -0.62210435 -0.39290798 -0.36016566]
[-0.62210435 -0.75307363 -0.58936197 -0.491135  ]
[-0.7203313  -0.9167853  -0.78581595 -0.62210435]
[-0.78581595 -1.0477546  -0.9167853  -0.7203313 ]
[-0.85130066 -1.080497   -0.98227    -0.75307363]
[-0.81855834 -1.080497   -0.98227    -0.78581595]
[-0.78581595 -1.0477546  -0.9495276  -0.7203313 ]
[-0.7203313  -0.9495276  -0.85130066 -0.62210435]
[-0.58936197 -0.85130066 -0.7203313  -0.55661964]
[-0.55661964 -0.75307363 -0.62210435 -0.491135  ]
[-0.5238773  -0.7203313  -0.55661964 -0.45839265]
[-0.5238773  -0.7203313  -0.5238773  -0.42565033]
[-0.491135   -0.687589   -0.5238773  -0.42565033]
[-0.491135   -0.687589   -0.491135   -0.42565033]
[-0.491135   -0.7203313  -0.491135   -0.42565033]
[-0.5238773  -0.7203313  -0.5238773  -0.42565033]
[-0.5238773  -0.7203313  -0.55661964 -0.42565033]
[-0.491135   -0.7203313  -0.62210435 -0.42565033]
[-0.45839265 -0.78581595 -0.65484667 -0.491135  ]
[-0.5238773  -0.78581595 -0.687589   -0.491135  ]
[-0.58936197 -0.78581595 -0.7203313  -0.5238773 ]
[-0.62210435 -0.85130066 -0.7203313  -0.55661964]
[-0.65484667 -0.81855834 -0.75307363 -0.58936197]
[-0.65484667 -0.81855834 -0.75307363 -0.58936197]
[-0.58936197 -0.81855834 -0.687589   -0.58936197]
[-0.58936197 -0.78581595 -0.65484667 -0.5238773 ]
[-0.55661964 -0.75307363 -0.65484667 -0.55661964]
[-0.58936197 -0.75307363 -0.65484667 -0.55661964]
[-0.58936197 -0.75307363 -0.65484667 -0.55661964]
[-0.58936197 -0.75307363 -0.65484667 -0.55661964]
[-0.58936197 -0.75307363 -0.65484667 -0.55661964]
[-0.55661964 -0.75307363 -0.65484667 -0.58936197]
[-0.55661964 -0.75307363 -0.62210435 -0.55661964]
[-0.5238773  -0.7203313  -0.62210435 -0.5238773 ]
[-0.491135   -0.687589   -0.55661964 -0.491135  ]
[-0.45839265 -0.62210435 -0.5238773  -0.45839265]
[-0.45839265 -0.58936197 -0.491135   -0.42565033]
[-0.42565033 -0.58936197 -0.45839265 -0.39290798]
[-0.39290798 -0.55661964 -0.42565033 -0.39290798]
[-0.36016566 -0.5238773  -0.39290798 -0.32742333]
[-0.29468098 -0.491135   -0.29468098 -0.26193866]
[-0.26193866 -0.45839265 -0.26193866 -0.22919632]
[-0.26193866 -0.42565033 -0.22919632 -0.22919632]
[-0.29468098 -0.42565033 -0.22919632 -0.22919632]
[-0.29468098 -0.45839265 -0.22919632 -0.22919632]
[-0.29468098 -0.42565033 -0.22919632 -0.19645399]
[-0.29468098 -0.42565033 -0.26193866 -0.19645399]
[-0.26193866 -0.45839265 -0.22919632 -0.19645399]
[-0.29468098 -0.45839265 -0.26193866 -0.19645399]
[-0.26193866 -0.491135   -0.22919632 -0.19645399]
[-0.26193866 -0.491135   -0.22919632 -0.16371167]
[-0.22919632 -0.45839265 -0.19645399 -0.16371167]
[-0.22919632 -0.42565033 -0.19645399 -0.13096933]
[-0.19645399 -0.42565033 -0.19645399 -0.13096933]
[-0.19645399 -0.42565033 -0.19645399 -0.13096933]
[-0.22919632 -0.42565033 -0.22919632 -0.13096933]
[-0.22919632 -0.45839265 -0.26193866 -0.16371167]
[-0.22919632 -0.45839265 -0.26193866 -0.16371167]
[-0.19645399 -0.45839265 -0.26193866 -0.16371167]
[-0.16371167 -0.45839265 -0.22919632 -0.13096933]
[-0.13096933 -0.42565033 -0.19645399 -0.13096933]
[-0.13096933 -0.36016566 -0.13096933 -0.09822699]
[-0.09822699 -0.32742333 -0.06548467 -0.09822699]
[-0.09822699 -0.26193866 -0.03274233 -0.06548467]
[-0.09822699 -0.26193866  0.         -0.09822699]
[-0.09822699 -0.22919632  0.03274233 -0.03274233]
[-0.06548467 -0.22919632  0.06548467 -0.03274233]
[-0.06548467 -0.22919632  0.09822699 -0.03274233]
[-0.03274233 -0.19645399  0.13096933  0.        ]
[-0.06548467 -0.19645399  0.16371167  0.        ]
[-0.09822699 -0.19645399  0.13096933  0.        ]
[-0.06548467 -0.22919632  0.13096933  0.        ]
[-0.06548467 -0.22919632  0.13096933  0.03274233]
[ 0.         -0.19645399  0.16371167  0.06548467]
[ 0.         -0.19645399  0.19645399  0.09822699]
[ 0.         -0.19645399  0.19645399  0.13096933]
[ 0.         -0.16371167  0.19645399  0.16371167]
[ 0.         -0.19645399  0.19645399  0.13096933]
[ 0.03274233 -0.22919632  0.16371167  0.13096933]
[ 0.         -0.26193866  0.16371167  0.13096933]
[-0.03274233 -0.26193866  0.13096933  0.09822699]
[-0.06548467 -0.29468098  0.09822699  0.09822699]
[-0.06548467 -0.32742333  0.09822699  0.06548467]
[-0.03274233 -0.32742333  0.06548467  0.03274233]
[-0.03274233 -0.36016566  0.06548467  0.03274233]
[-0.03274233 -0.32742333  0.09822699  0.06548467]
[-0.06548467 -0.26193866  0.09822699  0.06548467]
[-0.13096933 -0.26193866  0.09822699  0.06548467]
[-0.13096933 -0.29468098  0.03274233  0.03274233]
[-0.09822699 -0.36016566  0.          0.        ]
[-0.06548467 -0.39290798  0.          0.03274233]
[-0.06548467 -0.36016566  0.          0.03274233]
[-0.03274233 -0.39290798  0.          0.03274233]
[-0.03274233 -0.36016566  0.          0.03274233]
[-0.09822699 -0.32742333  0.          0.03274233]
[-0.16371167 -0.29468098  0.          0.03274233]
[-0.16371167 -0.32742333 -0.03274233  0.        ]
[-0.13096933 -0.36016566 -0.06548467  0.        ]
[-0.13096933 -0.36016566 -0.09822699  0.        ]
[-0.19645399 -0.36016566 -0.09822699  0.03274233]
[-0.19645399 -0.39290798 -0.13096933  0.03274233]
[-0.22919632 -0.39290798 -0.13096933  0.        ]
[-0.26193866 -0.42565033 -0.16371167  0.        ]
[-0.26193866 -0.491135   -0.16371167  0.        ]
[-0.26193866 -0.55661964 -0.16371167  0.        ]
[-0.22919632 -0.58936197 -0.13096933 -0.03274233]
[-0.22919632 -0.58936197 -0.13096933 -0.03274233]
[-0.22919632 -0.55661964 -0.13096933  0.03274233]
[-0.19645399 -0.5238773  -0.13096933  0.06548467]
[-0.16371167 -0.491135   -0.13096933  0.06548467]
[-0.13096933 -0.491135   -0.16371167  0.09822699]
[-0.19645399 -0.491135   -0.19645399  0.09822699]
[-0.19645399 -0.5238773  -0.26193866  0.06548467]
[-0.22919632 -0.58936197 -0.36016566  0.        ]
[-0.29468098 -0.65484667 -0.45839265 -0.06548467]
[-0.36016566 -0.7203313  -0.55661964 -0.09822699]
[-0.491135   -0.78581595 -0.687589   -0.19645399]
[-0.62210435 -0.85130066 -0.81855834 -0.29468098]
[-0.687589   -0.98227    -0.9495276  -0.39290798]
[ 0.5238773  -1.4406626  -0.58936197 -0.85130066]
[ 0.03274233 -0.22919632  0.16371167 -0.26193866]
[ 0.         -0.36016566  0.13096933 -0.06548467]
[-0.06548467 -0.32742333  0.13096933 -0.03274233]
[-0.09822699 -0.32742333  0.13096933 -0.06548467]
[-0.13096933 -0.32742333  0.09822699 -0.09822699]
[-0.29468098 -0.29468098  0.03274233 -0.09822699]
[-0.32742333 -0.39290798 -0.06548467 -0.19645399]
[-0.32742333 -0.5238773  -0.19645399 -0.29468098]
[-0.491135   -0.58936197 -0.39290798 -0.32742333]
[-0.62210435 -0.7203313  -0.58936197 -0.491135  ]
[-0.7203313  -0.9167853  -0.78581595 -0.62210435]
[-0.78581595 -1.0477546  -0.9495276  -0.7203313 ]
[-0.85130066 -1.080497   -1.0150123  -0.75307363]
[-0.81855834 -1.080497   -1.0477546  -0.78581595]
[-0.78581595 -1.0477546  -1.0150123  -0.75307363]
[-0.7203313  -0.9495276  -0.884043   -0.65484667]
[-0.62210435 -0.85130066 -0.75307363 -0.55661964]
[-0.55661964 -0.75307363 -0.62210435 -0.45839265]
[-0.5238773  -0.7203313  -0.58936197 -0.45839265]
[-0.5238773  -0.7203313  -0.55661964 -0.45839265]
[-0.5238773  -0.7203313  -0.55661964 -0.45839265]
[-0.5238773  -0.7203313  -0.55661964 -0.45839265]
[-0.5238773  -0.75307363 -0.55661964 -0.45839265]
[-0.55661964 -0.75307363 -0.58936197 -0.45839265]
[-0.55661964 -0.78581595 -0.65484667 -0.45839265]
[-0.58936197 -0.78581595 -0.7203313  -0.491135  ]
[-0.58936197 -0.81855834 -0.75307363 -0.5238773 ]
[-0.62210435 -0.85130066 -0.81855834 -0.55661964]
[-0.687589   -0.884043   -0.85130066 -0.62210435]
[-0.7203313  -0.9167853  -0.884043   -0.65484667]
[-0.78581595 -0.9167853  -0.884043   -0.65484667]
[-0.75307363 -0.9495276  -0.884043   -0.687589  ]
[-0.65484667 -0.9167853  -0.85130066 -0.687589  ]
[-0.687589   -0.884043   -0.81855834 -0.62210435]
[-0.65484667 -0.884043   -0.81855834 -0.65484667]
[-0.62210435 -0.85130066 -0.78581595 -0.62210435]
[-0.65484667 -0.81855834 -0.75307363 -0.62210435]
[-0.65484667 -0.81855834 -0.75307363 -0.62210435]
[-0.65484667 -0.81855834 -0.75307363 -0.62210435]
[-0.62210435 -0.81855834 -0.7203313  -0.58936197]
[-0.58936197 -0.75307363 -0.687589   -0.58936197]
[-0.55661964 -0.75307363 -0.687589   -0.55661964]
[-0.5238773  -0.7203313  -0.62210435 -0.5238773 ]
[-0.491135   -0.65484667 -0.58936197 -0.45839265]
[-0.45839265 -0.62210435 -0.55661964 -0.42565033]
[-0.45839265 -0.58936197 -0.5238773  -0.42565033]
[-0.42565033 -0.58936197 -0.491135   -0.39290798]
[-0.36016566 -0.55661964 -0.42565033 -0.32742333]
[-0.29468098 -0.491135   -0.32742333 -0.26193866]
[-0.22919632 -0.42565033 -0.26193866 -0.22919632]
[-0.22919632 -0.42565033 -0.22919632 -0.19645399]
[-0.22919632 -0.42565033 -0.22919632 -0.19645399]
[-0.26193866 -0.42565033 -0.22919632 -0.19645399]
[-0.29468098 -0.42565033 -0.22919632 -0.19645399]
[-0.29468098 -0.42565033 -0.26193866 -0.22919632]
[-0.29468098 -0.45839265 -0.26193866 -0.22919632]
[-0.29468098 -0.491135   -0.26193866 -0.19645399]
[-0.26193866 -0.491135   -0.22919632 -0.19645399]
[-0.22919632 -0.491135   -0.22919632 -0.19645399]
[-0.26193866 -0.45839265 -0.22919632 -0.16371167]
[-0.22919632 -0.45839265 -0.22919632 -0.16371167]
[-0.22919632 -0.45839265 -0.22919632 -0.16371167]
[-0.22919632 -0.45839265 -0.22919632 -0.16371167]
[-0.26193866 -0.45839265 -0.22919632 -0.16371167]
[-0.26193866 -0.45839265 -0.26193866 -0.16371167]
[-0.22919632 -0.45839265 -0.26193866 -0.16371167]
[-0.19645399 -0.45839265 -0.26193866 -0.16371167]
[-0.16371167 -0.42565033 -0.19645399 -0.16371167]
[-0.13096933 -0.42565033 -0.19645399 -0.13096933]
[-0.09822699 -0.36016566 -0.13096933 -0.09822699]
[-0.09822699 -0.32742333 -0.09822699 -0.09822699]
[-0.13096933 -0.26193866 -0.03274233 -0.06548467]
[-0.09822699 -0.29468098 -0.03274233 -0.09822699]
[-0.09822699 -0.26193866  0.03274233 -0.06548467]
[-0.06548467 -0.26193866  0.03274233 -0.06548467]
[-0.06548467 -0.22919632  0.09822699 -0.03274233]
[-0.06548467 -0.22919632  0.13096933  0.        ]
[-0.09822699 -0.19645399  0.16371167  0.        ]
[-0.09822699 -0.22919632  0.13096933 -0.03274233]
[-0.06548467 -0.26193866  0.13096933 -0.03274233]
[-0.06548467 -0.22919632  0.13096933  0.03274233]
[-0.03274233 -0.22919632  0.16371167  0.06548467]
[ 0.         -0.19645399  0.19645399  0.09822699]
[ 0.         -0.19645399  0.19645399  0.13096933]
[ 0.         -0.19645399  0.19645399  0.13096933]
[ 0.         -0.19645399  0.19645399  0.13096933]
[ 0.03274233 -0.22919632  0.16371167  0.13096933]
[-0.03274233 -0.26193866  0.13096933  0.09822699]
[-0.03274233 -0.26193866  0.13096933  0.06548467]
[-0.06548467 -0.32742333  0.06548467  0.03274233]
[-0.09822699 -0.32742333  0.06548467  0.03274233]
[-0.06548467 -0.36016566  0.06548467  0.        ]
[-0.06548467 -0.36016566  0.06548467  0.        ]
[-0.06548467 -0.32742333  0.09822699  0.03274233]
[-0.09822699 -0.29468098  0.09822699  0.03274233]
[-0.13096933 -0.26193866  0.06548467  0.06548467]
[-0.13096933 -0.29468098  0.03274233  0.03274233]
[-0.09822699 -0.36016566  0.          0.        ]
[-0.06548467 -0.39290798 -0.03274233  0.        ]
[-0.09822699 -0.39290798 -0.03274233  0.03274233]
[-0.03274233 -0.39290798  0.          0.        ]
[-0.03274233 -0.36016566  0.          0.        ]
[-0.09822699 -0.32742333  0.          0.03274233]
[-0.16371167 -0.29468098 -0.03274233  0.03274233]
[-0.13096933 -0.32742333 -0.06548467  0.        ]
[-0.13096933 -0.36016566 -0.06548467  0.        ]
[-0.13096933 -0.36016566 -0.09822699  0.        ]
[-0.19645399 -0.36016566 -0.09822699  0.03274233]
[-0.22919632 -0.39290798 -0.13096933  0.        ]
[-0.26193866 -0.42565033 -0.16371167  0.        ]
[-0.26193866 -0.45839265 -0.16371167  0.        ]
[-0.26193866 -0.5238773  -0.16371167  0.        ]
[-0.22919632 -0.55661964 -0.16371167  0.        ]
[-0.22919632 -0.58936197 -0.16371167  0.        ]
[-0.22919632 -0.58936197 -0.16371167  0.        ]
[-0.19645399 -0.55661964 -0.13096933  0.03274233]
[-0.19645399 -0.5238773  -0.13096933  0.06548467]
[-0.16371167 -0.5238773  -0.16371167  0.06548467]
[-0.16371167 -0.5238773  -0.19645399  0.06548467]
[-0.19645399 -0.5238773  -0.22919632  0.06548467]
[-0.22919632 -0.55661964 -0.32742333  0.        ]
[-0.32742333 -0.65484667 -0.42565033 -0.06548467]
[-0.39290798 -0.75307363 -0.55661964 -0.16371167]
[-0.491135   -0.85130066 -0.75307363 -0.26193866]
[-0.65484667 -0.9495276  -0.9167853  -0.36016566]
[-0.884043   -1.0150123  -1.080497   -0.45839265]
[-0.9167853 -1.2114663 -1.2442087 -0.687589 ]
[ 0.42565033 -1.7353436  -0.81855834 -1.080497  ]
[ 0.03274233 -0.22919632  0.16371167 -0.26193866]
[-0.03274233 -0.32742333  0.13096933 -0.03274233]
[-0.06548467 -0.29468098  0.13096933 -0.03274233]
[-0.09822699 -0.29468098  0.13096933 -0.06548467]
[-0.13096933 -0.32742333  0.09822699 -0.09822699]
[-0.26193866 -0.29468098  0.03274233 -0.09822699]
[-0.29468098 -0.36016566 -0.06548467 -0.16371167]
[-0.32742333 -0.491135   -0.19645399 -0.29468098]
[-0.491135   -0.58936197 -0.36016566 -0.32742333]
[-0.62210435 -0.75307363 -0.58936197 -0.491135  ]
[-0.7203313  -0.9167853  -0.78581595 -0.62210435]
[-0.78581595 -1.0150123  -0.9495276  -0.7203313 ]
[-0.85130066 -1.080497   -1.0150123  -0.75307363]
[-0.85130066 -1.080497   -1.0477546  -0.78581595]
[-0.78581595 -1.0477546  -1.0150123  -0.75307363]
[-0.7203313  -0.98227    -0.9167853  -0.62210435]
[-0.58936197 -0.85130066 -0.78581595 -0.5238773 ]
[-0.5238773  -0.75307363 -0.65484667 -0.45839265]
[-0.5238773  -0.7203313  -0.58936197 -0.45839265]
[-0.5238773  -0.75307363 -0.58936197 -0.45839265]
[-0.55661964 -0.75307363 -0.58936197 -0.45839265]
[-0.55661964 -0.75307363 -0.62210435 -0.45839265]
[-0.55661964 -0.78581595 -0.65484667 -0.491135  ]
[-0.58936197 -0.78581595 -0.687589   -0.491135  ]
[-0.62210435 -0.81855834 -0.75307363 -0.5238773 ]
[-0.7203313  -0.81855834 -0.81855834 -0.5238773 ]
[-0.687589   -0.884043   -0.884043   -0.62210435]
[-0.75307363 -0.98227    -0.9495276  -0.687589  ]
[-0.81855834 -1.0150123  -0.98227    -0.687589  ]
[-0.85130066 -1.0150123  -1.0150123  -0.75307363]
[-0.884043   -1.0477546  -1.0477546  -0.78581595]
[-0.85130066 -1.080497   -1.0477546  -0.78581595]
[-0.78581595 -1.080497   -0.98227    -0.75307363]
[-0.78581595 -0.98227    -0.9495276  -0.687589  ]
[-0.75307363 -0.98227    -0.9167853  -0.7203313 ]
[-0.7203313 -0.9495276 -0.9167853 -0.687589 ]
[-0.7203313  -0.884043   -0.884043   -0.65484667]
[-0.687589   -0.85130066 -0.85130066 -0.687589  ]
[-0.687589   -0.85130066 -0.81855834 -0.65484667]
[-0.65484667 -0.85130066 -0.78581595 -0.65484667]
[-0.65484667 -0.81855834 -0.75307363 -0.62210435]
[-0.58936197 -0.78581595 -0.7203313  -0.58936197]
[-0.55661964 -0.75307363 -0.687589   -0.55661964]
[-0.55661964 -0.687589   -0.65484667 -0.5238773 ]
[-0.5238773  -0.65484667 -0.58936197 -0.45839265]
[-0.491135   -0.65484667 -0.58936197 -0.45839265]
[-0.45839265 -0.62210435 -0.55661964 -0.42565033]
[-0.39290798 -0.58936197 -0.491135   -0.36016566]
[-0.32742333 -0.5238773  -0.39290798 -0.29468098]
[-0.26193866 -0.45839265 -0.29468098 -0.22919632]
[-0.26193866 -0.42565033 -0.26193866 -0.19645399]
[-0.26193866 -0.42565033 -0.26193866 -0.19645399]
[-0.26193866 -0.42565033 -0.26193866 -0.19645399]
[-0.29468098 -0.42565033 -0.26193866 -0.19645399]
[-0.29468098 -0.42565033 -0.26193866 -0.19645399]
[-0.26193866 -0.45839265 -0.26193866 -0.22919632]
[-0.29468098 -0.45839265 -0.26193866 -0.19645399]
[-0.26193866 -0.491135   -0.26193866 -0.19645399]
[-0.26193866 -0.491135   -0.26193866 -0.19645399]
[-0.26193866 -0.45839265 -0.26193866 -0.16371167]
[-0.26193866 -0.45839265 -0.26193866 -0.19645399]
[-0.26193866 -0.45839265 -0.26193866 -0.19645399]
[-0.26193866 -0.45839265 -0.22919632 -0.19645399]
[-0.26193866 -0.491135   -0.26193866 -0.19645399]
[-0.26193866 -0.491135   -0.26193866 -0.19645399]
[-0.26193866 -0.45839265 -0.26193866 -0.16371167]
[-0.19645399 -0.45839265 -0.22919632 -0.16371167]
[-0.16371167 -0.42565033 -0.19645399 -0.16371167]
[-0.13096933 -0.42565033 -0.16371167 -0.16371167]
[-0.09822699 -0.36016566 -0.13096933 -0.09822699]
[-0.13096933 -0.32742333 -0.09822699 -0.09822699]
[-0.09822699 -0.26193866 -0.03274233 -0.09822699]
[-0.09822699 -0.26193866 -0.03274233 -0.06548467]
[-0.06548467 -0.26193866  0.03274233 -0.06548467]
[-0.06548467 -0.22919632  0.06548467 -0.06548467]
[-0.06548467 -0.22919632  0.09822699 -0.03274233]
[-0.06548467 -0.22919632  0.13096933 -0.03274233]
[-0.09822699 -0.19645399  0.13096933  0.        ]
[-0.09822699 -0.22919632  0.13096933 -0.03274233]
[-0.06548467 -0.26193866  0.13096933 -0.03274233]
[-0.06548467 -0.22919632  0.13096933  0.03274233]
[-0.03274233 -0.22919632  0.16371167  0.03274233]
[ 0.         -0.22919632  0.16371167  0.06548467]
[ 0.         -0.19645399  0.19645399  0.09822699]
[ 0.         -0.19645399  0.19645399  0.13096933]
[ 0.         -0.19645399  0.19645399  0.13096933]
[ 0.         -0.22919632  0.19645399  0.09822699]
[-0.03274233 -0.26193866  0.13096933  0.09822699]
[-0.03274233 -0.29468098  0.13096933  0.06548467]
[-0.06548467 -0.32742333  0.06548467  0.03274233]
[-0.06548467 -0.32742333  0.06548467  0.03274233]
[-0.06548467 -0.36016566  0.06548467  0.        ]
[-0.06548467 -0.32742333  0.06548467  0.03274233]
[-0.09822699 -0.32742333  0.09822699  0.03274233]
[-0.09822699 -0.29468098  0.09822699  0.03274233]
[-0.16371167 -0.29468098  0.06548467  0.03274233]
[-0.13096933 -0.32742333  0.          0.03274233]
[-0.09822699 -0.36016566 -0.03274233  0.        ]
[-0.09822699 -0.39290798 -0.03274233  0.        ]
[-0.09822699 -0.39290798 -0.03274233  0.03274233]
[-0.06548467 -0.39290798 -0.03274233  0.        ]
[-0.06548467 -0.36016566 -0.03274233  0.        ]
[-0.09822699 -0.32742333 -0.03274233  0.03274233]
[-0.13096933 -0.29468098 -0.03274233  0.03274233]
[-0.13096933 -0.32742333 -0.06548467  0.        ]
[-0.13096933 -0.32742333 -0.06548467  0.03274233]
[-0.16371167 -0.36016566 -0.09822699  0.        ]
[-0.19645399 -0.36016566 -0.09822699  0.03274233]
[-0.26193866 -0.39290798 -0.13096933  0.03274233]
[-0.22919632 -0.45839265 -0.16371167  0.        ]
[-0.22919632 -0.491135   -0.16371167  0.        ]
[-0.22919632 -0.5238773  -0.16371167  0.03274233]
[-0.19645399 -0.55661964 -0.16371167  0.        ]
[-0.19645399 -0.58936197 -0.16371167  0.03274233]
[-0.19645399 -0.58936197 -0.16371167  0.03274233]
[-0.16371167 -0.55661964 -0.16371167  0.06548467]
[-0.16371167 -0.5238773  -0.16371167  0.06548467]
[-0.16371167 -0.491135   -0.16371167  0.06548467]
[-0.16371167 -0.5238773  -0.19645399  0.06548467]
[-0.22919632 -0.5238773  -0.26193866  0.03274233]
[-0.29468098 -0.62210435 -0.36016566 -0.03274233]
[-0.39290798 -0.7203313  -0.491135   -0.13096933]
[-0.491135   -0.85130066 -0.687589   -0.26193866]
[-0.58936197 -0.9495276  -0.884043   -0.36016566]
[-0.78581595 -1.0477546  -1.1132393  -0.45839265]
[-1.080497   -1.1132393  -1.3424356  -0.55661964]
[-1.0150123 -1.375178  -1.5388896 -0.884043 ]
[ 0.45839265 -1.8990552  -1.0150123  -1.2114663 ]
[ 0.06548467 -0.22919632  0.16371167 -0.26193866]
[-0.03274233 -0.29468098  0.13096933  0.        ]
[-0.09822699 -0.29468098  0.13096933 -0.03274233]
[-0.13096933 -0.32742333  0.09822699 -0.09822699]
[-0.16371167 -0.36016566  0.09822699 -0.13096933]
[-0.22919632 -0.32742333  0.03274233 -0.09822699]
[-0.29468098 -0.36016566 -0.03274233 -0.16371167]
[-0.32742333 -0.491135   -0.16371167 -0.26193866]
[-0.45839265 -0.58936197 -0.36016566 -0.32742333]
[-0.62210435 -0.75307363 -0.58936197 -0.45839265]
[-0.687589   -0.884043   -0.78581595 -0.62210435]
[-0.78581595 -0.98227    -0.9167853  -0.687589  ]
[-0.85130066 -1.0477546  -1.0150123  -0.75307363]
[-0.85130066 -1.080497   -1.0477546  -0.78581595]
[-0.78581595 -1.080497   -1.0150123  -0.75307363]
[-0.7203313  -0.98227    -0.9167853  -0.62210435]
[-0.58936197 -0.85130066 -0.78581595 -0.5238773 ]
[-0.5238773  -0.75307363 -0.65484667 -0.45839265]
[-0.491135   -0.75307363 -0.62210435 -0.45839265]
[-0.5238773  -0.75307363 -0.62210435 -0.45839265]
[-0.55661964 -0.75307363 -0.65484667 -0.45839265]
[-0.58936197 -0.78581595 -0.65484667 -0.491135  ]
[-0.62210435 -0.81855834 -0.7203313  -0.5238773 ]
[-0.62210435 -0.85130066 -0.78581595 -0.55661964]
[-0.687589   -0.884043   -0.85130066 -0.55661964]
[-0.85130066 -0.85130066 -0.9167853  -0.55661964]
[-0.85130066 -0.98227    -1.0150123  -0.7203313 ]
[-0.85130066 -1.1459817  -1.080497   -0.78581595]
[-0.98227    -1.1132393  -1.1459817  -0.75307363]
[-1.0150123  -1.1132393  -1.1459817  -0.78581595]
[-1.0150123 -1.1787239 -1.1787239 -0.884043 ]
[-0.9495276 -1.276951  -1.1787239 -0.884043 ]
[-0.884043   -1.2442087  -1.1459817  -0.85130066]
[-0.85130066 -1.1459817  -1.080497   -0.78581595]
[-0.81855834 -1.080497   -1.0150123  -0.78581595]
[-0.75307363 -1.0150123  -0.98227    -0.75307363]
[-0.78581595 -0.9495276  -0.9495276  -0.7203313 ]
[-0.75307363 -0.9167853  -0.9167853  -0.7203313 ]
[-0.7203313 -0.884043  -0.884043  -0.7203313]
[-0.687589 -0.884043 -0.884043 -0.687589]
[-0.687589   -0.85130066 -0.81855834 -0.65484667]
[-0.62210435 -0.81855834 -0.78581595 -0.65484667]
[-0.58936197 -0.78581595 -0.75307363 -0.58936197]
[-0.58936197 -0.75307363 -0.7203313  -0.55661964]
[-0.55661964 -0.7203313  -0.687589   -0.5238773 ]
[-0.55661964 -0.687589   -0.65484667 -0.5238773 ]
[-0.5238773  -0.687589   -0.62210435 -0.45839265]
[-0.42565033 -0.62210435 -0.55661964 -0.42565033]
[-0.36016566 -0.55661964 -0.45839265 -0.32742333]
[-0.32742333 -0.5238773  -0.39290798 -0.29468098]
[-0.29468098 -0.491135   -0.36016566 -0.26193866]
[-0.29468098 -0.491135   -0.32742333 -0.26193866]
[-0.26193866 -0.45839265 -0.29468098 -0.22919632]
[-0.29468098 -0.42565033 -0.29468098 -0.19645399]
[-0.29468098 -0.42565033 -0.26193866 -0.19645399]
[-0.26193866 -0.45839265 -0.26193866 -0.22919632]
[-0.29468098 -0.45839265 -0.26193866 -0.19645399]
[-0.26193866 -0.491135   -0.26193866 -0.19645399]
[-0.26193866 -0.491135   -0.26193866 -0.19645399]
[-0.29468098 -0.45839265 -0.26193866 -0.19645399]
[-0.26193866 -0.491135   -0.26193866 -0.19645399]
[-0.26193866 -0.491135   -0.26193866 -0.19645399]
[-0.26193866 -0.491135   -0.22919632 -0.19645399]
[-0.29468098 -0.491135   -0.22919632 -0.19645399]
[-0.26193866 -0.491135   -0.26193866 -0.22919632]
[-0.26193866 -0.45839265 -0.26193866 -0.19645399]
[-0.22919632 -0.45839265 -0.22919632 -0.16371167]
[-0.16371167 -0.42565033 -0.19645399 -0.16371167]
[-0.13096933 -0.42565033 -0.16371167 -0.16371167]
[-0.09822699 -0.36016566 -0.13096933 -0.09822699]
[-0.13096933 -0.29468098 -0.09822699 -0.09822699]
[-0.09822699 -0.26193866 -0.03274233 -0.09822699]
[-0.09822699 -0.26193866  0.         -0.06548467]
[-0.06548467 -0.22919632  0.03274233 -0.06548467]
[-0.06548467 -0.22919632  0.06548467 -0.03274233]
[-0.03274233 -0.19645399  0.09822699 -0.03274233]
[-0.06548467 -0.19645399  0.13096933  0.        ]
[-0.09822699 -0.19645399  0.13096933  0.        ]
[-0.09822699 -0.22919632  0.13096933  0.        ]
[-0.06548467 -0.22919632  0.13096933  0.        ]
[-0.06548467 -0.22919632  0.13096933  0.        ]
[-0.03274233 -0.22919632  0.16371167  0.03274233]
[ 0.         -0.22919632  0.16371167  0.06548467]
[ 0.         -0.19645399  0.19645399  0.09822699]
[ 0.         -0.19645399  0.19645399  0.13096933]
[ 0.         -0.19645399  0.19645399  0.09822699]
[ 0.03274233 -0.22919632  0.16371167  0.09822699]
[ 0.         -0.22919632  0.13096933  0.09822699]
[-0.03274233 -0.29468098  0.09822699  0.06548467]
[-0.06548467 -0.29468098  0.06548467  0.06548467]
[-0.06548467 -0.32742333  0.06548467  0.03274233]
[-0.06548467 -0.32742333  0.06548467  0.03274233]
[-0.06548467 -0.32742333  0.09822699  0.03274233]
[-0.09822699 -0.29468098  0.09822699  0.03274233]
[-0.13096933 -0.32742333  0.09822699  0.        ]
[-0.16371167 -0.32742333  0.03274233  0.03274233]
[-0.16371167 -0.36016566  0.          0.        ]
[-0.13096933 -0.39290798 -0.06548467  0.        ]
[-0.09822699 -0.42565033 -0.09822699 -0.03274233]
[-0.09822699 -0.42565033 -0.09822699  0.        ]
[-0.09822699 -0.42565033 -0.06548467  0.        ]
[-0.09822699 -0.39290798 -0.06548467  0.        ]
[-0.13096933 -0.36016566 -0.06548467  0.        ]
[-0.13096933 -0.32742333 -0.06548467  0.        ]
[-0.16371167 -0.32742333 -0.06548467  0.03274233]
[-0.16371167 -0.32742333 -0.09822699  0.        ]
[-0.19645399 -0.36016566 -0.09822699  0.        ]
[-0.22919632 -0.39290798 -0.13096933  0.03274233]
[-0.26193866 -0.42565033 -0.13096933  0.        ]
[-0.22919632 -0.45839265 -0.16371167  0.        ]
[-0.19645399 -0.5238773  -0.16371167  0.03274233]
[-0.19645399 -0.5238773  -0.16371167  0.06548467]
[-0.16371167 -0.5238773  -0.16371167  0.06548467]
[-0.16371167 -0.5238773  -0.16371167  0.06548467]
[-0.16371167 -0.5238773  -0.16371167  0.06548467]
[-0.16371167 -0.5238773  -0.16371167  0.06548467]
[-0.16371167 -0.491135   -0.16371167  0.09822699]
[-0.16371167 -0.491135   -0.16371167  0.06548467]
[-0.19645399 -0.5238773  -0.19645399  0.03274233]
[-0.26193866 -0.55661964 -0.29468098  0.        ]
[-0.36016566 -0.62210435 -0.39290798 -0.06548467]
[-0.39290798 -0.75307363 -0.55661964 -0.19645399]
[-0.55661964 -0.9167853  -0.78581595 -0.32742333]
[-0.687589   -1.0477546  -1.0150123  -0.45839265]
[-0.9167853  -1.1459817  -1.276951   -0.55661964]
[-1.2442087  -1.1787239  -1.5388896  -0.65484667]
[-1.080497  -1.5061473 -1.768086  -0.98227  ]
[ 0.45839265 -1.96454    -1.1787239  -1.2442087 ]
[ 0.06548467 -0.22919632  0.16371167 -0.22919632]
[-0.06548467 -0.26193866  0.13096933  0.        ]
[-0.13096933 -0.26193866  0.13096933 -0.06548467]
[-0.16371167 -0.36016566  0.09822699 -0.13096933]
[-0.16371167 -0.36016566  0.06548467 -0.13096933]
[-0.22919632 -0.36016566  0.03274233 -0.09822699]
[-0.29468098 -0.36016566 -0.03274233 -0.13096933]
[-0.32742333 -0.491135   -0.16371167 -0.26193866]
[-0.42565033 -0.62210435 -0.36016566 -0.32742333]
[-0.58936197 -0.75307363 -0.55661964 -0.45839265]
[-0.687589   -0.884043   -0.75307363 -0.58936197]
[-0.78581595 -0.9495276  -0.884043   -0.687589  ]
[-0.85130066 -1.0150123  -0.98227    -0.7203313 ]
[-0.81855834 -1.080497   -1.0150123  -0.78581595]
[-0.78581595 -1.080497   -0.98227    -0.7203313 ]
[-0.687589   -0.9495276  -0.884043   -0.62210435]
[-0.58936197 -0.85130066 -0.78581595 -0.5238773 ]
[-0.5238773  -0.75307363 -0.687589   -0.45839265]
[-0.5238773  -0.75307363 -0.65484667 -0.45839265]
[-0.55661964 -0.75307363 -0.65484667 -0.45839265]
[-0.58936197 -0.78581595 -0.687589   -0.491135  ]
[-0.62210435 -0.81855834 -0.7203313  -0.5238773 ]
[-0.65484667 -0.85130066 -0.78581595 -0.55661964]
[-0.687589   -0.884043   -0.85130066 -0.58936197]
[-0.81855834 -0.9167853  -0.9167853  -0.62210435]
[-1.1132393  -0.884043   -1.0150123  -0.62210435]
[-1.0477546  -1.1132393  -1.1459817  -0.85130066]
[-0.9167853 -1.375178  -1.2442087 -0.9167853]
[-1.080497   -1.3096933  -1.3096933  -0.78581595]
[-1.1787239  -1.2114663  -1.276951   -0.81855834]
[-1.1459817 -1.3096933 -1.3096933 -0.9495276]
[-0.9495276 -1.5061473 -1.3424356 -1.0150123]
[-0.884043 -1.473405 -1.276951 -0.884043]
[-0.85130066 -1.2114663  -1.1459817  -0.78581595]
[-0.81855834 -1.080497   -1.080497   -0.75307363]
[-0.78581595 -1.0477546  -1.0477546  -0.78581595]
[-0.81855834 -0.98227    -1.0150123  -0.75307363]
[-0.78581595 -0.98227    -1.0150123  -0.75307363]
[-0.75307363 -0.9495276  -0.98227    -0.75307363]
[-0.7203313 -0.9167853 -0.9167853 -0.7203313]
[-0.7203313 -0.884043  -0.884043  -0.687589 ]
[-0.687589   -0.884043   -0.85130066 -0.687589  ]
[-0.65484667 -0.85130066 -0.81855834 -0.65484667]
[-0.65484667 -0.81855834 -0.78581595 -0.62210435]
[-0.62210435 -0.78581595 -0.78581595 -0.58936197]
[-0.62210435 -0.75307363 -0.75307363 -0.55661964]
[-0.58936197 -0.75307363 -0.7203313  -0.5238773 ]
[-0.5238773  -0.687589   -0.65484667 -0.491135  ]
[-0.45839265 -0.65484667 -0.55661964 -0.42565033]
[-0.39290798 -0.58936197 -0.491135   -0.36016566]
[-0.36016566 -0.55661964 -0.45839265 -0.32742333]
[-0.32742333 -0.55661964 -0.42565033 -0.29468098]
[-0.32742333 -0.491135   -0.36016566 -0.26193866]
[-0.32742333 -0.45839265 -0.32742333 -0.22919632]
[-0.29468098 -0.45839265 -0.32742333 -0.22919632]
[-0.29468098 -0.45839265 -0.29468098 -0.22919632]
[-0.26193866 -0.45839265 -0.26193866 -0.19645399]
[-0.26193866 -0.45839265 -0.26193866 -0.19645399]
[-0.26193866 -0.491135   -0.26193866 -0.19645399]
[-0.26193866 -0.45839265 -0.26193866 -0.19645399]
[-0.26193866 -0.45839265 -0.26193866 -0.22919632]
[-0.26193866 -0.491135   -0.22919632 -0.19645399]
[-0.29468098 -0.491135   -0.22919632 -0.19645399]
[-0.26193866 -0.491135   -0.22919632 -0.19645399]
[-0.26193866 -0.491135   -0.22919632 -0.22919632]
[-0.22919632 -0.491135   -0.22919632 -0.19645399]
[-0.22919632 -0.45839265 -0.22919632 -0.19645399]
[-0.13096933 -0.42565033 -0.19645399 -0.16371167]
[-0.09822699 -0.39290798 -0.16371167 -0.13096933]
[-0.09822699 -0.32742333 -0.13096933 -0.09822699]
[-0.09822699 -0.29468098 -0.09822699 -0.09822699]
[-0.06548467 -0.26193866 -0.03274233 -0.06548467]
[-0.06548467 -0.22919632  0.         -0.06548467]
[-0.03274233 -0.22919632  0.06548467 -0.03274233]
[-0.03274233 -0.19645399  0.09822699 -0.03274233]
[-0.03274233 -0.19645399  0.13096933  0.        ]
[-0.06548467 -0.19645399  0.13096933  0.        ]
[-0.06548467 -0.19645399  0.16371167  0.        ]
[-0.06548467 -0.22919632  0.16371167  0.        ]
[-0.06548467 -0.22919632  0.16371167  0.        ]
[-0.06548467 -0.22919632  0.13096933  0.03274233]
[-0.06548467 -0.22919632  0.13096933  0.03274233]
[-0.03274233 -0.22919632  0.16371167  0.03274233]
[-0.03274233 -0.22919632  0.16371167  0.06548467]
[ 0.         -0.19645399  0.19645399  0.09822699]
[ 0.         -0.19645399  0.19645399  0.09822699]
[ 0.         -0.19645399  0.16371167  0.13096933]
[ 0.         -0.22919632  0.13096933  0.09822699]
[-0.03274233 -0.26193866  0.09822699  0.06548467]
[-0.06548467 -0.29468098  0.06548467  0.06548467]
[-0.06548467 -0.29468098  0.06548467  0.03274233]
[-0.06548467 -0.32742333  0.06548467  0.03274233]
[-0.09822699 -0.29468098  0.09822699  0.03274233]
[-0.09822699 -0.29468098  0.09822699  0.03274233]
[-0.13096933 -0.32742333  0.09822699  0.03274233]
[-0.13096933 -0.36016566  0.03274233  0.        ]
[-0.16371167 -0.39290798 -0.03274233  0.        ]
[-0.13096933 -0.39290798 -0.09822699  0.        ]
[-0.09822699 -0.42565033 -0.09822699  0.        ]
[-0.06548467 -0.39290798 -0.09822699  0.        ]
[-0.09822699 -0.39290798 -0.09822699  0.        ]
[-0.09822699 -0.39290798 -0.06548467  0.        ]
[-0.13096933 -0.36016566 -0.09822699 -0.03274233]
[-0.16371167 -0.36016566 -0.09822699  0.        ]
[-0.19645399 -0.32742333 -0.09822699  0.        ]
[-0.19645399 -0.32742333 -0.09822699  0.        ]
[-0.19645399 -0.36016566 -0.13096933  0.        ]
[-0.22919632 -0.39290798 -0.13096933  0.        ]
[-0.26193866 -0.45839265 -0.16371167  0.        ]
[-0.19645399 -0.491135   -0.16371167  0.        ]
[-0.16371167 -0.5238773  -0.16371167  0.03274233]
[-0.16371167 -0.491135   -0.16371167  0.09822699]
[-0.16371167 -0.491135   -0.19645399  0.06548467]
[-0.16371167 -0.491135   -0.19645399  0.06548467]
[-0.16371167 -0.491135   -0.19645399  0.06548467]
[-0.16371167 -0.491135   -0.16371167  0.06548467]
[-0.16371167 -0.491135   -0.16371167  0.06548467]
[-0.16371167 -0.491135   -0.16371167  0.06548467]
[-0.19645399 -0.5238773  -0.19645399  0.06548467]
[-0.26193866 -0.55661964 -0.29468098  0.        ]
[-0.36016566 -0.65484667 -0.42565033 -0.09822699]
[-0.39290798 -0.81855834 -0.62210435 -0.22919632]
[-0.62210435 -0.9167853  -0.81855834 -0.32742333]
[-0.75307363 -1.080497   -1.080497   -0.5238773 ]
[-1.0150123  -1.2442087  -1.4079204  -0.65484667]
[-1.3424356  -1.3096933  -1.7353436  -0.75307363]
[-1.1787239 -1.6371167 -1.96454   -1.0477546]
[ 0.42565033 -1.96454    -1.276951   -1.276951  ]
[ 0.03274233 -0.22919632  0.16371167 -0.22919632]
[-0.13096933 -0.26193866  0.13096933  0.        ]
[-0.16371167 -0.29468098  0.09822699 -0.09822699]
[-0.19645399 -0.36016566  0.06548467 -0.13096933]
[-0.19645399 -0.42565033  0.06548467 -0.16371167]
[-0.22919632 -0.39290798  0.03274233 -0.13096933]
[-0.32742333 -0.39290798 -0.03274233 -0.13096933]
[-0.32742333 -0.491135   -0.16371167 -0.26193866]
[-0.42565033 -0.58936197 -0.36016566 -0.32742333]
[-0.55661964 -0.7203313  -0.5238773  -0.42565033]
[-0.65484667 -0.85130066 -0.7203313  -0.55661964]
[-0.78581595 -0.9495276  -0.884043   -0.65484667]
[-0.81855834 -1.0150123  -0.98227    -0.7203313 ]
[-0.81855834 -1.0477546  -1.0150123  -0.75307363]
[-0.75307363 -1.0477546  -0.9495276  -0.7203313 ]
[-0.687589   -0.9495276  -0.884043   -0.58936197]
[-0.58936197 -0.85130066 -0.78581595 -0.5238773 ]
[-0.55661964 -0.78581595 -0.687589   -0.491135  ]
[-0.5238773  -0.78581595 -0.687589   -0.491135  ]
[-0.58936197 -0.78581595 -0.687589   -0.491135  ]
[-0.62210435 -0.81855834 -0.7203313  -0.5238773 ]
[-0.65484667 -0.85130066 -0.78581595 -0.55661964]
[-0.687589   -0.884043   -0.85130066 -0.62210435]
[-0.7203313  -0.9167853  -0.9495276  -0.62210435]
[-0.9495276  -0.9167853  -1.0150123  -0.62210435]
[-1.276951  -0.884043  -1.1459817 -0.687589 ]
[-1.1459817 -1.276951  -1.3096933 -1.0150123]
[-0.98227   -1.6043743 -1.4079204 -1.0150123]
[-1.1459817  -1.473405   -1.4406626  -0.75307363]
[-1.2114663  -1.276951   -1.4079204  -0.78581595]
[-1.1132393 -1.375178  -1.4406626 -0.9495276]
[-0.78581595 -1.6371167  -1.4406626  -1.0150123 ]
[-0.884043   -1.5061473  -1.3096933  -0.75307363]
[-0.85130066 -1.2114663  -1.1787239  -0.7203313 ]
[-0.85130066 -1.1132393  -1.1459817  -0.75307363]
[-0.78581595 -1.080497   -1.1132393  -0.78581595]
[-0.81855834 -1.0150123  -1.080497   -0.75307363]
[-0.78581595 -1.0150123  -1.0477546  -0.78581595]
[-0.75307363 -0.98227    -1.0150123  -0.75307363]
[-0.78581595 -0.9495276  -0.98227    -0.7203313 ]
[-0.75307363 -0.9167853  -0.9495276  -0.7203313 ]
[-0.75307363 -0.9167853  -0.9495276  -0.7203313 ]
[-0.7203313 -0.9167853 -0.9167853 -0.7203313]
[-0.7203313 -0.884043  -0.884043  -0.687589 ]
[-0.7203313  -0.85130066 -0.884043   -0.65484667]
[-0.687589   -0.81855834 -0.85130066 -0.65484667]
[-0.65484667 -0.81855834 -0.81855834 -0.62210435]
[-0.58936197 -0.78581595 -0.75307363 -0.55661964]
[-0.5238773 -0.7203313 -0.687589  -0.491135 ]
[-0.491135   -0.65484667 -0.58936197 -0.42565033]
[-0.42565033 -0.62210435 -0.55661964 -0.39290798]
[-0.39290798 -0.58936197 -0.5238773  -0.36016566]
[-0.36016566 -0.55661964 -0.45839265 -0.32742333]
[-0.36016566 -0.5238773  -0.39290798 -0.26193866]
[-0.29468098 -0.491135   -0.36016566 -0.26193866]
[-0.29468098 -0.45839265 -0.32742333 -0.22919632]
[-0.26193866 -0.42565033 -0.29468098 -0.19645399]
[-0.26193866 -0.45839265 -0.26193866 -0.19645399]
[-0.22919632 -0.45839265 -0.26193866 -0.19645399]
[-0.26193866 -0.45839265 -0.26193866 -0.19645399]
[-0.26193866 -0.45839265 -0.22919632 -0.19645399]
[-0.26193866 -0.45839265 -0.22919632 -0.19645399]
[-0.29468098 -0.45839265 -0.22919632 -0.19645399]
[-0.26193866 -0.491135   -0.22919632 -0.19645399]
[-0.26193866 -0.491135   -0.22919632 -0.22919632]
[-0.22919632 -0.45839265 -0.22919632 -0.19645399]
[-0.22919632 -0.45839265 -0.19645399 -0.16371167]
[-0.16371167 -0.42565033 -0.16371167 -0.16371167]
[-0.13096933 -0.39290798 -0.13096933 -0.13096933]
[-0.09822699 -0.32742333 -0.09822699 -0.09822699]
[-0.09822699 -0.29468098 -0.06548467 -0.09822699]
[-0.06548467 -0.26193866 -0.03274233 -0.06548467]
[-0.06548467 -0.22919632  0.03274233 -0.03274233]
[-0.03274233 -0.19645399  0.06548467 -0.03274233]
[-0.03274233 -0.19645399  0.09822699  0.        ]
[-0.03274233 -0.19645399  0.13096933  0.        ]
[-0.03274233 -0.19645399  0.13096933  0.        ]
[-0.06548467 -0.19645399  0.16371167  0.        ]
[-0.03274233 -0.19645399  0.16371167  0.        ]
[-0.06548467 -0.22919632  0.16371167  0.03274233]
[-0.06548467 -0.22919632  0.16371167  0.        ]
[-0.06548467 -0.22919632  0.13096933  0.        ]
[-0.06548467 -0.26193866  0.13096933  0.03274233]
[-0.03274233 -0.22919632  0.16371167  0.06548467]
[-0.03274233 -0.22919632  0.16371167  0.09822699]
[ 0.         -0.19645399  0.16371167  0.09822699]
[ 0.         -0.19645399  0.16371167  0.09822699]
[-0.03274233 -0.22919632  0.13096933  0.06548467]
[-0.03274233 -0.26193866  0.09822699  0.06548467]
[-0.06548467 -0.29468098  0.06548467  0.03274233]
[-0.06548467 -0.29468098  0.06548467  0.03274233]
[-0.06548467 -0.29468098  0.09822699  0.03274233]
[-0.06548467 -0.29468098  0.09822699  0.03274233]
[-0.09822699 -0.29468098  0.09822699  0.06548467]
[-0.09822699 -0.32742333  0.09822699  0.03274233]
[-0.09822699 -0.36016566  0.03274233  0.        ]
[-0.13096933 -0.39290798 -0.06548467  0.        ]
[-0.13096933 -0.42565033 -0.13096933 -0.03274233]
[-0.09822699 -0.42565033 -0.13096933 -0.03274233]
[-0.09822699 -0.39290798 -0.13096933  0.        ]
[-0.09822699 -0.36016566 -0.13096933  0.        ]
[-0.13096933 -0.36016566 -0.09822699 -0.03274233]
[-0.13096933 -0.39290798 -0.09822699 -0.03274233]
[-0.16371167 -0.36016566 -0.09822699 -0.03274233]
[-0.19645399 -0.36016566 -0.13096933 -0.03274233]
[-0.22919632 -0.32742333 -0.13096933  0.        ]
[-0.22919632 -0.36016566 -0.13096933  0.        ]
[-0.22919632 -0.42565033 -0.13096933  0.        ]
[-0.22919632 -0.45839265 -0.13096933  0.03274233]
[-0.19645399 -0.491135   -0.13096933  0.03274233]
[-0.13096933 -0.5238773  -0.13096933  0.03274233]
[-0.16371167 -0.491135   -0.16371167  0.06548467]
[-0.19645399 -0.5238773  -0.19645399  0.06548467]
[-0.19645399 -0.5238773  -0.22919632  0.03274233]
[-0.19645399 -0.5238773  -0.22919632  0.03274233]
[-0.16371167 -0.5238773  -0.19645399  0.06548467]
[-0.16371167 -0.491135   -0.16371167  0.06548467]
[-0.16371167 -0.491135   -0.16371167  0.06548467]
[-0.19645399 -0.5238773  -0.19645399  0.03274233]
[-0.26193866 -0.58936197 -0.29468098 -0.03274233]
[-0.32742333 -0.687589   -0.42565033 -0.09822699]
[-0.39290798 -0.85130066 -0.62210435 -0.26193866]
[-0.65484667 -0.884043   -0.85130066 -0.29468098]
[-0.78581595 -1.080497   -1.1459817  -0.58936197]
[-1.080497  -1.276951  -1.473405  -0.7203313]
[-1.3424356  -1.4079204  -1.8335706  -0.85130066]
[-1.2442087 -1.6698589 -2.062767  -1.0477546]
[ 0.42565033 -1.9972823  -1.375178   -1.3096933 ]
[ 0.         -0.22919632  0.16371167 -0.26193866]
[-0.19645399 -0.29468098  0.09822699 -0.03274233]
[-0.22919632 -0.32742333  0.06548467 -0.13096933]
[-0.22919632 -0.42565033  0.06548467 -0.16371167]
[-0.19645399 -0.45839265  0.03274233 -0.16371167]
[-0.19645399 -0.45839265  0.03274233 -0.13096933]
[-0.32742333 -0.39290798 -0.03274233 -0.09822699]
[-0.32742333 -0.491135   -0.16371167 -0.22919632]
[-0.39290798 -0.58936197 -0.32742333 -0.32742333]
[-0.55661964 -0.7203313  -0.5238773  -0.42565033]
[-0.65484667 -0.81855834 -0.687589   -0.5238773 ]
[-0.75307363 -0.9167853  -0.85130066 -0.62210435]
[-0.81855834 -0.98227    -0.9495276  -0.687589  ]
[-0.78581595 -1.0150123  -0.98227    -0.7203313 ]
[-0.7203313 -1.0150123 -0.9495276 -0.687589 ]
[-0.687589   -0.9167853  -0.85130066 -0.58936197]
[-0.58936197 -0.85130066 -0.78581595 -0.5238773 ]
[-0.55661964 -0.81855834 -0.7203313  -0.491135  ]
[-0.55661964 -0.81855834 -0.687589   -0.491135  ]
[-0.62210435 -0.81855834 -0.7203313  -0.5238773 ]
[-0.65484667 -0.85130066 -0.78581595 -0.55661964]
[-0.687589   -0.884043   -0.85130066 -0.58936197]
[-0.7203313  -0.9167853  -0.9167853  -0.62210435]
[-0.78581595 -0.9495276  -1.0150123  -0.65484667]
[-1.0477546  -0.884043   -1.1132393  -0.62210435]
[-1.3424356 -0.9167853 -1.276951  -0.687589 ]
[-1.080497  -1.3424356 -1.4406626 -1.0150123]
[-0.884043  -1.7026013 -1.5061473 -1.0150123]
[-1.1459817  -1.473405   -1.5061473  -0.65484667]
[-1.1787239 -1.3096933 -1.5388896 -0.687589 ]
[-0.98227    -1.4079204  -1.5716319  -0.85130066]
[-0.65484667 -1.6043743  -1.473405   -0.9167853 ]
[-0.85130066 -1.4079204  -1.3424356  -0.65484667]
[-0.884043   -1.2442087  -1.276951   -0.75307363]
[-0.884043   -1.2114663  -1.2442087  -0.81855834]
[-0.81855834 -1.1787239  -1.2114663  -0.81855834]
[-0.85130066 -1.080497   -1.1459817  -0.75307363]
[-0.81855834 -1.0150123  -1.1132393  -0.78581595]
[-0.78581595 -1.0150123  -1.080497   -0.78581595]
[-0.85130066 -0.98227    -1.0477546  -0.75307363]
[-0.81855834 -0.98227    -1.0150123  -0.78581595]
[-0.78581595 -0.98227    -1.0150123  -0.78581595]
[-0.78581595 -0.98227    -0.98227    -0.75307363]
[-0.78581595 -0.9495276  -0.98227    -0.75307363]
[-0.78581595 -0.9167853  -0.98227    -0.7203313 ]
[-0.78581595 -0.9167853  -0.9495276  -0.7203313 ]
[-0.75307363 -0.9167853  -0.9495276  -0.7203313 ]
[-0.687589   -0.884043   -0.884043   -0.65484667]
[-0.62210435 -0.81855834 -0.81855834 -0.58936197]
[-0.58936197 -0.75307363 -0.7203313  -0.5238773 ]
[-0.5238773  -0.7203313  -0.65484667 -0.491135  ]
[-0.45839265 -0.687589   -0.58936197 -0.42565033]
[-0.42565033 -0.62210435 -0.5238773  -0.39290798]
[-0.39290798 -0.55661964 -0.45839265 -0.32742333]
[-0.36016566 -0.5238773  -0.39290798 -0.29468098]
[-0.32742333 -0.491135   -0.32742333 -0.22919632]
[-0.26193866 -0.45839265 -0.29468098 -0.22919632]
[-0.26193866 -0.45839265 -0.26193866 -0.19645399]
[-0.22919632 -0.45839265 -0.26193866 -0.19645399]
[-0.26193866 -0.45839265 -0.26193866 -0.19645399]
[-0.26193866 -0.45839265 -0.22919632 -0.19645399]
[-0.26193866 -0.491135   -0.22919632 -0.22919632]
[-0.29468098 -0.491135   -0.22919632 -0.19645399]
[-0.26193866 -0.491135   -0.22919632 -0.22919632]
[-0.26193866 -0.491135   -0.22919632 -0.22919632]
[-0.26193866 -0.491135   -0.22919632 -0.19645399]
[-0.22919632 -0.491135   -0.19645399 -0.19645399]
[-0.16371167 -0.45839265 -0.16371167 -0.19645399]
[-0.16371167 -0.39290798 -0.16371167 -0.16371167]
[-0.13096933 -0.32742333 -0.09822699 -0.13096933]
[-0.13096933 -0.29468098 -0.06548467 -0.09822699]
[-0.06548467 -0.26193866  0.         -0.06548467]
[-0.06548467 -0.22919632  0.03274233 -0.03274233]
[-0.03274233 -0.19645399  0.09822699 -0.03274233]
[-0.03274233 -0.19645399  0.09822699 -0.03274233]
[-0.03274233 -0.19645399  0.13096933  0.        ]
[-0.03274233 -0.19645399  0.13096933  0.        ]
[-0.03274233 -0.16371167  0.16371167  0.        ]
[-0.03274233 -0.19645399  0.16371167  0.        ]
[-0.06548467 -0.22919632  0.16371167  0.        ]
[-0.06548467 -0.22919632  0.13096933  0.        ]
[-0.09822699 -0.26193866  0.13096933  0.        ]
[-0.06548467 -0.26193866  0.09822699  0.        ]
[-0.03274233 -0.29468098  0.09822699  0.03274233]
[-0.03274233 -0.26193866  0.13096933  0.06548467]
[-0.03274233 -0.22919632  0.13096933  0.06548467]
[-0.03274233 -0.22919632  0.09822699  0.06548467]
[-0.03274233 -0.26193866  0.09822699  0.06548467]
[-0.03274233 -0.29468098  0.09822699  0.06548467]
[-0.06548467 -0.29468098  0.06548467  0.03274233]
[-0.06548467 -0.29468098  0.06548467  0.03274233]
[-0.06548467 -0.29468098  0.06548467  0.03274233]
[-0.09822699 -0.29468098  0.09822699  0.03274233]
[-0.06548467 -0.26193866  0.09822699  0.06548467]
[-0.06548467 -0.29468098  0.09822699  0.06548467]
[-0.06548467 -0.32742333  0.03274233  0.03274233]
[-0.09822699 -0.39290798 -0.06548467  0.        ]
[-0.13096933 -0.42565033 -0.13096933 -0.03274233]
[-0.13096933 -0.42565033 -0.16371167 -0.03274233]
[-0.13096933 -0.42565033 -0.16371167 -0.06548467]
[-0.19645399 -0.42565033 -0.19645399 -0.06548467]
[-0.16371167 -0.42565033 -0.19645399 -0.06548467]
[-0.13096933 -0.39290798 -0.16371167 -0.06548467]
[-0.16371167 -0.36016566 -0.13096933 -0.03274233]
[-0.19645399 -0.32742333 -0.13096933 -0.03274233]
[-0.26193866 -0.32742333 -0.13096933  0.        ]
[-0.26193866 -0.36016566 -0.13096933  0.        ]
[-0.22919632 -0.42565033 -0.13096933  0.        ]
[-0.22919632 -0.491135   -0.13096933  0.03274233]
[-0.19645399 -0.491135   -0.13096933  0.03274233]
[-0.16371167 -0.5238773  -0.16371167  0.03274233]
[-0.16371167 -0.5238773  -0.16371167  0.03274233]
[-0.19645399 -0.5238773  -0.22919632  0.03274233]
[-0.22919632 -0.5238773  -0.22919632  0.03274233]
[-0.19645399 -0.5238773  -0.22919632  0.03274233]
[-0.16371167 -0.5238773  -0.19645399  0.03274233]
[-0.16371167 -0.5238773  -0.19645399  0.06548467]
[-0.16371167 -0.5238773  -0.16371167  0.06548467]
[-0.19645399 -0.5238773  -0.19645399  0.03274233]
[-0.26193866 -0.58936197 -0.29468098 -0.03274233]
[-0.29468098 -0.687589   -0.42565033 -0.13096933]
[-0.36016566 -0.85130066 -0.62210435 -0.22919632]
[-0.7203313  -0.81855834 -0.884043   -0.26193866]
[-0.81855834 -1.0150123  -1.2114663  -0.58936197]
[-1.080497   -1.276951   -1.5716319  -0.75307363]
[-1.3096933 -1.473405  -1.8990552 -0.884043 ]
[-1.3096933 -1.6698589 -2.1282516 -1.0477546]
[ 0.42565033 -1.9972823  -1.4079204  -1.375178  ]
[ 0.         -0.26193866  0.13096933 -0.29468098]
[-0.26193866 -0.29468098  0.06548467 -0.03274233]
[-0.22919632 -0.36016566  0.06548467 -0.13096933]
[-0.22919632 -0.45839265  0.03274233 -0.16371167]
[-0.16371167 -0.491135    0.03274233 -0.16371167]
[-0.22919632 -0.45839265  0.         -0.13096933]
[-0.29468098 -0.42565033 -0.06548467 -0.13096933]
[-0.32742333 -0.5238773  -0.19645399 -0.22919632]
[-0.39290798 -0.58936197 -0.36016566 -0.29468098]
[-0.491135   -0.687589   -0.5238773  -0.39290798]
[-0.58936197 -0.78581595 -0.65484667 -0.491135  ]
[-0.687589   -0.884043   -0.78581595 -0.58936197]
[-0.75307363 -0.9495276  -0.9167853  -0.65484667]
[-0.75307363 -1.0150123  -0.98227    -0.687589  ]
[-0.687589   -0.98227    -0.9495276  -0.65484667]
[-0.65484667 -0.884043   -0.884043   -0.55661964]
[-0.58936197 -0.85130066 -0.78581595 -0.5238773 ]
[-0.55661964 -0.81855834 -0.75307363 -0.491135  ]
[-0.58936197 -0.85130066 -0.75307363 -0.5238773 ]
[-0.62210435 -0.85130066 -0.78581595 -0.55661964]
[-0.687589   -0.884043   -0.85130066 -0.58936197]
[-0.7203313  -0.9167853  -0.884043   -0.62210435]
[-0.75307363 -0.9495276  -0.98227    -0.65484667]
[-0.85130066 -0.9495276  -1.080497   -0.65484667]
[-1.1132393  -0.884043   -1.2114663  -0.62210435]
[-1.4079204  -0.9167853  -1.375178   -0.58936197]
[-1.0150123 -1.3424356 -1.5061473 -0.9167853]
[-0.85130066 -1.6043743  -1.5388896  -0.85130066]
[-1.0150123  -1.4406626  -1.5716319  -0.65484667]
[-1.0477546  -1.4079204  -1.6371167  -0.65484667]
[-0.85130066 -1.4079204  -1.6371167  -0.7203313 ]
[-0.58936197 -1.473405   -1.5061473  -0.78581595]
[-0.75307363 -1.3096933  -1.4406626  -0.65484667]
[-0.85130066 -1.3096933  -1.375178   -0.78581595]
[-0.884043   -1.276951   -1.3424356  -0.81855834]
[-0.85130066 -1.2442087  -1.276951   -0.85130066]
[-0.884043   -1.1787239  -1.2442087  -0.78581595]
[-0.884043   -1.1132393  -1.2114663  -0.81855834]
[-0.85130066 -1.1132393  -1.1787239  -0.85130066]
[-0.9167853  -1.080497   -1.1459817  -0.81855834]
[-0.884043   -1.080497   -1.1132393  -0.85130066]
[-0.85130066 -1.0477546  -1.080497   -0.81855834]
[-0.85130066 -1.0477546  -1.080497   -0.81855834]
[-0.85130066 -1.0477546  -1.080497   -0.81855834]
[-0.884043   -1.0150123  -1.080497   -0.81855834]
[-0.884043   -1.0150123  -1.080497   -0.81855834]
[-0.85130066 -1.0150123  -1.0477546  -0.78581595]
[-0.78581595 -0.98227    -1.0150123  -0.7203313 ]
[-0.7203313 -0.9167853 -0.9495276 -0.687589 ]
[-0.65484667 -0.884043   -0.85130066 -0.62210435]
[-0.62210435 -0.81855834 -0.78581595 -0.55661964]
[-0.55661964 -0.75307363 -0.687589   -0.491135  ]
[-0.491135   -0.687589   -0.58936197 -0.45839265]
[-0.42565033 -0.65484667 -0.5238773  -0.36016566]
[-0.36016566 -0.58936197 -0.45839265 -0.32742333]
[-0.36016566 -0.491135   -0.36016566 -0.26193866]
[-0.29468098 -0.491135   -0.32742333 -0.22919632]
[-0.26193866 -0.491135   -0.29468098 -0.22919632]
[-0.26193866 -0.45839265 -0.26193866 -0.19645399]
[-0.26193866 -0.45839265 -0.26193866 -0.19645399]
[-0.26193866 -0.491135   -0.26193866 -0.22919632]
[-0.29468098 -0.491135   -0.26193866 -0.22919632]
[-0.29468098 -0.491135   -0.26193866 -0.22919632]
[-0.29468098 -0.5238773  -0.26193866 -0.22919632]
[-0.26193866 -0.491135   -0.22919632 -0.19645399]
[-0.22919632 -0.491135   -0.22919632 -0.22919632]
[-0.22919632 -0.491135   -0.22919632 -0.22919632]
[-0.19645399 -0.491135   -0.19645399 -0.19645399]
[-0.16371167 -0.42565033 -0.16371167 -0.16371167]
[-0.13096933 -0.36016566 -0.13096933 -0.13096933]
[-0.13096933 -0.29468098 -0.06548467 -0.09822699]
[-0.09822699 -0.26193866  0.         -0.09822699]
[-0.09822699 -0.22919632  0.03274233 -0.06548467]
[-0.06548467 -0.19645399  0.09822699 -0.03274233]
[-0.06548467 -0.19645399  0.13096933 -0.03274233]
[-0.03274233 -0.19645399  0.13096933  0.        ]
[-0.03274233 -0.19645399  0.16371167  0.        ]
[-0.06548467 -0.19645399  0.16371167  0.        ]
[-0.06548467 -0.22919632  0.13096933 -0.03274233]
[-0.09822699 -0.26193866  0.09822699  0.        ]
[-0.09822699 -0.22919632  0.13096933  0.        ]
[-0.06548467 -0.26193866  0.06548467  0.        ]
[-0.09822699 -0.32742333  0.03274233 -0.03274233]
[-0.13096933 -0.32742333  0.         -0.03274233]
[-0.13096933 -0.36016566 -0.03274233 -0.03274233]
[-0.16371167 -0.36016566 -0.06548467 -0.03274233]
[-0.16371167 -0.36016566 -0.03274233 -0.03274233]
[-0.13096933 -0.36016566  0.          0.        ]
[-0.09822699 -0.36016566  0.03274233  0.        ]
[-0.09822699 -0.32742333  0.03274233  0.        ]
[-0.09822699 -0.32742333  0.06548467  0.03274233]
[-0.06548467 -0.32742333  0.06548467  0.        ]
[-0.09822699 -0.29468098  0.06548467  0.03274233]
[-0.06548467 -0.26193866  0.09822699  0.06548467]
[-0.03274233 -0.26193866  0.06548467  0.06548467]
[-0.03274233 -0.32742333  0.          0.03274233]
[-0.09822699 -0.39290798 -0.06548467 -0.03274233]
[-0.13096933 -0.45839265 -0.16371167 -0.06548467]
[-0.19645399 -0.491135   -0.22919632 -0.13096933]
[-0.29468098 -0.491135   -0.29468098 -0.16371167]
[-0.32742333 -0.55661964 -0.39290798 -0.22919632]
[-0.32742333 -0.55661964 -0.39290798 -0.19645399]
[-0.19645399 -0.491135   -0.26193866 -0.16371167]
[-0.19645399 -0.39290798 -0.19645399 -0.03274233]
[-0.22919632 -0.32742333 -0.13096933 -0.03274233]
[-0.29468098 -0.32742333 -0.13096933  0.        ]
[-0.29468098 -0.36016566 -0.09822699  0.        ]
[-0.19645399 -0.45839265 -0.13096933  0.        ]
[-0.19645399 -0.491135   -0.16371167  0.03274233]
[-0.19645399 -0.491135   -0.16371167  0.06548467]
[-0.13096933 -0.55661964 -0.16371167  0.        ]
[-0.16371167 -0.55661964 -0.19645399  0.03274233]
[-0.22919632 -0.5238773  -0.22919632  0.03274233]
[-0.26193866 -0.5238773  -0.26193866  0.03274233]
[-0.19645399 -0.5238773  -0.26193866  0.        ]
[-0.16371167 -0.5238773  -0.22919632  0.03274233]
[-0.19645399 -0.5238773  -0.19645399  0.06548467]
[-0.19645399 -0.55661964 -0.19645399  0.03274233]
[-0.26193866 -0.58936197 -0.26193866  0.        ]
[-0.29468098 -0.62210435 -0.32742333 -0.06548467]
[-0.36016566 -0.7203313  -0.45839265 -0.16371167]
[-0.42565033 -0.85130066 -0.65484667 -0.29468098]
[-0.85130066 -0.85130066 -0.98227    -0.29468098]
[-0.884043  -1.1132393 -1.3096933 -0.687589 ]
[-1.1132393  -1.3424356  -1.6371167  -0.78581595]
[-1.3096933 -1.473405  -1.8990552 -0.884043 ]
[-1.276951  -1.6371167 -2.0955093 -1.0150123]
[ 0.45839265 -1.9972823  -1.3424356  -1.375178  ]
[-0.06548467 -0.29468098  0.06548467 -0.29468098]
[-0.22919632 -0.36016566  0.         -0.09822699]
[-0.26193866 -0.39290798  0.         -0.16371167]
[-0.22919632 -0.491135    0.         -0.16371167]
[-0.22919632 -0.491135   -0.03274233 -0.16371167]
[-0.22919632 -0.45839265 -0.06548467 -0.16371167]
[-0.32742333 -0.45839265 -0.13096933 -0.16371167]
[-0.36016566 -0.5238773  -0.22919632 -0.22919632]
[-0.39290798 -0.58936197 -0.39290798 -0.29468098]
[-0.491135   -0.687589   -0.5238773  -0.36016566]
[-0.55661964 -0.75307363 -0.62210435 -0.45839265]
[-0.65484667 -0.85130066 -0.75307363 -0.55661964]
[-0.7203313  -0.9167853  -0.884043   -0.62210435]
[-0.7203313  -0.98227    -0.98227    -0.65484667]
[-0.687589   -0.98227    -0.98227    -0.62210435]
[-0.65484667 -0.884043   -0.884043   -0.5238773 ]
[-0.55661964 -0.85130066 -0.81855834 -0.5238773 ]
[-0.55661964 -0.81855834 -0.75307363 -0.5238773 ]
[-0.62210435 -0.85130066 -0.78581595 -0.55661964]
[-0.687589   -0.884043   -0.85130066 -0.58936197]
[-0.7203313  -0.9167853  -0.9167853  -0.62210435]
[-0.75307363 -0.9495276  -0.98227    -0.65484667]
[-0.78581595 -0.9495276  -1.0477546  -0.687589  ]
[-0.85130066 -0.98227    -1.1459817  -0.687589  ]
[-1.1132393  -0.9167853  -1.276951   -0.62210435]
[-1.473405   -0.85130066 -1.4406626  -0.55661964]
[-0.9495276 -1.375178  -1.6043743 -0.9495276]
[-0.7203313  -1.6698589  -1.6698589  -0.85130066]
[-0.687589   -1.5061473  -1.6698589  -0.65484667]
[-0.81855834 -1.3424356  -1.6371167  -0.5238773 ]
[-0.687589   -1.2442087  -1.6043743  -0.55661964]
[-0.55661964 -1.2442087  -1.5388896  -0.65484667]
[-0.687589   -1.1459817  -1.473405   -0.62210435]
[-0.81855834 -1.2114663  -1.4406626  -0.7203313 ]
[-0.85130066 -1.2114663  -1.4079204  -0.78581595]
[-0.81855834 -1.2114663  -1.375178   -0.85130066]
[-0.884043   -1.1787239  -1.3424356  -0.81855834]
[-0.9495276 -1.1787239 -1.3096933 -0.884043 ]
[-0.9495276 -1.1787239 -1.3096933 -0.9495276]
[-0.98227   -1.1459817 -1.276951  -0.9167853]
[-0.9495276 -1.1459817 -1.2114663 -0.9167853]
[-0.9495276 -1.1132393 -1.1787239 -0.884043 ]
[-0.9167853 -1.1132393 -1.1787239 -0.9167853]
[-0.9167853 -1.1459817 -1.1787239 -0.9167853]
[-0.9495276 -1.1459817 -1.2114663 -0.9167853]
[-0.9495276 -1.1132393 -1.2114663 -0.884043 ]
[-0.9167853  -1.080497   -1.2114663  -0.85130066]
[-0.85130066 -1.0477546  -1.1459817  -0.78581595]
[-0.78581595 -0.98227    -1.0477546  -0.75307363]
[-0.75307363 -0.9495276  -0.98227    -0.687589  ]
[-0.687589   -0.884043   -0.884043   -0.62210435]
[-0.58936197 -0.78581595 -0.75307363 -0.55661964]
[-0.491135   -0.75307363 -0.65484667 -0.491135  ]
[-0.42565033 -0.687589   -0.55661964 -0.39290798]
[-0.39290798 -0.62210435 -0.45839265 -0.32742333]
[-0.36016566 -0.55661964 -0.42565033 -0.29468098]
[-0.32742333 -0.5238773  -0.36016566 -0.26193866]
[-0.29468098 -0.491135   -0.32742333 -0.22919632]
[-0.26193866 -0.45839265 -0.29468098 -0.22919632]
[-0.26193866 -0.491135   -0.26193866 -0.22919632]
[-0.29468098 -0.491135   -0.26193866 -0.19645399]
[-0.32742333 -0.491135   -0.29468098 -0.22919632]
[-0.32742333 -0.5238773  -0.29468098 -0.26193866]
[-0.32742333 -0.5238773  -0.29468098 -0.22919632]
[-0.26193866 -0.491135   -0.26193866 -0.22919632]
[-0.22919632 -0.491135   -0.26193866 -0.22919632]
[-0.22919632 -0.5238773  -0.26193866 -0.22919632]
[-0.22919632 -0.491135   -0.22919632 -0.22919632]
[-0.19645399 -0.42565033 -0.19645399 -0.19645399]
[-0.16371167 -0.36016566 -0.09822699 -0.16371167]
[-0.13096933 -0.29468098 -0.06548467 -0.13096933]
[-0.09822699 -0.26193866  0.         -0.09822699]
[-0.09822699 -0.26193866  0.03274233 -0.06548467]
[-0.06548467 -0.22919632  0.06548467 -0.06548467]
[-0.06548467 -0.22919632  0.09822699 -0.03274233]
[-0.03274233 -0.22919632  0.13096933 -0.03274233]
[-0.06548467 -0.22919632  0.13096933  0.        ]
[-0.13096933 -0.22919632  0.09822699 -0.03274233]
[-0.13096933 -0.32742333  0.03274233 -0.09822699]
[-0.16371167 -0.36016566  0.         -0.06548467]
[-0.13096933 -0.32742333 -0.03274233 -0.06548467]
[-0.16371167 -0.36016566 -0.06548467 -0.09822699]
[-0.26193866 -0.45839265 -0.19645399 -0.16371167]
[-0.32742333 -0.5238773  -0.29468098 -0.19645399]
[-0.32742333 -0.55661964 -0.32742333 -0.26193866]
[-0.36016566 -0.58936197 -0.32742333 -0.22919632]
[-0.29468098 -0.5238773  -0.26193866 -0.19645399]
[-0.22919632 -0.45839265 -0.16371167 -0.16371167]
[-0.13096933 -0.42565033 -0.06548467 -0.09822699]
[-0.13096933 -0.39290798  0.          0.        ]
[-0.09822699 -0.32742333  0.03274233 -0.03274233]
[-0.09822699 -0.36016566  0.03274233 -0.03274233]
[-0.09822699 -0.29468098  0.03274233  0.03274233]
[-0.06548467 -0.26193866  0.06548467  0.06548467]
[-0.03274233 -0.26193866  0.03274233  0.06548467]
[-0.06548467 -0.29468098  0.          0.06548467]
[-0.09822699 -0.39290798 -0.06548467 -0.03274233]
[-0.16371167 -0.45839265 -0.19645399 -0.09822699]
[-0.29468098 -0.5238773  -0.29468098 -0.19645399]
[-0.45839265 -0.687589   -0.5238773  -0.36016566]
[-0.5238773  -0.78581595 -0.687589   -0.45839265]
[-0.5238773  -0.78581595 -0.687589   -0.39290798]
[-0.29468098 -0.62210435 -0.491135   -0.29468098]
[-0.22919632 -0.45839265 -0.29468098 -0.09822699]
[-0.19645399 -0.39290798 -0.19645399 -0.06548467]
[-0.26193866 -0.29468098 -0.09822699  0.        ]
[-0.22919632 -0.32742333 -0.09822699  0.03274233]
[-0.22919632 -0.39290798 -0.09822699  0.03274233]
[-0.22919632 -0.45839265 -0.13096933  0.06548467]
[-0.16371167 -0.55661964 -0.19645399  0.        ]
[-0.16371167 -0.58936197 -0.19645399  0.03274233]
[-0.19645399 -0.55661964 -0.16371167  0.03274233]
[-0.19645399 -0.55661964 -0.22919632  0.        ]
[-0.26193866 -0.5238773  -0.26193866  0.        ]
[-0.22919632 -0.5238773  -0.26193866  0.        ]
[-0.22919632 -0.5238773  -0.22919632  0.03274233]
[-0.26193866 -0.5238773  -0.22919632  0.03274233]
[-0.26193866 -0.58936197 -0.26193866 -0.06548467]
[-0.29468098 -0.65484667 -0.29468098 -0.06548467]
[-0.32742333 -0.687589   -0.36016566 -0.09822699]
[-0.42565033 -0.75307363 -0.491135   -0.19645399]
[-0.491135   -0.9167853  -0.75307363 -0.39290798]
[-1.0150123  -0.9495276  -1.080497   -0.39290798]
[-0.98227    -1.276951   -1.4406626  -0.81855834]
[-1.2114663  -1.4406626  -1.7026013  -0.81855834]
[-1.276951  -1.473405  -1.8990552 -0.884043 ]
[-1.2114663 -1.5716319 -1.9972823 -0.98227  ]
[ 0.491135  -1.9317976 -1.2442087 -1.276951 ]
[-0.16371167 -0.36016566  0.         -0.39290798]
[-0.36016566 -0.5238773  -0.16371167 -0.19645399]
[-0.36016566 -0.55661964 -0.13096933 -0.22919632]
[-0.29468098 -0.5238773  -0.09822699 -0.22919632]
[-0.29468098 -0.58936197 -0.13096933 -0.22919632]
[-0.32742333 -0.5238773  -0.13096933 -0.22919632]
[-0.32742333 -0.5238773  -0.16371167 -0.22919632]
[-0.36016566 -0.55661964 -0.26193866 -0.26193866]
[-0.45839265 -0.62210435 -0.39290798 -0.29468098]
[-0.5238773  -0.7203313  -0.5238773  -0.39290798]
[-0.58936197 -0.78581595 -0.62210435 -0.491135  ]
[-0.65484667 -0.884043   -0.7203313  -0.55661964]
[-0.7203313  -0.9495276  -0.884043   -0.62210435]
[-0.75307363 -1.0150123  -0.98227    -0.65484667]
[-0.75307363 -1.0150123  -0.98227    -0.65484667]
[-0.687589   -0.9495276  -0.9167853  -0.58936197]
[-0.62210435 -0.884043   -0.85130066 -0.55661964]
[-0.58936197 -0.85130066 -0.78581595 -0.5238773 ]
[-0.62210435 -0.85130066 -0.81855834 -0.55661964]
[-0.687589   -0.9167853  -0.884043   -0.62210435]
[-0.7203313 -0.9495276 -0.9495276 -0.687589 ]
[-0.78581595 -0.98227    -1.0150123  -0.687589  ]
[-0.81855834 -0.98227    -1.080497   -0.687589  ]
[-0.9167853 -0.98227   -1.1787239 -0.687589 ]
[-1.1787239  -0.9495276  -1.3424356  -0.62210435]
[-1.5716319  -0.884043   -1.5388896  -0.55661964]
[-0.81855834 -1.473405   -1.7026013  -1.080497  ]
[-0.62210435 -1.7353436  -1.768086   -0.7203313 ]
[-0.5238773 -1.4406626 -1.6698589 -0.491135 ]
[-0.62210435 -1.080497   -1.5716319  -0.36016566]
[-0.55661964 -0.98227    -1.5716319  -0.45839265]
[-0.58936197 -1.0150123  -1.5388896  -0.55661964]
[-0.687589   -0.98227    -1.473405   -0.62210435]
[-0.78581595 -1.080497   -1.4406626  -0.7203313 ]
[-0.81855834 -1.1132393  -1.4079204  -0.75307363]
[-0.78581595 -1.1459817  -1.375178   -0.81855834]
[-0.85130066 -1.1459817  -1.3424356  -0.81855834]
[-0.9495276 -1.1787239 -1.375178  -0.884043 ]
[-0.98227   -1.2114663 -1.3424356 -0.9495276]
[-1.0477546 -1.2114663 -1.3424356 -0.98227  ]
[-1.0150123 -1.2114663 -1.3096933 -0.98227  ]
[-1.0150123 -1.2114663 -1.276951  -0.98227  ]
[-1.0150123 -1.2114663 -1.276951  -0.98227  ]
[-1.0150123 -1.2442087 -1.3096933 -1.0150123]
[-1.0477546 -1.2442087 -1.375178  -0.98227  ]
[-1.080497  -1.1787239 -1.375178  -0.9495276]
[-0.98227   -1.1459817 -1.3424356 -0.9167853]
[-0.9495276  -1.080497   -1.276951   -0.85130066]
[-0.85130066 -1.0477546  -1.1787239  -0.81855834]
[-0.78581595 -1.0150123  -1.080497   -0.75307363]
[-0.7203313  -0.9167853  -0.9495276  -0.62210435]
[-0.62210435 -0.81855834 -0.78581595 -0.55661964]
[-0.491135   -0.75307363 -0.65484667 -0.45839265]
[-0.42565033 -0.687589   -0.55661964 -0.39290798]
[-0.39290798 -0.62210435 -0.491135   -0.32742333]
[-0.36016566 -0.55661964 -0.42565033 -0.29468098]
[-0.32742333 -0.5238773  -0.39290798 -0.26193866]
[-0.29468098 -0.491135   -0.36016566 -0.22919632]
[-0.29468098 -0.491135   -0.32742333 -0.22919632]
[-0.26193866 -0.491135   -0.29468098 -0.22919632]
[-0.29468098 -0.491135   -0.26193866 -0.19645399]
[-0.36016566 -0.491135   -0.29468098 -0.22919632]
[-0.36016566 -0.55661964 -0.32742333 -0.29468098]
[-0.36016566 -0.55661964 -0.32742333 -0.26193866]
[-0.29468098 -0.5238773  -0.29468098 -0.26193866]
[-0.22919632 -0.5238773  -0.26193866 -0.22919632]
[-0.22919632 -0.5238773  -0.26193866 -0.22919632]
[-0.22919632 -0.491135   -0.22919632 -0.22919632]
[-0.19645399 -0.42565033 -0.19645399 -0.19645399]
[-0.16371167 -0.36016566 -0.09822699 -0.16371167]
[-0.13096933 -0.29468098 -0.03274233 -0.09822699]
[-0.09822699 -0.26193866  0.         -0.09822699]
[-0.13096933 -0.26193866  0.03274233 -0.06548467]
[-0.09822699 -0.26193866  0.03274233 -0.06548467]
[-0.13096933 -0.26193866  0.03274233 -0.06548467]
[-0.09822699 -0.29468098  0.03274233 -0.06548467]
[-0.16371167 -0.29468098  0.         -0.06548467]
[-0.22919632 -0.36016566 -0.09822699 -0.13096933]
[-0.26193866 -0.45839265 -0.19645399 -0.26193866]
[-0.36016566 -0.5238773  -0.29468098 -0.26193866]
[-0.42565033 -0.58936197 -0.36016566 -0.29468098]
[-0.491135   -0.687589   -0.491135   -0.39290798]
[-0.58936197 -0.78581595 -0.62210435 -0.491135  ]
[-0.687589   -0.884043   -0.75307363 -0.55661964]
[-0.65484667 -0.884043   -0.75307363 -0.58936197]
[-0.58936197 -0.81855834 -0.65484667 -0.491135  ]
[-0.491135   -0.7203313  -0.5238773  -0.39290798]
[-0.32742333 -0.55661964 -0.32742333 -0.22919632]
[-0.13096933 -0.45839265 -0.13096933 -0.13096933]
[-0.13096933 -0.36016566  0.         -0.03274233]
[-0.09822699 -0.32742333  0.03274233 -0.03274233]
[-0.06548467 -0.32742333  0.06548467 -0.03274233]
[-0.09822699 -0.29468098  0.03274233  0.03274233]
[-0.09822699 -0.26193866  0.03274233  0.06548467]
[-0.03274233 -0.26193866  0.          0.03274233]
[-0.03274233 -0.32742333 -0.03274233  0.        ]
[-0.03274233 -0.39290798 -0.09822699 -0.06548467]
[-0.19645399 -0.491135   -0.19645399 -0.13096933]
[-0.36016566 -0.55661964 -0.36016566 -0.29468098]
[-0.687589   -0.78581595 -0.687589   -0.5238773 ]
[-0.81855834 -1.0150123  -0.98227    -0.7203313 ]
[-0.687589  -1.0150123 -1.0477546 -0.687589 ]
[-0.62210435 -0.75307363 -0.75307363 -0.39290798]
[-0.16371167 -0.5238773  -0.42565033 -0.29468098]
[-0.26193866 -0.45839265 -0.26193866 -0.03274233]
[-0.09822699 -0.22919632 -0.09822699  0.03274233]
[-0.13096933 -0.19645399 -0.06548467  0.13096933]
[-0.19645399 -0.26193866 -0.06548467  0.09822699]
[-0.13096933 -0.42565033 -0.16371167  0.        ]
[-0.22919632 -0.58936197 -0.22919632  0.03274233]
[-0.22919632 -0.55661964 -0.19645399  0.03274233]
[-0.26193866 -0.55661964 -0.19645399  0.        ]
[-0.26193866 -0.62210435 -0.22919632 -0.03274233]
[-0.29468098 -0.58936197 -0.26193866  0.        ]
[-0.22919632 -0.55661964 -0.22919632  0.        ]
[-0.19645399 -0.5238773  -0.19645399  0.        ]
[-0.26193866 -0.55661964 -0.22919632  0.        ]
[-0.26193866 -0.65484667 -0.22919632 -0.06548467]
[-0.32742333 -0.65484667 -0.29468098 -0.06548467]
[-0.36016566 -0.7203313  -0.39290798 -0.16371167]
[-0.45839265 -0.78581595 -0.55661964 -0.26193866]
[-0.55661964 -0.98227    -0.81855834 -0.45839265]
[-1.0150123 -1.0150123 -1.1787239 -0.491135 ]
[-1.0150123 -1.3424356 -1.5061473 -0.884043 ]
[-1.2114663  -1.4079204  -1.7353436  -0.81855834]
[-1.276951  -1.4406626 -1.866313  -0.884043 ]
[-1.1459817 -1.5388896 -1.8990552 -0.9167853]
[ 0.55661964 -1.866313   -1.1459817  -1.2114663 ]
[-0.19645399 -0.5238773  -0.16371167 -0.58936197]
[-0.5238773  -0.7203313  -0.36016566 -0.36016566]
[-0.491135   -0.65484667 -0.32742333 -0.32742333]
[-0.45839265 -0.687589   -0.29468098 -0.39290798]
[-0.42565033 -0.65484667 -0.29468098 -0.36016566]
[-0.36016566 -0.65484667 -0.26193866 -0.32742333]
[-0.36016566 -0.55661964 -0.22919632 -0.22919632]
[-0.39290798 -0.55661964 -0.29468098 -0.22919632]
[-0.42565033 -0.62210435 -0.42565033 -0.36016566]
[-0.55661964 -0.75307363 -0.55661964 -0.42565033]
[-0.62210435 -0.85130066 -0.65484667 -0.5238773 ]
[-0.687589   -0.9167853  -0.75307363 -0.58936197]
[-0.78581595 -0.98227    -0.884043   -0.65484667]
[-0.81855834 -1.0477546  -0.98227    -0.7203313 ]
[-0.78581595 -1.0477546  -1.0150123  -0.7203313 ]
[-0.75307363 -1.0150123  -0.98227    -0.65484667]
[-0.65484667 -0.9495276  -0.884043   -0.62210435]
[-0.62210435 -0.884043   -0.85130066 -0.55661964]
[-0.65484667 -0.85130066 -0.85130066 -0.55661964]
[-0.687589   -0.9167853  -0.9167853  -0.65484667]
[-0.75307363 -0.98227    -0.98227    -0.687589  ]
[-0.81855834 -0.98227    -1.080497   -0.687589  ]
[-0.85130066 -1.0150123  -1.1459817  -0.7203313 ]
[-0.9167853  -1.0477546  -1.2442087  -0.75307363]
[-1.1459817 -1.0150123 -1.4079204 -0.687589 ]
[-1.5388896  -0.9495276  -1.6698589  -0.55661964]
[-0.7203313 -1.5061473 -1.768086  -1.080497 ]
[-0.55661964 -1.6371167  -1.768086   -0.687589  ]
[-0.62210435 -1.375178   -1.6698589  -0.45839265]
[-0.75307363 -0.98227    -1.5716319  -0.42565033]
[-0.7203313  -0.9495276  -1.5388896  -0.58936197]
[-0.78581595 -0.98227    -1.5061473  -0.62210435]
[-0.75307363 -1.0150123  -1.473405   -0.7203313 ]
[-0.78581595 -1.0477546  -1.4079204  -0.7203313 ]
[-0.75307363 -1.080497   -1.3424356  -0.75307363]
[-0.75307363 -1.080497   -1.3096933  -0.75307363]
[-0.78581595 -1.080497   -1.276951   -0.78581595]
[-0.884043   -1.1132393  -1.3096933  -0.85130066]
[-0.98227   -1.1459817 -1.3424356 -0.9167853]
[-1.0150123 -1.1787239 -1.375178  -0.98227  ]
[-1.0477546 -1.2442087 -1.375178  -1.0150123]
[-1.080497  -1.276951  -1.4079204 -1.0150123]
[-1.1132393 -1.3096933 -1.4406626 -1.080497 ]
[-1.1459817 -1.375178  -1.5061473 -1.1132393]
[-1.1787239 -1.3424356 -1.5388896 -1.080497 ]
[-1.1787239 -1.276951  -1.5388896 -1.0477546]
[-1.080497  -1.2442087 -1.473405  -1.0150123]
[-1.0150123 -1.1787239 -1.4079204 -0.9167853]
[-0.9167853 -1.1459817 -1.276951  -0.884043 ]
[-0.81855834 -1.0477546  -1.1459817  -0.75307363]
[-0.7203313  -0.9495276  -1.0150123  -0.65484667]
[-0.62210435 -0.85130066 -0.85130066 -0.55661964]
[-0.491135   -0.78581595 -0.7203313  -0.45839265]
[-0.42565033 -0.7203313  -0.58936197 -0.39290798]
[-0.42565033 -0.65484667 -0.5238773  -0.36016566]
[-0.39290798 -0.58936197 -0.45839265 -0.32742333]
[-0.36016566 -0.55661964 -0.42565033 -0.29468098]
[-0.32742333 -0.5238773  -0.36016566 -0.26193866]
[-0.29468098 -0.491135   -0.32742333 -0.22919632]
[-0.26193866 -0.491135   -0.29468098 -0.22919632]
[-0.29468098 -0.491135   -0.29468098 -0.22919632]
[-0.39290798 -0.491135   -0.32742333 -0.22919632]
[-0.36016566 -0.55661964 -0.32742333 -0.32742333]
[-0.39290798 -0.58936197 -0.36016566 -0.29468098]
[-0.32742333 -0.58936197 -0.32742333 -0.29468098]
[-0.26193866 -0.55661964 -0.29468098 -0.22919632]
[-0.22919632 -0.5238773  -0.26193866 -0.22919632]
[-0.19645399 -0.491135   -0.22919632 -0.22919632]
[-0.19645399 -0.42565033 -0.16371167 -0.16371167]
[-0.16371167 -0.36016566 -0.13096933 -0.13096933]
[-0.16371167 -0.29468098 -0.06548467 -0.13096933]
[-0.16371167 -0.32742333 -0.06548467 -0.13096933]
[-0.19645399 -0.32742333 -0.09822699 -0.16371167]
[-0.19645399 -0.39290798 -0.13096933 -0.19645399]
[-0.26193866 -0.42565033 -0.16371167 -0.19645399]
[-0.29468098 -0.491135   -0.22919632 -0.26193866]
[-0.39290798 -0.5238773  -0.29468098 -0.29468098]
[-0.5238773  -0.62210435 -0.42565033 -0.36016566]
[-0.58936197 -0.75307363 -0.58936197 -0.5238773 ]
[-0.7203313  -0.884043   -0.75307363 -0.62210435]
[-0.85130066 -1.0150123  -0.9167853  -0.7203313 ]
[-0.9495276  -1.1459817  -1.080497   -0.85130066]
[-1.0477546 -1.2442087 -1.2114663 -0.9495276]
[-1.0477546 -1.276951  -1.2442087 -0.9495276]
[-0.9495276 -1.2114663 -1.1787239 -0.884043 ]
[-0.78581595 -1.0477546  -0.98227    -0.7203313 ]
[-0.58936197 -0.85130066 -0.7203313  -0.5238773 ]
[-0.39290798 -0.58936197 -0.42565033 -0.29468098]
[-0.13096933 -0.42565033 -0.16371167 -0.16371167]
[-0.06548467 -0.29468098  0.03274233  0.        ]
[-0.03274233 -0.26193866  0.09822699  0.03274233]
[ 0.         -0.26193866  0.09822699  0.03274233]
[-0.06548467 -0.22919632  0.06548467  0.03274233]
[-0.06548467 -0.22919632  0.03274233  0.03274233]
[-0.06548467 -0.26193866  0.          0.03274233]
[-0.03274233 -0.29468098 -0.03274233  0.03274233]
[-0.06548467 -0.36016566 -0.06548467 -0.03274233]
[-0.22919632 -0.39290798 -0.19645399 -0.09822699]
[-0.39290798 -0.58936197 -0.42565033 -0.36016566]
[-0.81855834 -0.884043   -0.85130066 -0.687589  ]
[-1.080497  -1.2114663 -1.2442087 -1.0150123]
[-0.98227   -1.375178  -1.375178  -1.0477546]
[-0.9167853  -1.0150123  -1.1132393  -0.62210435]
[-0.26193866 -0.75307363 -0.65484667 -0.55661964]
[-0.32742333 -0.45839265 -0.29468098  0.        ]
[-0.16371167 -0.22919632 -0.09822699  0.06548467]
[ 0.         -0.16371167 -0.03274233  0.13096933]
[ 0.03274233 -0.16371167 -0.09822699  0.13096933]
[-0.06548467 -0.19645399 -0.09822699  0.16371167]
[-0.19645399 -0.32742333 -0.13096933  0.13096933]
[-0.26193866 -0.55661964 -0.22919632 -0.03274233]
[-0.32742333 -0.687589   -0.26193866 -0.09822699]
[-0.26193866 -0.7203313  -0.26193866 -0.13096933]
[-0.26193866 -0.65484667 -0.22919632  0.        ]
[-0.22919632 -0.55661964 -0.16371167  0.03274233]
[-0.22919632 -0.5238773  -0.13096933  0.03274233]
[-0.26193866 -0.55661964 -0.16371167  0.03274233]
[-0.26193866 -0.58936197 -0.19645399 -0.03274233]
[-0.29468098 -0.62210435 -0.26193866 -0.06548467]
[-0.36016566 -0.7203313  -0.39290798 -0.16371167]
[-0.491135   -0.81855834 -0.58936197 -0.26193866]
[-0.62210435 -0.98227    -0.85130066 -0.45839265]
[-0.9495276  -1.0477546  -1.1787239  -0.55661964]
[-1.0477546  -1.3424356  -1.473405   -0.81855834]
[-1.2114663  -1.375178   -1.7026013  -0.85130066]
[-1.276951  -1.473405  -1.8335706 -0.884043 ]
[-1.1459817 -1.5061473 -1.866313  -0.884043 ]
[ 0.55661964 -1.866313   -1.1459817  -1.2114663 ]
[-0.491135   -0.7203313  -0.39290798 -0.81855834]
[-0.75307363 -1.1787239  -0.85130066 -0.687589  ]
[-0.687589   -0.9495276  -0.75307363 -0.58936197]
[-0.65484667 -0.81855834 -0.62210435 -0.5238773 ]
[-0.55661964 -0.78581595 -0.491135   -0.491135  ]
[-0.42565033 -0.7203313  -0.36016566 -0.36016566]
[-0.42565033 -0.62210435 -0.29468098 -0.26193866]
[-0.39290798 -0.55661964 -0.32742333 -0.29468098]
[-0.491135   -0.65484667 -0.45839265 -0.39290798]
[-0.62210435 -0.78581595 -0.58936197 -0.491135  ]
[-0.687589   -0.9167853  -0.7203313  -0.58936197]
[-0.75307363 -0.98227    -0.81855834 -0.65484667]
[-0.78581595 -1.0150123  -0.9167853  -0.687589  ]
[-0.81855834 -1.0477546  -1.0150123  -0.75307363]
[-0.81855834 -1.080497   -1.0477546  -0.75307363]
[-0.81855834 -1.0477546  -1.0150123  -0.7203313 ]
[-0.7203313 -1.0150123 -0.98227   -0.687589 ]
[-0.7203313  -0.9495276  -0.9167853  -0.62210435]
[-0.687589   -0.9167853  -0.9167853  -0.62210435]
[-0.7203313  -0.9495276  -0.98227    -0.65484667]
[-0.78581595 -1.0150123  -1.0477546  -0.7203313 ]
[-0.884043   -1.0477546  -1.1459817  -0.75307363]
[-0.9167853  -1.080497   -1.276951   -0.78581595]
[-1.0150123  -1.080497   -1.3424356  -0.78581595]
[-1.1132393  -1.080497   -1.5061473  -0.75307363]
[-1.4079204 -0.98227   -1.7353436 -0.5238773]
[-0.75307363 -1.4406626  -1.8008283  -0.98227   ]
[-0.491135   -1.5388896  -1.8008283  -0.81855834]
[-0.78581595 -1.4079204  -1.7353436  -0.62210435]
[-0.884043  -1.1459817 -1.6371167 -0.687589 ]
[-0.85130066 -1.1459817  -1.5716319  -0.81855834]
[-0.884043   -1.080497   -1.5061473  -0.75307363]
[-0.884043   -1.080497   -1.4406626  -0.75307363]
[-0.78581595 -1.080497   -1.375178   -0.75307363]
[-0.7203313 -1.0477546 -1.276951  -0.7203313]
[-0.7203313 -1.0150123 -1.2114663 -0.687589 ]
[-0.75307363 -0.98227    -1.2114663  -0.7203313 ]
[-0.85130066 -1.0477546  -1.2442087  -0.78581595]
[-0.9495276  -1.080497   -1.3096933  -0.85130066]
[-0.98227   -1.1459817 -1.375178  -0.9495276]
[-1.0477546 -1.2442087 -1.4406626 -1.0150123]
[-1.1459817 -1.3096933 -1.5388896 -1.0477546]
[-1.2114663 -1.4079204 -1.6698589 -1.1459817]
[-1.2442087 -1.473405  -1.768086  -1.2114663]
[-1.276951  -1.473405  -1.768086  -1.2114663]
[-1.2442087 -1.4079204 -1.7353436 -1.1459817]
[-1.1459817 -1.3096933 -1.6043743 -1.0477546]
[-1.0477546 -1.2114663 -1.473405  -0.9495276]
[-0.9167853 -1.1787239 -1.375178  -0.884043 ]
[-0.81855834 -1.080497   -1.2114663  -0.75307363]
[-0.7203313  -0.9495276  -1.0477546  -0.62210435]
[-0.62210435 -0.85130066 -0.884043   -0.55661964]
[-0.491135   -0.78581595 -0.75307363 -0.491135  ]
[-0.45839265 -0.7203313  -0.62210435 -0.39290798]
[-0.42565033 -0.65484667 -0.55661964 -0.36016566]
[-0.42565033 -0.62210435 -0.491135   -0.36016566]
[-0.39290798 -0.58936197 -0.45839265 -0.29468098]
[-0.36016566 -0.55661964 -0.39290798 -0.29468098]
[-0.32742333 -0.5238773  -0.32742333 -0.22919632]
[-0.26193866 -0.491135   -0.29468098 -0.22919632]
[-0.29468098 -0.491135   -0.29468098 -0.19645399]
[-0.36016566 -0.491135   -0.32742333 -0.22919632]
[-0.36016566 -0.55661964 -0.36016566 -0.29468098]
[-0.36016566 -0.58936197 -0.36016566 -0.29468098]
[-0.29468098 -0.58936197 -0.32742333 -0.26193866]
[-0.22919632 -0.55661964 -0.26193866 -0.22919632]
[-0.19645399 -0.5238773  -0.22919632 -0.22919632]
[-0.19645399 -0.491135   -0.22919632 -0.19645399]
[-0.19645399 -0.42565033 -0.19645399 -0.19645399]
[-0.22919632 -0.39290798 -0.19645399 -0.19645399]
[-0.26193866 -0.42565033 -0.19645399 -0.22919632]
[-0.32742333 -0.45839265 -0.26193866 -0.26193866]
[-0.42565033 -0.55661964 -0.36016566 -0.32742333]
[-0.45839265 -0.65484667 -0.45839265 -0.42565033]
[-0.58936197 -0.75307363 -0.58936197 -0.491135  ]
[-0.65484667 -0.85130066 -0.7203313  -0.62210435]
[-0.81855834 -0.9495276  -0.85130066 -0.687589  ]
[-0.9495276  -1.080497   -1.0150123  -0.81855834]
[-1.0150123 -1.2114663 -1.1787239 -0.9495276]
[-1.1459817 -1.375178  -1.3424356 -1.080497 ]
[-1.3096933 -1.5061473 -1.5388896 -1.2114663]
[-1.4079204 -1.6043743 -1.6698589 -1.3424356]
[-1.4079204 -1.6371167 -1.7353436 -1.375178 ]
[-1.3424356 -1.5716319 -1.7026013 -1.3096933]
[-1.1787239 -1.4079204 -1.5388896 -1.1459817]
[-0.9495276 -1.1787239 -1.2114663 -0.884043 ]
[-0.62210435 -0.884043   -0.85130066 -0.62210435]
[-0.39290798 -0.58936197 -0.45839265 -0.29468098]
[-0.13096933 -0.39290798 -0.13096933 -0.13096933]
[ 0.         -0.26193866  0.06548467  0.        ]
[ 0.03274233 -0.22919632  0.13096933  0.06548467]
[ 0.         -0.19645399  0.16371167  0.03274233]
[-0.03274233 -0.19645399  0.13096933  0.03274233]
[-0.06548467 -0.19645399  0.06548467  0.03274233]
[-0.06548467 -0.22919632  0.03274233  0.03274233]
[ 0.         -0.26193866  0.03274233  0.        ]
[-0.09822699 -0.32742333 -0.03274233 -0.06548467]
[-0.19645399 -0.42565033 -0.19645399 -0.16371167]
[-0.45839265 -0.62210435 -0.45839265 -0.39290798]
[-0.98227    -0.9495276  -0.9495276  -0.78581595]
[-1.3096933 -1.375178  -1.5061473 -1.2442087]
[-1.3424356 -1.6698589 -1.7026013 -1.375178 ]
[-1.1132393 -1.375178  -1.5061473 -0.9495276]
[-0.81855834 -0.9167853  -0.884043   -0.58936197]
[-0.29468098 -0.45839265 -0.39290798 -0.29468098]
[-0.29468098 -0.491135   -0.16371167 -0.06548467]
[-0.16371167 -0.16371167  0.03274233  0.13096933]
[-0.13096933 -0.16371167 -0.03274233  0.26193866]
[ 0.06548467 -0.16371167 -0.09822699  0.16371167]
[-0.03274233 -0.13096933 -0.16371167  0.13096933]
[-0.22919632 -0.36016566 -0.16371167  0.03274233]
[-0.29468098 -0.65484667 -0.26193866 -0.06548467]
[-0.16371167 -0.78581595 -0.29468098 -0.09822699]
[-0.19645399 -0.65484667 -0.19645399  0.03274233]
[-0.19645399 -0.5238773  -0.13096933  0.06548467]
[-0.19645399 -0.491135   -0.09822699  0.03274233]
[-0.22919632 -0.5238773  -0.13096933  0.        ]
[-0.22919632 -0.58936197 -0.16371167 -0.03274233]
[-0.22919632 -0.65484667 -0.22919632 -0.09822699]
[-0.36016566 -0.7203313  -0.39290798 -0.13096933]
[-0.5238773  -0.81855834 -0.62210435 -0.29468098]
[-0.7203313 -1.0150123 -0.884043  -0.491135 ]
[-0.9167853  -1.1132393  -1.1787239  -0.65484667]
[-1.1132393  -1.276951   -1.4406626  -0.78581595]
[-1.1459817 -1.3424356 -1.6371167 -0.884043 ]
[-1.3096933 -1.4406626 -1.8008283 -0.884043 ]
[-1.1459817 -1.5061473 -1.866313  -0.9167853]
[ 0.5238773 -1.8990552 -1.1459817 -1.2114663]
[-0.7203313  -1.1132393  -0.81855834 -1.4079204 ]
[-1.375178  -1.8335706 -1.473405  -1.0477546]
[-1.2114663 -1.5061473 -1.3424356 -0.884043 ]
[-0.9167853  -1.1459817  -1.080497   -0.78581595]
[-0.7203313  -0.9495276  -0.75307363 -0.58936197]
[-0.5238773  -0.81855834 -0.491135   -0.491135  ]
[-0.45839265 -0.7203313  -0.39290798 -0.36016566]
[-0.491135   -0.687589   -0.39290798 -0.32742333]
[-0.5238773  -0.687589   -0.45839265 -0.39290798]
[-0.65484667 -0.81855834 -0.58936197 -0.5238773 ]
[-0.7203313  -0.9495276  -0.7203313  -0.62210435]
[-0.78581595 -1.0150123  -0.85130066 -0.687589  ]
[-0.81855834 -1.0477546  -0.9495276  -0.7203313 ]
[-0.85130066 -1.080497   -1.0150123  -0.75307363]
[-0.85130066 -1.1132393  -1.080497   -0.78581595]
[-0.85130066 -1.1132393  -1.1132393  -0.78581595]
[-0.85130066 -1.080497   -1.1132393  -0.75307363]
[-0.81855834 -1.0150123  -1.080497   -0.7203313 ]
[-0.78581595 -1.0150123  -1.080497   -0.7203313 ]
[-0.81855834 -1.0477546  -1.080497   -0.75307363]
[-0.884043   -1.080497   -1.1787239  -0.78581595]
[-0.9495276  -1.1132393  -1.276951   -0.85130066]
[-1.0150123 -1.1459817 -1.375178  -0.884043 ]
[-1.0477546  -1.1787239  -1.473405   -0.85130066]
[-1.0150123  -1.1787239  -1.5716319  -0.85130066]
[-1.2442087  -1.0477546  -1.768086   -0.58936197]
[-0.81855834 -1.375178   -1.8335706  -0.884043  ]
[-0.491135  -1.473405  -1.8008283 -0.9495276]
[-0.9167853 -1.375178  -1.8008283 -0.7203313]
[-0.98227    -1.2114663  -1.7026013  -0.81855834]
[-0.9495276  -1.1787239  -1.6371167  -0.81855834]
[-0.884043   -1.1132393  -1.5388896  -0.81855834]
[-0.884043   -1.080497   -1.4406626  -0.78581595]
[-0.78581595 -1.080497   -1.3424356  -0.78581595]
[-0.7203313 -1.0477546 -1.2442087 -0.7203313]
[-0.75307363 -0.98227    -1.1787239  -0.687589  ]
[-0.78581595 -0.98227    -1.1787239  -0.75307363]
[-0.85130066 -1.0477546  -1.2114663  -0.78581595]
[-0.9495276  -1.080497   -1.3096933  -0.85130066]
[-0.98227   -1.1459817 -1.4079204 -0.9495276]
[-1.0477546 -1.2442087 -1.5388896 -1.0150123]
[-1.2114663 -1.3424356 -1.7026013 -1.1132393]
[-1.3424356 -1.473405  -1.866313  -1.2442087]
[-1.375178  -1.6043743 -1.9972823 -1.3424356]
[-1.4079204 -1.5716319 -1.9972823 -1.3096933]
[-1.3096933 -1.473405  -1.8990552 -1.2114663]
[-1.1787239 -1.3424356 -1.7353436 -1.080497 ]
[-1.0477546 -1.2442087 -1.5716319 -0.9495276]
[-0.9167853 -1.1787239 -1.4406626 -0.884043 ]
[-0.81855834 -1.080497   -1.276951   -0.75307363]
[-0.75307363 -0.98227    -1.1132393  -0.65484667]
[-0.65484667 -0.884043   -0.9495276  -0.55661964]
[-0.5238773  -0.81855834 -0.81855834 -0.5238773 ]
[-0.491135   -0.75307363 -0.687589   -0.42565033]
[-0.491135   -0.687589   -0.58936197 -0.39290798]
[-0.45839265 -0.65484667 -0.5238773  -0.39290798]
[-0.42565033 -0.62210435 -0.491135   -0.32742333]
[-0.36016566 -0.58936197 -0.42565033 -0.29468098]
[-0.32742333 -0.5238773  -0.36016566 -0.22919632]
[-0.29468098 -0.5238773  -0.29468098 -0.22919632]
[-0.32742333 -0.491135   -0.29468098 -0.19645399]
[-0.39290798 -0.491135   -0.32742333 -0.22919632]
[-0.36016566 -0.55661964 -0.36016566 -0.29468098]
[-0.32742333 -0.58936197 -0.39290798 -0.26193866]
[-0.26193866 -0.58936197 -0.32742333 -0.26193866]
[-0.22919632 -0.55661964 -0.26193866 -0.22919632]
[-0.19645399 -0.5238773  -0.22919632 -0.19645399]
[-0.19645399 -0.5238773  -0.26193866 -0.22919632]
[-0.29468098 -0.491135   -0.29468098 -0.26193866]
[-0.39290798 -0.5238773  -0.36016566 -0.32742333]
[-0.491135   -0.62210435 -0.45839265 -0.42565033]
[-0.58936197 -0.7203313  -0.58936197 -0.5238773 ]
[-0.75307363 -0.85130066 -0.75307363 -0.65484667]
[-0.85130066 -1.0150123  -0.9495276  -0.78581595]
[-1.0150123 -1.1459817 -1.1132393 -0.9167853]
[-1.1459817 -1.3096933 -1.3096933 -1.0477546]
[-1.276951  -1.4079204 -1.473405  -1.1787239]
[-1.4079204 -1.5388896 -1.6371167 -1.276951 ]
[-1.4406626 -1.6371167 -1.768086  -1.4079204]
[-1.5716319 -1.7353436 -1.866313  -1.473405 ]
[-1.6698589 -1.8008283 -1.9972823 -1.5716319]
[-1.7026013 -1.866313  -2.062767  -1.6371167]
[-1.6371167 -1.8335706 -2.0300245 -1.6043743]
[-1.473405  -1.7026013 -1.8990552 -1.473405 ]
[-1.276951  -1.473405  -1.6698589 -1.2442087]
[-0.9495276 -1.1787239 -1.3096933 -0.9495276]
[-0.58936197 -0.85130066 -0.85130066 -0.62210435]
[-0.32742333 -0.5238773  -0.42565033 -0.26193866]
[-0.09822699 -0.36016566 -0.13096933 -0.09822699]
[ 0.         -0.22919632  0.06548467  0.        ]
[ 0.03274233 -0.19645399  0.16371167  0.06548467]
[ 0.         -0.19645399  0.16371167  0.03274233]
[-0.03274233 -0.19645399  0.16371167  0.03274233]
[-0.03274233 -0.19645399  0.13096933  0.03274233]
[-0.03274233 -0.16371167  0.09822699  0.03274233]
[ 0.         -0.22919632  0.06548467  0.        ]
[-0.09822699 -0.26193866 -0.03274233 -0.03274233]
[-0.16371167 -0.42565033 -0.16371167 -0.19645399]
[-0.491135   -0.62210435 -0.45839265 -0.39290798]
[-1.1132393  -0.9495276  -1.0477546  -0.81855834]
[-1.5061473 -1.5716319 -1.7026013 -1.4406626]
[-1.6698589 -1.9317976 -2.062767  -1.7026013]
[-1.4079204 -1.7353436 -1.866313  -1.375178 ]
[-1.3096933  -1.1787239  -1.2442087  -0.75307363]
[-0.13096933 -0.85130066 -0.65484667 -0.78581595]
[-0.39290798 -0.62210435 -0.19645399  0.03274233]
[-0.03274233 -0.29468098  0.03274233 -0.06548467]
[-0.09822699 -0.22919632  0.03274233  0.06548467]
[-0.16371167 -0.19645399  0.          0.26193866]
[-0.06548467 -0.19645399 -0.09822699  0.22919632]
[ 0.06548467 -0.22919632 -0.19645399  0.06548467]
[ 0.         -0.36016566 -0.22919632  0.03274233]
[ 0.         -0.55661964 -0.19645399  0.06548467]
[-0.09822699 -0.491135   -0.16371167  0.16371167]
[-0.16371167 -0.42565033 -0.09822699  0.16371167]
[-0.22919632 -0.45839265 -0.09822699  0.09822699]
[-0.19645399 -0.5238773  -0.13096933  0.        ]
[-0.26193866 -0.58936197 -0.16371167  0.        ]
[-0.19645399 -0.65484667 -0.26193866 -0.06548467]
[-0.36016566 -0.75307363 -0.42565033 -0.16371167]
[-0.58936197 -0.884043   -0.687589   -0.39290798]
[-0.81855834 -1.080497   -0.9495276  -0.62210435]
[-0.9495276  -1.276951   -1.2114663  -0.75307363]
[-1.1459817  -1.276951   -1.4406626  -0.78581595]
[-1.1787239 -1.3424356 -1.6043743 -0.9167853]
[-1.3096933 -1.375178  -1.8008283 -0.884043 ]
[-1.2114663 -1.5061473 -1.8990552 -0.9495276]
[ 0.491135  -1.8990552 -1.2114663 -1.276951 ]
[-0.687589  -1.473405  -1.375178  -1.8335706]
[-1.768086  -2.160994  -2.160994  -1.3424356]
[-1.5716319 -2.0300245 -1.9972823 -1.375178 ]
[-1.3096933 -1.8335706 -1.6698589 -1.1132393]
[-0.9495276  -1.2114663  -1.080497   -0.75307363]
[-0.58936197 -0.9495276  -0.65484667 -0.58936197]
[-0.5238773  -0.85130066 -0.45839265 -0.42565033]
[-0.58936197 -0.78581595 -0.45839265 -0.39290798]
[-0.62210435 -0.81855834 -0.5238773  -0.491135  ]
[-0.687589   -0.884043   -0.62210435 -0.58936197]
[-0.75307363 -0.98227    -0.75307363 -0.65484667]
[-0.81855834 -1.0477546  -0.85130066 -0.687589  ]
[-0.85130066 -1.080497   -0.98227    -0.75307363]
[-0.884043   -1.1132393  -1.080497   -0.78581595]
[-0.884043   -1.1459817  -1.1787239  -0.85130066]
[-0.9495276  -1.1787239  -1.2442087  -0.85130066]
[-0.98227   -1.2114663 -1.3096933 -0.884043 ]
[-0.98227   -1.1787239 -1.3096933 -0.884043 ]
[-0.98227   -1.1787239 -1.3096933 -0.884043 ]
[-0.98227   -1.2114663 -1.3096933 -0.884043 ]
[-0.98227   -1.2442087 -1.375178  -0.9167853]
[-1.0477546 -1.2442087 -1.4406626 -0.9495276]
[-1.080497  -1.2442087 -1.5061473 -0.9495276]
[-1.080497  -1.2114663 -1.5716319 -0.9167853]
[-1.0477546  -1.2114663  -1.6371167  -0.85130066]
[-1.1132393 -1.1132393 -1.768086  -0.687589 ]
[-0.9167853  -1.2442087  -1.866313   -0.78581595]
[-0.55661964 -1.375178   -1.8335706  -0.98227   ]
[-0.9167853  -1.2442087  -1.8335706  -0.78581595]
[-0.98227   -1.2442087 -1.768086  -0.9167853]
[-0.98227   -1.2114663 -1.6698589 -0.9167853]
[-0.9495276 -1.1459817 -1.5716319 -0.884043 ]
[-0.9167853  -1.1459817  -1.473405   -0.81855834]
[-0.78581595 -1.1132393  -1.375178   -0.78581595]
[-0.78581595 -1.0477546  -1.276951   -0.7203313 ]
[-0.81855834 -0.98227    -1.2114663  -0.75307363]
[-0.81855834 -1.0477546  -1.2114663  -0.81855834]
[-0.884043   -1.080497   -1.2442087  -0.81855834]
[-0.9495276  -1.080497   -1.3096933  -0.85130066]
[-0.98227   -1.1787239 -1.4406626 -0.9495276]
[-1.080497  -1.276951  -1.6371167 -1.0477546]
[-1.3096933 -1.4079204 -1.866313  -1.1787239]
[-1.4406626 -1.5716319 -2.0955093 -1.375178 ]
[-1.5061473 -1.7026013 -2.2264786 -1.473405 ]
[-1.5061473 -1.7026013 -2.1937363 -1.4406626]
[-1.375178  -1.5716319 -2.0300245 -1.276951 ]
[-1.2114663 -1.375178  -1.8008283 -1.1132393]
[-1.0477546 -1.276951  -1.6043743 -0.98227  ]
[-0.9495276 -1.2114663 -1.473405  -0.884043 ]
[-0.85130066 -1.1132393  -1.3424356  -0.78581595]
[-0.75307363 -1.0150123  -1.1787239  -0.687589  ]
[-0.687589   -0.9167853  -1.0150123  -0.58936197]
[-0.58936197 -0.85130066 -0.884043   -0.5238773 ]
[-0.5238773  -0.78581595 -0.75307363 -0.45839265]
[-0.491135   -0.7203313  -0.65484667 -0.42565033]
[-0.491135   -0.687589   -0.55661964 -0.39290798]
[-0.42565033 -0.65484667 -0.5238773  -0.36016566]
[-0.36016566 -0.62210435 -0.45839265 -0.32742333]
[-0.36016566 -0.55661964 -0.39290798 -0.26193866]
[-0.29468098 -0.5238773  -0.32742333 -0.22919632]
[-0.32742333 -0.491135   -0.32742333 -0.19645399]
[-0.36016566 -0.5238773  -0.32742333 -0.22919632]
[-0.36016566 -0.55661964 -0.36016566 -0.26193866]
[-0.32742333 -0.62210435 -0.39290798 -0.26193866]
[-0.29468098 -0.58936197 -0.36016566 -0.22919632]
[-0.22919632 -0.58936197 -0.29468098 -0.26193866]
[-0.22919632 -0.55661964 -0.29468098 -0.26193866]
[-0.29468098 -0.58936197 -0.32742333 -0.29468098]
[-0.42565033 -0.62210435 -0.42565033 -0.39290798]
[-0.58936197 -0.7203313  -0.58936197 -0.5238773 ]
[-0.75307363 -0.85130066 -0.75307363 -0.687589  ]
[-0.9167853  -1.0150123  -0.9495276  -0.81855834]
[-1.080497  -1.1787239 -1.1787239 -0.98227  ]
[-1.2114663 -1.375178  -1.375178  -1.1787239]
[-1.375178  -1.5388896 -1.6043743 -1.3096933]
[-1.5061473 -1.7026013 -1.8008283 -1.473405 ]
[-1.6698589 -1.8008283 -1.96454   -1.5716319]
[-1.7353436 -1.866313  -2.0955093 -1.6698589]
[-1.7026013 -1.8990552 -2.1282516 -1.7026013]
[-1.7026013 -1.8990552 -2.160994  -1.7026013]
[-1.7026013 -1.866313  -2.1282516 -1.7026013]
[-1.6698589 -1.8335706 -2.0955093 -1.6698589]
[-1.5388896 -1.7353436 -1.96454   -1.5716319]
[-1.4079204 -1.5716319 -1.8008283 -1.4079204]
[-1.1787239 -1.375178  -1.5716319 -1.2114663]
[-0.85130066 -1.080497   -1.1787239  -0.884043  ]
[-0.5238773  -0.75307363 -0.75307363 -0.5238773 ]
[-0.22919632 -0.42565033 -0.36016566 -0.22919632]
[-0.06548467 -0.29468098 -0.06548467 -0.06548467]
[ 0.03274233 -0.22919632  0.06548467  0.        ]
[ 0.03274233 -0.19645399  0.16371167  0.03274233]
[-0.03274233 -0.19645399  0.16371167  0.03274233]
[-0.03274233 -0.19645399  0.19645399  0.        ]
[ 0.         -0.16371167  0.19645399  0.03274233]
[ 0.         -0.13096933  0.16371167  0.06548467]
[ 0.03274233 -0.16371167  0.13096933  0.03274233]
[-0.06548467 -0.22919632  0.03274233 -0.03274233]
[-0.13096933 -0.36016566 -0.09822699 -0.19645399]
[-0.491135   -0.58936197 -0.42565033 -0.39290798]
[-1.1787239 -0.9495276 -1.080497  -0.884043 ]
[-1.6371167 -1.6698589 -1.866313  -1.6043743]
[-1.9317976 -2.1282516 -2.3901904 -1.8990552]
[-1.6371167 -2.062767  -2.1937363 -1.8008283]
[-1.3424356 -1.4406626 -1.7026013 -0.98227  ]
[-0.45839265 -1.080497   -0.81855834 -0.7203313 ]
[-0.22919632 -0.32742333 -0.16371167  0.06548467]
[-0.09822699 -0.39290798 -0.06548467  0.        ]
[-0.03274233 -0.19645399  0.06548467  0.09822699]
[ 0.         -0.16371167  0.03274233  0.06548467]
[-0.13096933 -0.19645399 -0.03274233  0.19645399]
[-0.09822699 -0.22919632 -0.09822699  0.26193866]
[ 0.16371167 -0.22919632 -0.19645399  0.19645399]
[ 0.36016566 -0.19645399 -0.16371167  0.16371167]
[ 0.09822699 -0.16371167 -0.09822699  0.32742333]
[-0.03274233 -0.22919632 -0.06548467  0.19645399]
[-0.19645399 -0.36016566 -0.13096933  0.09822699]
[-0.19645399 -0.5238773  -0.16371167  0.        ]
[-0.26193866 -0.62210435 -0.22919632 -0.03274233]
[-0.16371167 -0.7203313  -0.32742333 -0.16371167]
[-0.42565033 -0.78581595 -0.491135   -0.19645399]
[-0.7203313  -0.9495276  -0.75307363 -0.45839265]
[-0.85130066 -1.1787239  -1.0477546  -0.75307363]
[-0.98227    -1.375178   -1.276951   -0.85130066]
[-1.1787239  -1.3096933  -1.473405   -0.81855834]
[-1.2442087 -1.3424356 -1.6371167 -0.9167853]
[-1.375178  -1.3424356 -1.8335706 -0.884043 ]
[-1.3096933 -1.5061473 -1.96454   -1.0150123]
[ 0.491135  -1.9972823 -1.276951  -1.375178 ]
[-0.81855834 -1.6043743  -1.8008283  -1.8008283 ]
[-1.7353436 -2.2264786 -2.9140675 -1.5061473]
[-1.4079204 -2.2592208 -2.6193867 -1.7353436]
[-1.4406626 -1.9972823 -2.062767  -1.1459817]
[-1.0477546  -1.375178   -1.3424356  -0.81855834]
[-0.687589   -1.0477546  -0.78581595 -0.62210435]
[-0.58936197 -0.9495276  -0.55661964 -0.491135  ]
[-0.62210435 -0.9495276  -0.58936197 -0.5238773 ]
[-0.7203313  -0.9495276  -0.58936197 -0.5238773 ]
[-0.7203313  -0.9495276  -0.65484667 -0.62210435]
[-0.75307363 -1.0150123  -0.75307363 -0.687589  ]
[-0.81855834 -1.0477546  -0.884043   -0.7203313 ]
[-0.884043   -1.1132393  -1.0477546  -0.78581595]
[-0.9167853 -1.1787239 -1.1787239 -0.884043 ]
[-0.98227   -1.2442087 -1.3424356 -0.9495276]
[-1.1132393 -1.3096933 -1.473405  -1.0150123]
[-1.1787239 -1.4079204 -1.6043743 -1.1132393]
[-1.2442087 -1.4406626 -1.6698589 -1.1132393]
[-1.2114663 -1.4079204 -1.6371167 -1.1132393]
[-1.1787239 -1.4079204 -1.6371167 -1.1132393]
[-1.1459817 -1.4406626 -1.6371167 -1.1132393]
[-1.1787239 -1.375178  -1.6371167 -1.0477546]
[-1.1787239 -1.3096933 -1.6371167 -1.0150123]
[-1.1132393 -1.3096933 -1.6698589 -1.0150123]
[-1.080497  -1.3096933 -1.7026013 -0.98227  ]
[-1.1132393  -1.2442087  -1.768086   -0.85130066]
[-1.0150123  -1.2442087  -1.866313   -0.85130066]
[-0.78581595 -1.3424356  -1.8335706  -0.98227   ]
[-0.98227    -1.1787239  -1.8335706  -0.85130066]
[-1.0477546 -1.276951  -1.768086  -0.98227  ]
[-1.0150123 -1.2114663 -1.7026013 -0.9167853]
[-0.98227   -1.1787239 -1.6043743 -0.884043 ]
[-0.9167853 -1.1459817 -1.5061473 -0.884043 ]
[-0.85130066 -1.1459817  -1.4079204  -0.81855834]
[-0.85130066 -1.0477546  -1.3096933  -0.78581595]
[-0.85130066 -1.0477546  -1.276951   -0.78581595]
[-0.884043   -1.080497   -1.276951   -0.85130066]
[-0.9167853  -1.1132393  -1.3096933  -0.85130066]
[-0.98227   -1.1132393 -1.375178  -0.884043 ]
[-1.0150123 -1.2114663 -1.5388896 -0.98227  ]
[-1.1459817 -1.3424356 -1.768086  -1.1132393]
[-1.4079204 -1.473405  -2.0300245 -1.2442087]
[-1.5716319 -1.6698589 -2.2919633 -1.473405 ]
[-1.6371167 -1.8335706 -2.3901904 -1.5716319]
[-1.5716319 -1.8008283 -2.3574479 -1.5061473]
[-1.4406626 -1.6371167 -2.1282516 -1.3096933]
[-1.2442087 -1.4406626 -1.866313  -1.1132393]
[-1.080497  -1.3096933 -1.6698589 -1.0150123]
[-0.9495276 -1.2442087 -1.5388896 -0.884043 ]
[-0.884043   -1.1459817  -1.4079204  -0.81855834]
[-0.81855834 -1.0477546  -1.276951   -0.7203313 ]
[-0.7203313  -0.9495276  -1.1132393  -0.62210435]
[-0.62210435 -0.9167853  -0.9495276  -0.55661964]
[-0.55661964 -0.85130066 -0.81855834 -0.5238773 ]
[-0.55661964 -0.78581595 -0.7203313  -0.45839265]
[-0.5238773  -0.7203313  -0.62210435 -0.42565033]
[-0.45839265 -0.687589   -0.55661964 -0.39290798]
[-0.39290798 -0.65484667 -0.491135   -0.32742333]
[-0.36016566 -0.58936197 -0.42565033 -0.26193866]
[-0.29468098 -0.55661964 -0.36016566 -0.26193866]
[-0.29468098 -0.5238773  -0.32742333 -0.19645399]
[-0.32742333 -0.491135   -0.36016566 -0.19645399]
[-0.29468098 -0.55661964 -0.36016566 -0.26193866]
[-0.29468098 -0.58936197 -0.39290798 -0.26193866]
[-0.32742333 -0.58936197 -0.39290798 -0.26193866]
[-0.29468098 -0.58936197 -0.36016566 -0.29468098]
[-0.29468098 -0.58936197 -0.36016566 -0.29468098]
[-0.36016566 -0.62210435 -0.42565033 -0.36016566]
[-0.55661964 -0.7203313  -0.55661964 -0.491135  ]
[-0.75307363 -0.85130066 -0.75307363 -0.687589  ]
[-0.9495276 -1.0477546 -0.98227   -0.884043 ]
[-1.1132393 -1.2114663 -1.2114663 -1.0477546]
[-1.2442087 -1.375178  -1.4079204 -1.1787239]
[-1.375178  -1.5061473 -1.6043743 -1.3424356]
[-1.5388896 -1.6698589 -1.8008283 -1.5061473]
[-1.6371167 -1.8008283 -1.96454   -1.6371167]
[-1.7353436 -1.866313  -2.0955093 -1.7026013]
[-1.7353436 -1.866313  -2.1282516 -1.7026013]
[-1.6371167 -1.8335706 -2.0955093 -1.7026013]
[-1.5388896 -1.7026013 -1.9972823 -1.5716319]
[-1.4079204 -1.5716319 -1.866313  -1.473405 ]
[-1.276951  -1.473405  -1.7353436 -1.375178 ]
[-1.2114663 -1.3424356 -1.6043743 -1.2442087]
[-1.1132393 -1.2114663 -1.473405  -1.1459817]
[-0.9167853 -1.1132393 -1.3096933 -1.0150123]
[-0.65484667 -0.9167853  -0.98227    -0.7203313 ]
[-0.39290798 -0.58936197 -0.58936197 -0.39290798]
[-0.13096933 -0.36016566 -0.22919632 -0.16371167]
[-0.03274233 -0.22919632  0.          0.        ]
[ 0.03274233 -0.16371167  0.13096933  0.        ]
[ 0.03274233 -0.16371167  0.19645399  0.03274233]
[-0.03274233 -0.16371167  0.19645399  0.        ]
[ 0.         -0.16371167  0.19645399  0.        ]
[ 0.03274233 -0.13096933  0.22919632  0.03274233]
[ 0.03274233 -0.09822699  0.22919632  0.06548467]
[ 0.03274233 -0.13096933  0.19645399  0.03274233]
[-0.03274233 -0.19645399  0.06548467 -0.03274233]
[-0.09822699 -0.32742333 -0.06548467 -0.16371167]
[-0.39290798 -0.491135   -0.36016566 -0.36016566]
[-1.1459817  -0.9167853  -1.0477546  -0.85130066]
[-1.6698589 -1.6043743 -1.866313  -1.6043743]
[-2.0955093 -2.1282516 -2.5211596 -1.96454  ]
[-1.866313  -2.2919633 -2.5211596 -2.0300245]
[-1.3424356 -1.6698589 -1.9972823 -1.2114663]
[-1.1132393 -0.98227   -0.98227   -0.491135 ]
[ 0.09822699 -0.45839265 -0.32742333 -0.491135  ]
[-0.26193866 -0.687589   -0.09822699  0.03274233]
[-0.03274233 -0.16371167  0.06548467  0.09822699]
[-0.03274233 -0.19645399  0.09822699  0.06548467]
[-0.03274233 -0.22919632  0.03274233  0.06548467]
[-0.09822699 -0.22919632 -0.03274233  0.09822699]
[-0.06548467 -0.19645399 -0.06548467  0.22919632]
[ 0.16371167 -0.16371167 -0.06548467  0.22919632]
[ 0.09822699 -0.03274233 -0.06548467  0.32742333]
[ 0.03274233 -0.09822699 -0.09822699  0.22919632]
[-0.13096933 -0.22919632 -0.16371167  0.13096933]
[-0.19645399 -0.42565033 -0.22919632  0.        ]
[-0.29468098 -0.58936197 -0.32742333 -0.03274233]
[-0.22919632 -0.78581595 -0.42565033 -0.19645399]
[-0.5238773  -0.85130066 -0.62210435 -0.26193866]
[-0.81855834 -1.0150123  -0.9167853  -0.55661964]
[-0.9167853 -1.3096933 -1.2114663 -0.884043 ]
[-1.0150123 -1.4406626 -1.4079204 -0.9167853]
[-1.2442087 -1.3424356 -1.5388896 -0.884043 ]
[-1.3424356 -1.3424356 -1.7026013 -0.9495276]
[-1.5388896 -1.375178  -1.9317976 -0.98227  ]
[-1.4079204 -1.5716319 -2.0955093 -1.1132393]
[ 0.491135  -2.1282516 -1.4079204 -1.473405 ]
[-1.0477546 -1.6371167 -2.1282516 -1.8335706]
[-1.8335706 -2.2919633 -3.4052026 -1.5388896]
[-1.473405  -2.3574479 -3.045037  -1.6698589]
[-1.2114663 -1.8008283 -2.3574479 -1.1787239]
[-1.0477546  -1.375178   -1.5716319  -0.78581595]
[-0.687589   -1.0477546  -0.9167853  -0.62210435]
[-0.62210435 -0.98227    -0.7203313  -0.55661964]
[-0.7203313  -1.0477546  -0.687589   -0.58936197]
[-0.81855834 -1.0150123  -0.7203313  -0.58936197]
[-0.75307363 -1.0150123  -0.7203313  -0.65484667]
[-0.75307363 -1.0150123  -0.78581595 -0.687589  ]
[-0.81855834 -1.0477546  -0.9167853  -0.7203313 ]
[-0.98227    -1.1459817  -1.1459817  -0.85130066]
[-1.080497 -1.276951 -1.375178 -0.98227 ]
[-1.1787239 -1.4406626 -1.6371167 -1.1132393]
[-1.3096933 -1.5388896 -1.866313  -1.2114663]
[-1.4406626 -1.6371167 -2.0300245 -1.3424356]
[-1.5388896 -1.7026013 -2.0955093 -1.4079204]
[-1.5716319 -1.7026013 -2.0955093 -1.4079204]
[-1.4079204 -1.7026013 -2.0300245 -1.4406626]
[-1.375178  -1.6698589 -1.96454   -1.3096933]
[-1.3096933 -1.5061473 -1.866313  -1.1787239]
[-1.276951  -1.4079204 -1.8335706 -1.1132393]
[-1.1787239 -1.375178  -1.8008283 -1.1132393]
[-1.1459817 -1.375178  -1.8008283 -1.0477546]
[-1.1459817 -1.3096933 -1.8008283 -0.98227  ]
[-1.1132393 -1.3096933 -1.866313  -0.98227  ]
[-1.0150123 -1.375178  -1.8335706 -1.0477546]
[-1.0477546 -1.276951  -1.8335706 -1.0477546]
[-1.080497  -1.3424356 -1.768086  -1.0477546]
[-1.080497  -1.276951  -1.7026013 -0.98227  ]
[-1.0477546 -1.2442087 -1.6371167 -0.9495276]
[-0.9167853 -1.2442087 -1.5388896 -0.9495276]
[-0.9167853  -1.1787239  -1.4406626  -0.85130066]
[-0.884043   -1.1132393  -1.3424356  -0.85130066]
[-0.9167853  -1.080497   -1.3424356  -0.85130066]
[-0.9495276 -1.1459817 -1.3424356 -0.9167853]
[-1.0150123 -1.1787239 -1.4079204 -0.9167853]
[-1.0477546 -1.2114663 -1.5061473 -0.9495276]
[-1.080497  -1.3096933 -1.6698589 -1.0477546]
[-1.2114663 -1.4079204 -1.8990552 -1.1787239]
[-1.5061473 -1.5716319 -2.1937363 -1.3424356]
[-1.7353436 -1.768086  -2.455675  -1.5388896]
[-1.7026013 -1.9317976 -2.5866442 -1.6698589]
[-1.6371167 -1.8990552 -2.4884174 -1.5716319]
[-1.4406626 -1.7026013 -2.2264786 -1.3424356]
[-1.276951  -1.473405  -1.9317976 -1.1459817]
[-1.080497  -1.3424356 -1.7353436 -1.0150123]
[-0.98227   -1.2442087 -1.6043743 -0.9167853]
[-0.9167853  -1.1787239  -1.473405   -0.81855834]
[-0.81855834 -1.080497   -1.3424356  -0.7203313 ]
[-0.7203313  -0.98227    -1.1787239  -0.65484667]
[-0.65484667 -0.9167853  -1.0150123  -0.58936197]
[-0.58936197 -0.884043   -0.85130066 -0.5238773 ]
[-0.58936197 -0.81855834 -0.75307363 -0.491135  ]
[-0.55661964 -0.78581595 -0.687589   -0.45839265]
[-0.491135   -0.75307363 -0.62210435 -0.42565033]
[-0.42565033 -0.687589   -0.5238773  -0.36016566]
[-0.39290798 -0.62210435 -0.45839265 -0.29468098]
[-0.32742333 -0.55661964 -0.39290798 -0.26193866]
[-0.26193866 -0.5238773  -0.36016566 -0.19645399]
[-0.26193866 -0.491135   -0.36016566 -0.16371167]
[-0.26193866 -0.5238773  -0.36016566 -0.19645399]
[-0.29468098 -0.5238773  -0.36016566 -0.22919632]
[-0.32742333 -0.55661964 -0.39290798 -0.26193866]
[-0.32742333 -0.58936197 -0.39290798 -0.32742333]
[-0.29468098 -0.62210435 -0.39290798 -0.32742333]
[-0.39290798 -0.65484667 -0.45839265 -0.42565033]
[-0.58936197 -0.7203313  -0.58936197 -0.55661964]
[-0.78581595 -0.884043   -0.81855834 -0.75307363]
[-0.98227   -1.080497  -1.0477546 -0.9495276]
[-1.1132393 -1.2114663 -1.2442087 -1.1132393]
[-1.2114663 -1.3424356 -1.4079204 -1.2114663]
[-1.3096933 -1.4406626 -1.5388896 -1.3096933]
[-1.375178  -1.5388896 -1.6698589 -1.4079204]
[-1.4406626 -1.6043743 -1.768086  -1.5061473]
[-1.4079204 -1.6043743 -1.8335706 -1.5061473]
[-1.3424356 -1.5388896 -1.8008283 -1.4406626]
[-1.2114663 -1.4079204 -1.6698589 -1.3424356]
[-1.0150123 -1.2442087 -1.473405  -1.1459817]
[-0.9167853 -1.0477546 -1.2442087 -0.9495276]
[-0.75307363 -0.9167853  -1.080497   -0.884043  ]
[-0.78581595 -0.85130066 -1.0477546  -0.78581595]
[-0.9167853  -0.78581595 -1.0477546  -0.75307363]
[-0.687589   -0.884043   -0.98227    -0.85130066]
[-0.5238773  -0.78581595 -0.78581595 -0.58936197]
[-0.29468098 -0.45839265 -0.42565033 -0.29468098]
[-0.06548467 -0.26193866 -0.13096933 -0.09822699]
[ 0.03274233 -0.13096933  0.09822699  0.03274233]
[ 0.03274233 -0.13096933  0.19645399  0.03274233]
[ 0.03274233 -0.13096933  0.22919632  0.03274233]
[ 0.         -0.13096933  0.22919632  0.        ]
[ 0.         -0.16371167  0.22919632  0.        ]
[ 0.03274233 -0.13096933  0.22919632  0.03274233]
[ 0.03274233 -0.13096933  0.22919632  0.03274233]
[ 0.03274233 -0.13096933  0.19645399  0.03274233]
[ 0.         -0.16371167  0.13096933  0.        ]
[-0.06548467 -0.22919632  0.03274233 -0.06548467]
[-0.32742333 -0.39290798 -0.22919632 -0.29468098]
[-1.0477546  -0.78581595 -0.9167853  -0.7203313 ]
[-1.6371167 -1.5061473 -1.8008283 -1.5388896]
[-2.0955093 -2.1282516 -2.5866442 -2.062767 ]
[-2.1282516 -2.3574479 -2.750356  -2.1282516]
[-1.375178  -2.0300245 -2.1937363 -1.6371167]
[-1.7353436  -0.884043   -1.3424356  -0.42565033]
[ 0.29468098 -0.98227    -0.491135   -1.0150123 ]
[-0.36016566 -0.687589   -0.16371167  0.22919632]
[ 0.         -0.16371167  0.09822699  0.06548467]
[ 0.         -0.19645399  0.09822699  0.06548467]
[ 0.         -0.19645399  0.09822699  0.06548467]
[-0.06548467 -0.22919632  0.03274233  0.06548467]
[-0.09822699 -0.22919632  0.          0.06548467]
[-0.03274233 -0.26193866  0.          0.03274233]
[-0.13096933 -0.19645399 -0.03274233  0.16371167]
[-0.16371167 -0.22919632 -0.09822699  0.13096933]
[-0.13096933 -0.29468098 -0.22919632  0.03274233]
[-0.29468098 -0.42565033 -0.29468098  0.        ]
[-0.32742333 -0.55661964 -0.39290798 -0.09822699]
[-0.19645399 -0.9495276  -0.55661964 -0.36016566]
[-0.687589   -0.9495276  -0.75307363 -0.29468098]
[-0.884043   -1.080497   -1.0477546  -0.65484667]
[-1.0150123 -1.4079204 -1.375178  -0.9495276]
[-1.080497  -1.4406626 -1.5388896 -0.98227  ]
[-1.3096933 -1.375178  -1.7026013 -0.9495276]
[-1.4406626 -1.375178  -1.866313  -1.0477546]
[-1.5061473 -1.5061473 -2.1282516 -1.080497 ]
[-1.3424356 -1.7026013 -2.3247056 -1.2114663]
[ 0.491135  -2.062767  -1.473405  -1.4079204]
[-1.080497  -1.6043743 -2.2264786 -1.8335706]
[-1.7353436 -2.3247056 -3.536172  -1.6371167]
[-1.6371167 -2.2592208 -3.1432638 -1.5061473]
[-1.1787239 -1.8335706 -2.4884174 -1.3096933]
[-1.080497   -1.375178   -1.7026013  -0.78581595]
[-0.78581595 -1.080497   -1.1132393  -0.687589  ]
[-0.7203313  -1.0477546  -0.884043   -0.62210435]
[-0.78581595 -1.080497   -0.85130066 -0.687589  ]
[-0.85130066 -1.080497   -0.81855834 -0.687589  ]
[-0.78581595 -1.1132393  -0.81855834 -0.687589  ]
[-0.75307363 -1.0477546  -0.85130066 -0.65484667]
[-0.85130066 -1.0477546  -0.98227    -0.75307363]
[-1.0477546 -1.2114663 -1.276951  -0.884043 ]
[-1.276951  -1.4406626 -1.6371167 -1.1459817]
[-1.4406626 -1.6698589 -2.0300245 -1.3424356]
[-1.6698589 -1.866313  -2.3247056 -1.5061473]
[-1.768086  -1.96454   -2.5211596 -1.6371167]
[-1.8335706 -2.0300245 -2.6193867 -1.7353436]
[-1.8990552 -2.0300245 -2.6193867 -1.7026013]
[-1.6698589 -2.0300245 -2.5211596 -1.7353436]
[-1.6043743 -1.9317976 -2.3574479 -1.5388896]
[-1.473405  -1.7026013 -2.1937363 -1.375178 ]
[-1.4079204 -1.5388896 -2.0300245 -1.2442087]
[-1.2442087 -1.473405  -1.9317976 -1.2114663]
[-1.2114663 -1.4406626 -1.8990552 -1.1459817]
[-1.2114663 -1.4079204 -1.866313  -1.1132393]
[-1.2114663 -1.4406626 -1.8990552 -1.1132393]
[-1.1787239 -1.4406626 -1.866313  -1.1132393]
[-1.1459817 -1.375178  -1.8335706 -1.080497 ]
[-1.1132393 -1.3424356 -1.768086  -1.080497 ]
[-1.080497  -1.3096933 -1.7026013 -1.0477546]
[-1.080497  -1.276951  -1.6371167 -0.98227  ]
[-0.98227   -1.276951  -1.5716319 -0.98227  ]
[-0.9495276 -1.1787239 -1.4406626 -0.884043 ]
[-0.9167853 -1.1132393 -1.375178  -0.884043 ]
[-0.98227   -1.1459817 -1.375178  -0.884043 ]
[-1.0150123 -1.1787239 -1.4406626 -0.98227  ]
[-1.1132393 -1.276951  -1.5716319 -1.0150123]
[-1.1459817 -1.3096933 -1.6698589 -1.080497 ]
[-1.2114663 -1.4079204 -1.8335706 -1.1132393]
[-1.3424356 -1.5061473 -2.062767  -1.2442087]
[-1.6043743 -1.6698589 -2.3574479 -1.4079204]
[-1.866313  -1.8335706 -2.6193867 -1.6043743]
[-1.8335706 -2.0300245 -2.7176137 -1.8008283]
[-1.7026013 -2.062767  -2.6193867 -1.6698589]
[-1.5061473 -1.8008283 -2.3574479 -1.4079204]
[-1.3096933 -1.5388896 -2.062767  -1.1787239]
[-1.1132393 -1.375178  -1.8335706 -1.0477546]
[-1.0150123 -1.276951  -1.6698589 -0.9495276]
[-0.9495276  -1.2114663  -1.5388896  -0.85130066]
[-0.85130066 -1.1132393  -1.4079204  -0.75307363]
[-0.75307363 -1.0150123  -1.2114663  -0.65484667]
[-0.687589   -0.9495276  -1.0477546  -0.58936197]
[-0.62210435 -0.884043   -0.9167853  -0.55661964]
[-0.62210435 -0.85130066 -0.81855834 -0.5238773 ]
[-0.58936197 -0.81855834 -0.75307363 -0.491135  ]
[-0.5238773  -0.75307363 -0.65484667 -0.42565033]
[-0.42565033 -0.687589   -0.55661964 -0.36016566]
[-0.39290798 -0.62210435 -0.491135   -0.29468098]
[-0.32742333 -0.58936197 -0.42565033 -0.26193866]
[-0.26193866 -0.5238773  -0.36016566 -0.19645399]
[-0.26193866 -0.491135   -0.36016566 -0.16371167]
[-0.22919632 -0.491135   -0.36016566 -0.16371167]
[-0.26193866 -0.491135   -0.36016566 -0.22919632]
[-0.29468098 -0.5238773  -0.36016566 -0.26193866]
[-0.26193866 -0.55661964 -0.36016566 -0.29468098]
[-0.26193866 -0.55661964 -0.32742333 -0.29468098]
[-0.32742333 -0.55661964 -0.39290798 -0.32742333]
[-0.491135   -0.62210435 -0.5238773  -0.491135  ]
[-0.65484667 -0.78581595 -0.7203313  -0.687589  ]
[-0.85130066 -0.9167853  -0.9167853  -0.81855834]
[-0.884043  -1.0477546 -1.0477546 -0.9495276]
[-0.9495276 -1.1132393 -1.1459817 -0.98227  ]
[-0.98227   -1.1132393 -1.2114663 -1.0477546]
[-0.98227   -1.1787239 -1.276951  -1.080497 ]
[-0.9495276 -1.1787239 -1.3096933 -1.1132393]
[-0.9167853 -1.1132393 -1.276951  -1.0477546]
[-0.85130066 -0.98227    -1.1459817  -0.9167853 ]
[-0.687589   -0.81855834 -1.0150123  -0.78581595]
[-0.5238773  -0.62210435 -0.78581595 -0.62210435]
[-0.491135   -0.491135   -0.58936197 -0.45839265]
[-0.39290798 -0.491135   -0.5238773  -0.5238773 ]
[-0.491135   -0.491135   -0.55661964 -0.45839265]
[-0.7203313  -0.55661964 -0.687589   -0.55661964]
[-0.491135   -0.78581595 -0.75307363 -0.78581595]
[-0.5238773  -0.75307363 -0.62210435 -0.45839265]
[-0.26193866 -0.42565033 -0.32742333 -0.26193866]
[-0.06548467 -0.22919632 -0.03274233 -0.06548467]
[ 0.03274233 -0.09822699  0.13096933  0.03274233]
[ 0.06548467 -0.09822699  0.22919632  0.03274233]
[ 0.06548467 -0.09822699  0.29468098  0.03274233]
[ 0.         -0.13096933  0.26193866  0.03274233]
[ 0.         -0.16371167  0.26193866  0.        ]
[ 0.03274233 -0.16371167  0.22919632 -0.03274233]
[ 0.         -0.16371167  0.19645399  0.        ]
[ 0.         -0.16371167  0.19645399  0.        ]
[ 0.03274233 -0.16371167  0.13096933  0.        ]
[-0.06548467 -0.16371167  0.09822699 -0.03274233]
[-0.22919632 -0.36016566 -0.13096933 -0.29468098]
[-0.9167853  -0.687589   -0.75307363 -0.65484667]
[-1.5716319 -1.375178  -1.6371167 -1.375178 ]
[-2.062767  -2.062767  -2.5211596 -2.0300245]
[-2.2264786 -2.3901904 -2.848583  -2.160994 ]
[-1.473405  -2.2264786 -2.4229326 -1.9317976]
[-1.8335706 -1.0477546 -1.7026013 -0.5238773]
[ 0.45839265 -1.2442087  -0.65484667 -1.1787239 ]
[-0.29468098 -0.42565033 -0.13096933  0.42565033]
[ 0.         -0.19645399  0.09822699  0.03274233]
[ 0.         -0.16371167  0.13096933  0.06548467]
[ 0.03274233 -0.19645399  0.09822699  0.03274233]
[-0.03274233 -0.19645399  0.09822699  0.03274233]
[-0.09822699 -0.19645399  0.06548467  0.06548467]
[-0.06548467 -0.26193866  0.06548467 -0.03274233]
[-0.16371167 -0.29468098  0.          0.        ]
[-0.16371167 -0.36016566 -0.13096933 -0.03274233]
[-0.32742333 -0.32742333 -0.19645399  0.09822699]
[-0.42565033 -0.36016566 -0.32742333  0.03274233]
[-0.29468098 -0.65484667 -0.55661964 -0.26193866]
[-0.22919632 -0.98227    -0.65484667 -0.39290798]
[-0.884043   -0.884043   -0.85130066 -0.26193866]
[-1.080497   -1.1132393  -1.1787239  -0.78581595]
[-1.3096933 -1.473405  -1.5061473 -1.0150123]
[-1.4079204 -1.5716319 -1.7026013 -1.1132393]
[-1.7353436 -1.5388896 -1.866313  -1.0477546]
[-1.8335706 -1.6371167 -2.0955093 -1.2114663]
[-1.5716319 -1.8335706 -2.3574479 -1.276951 ]
[-1.4079204 -1.9317976 -2.4884174 -1.1459817]
[ 0.45839265 -1.9317976  -1.5388896  -1.3096933 ]
[-0.884043  -1.5388896 -2.062767  -1.8008283]
[-1.5716319 -2.3247056 -3.2742333 -1.5388896]
[-1.473405  -1.96454   -2.94681   -1.4079204]
[-1.1459817 -1.8335706 -2.4229326 -1.3096933]
[-1.1459817  -1.3424356  -1.768086   -0.81855834]
[-0.9167853  -1.1459817  -1.2442087  -0.78581595]
[-0.884043  -1.1132393 -1.0477546 -0.7203313]
[-0.9167853  -1.1132393  -0.98227    -0.75307363]
[-0.884043   -1.1132393  -0.9495276  -0.75307363]
[-0.75307363 -1.1459817  -0.9167853  -0.75307363]
[-0.78581595 -1.1132393  -0.9495276  -0.65484667]
[-0.9167853  -1.1132393  -1.080497   -0.75307363]
[-1.1459817 -1.276951  -1.4406626 -0.98227  ]
[-1.473405  -1.5716319 -1.9317976 -1.3096933]
[-1.7353436 -1.8990552 -2.4229326 -1.6043743]
[-1.96454   -2.160994  -2.8158407 -1.8335706]
[-2.1282516 -2.3247056 -3.0777793 -1.96454  ]
[-2.1282516 -2.3901904 -3.1760063 -2.0300245]
[-2.1937363 -2.3247056 -3.1760063 -1.96454  ]
[-1.96454   -2.3574479 -3.0122945 -2.0300245]
[-1.866313  -2.1937363 -2.8158407 -1.8008283]
[-1.7026013 -1.96454   -2.553902  -1.6043743]
[-1.5716319 -1.7026013 -2.3247056 -1.4079204]
[-1.4079204 -1.6043743 -2.1282516 -1.3096933]
[-1.3424356 -1.5388896 -2.0300245 -1.2442087]
[-1.3096933 -1.5061473 -1.9972823 -1.2114663]
[-1.276951  -1.5388896 -1.96454   -1.2114663]
[-1.2442087 -1.5061473 -1.9317976 -1.1787239]
[-1.2114663 -1.4406626 -1.866313  -1.1459817]
[-1.1787239 -1.375178  -1.8008283 -1.1132393]
[-1.1459817 -1.3424356 -1.7353436 -1.080497 ]
[-1.1132393 -1.3096933 -1.6698589 -1.0477546]
[-1.0150123 -1.276951  -1.5716319 -1.0150123]
[-0.98227   -1.2114663 -1.473405  -0.9495276]
[-0.98227   -1.1787239 -1.4079204 -0.9167853]
[-1.0477546 -1.1787239 -1.4406626 -0.9495276]
[-1.1459817 -1.276951  -1.5716319 -1.0477546]
[-1.2442087 -1.375178  -1.7353436 -1.1132393]
[-1.2442087 -1.473405  -1.866313  -1.1787239]
[-1.276951  -1.5388896 -2.0300245 -1.2442087]
[-1.4406626 -1.6371167 -2.2264786 -1.3424356]
[-1.7353436 -1.7353436 -2.5211596 -1.473405 ]
[-2.0300245 -1.8990552 -2.7830982 -1.6698589]
[-1.866313  -2.160994  -2.8813252 -1.9317976]
[-1.7026013 -2.2264786 -2.7830982 -1.7353436]
[-1.5716319 -1.8990552 -2.4884174 -1.4406626]
[-1.3424356 -1.6043743 -2.1937363 -1.2442087]
[-1.1787239 -1.4406626 -1.9317976 -1.1132393]
[-1.080497  -1.3424356 -1.768086  -0.98227  ]
[-0.98227   -1.2442087 -1.6043743 -0.884043 ]
[-0.884043   -1.1459817  -1.4406626  -0.78581595]
[-0.78581595 -1.0477546  -1.276951   -0.7203313 ]
[-0.7203313  -0.98227    -1.1132393  -0.65484667]
[-0.687589   -0.9167853  -0.98227    -0.58936197]
[-0.65484667 -0.884043   -0.884043   -0.55661964]
[-0.58936197 -0.85130066 -0.78581595 -0.5238773 ]
[-0.5238773  -0.78581595 -0.7203313  -0.45839265]
[-0.45839265 -0.7203313  -0.58936197 -0.39290798]
[-0.39290798 -0.65484667 -0.5238773  -0.29468098]
[-0.32742333 -0.58936197 -0.42565033 -0.26193866]
[-0.26193866 -0.55661964 -0.39290798 -0.22919632]
[-0.26193866 -0.5238773  -0.36016566 -0.19645399]
[-0.26193866 -0.491135   -0.36016566 -0.19645399]
[-0.26193866 -0.45839265 -0.32742333 -0.19645399]
[-0.26193866 -0.45839265 -0.29468098 -0.19645399]
[-0.19645399 -0.45839265 -0.26193866 -0.19645399]
[-0.16371167 -0.45839265 -0.22919632 -0.22919632]
[-0.19645399 -0.491135   -0.26193866 -0.26193866]
[-0.29468098 -0.5238773  -0.36016566 -0.32742333]
[-0.39290798 -0.58936197 -0.491135   -0.45839265]
[-0.491135   -0.65484667 -0.58936197 -0.55661964]
[-0.5238773  -0.7203313  -0.687589   -0.62210435]
[-0.55661964 -0.687589   -0.7203313  -0.58936197]
[-0.55661964 -0.687589   -0.7203313  -0.62210435]
[-0.5238773  -0.687589   -0.7203313  -0.62210435]
[-0.491135   -0.62210435 -0.687589   -0.58936197]
[-0.45839265 -0.58936197 -0.62210435 -0.55661964]
[-0.42565033 -0.491135   -0.5238773  -0.45839265]
[-0.32742333 -0.39290798 -0.39290798 -0.39290798]
[-0.22919632 -0.32742333 -0.22919632 -0.29468098]
[-0.19645399 -0.22919632 -0.13096933 -0.22919632]
[-0.16371167 -0.32742333 -0.09822699 -0.26193866]
[-0.32742333 -0.32742333 -0.19645399 -0.26193866]
[-0.65484667 -0.42565033 -0.42565033 -0.36016566]
[-0.36016566 -0.78581595 -0.58936197 -0.75307363]
[-0.45839265 -0.687589   -0.55661964 -0.42565033]
[-0.22919632 -0.42565033 -0.29468098 -0.26193866]
[-0.03274233 -0.22919632  0.         -0.06548467]
[ 0.06548467 -0.09822699  0.16371167  0.03274233]
[ 0.06548467 -0.09822699  0.26193866  0.06548467]
[ 0.09822699 -0.06548467  0.32742333  0.06548467]
[ 0.06548467 -0.09822699  0.29468098  0.03274233]
[ 0.03274233 -0.13096933  0.26193866  0.        ]
[ 0.         -0.19645399  0.22919632 -0.03274233]
[-0.06548467 -0.16371167  0.19645399  0.        ]
[-0.06548467 -0.16371167  0.16371167 -0.03274233]
[-0.03274233 -0.19645399  0.16371167 -0.03274233]
[-0.03274233 -0.19645399  0.13096933 -0.03274233]
[-0.16371167 -0.32742333 -0.03274233 -0.19645399]
[-0.75307363 -0.55661964 -0.55661964 -0.5238773 ]
[-1.4079204 -1.1787239 -1.4406626 -1.1787239]
[-1.96454   -1.9317976 -2.3901904 -1.9317976]
[-2.3247056 -2.3247056 -2.8813252 -2.160994 ]
[-1.6043743 -2.3901904 -2.6193867 -2.1282516]
[-1.7353436  -1.2114663  -1.9317976  -0.58936197]
[ 0.13096933 -1.2114663  -0.75307363 -0.9167853 ]
[-0.06548467 -0.13096933 -0.19645399  0.29468098]
[-0.03274233 -0.29468098  0.03274233  0.        ]
[ 0.03274233 -0.13096933  0.13096933  0.06548467]
[ 0.03274233 -0.19645399  0.13096933  0.03274233]
[ 0.         -0.13096933  0.13096933  0.09822699]
[-0.03274233 -0.13096933  0.09822699  0.06548467]
[-0.03274233 -0.19645399  0.09822699  0.        ]
[-0.13096933 -0.22919632  0.03274233  0.03274233]
[-0.16371167 -0.32742333 -0.06548467  0.        ]
[-0.32742333 -0.39290798 -0.22919632  0.        ]
[-0.39290798 -0.36016566 -0.45839265 -0.13096933]
[-0.42565033 -0.7203313  -0.58936197 -0.22919632]
[-0.42565033 -0.9167853  -0.7203313  -0.39290798]
[-1.1459817  -0.85130066 -0.98227    -0.36016566]
[-1.2442087 -1.3424356 -1.3424356 -1.0150123]
[-1.473405  -1.7026013 -1.7026013 -1.1787239]
[-1.6371167 -1.8335706 -1.8990552 -1.3096933]
[-1.8008283 -1.8990552 -2.1282516 -1.375178 ]
[-1.8335706 -2.0955093 -2.3247056 -1.473405 ]
[-1.3096933 -2.3247056 -2.455675  -1.5388896]
[-1.4079204 -2.062767  -2.455675  -1.0150123]
[ 0.29468098 -1.8008283  -1.473405   -1.1787239 ]
[-0.491135  -1.473405  -1.6698589 -1.866313 ]
[-1.6371167 -2.0955093 -2.6848712 -1.0477546]
[-1.1459817 -1.8008283 -2.5211596 -1.3424356]
[-1.1459817 -1.8008283 -2.2264786 -1.1787239]
[-1.1459817 -1.3096933 -1.768086  -0.884043 ]
[-1.0477546 -1.2442087 -1.4406626 -0.9167853]
[-1.0477546  -1.1787239  -1.2442087  -0.85130066]
[-1.0150123  -1.1787239  -1.1459817  -0.85130066]
[-0.9495276  -1.2114663  -1.080497   -0.78581595]
[-0.78581595 -1.2114663  -1.0150123  -0.75307363]
[-0.81855834 -1.1787239  -1.0477546  -0.7203313 ]
[-1.0150123  -1.2114663  -1.2442087  -0.81855834]
[-1.2442087 -1.4079204 -1.6371167 -1.080497 ]
[-1.6371167 -1.7353436 -2.1937363 -1.4406626]
[-1.96454  -2.062767 -2.750356 -1.768086]
[-2.1937363 -2.3574479 -3.2742333 -2.062767 ]
[-2.2592208 -2.5866442 -3.5689142 -2.1937363]
[-2.2919633 -2.652129  -3.6671412 -2.2264786]
[-2.3901904 -2.5866442 -3.6671412 -2.160994 ]
[-2.1937363 -2.5866442 -3.536172  -2.2264786]
[-2.062767  -2.455675  -3.2742333 -2.062767 ]
[-1.8990552 -2.2264786 -2.94681   -1.8335706]
[-1.768086  -1.9317976 -2.6193867 -1.5716319]
[-1.5716319 -1.768086  -2.3901904 -1.473405 ]
[-1.473405  -1.6698589 -2.2264786 -1.375178 ]
[-1.4406626 -1.6698589 -2.160994  -1.3424356]
[-1.3424356 -1.6371167 -2.0955093 -1.3096933]
[-1.3096933 -1.6043743 -2.0300245 -1.276951 ]
[-1.276951  -1.5061473 -1.9317976 -1.2114663]
[-1.2442087 -1.473405  -1.866313  -1.1787239]
[-1.2114663 -1.4079204 -1.8008283 -1.1459817]
[-1.1459817 -1.375178  -1.7026013 -1.1132393]
[-1.080497  -1.3424356 -1.6043743 -1.0477546]
[-1.0150123 -1.2442087 -1.5061473 -0.98227  ]
[-1.0150123 -1.2114663 -1.473405  -0.9495276]
[-1.1132393 -1.2442087 -1.5716319 -1.0150123]
[-1.3096933 -1.375178  -1.768086  -1.1459817]
[-1.375178  -1.5061473 -1.96454   -1.276951 ]
[-1.4079204 -1.6371167 -2.1282516 -1.3096933]
[-1.4406626 -1.6698589 -2.2264786 -1.3424356]
[-1.5716319 -1.7026013 -2.3901904 -1.4079204]
[-1.8335706 -1.8008283 -2.652129  -1.5388896]
[-2.062767  -1.96454   -2.9140675 -1.7353436]
[-1.768086  -2.2919633 -2.9795523 -1.96454  ]
[-1.6371167 -2.2264786 -2.8158407 -1.7026013]
[-1.5716319 -1.866313  -2.5211596 -1.375178 ]
[-1.4079204 -1.6043743 -2.2592208 -1.2442087]
[-1.2442087 -1.473405  -2.0300245 -1.1459817]
[-1.1132393 -1.375178  -1.8335706 -1.0477546]
[-1.0150123 -1.276951  -1.6371167 -0.9167853]
[-0.9167853  -1.1787239  -1.473405   -0.81855834]
[-0.81855834 -1.080497   -1.3096933  -0.75307363]
[-0.75307363 -1.0150123  -1.1459817  -0.65484667]
[-0.687589   -0.9495276  -1.0150123  -0.62210435]
[-0.687589   -0.9167853  -0.9495276  -0.58936197]
[-0.62210435 -0.884043   -0.85130066 -0.5238773 ]
[-0.55661964 -0.81855834 -0.75307363 -0.491135  ]
[-0.491135   -0.75307363 -0.65484667 -0.42565033]
[-0.39290798 -0.687589   -0.55661964 -0.32742333]
[-0.36016566 -0.58936197 -0.45839265 -0.26193866]
[-0.29468098 -0.58936197 -0.39290798 -0.26193866]
[-0.26193866 -0.55661964 -0.39290798 -0.22919632]
[-0.26193866 -0.5238773  -0.36016566 -0.22919632]
[-0.22919632 -0.491135   -0.32742333 -0.19645399]
[-0.16371167 -0.42565033 -0.26193866 -0.16371167]
[-0.13096933 -0.39290798 -0.19645399 -0.16371167]
[-0.06548467 -0.39290798 -0.16371167 -0.13096933]
[-0.09822699 -0.39290798 -0.16371167 -0.13096933]
[-0.16371167 -0.39290798 -0.19645399 -0.16371167]
[-0.22919632 -0.36016566 -0.26193866 -0.22919632]
[-0.26193866 -0.36016566 -0.29468098 -0.26193866]
[-0.26193866 -0.39290798 -0.32742333 -0.32742333]
[-0.29468098 -0.36016566 -0.32742333 -0.32742333]
[-0.29468098 -0.36016566 -0.32742333 -0.32742333]
[-0.26193866 -0.36016566 -0.29468098 -0.32742333]
[-0.22919632 -0.32742333 -0.22919632 -0.32742333]
[-0.22919632 -0.29468098 -0.16371167 -0.29468098]
[-0.19645399 -0.26193866 -0.09822699 -0.26193866]
[-0.13096933 -0.22919632  0.         -0.19645399]
[-0.06548467 -0.19645399  0.09822699 -0.13096933]
[-0.06548467 -0.16371167  0.13096933 -0.09822699]
[-0.06548467 -0.22919632  0.09822699 -0.13096933]
[-0.26193866 -0.26193866 -0.03274233 -0.16371167]
[-0.58936197 -0.32742333 -0.29468098 -0.29468098]
[-0.32742333 -0.75307363 -0.491135   -0.7203313 ]
[-0.42565033 -0.687589   -0.491135   -0.39290798]
[-0.22919632 -0.42565033 -0.22919632 -0.22919632]
[-0.06548467 -0.19645399  0.03274233 -0.03274233]
[ 0.03274233 -0.13096933  0.16371167  0.03274233]
[ 0.03274233 -0.09822699  0.22919632  0.06548467]
[ 0.06548467 -0.09822699  0.29468098  0.06548467]
[ 0.06548467 -0.09822699  0.29468098  0.06548467]
[ 0.03274233 -0.13096933  0.26193866  0.03274233]
[-0.03274233 -0.16371167  0.22919632  0.        ]
[-0.13096933 -0.16371167  0.19645399 -0.03274233]
[-0.16371167 -0.19645399  0.16371167 -0.09822699]
[-0.09822699 -0.29468098  0.13096933 -0.13096933]
[-0.03274233 -0.32742333  0.13096933 -0.06548467]
[-0.13096933 -0.32742333  0.03274233 -0.13096933]
[-0.62210435 -0.45839265 -0.42565033 -0.39290798]
[-1.276951  -0.98227   -1.2442087 -1.0150123]
[-1.866313  -1.8008283 -2.2264786 -1.8008283]
[-2.3901904 -2.2919633 -2.8813252 -2.1282516]
[-1.7026013 -2.4884174 -2.750356  -2.2592208]
[-1.5716319 -1.5061473 -2.062767  -0.9167853]
[-0.5238773 -1.080497  -0.884043  -0.7203313]
[ 0.03274233 -0.32742333 -0.29468098 -0.16371167]
[-0.16371167 -0.45839265 -0.03274233  0.        ]
[ 0.         -0.16371167  0.13096933  0.03274233]
[ 0.         -0.19645399  0.13096933  0.        ]
[-0.06548467 -0.16371167  0.16371167  0.06548467]
[-0.03274233 -0.16371167  0.13096933  0.06548467]
[-0.03274233 -0.16371167  0.09822699  0.06548467]
[-0.06548467 -0.16371167  0.03274233  0.        ]
[-0.13096933 -0.29468098 -0.06548467 -0.09822699]
[-0.26193866 -0.36016566 -0.26193866 -0.03274233]
[-0.42565033 -0.45839265 -0.45839265 -0.03274233]
[-0.39290798 -0.491135   -0.58936197 -0.19645399]
[-0.5238773  -0.85130066 -0.81855834 -0.45839265]
[-1.1459817 -0.9495276 -1.1459817 -0.5238773]
[-1.1787239 -1.4406626 -1.473405  -1.0150123]
[-1.3424356 -1.6698589 -1.7353436 -1.0477546]
[-1.4079204 -1.8008283 -1.96454   -1.1132393]
[-1.4079204 -1.866313  -2.1282516 -1.1459817]
[-1.3424356 -1.9317976 -2.2592208 -1.1132393]
[-0.7203313 -2.1282516 -2.2264786 -1.2114663]
[-1.1459817  -1.6371167  -2.1937363  -0.65484667]
[ 0.29468098 -1.473405   -1.3096933  -1.0150123 ]
[-0.39290798 -1.276951   -1.080497   -1.7026013 ]
[-1.8008283 -1.7026013 -1.96454   -0.687589 ]
[-0.85130066 -2.160994   -2.1282516  -1.5716319 ]
[-1.276951 -1.96454  -2.062767 -0.98227 ]
[-1.1787239 -1.3096933 -1.768086  -0.98227  ]
[-1.2442087 -1.3424356 -1.6043743 -0.98227  ]
[-1.2114663 -1.3096933 -1.4406626 -0.98227  ]
[-1.1132393 -1.3096933 -1.3096933 -0.98227  ]
[-1.0477546  -1.276951   -1.2442087  -0.85130066]
[-0.884043   -1.276951   -1.1787239  -0.81855834]
[-0.9167853  -1.276951   -1.2442087  -0.81855834]
[-1.1459817 -1.375178  -1.4406626 -0.9495276]
[-1.375178  -1.6043743 -1.8335706 -1.2442087]
[-1.8008283 -1.8990552 -2.4229326 -1.5716319]
[-2.160994  -2.1937363 -3.045037  -1.8990552]
[-2.3574479 -2.455675  -3.6016567 -2.1282516]
[-2.3247056 -2.6848712 -3.92908   -2.2919633]
[-2.3574479 -2.7830982 -4.0927916 -2.2919633]
[-2.4884174 -2.6848712 -4.0927916 -2.2264786]
[-2.3901904 -2.7176137 -3.9618223 -2.3574479]
[-2.2264786 -2.652129  -3.732626  -2.2264786]
[-2.0955093 -2.4229326 -3.3724604 -1.9972823]
[-1.96454   -2.160994  -3.0122945 -1.768086 ]
[-1.7353436 -1.9972823 -2.7176137 -1.6698589]
[-1.6043743 -1.866313  -2.4884174 -1.5388896]
[-1.5388896 -1.8008283 -2.3574479 -1.473405 ]
[-1.4406626 -1.7353436 -2.2264786 -1.4079204]
[-1.4079204 -1.6698589 -2.1282516 -1.3424356]
[-1.3424356 -1.5716319 -2.0300245 -1.276951 ]
[-1.3096933 -1.5388896 -1.96454   -1.2442087]
[-1.276951  -1.473405  -1.866313  -1.1787239]
[-1.1787239 -1.4406626 -1.768086  -1.1787239]
[-1.1459817 -1.375178  -1.6698589 -1.1132393]
[-1.0477546 -1.3424356 -1.6043743 -1.0477546]
[-1.1132393 -1.276951  -1.6043743 -1.0150123]
[-1.2442087 -1.375178  -1.7353436 -1.1459817]
[-1.473405  -1.5061473 -1.9972823 -1.276951 ]
[-1.5388896 -1.7026013 -2.2264786 -1.4406626]
[-1.5388896 -1.8008283 -2.3901904 -1.473405 ]
[-1.5388896 -1.8008283 -2.455675  -1.473405 ]
[-1.6043743 -1.8335706 -2.5866442 -1.5388896]
[-1.8008283 -1.8990552 -2.750356  -1.6043743]
[-1.8335706 -1.9972823 -2.94681   -1.7026013]
[-1.5061473 -2.1937363 -2.9140675 -1.8008283]
[-1.375178  -1.9317976 -2.6848712 -1.473405 ]
[-1.4079204 -1.6371167 -2.455675  -1.276951 ]
[-1.375178  -1.5388896 -2.2592208 -1.2442087]
[-1.2442087 -1.473405  -2.062767  -1.2114663]
[-1.1787239 -1.4406626 -1.866313  -1.0477546]
[-1.0150123 -1.3096933 -1.6698589 -0.9495276]
[-0.9167853  -1.1787239  -1.473405   -0.85130066]
[-0.85130066 -1.1132393  -1.3096933  -0.75307363]
[-0.78581595 -1.0150123  -1.1787239  -0.687589  ]
[-0.75307363 -0.98227    -1.080497   -0.65484667]
[-0.7203313  -0.9495276  -0.98227    -0.62210435]
[-0.65484667 -0.9167853  -0.9167853  -0.55661964]
[-0.62210435 -0.85130066 -0.81855834 -0.5238773 ]
[-0.5238773  -0.78581595 -0.7203313  -0.45839265]
[-0.42565033 -0.7203313  -0.62210435 -0.36016566]
[-0.36016566 -0.65484667 -0.491135   -0.29468098]
[-0.29468098 -0.58936197 -0.42565033 -0.29468098]
[-0.26193866 -0.58936197 -0.39290798 -0.26193866]
[-0.22919632 -0.55661964 -0.36016566 -0.22919632]
[-0.22919632 -0.45839265 -0.32742333 -0.19645399]
[-0.19645399 -0.36016566 -0.26193866 -0.13096933]
[-0.13096933 -0.32742333 -0.19645399 -0.13096933]
[-0.09822699 -0.32742333 -0.16371167 -0.13096933]
[-0.06548467 -0.36016566 -0.13096933 -0.16371167]
[-0.09822699 -0.36016566 -0.13096933 -0.16371167]
[-0.16371167 -0.29468098 -0.09822699 -0.13096933]
[-0.16371167 -0.26193866 -0.09822699 -0.19645399]
[-0.16371167 -0.26193866 -0.06548467 -0.19645399]
[-0.16371167 -0.26193866 -0.06548467 -0.22919632]
[-0.16371167 -0.26193866 -0.03274233 -0.19645399]
[-0.13096933 -0.26193866  0.         -0.19645399]
[-0.09822699 -0.22919632  0.03274233 -0.16371167]
[-0.06548467 -0.19645399  0.09822699 -0.13096933]
[-0.03274233 -0.19645399  0.13096933 -0.09822699]
[-0.03274233 -0.16371167  0.19645399 -0.06548467]
[-0.03274233 -0.16371167  0.19645399 -0.06548467]
[-0.06548467 -0.16371167  0.19645399 -0.06548467]
[-0.09822699 -0.22919632  0.13096933 -0.13096933]
[-0.26193866 -0.26193866  0.         -0.16371167]
[-0.58936197 -0.36016566 -0.26193866 -0.29468098]
[-0.29468098 -0.78581595 -0.45839265 -0.7203313 ]
[-0.39290798 -0.65484667 -0.45839265 -0.36016566]
[-0.19645399 -0.36016566 -0.19645399 -0.22919632]
[-0.03274233 -0.16371167  0.06548467 -0.06548467]
[ 0.03274233 -0.13096933  0.16371167 -0.03274233]
[ 0.         -0.13096933  0.19645399  0.        ]
[ 0.03274233 -0.13096933  0.22919632  0.        ]
[ 0.         -0.13096933  0.22919632  0.        ]
[ 0.         -0.13096933  0.22919632  0.        ]
[-0.06548467 -0.13096933  0.22919632  0.        ]
[-0.22919632 -0.13096933  0.16371167 -0.03274233]
[-0.26193866 -0.22919632  0.13096933 -0.13096933]
[-0.13096933 -0.42565033  0.13096933 -0.22919632]
[-0.06548467 -0.45839265  0.13096933 -0.09822699]
[-0.16371167 -0.39290798  0.06548467 -0.13096933]
[-0.55661964 -0.45839265 -0.32742333 -0.32742333]
[-1.1787239 -0.884043  -1.080497  -0.884043 ]
[-1.7353436 -1.7026013 -2.0955093 -1.7026013]
[-2.3574479 -2.2264786 -2.848583  -2.062767 ]
[-1.7353436 -2.5211596 -2.8158407 -2.2919633]
[-1.473405  -1.7353436 -2.160994  -1.1787239]
[-1.1459817  -0.9167853  -1.080497   -0.55661964]
[ 0.16371167 -0.7203313  -0.42565033 -0.687589  ]
[-0.29468098 -0.62210435 -0.13096933  0.06548467]
[-0.06548467 -0.19645399  0.13096933 -0.03274233]
[-0.03274233 -0.22919632  0.13096933 -0.06548467]
[-0.06548467 -0.19645399  0.16371167  0.        ]
[ 0.         -0.22919632  0.16371167  0.        ]
[-0.06548467 -0.19645399  0.13096933  0.06548467]
[-0.09822699 -0.16371167  0.03274233  0.06548467]
[-0.09822699 -0.22919632 -0.09822699 -0.06548467]
[-0.16371167 -0.32742333 -0.22919632 -0.06548467]
[-0.36016566 -0.39290798 -0.42565033  0.        ]
[-0.42565033 -0.45839265 -0.65484667 -0.22919632]
[-0.62210435 -0.687589   -0.884043   -0.42565033]
[-0.9167853 -0.9495276 -1.2114663 -0.491135 ]
[-0.884043  -1.276951  -1.4406626 -0.7203313]
[-0.85130066 -1.3096933  -1.6043743  -0.65484667]
[-0.9167853  -1.375178   -1.768086   -0.65484667]
[-0.85130066 -1.4406626  -1.8990552  -0.65484667]
[-0.85130066 -1.4079204  -1.8990552  -0.58936197]
[-0.29468098 -1.6371167  -1.8008283  -0.884043  ]
[-0.884043   -1.2442087  -1.8008283  -0.42565033]
[ 0.19645399 -1.2114663  -1.0477546  -0.884043  ]
[-0.26193866 -1.1132393  -0.687589   -1.6043743 ]
[-1.3424356 -1.473405  -1.4406626 -0.687589 ]
[-0.62210435 -2.4229326  -1.6698589  -1.5388896 ]
[-1.473405   -1.96454    -1.8335706  -0.65484667]
[-1.2442087 -1.5716319 -1.9317976 -1.1459817]
[-1.3424356 -1.5388896 -1.866313  -1.1459817]
[-1.3424356 -1.473405  -1.7026013 -1.1132393]
[-1.2442087 -1.473405  -1.5061473 -1.080497 ]
[-1.1787239 -1.4079204 -1.4406626 -0.9495276]
[-1.0477546 -1.4406626 -1.4079204 -0.9495276]
[-1.080497  -1.473405  -1.5061473 -0.98227  ]
[-1.3096933 -1.5716319 -1.7353436 -1.1132393]
[-1.5388896 -1.8335706 -2.0955093 -1.4079204]
[-1.96454   -2.0955093 -2.652129  -1.7026013]
[-2.2919633 -2.2919633 -3.2742333 -1.96454  ]
[-2.4884174 -2.455675  -3.830853  -2.160994 ]
[-2.3247056 -2.750356  -4.1910186 -2.3574479]
[-2.3574479 -2.9140675 -4.420215  -2.3247056]
[-2.553902  -2.7830982 -4.452957  -2.2592208]
[-2.4884174 -2.8158407 -4.35473   -2.4229326]
[-2.3574479 -2.8158407 -4.125534  -2.3901904]
[-2.2919633 -2.652129  -3.7981105 -2.1937363]
[-2.160994  -2.3901904 -3.4052026 -2.0300245]
[-1.8990552 -2.2264786 -3.045037  -1.866313 ]
[-1.768086  -2.0300245 -2.750356  -1.6698589]
[-1.6043743 -1.8990552 -2.553902  -1.5716319]
[-1.5388896 -1.8335706 -2.3901904 -1.473405 ]
[-1.5061473 -1.7353436 -2.2919633 -1.4406626]
[-1.473405  -1.6698589 -2.160994  -1.375178 ]
[-1.4079204 -1.6371167 -2.062767  -1.3424356]
[-1.3424356 -1.5388896 -1.96454   -1.276951 ]
[-1.2442087 -1.5061473 -1.8990552 -1.2442087]
[-1.2114663 -1.4406626 -1.8008283 -1.1459817]
[-1.1787239 -1.4079204 -1.7353436 -1.1132393]
[-1.2442087 -1.375178  -1.8008283 -1.1132393]
[-1.4079204 -1.5061473 -1.9972823 -1.276951 ]
[-1.6698589 -1.6698589 -2.2919633 -1.4406626]
[-1.7026013 -1.8990552 -2.553902  -1.6371167]
[-1.6698589 -1.96454   -2.652129  -1.6371167]
[-1.6698589 -1.9317976 -2.6848712 -1.5716319]
[-1.6043743 -1.8990552 -2.7176137 -1.5716319]
[-1.7026013 -1.866313  -2.7830982 -1.5061473]
[-1.6043743 -1.8335706 -2.8158407 -1.5061473]
[-1.3424356 -1.8335706 -2.7176137 -1.4406626]
[-1.276951  -1.5388896 -2.455675  -1.2114663]
[-1.3096933 -1.375178  -2.2919633 -1.1787239]
[-1.375178  -1.375178  -2.160994  -1.1787239]
[-1.2442087 -1.4406626 -2.0300245 -1.2114663]
[-1.1787239 -1.4079204 -1.866313  -1.080497 ]
[-1.0477546 -1.3424356 -1.6698589 -0.98227  ]
[-0.9495276  -1.2114663  -1.473405   -0.85130066]
[-0.85130066 -1.1132393  -1.3424356  -0.78581595]
[-0.81855834 -1.0477546  -1.2114663  -0.687589  ]
[-0.78581595 -1.0150123  -1.1132393  -0.687589  ]
[-0.75307363 -0.98227    -1.0477546  -0.65484667]
[-0.7203313  -0.9495276  -0.9495276  -0.58936197]
[-0.65484667 -0.884043   -0.884043   -0.55661964]
[-0.55661964 -0.85130066 -0.78581595 -0.491135  ]
[-0.45839265 -0.75307363 -0.65484667 -0.42565033]
[-0.39290798 -0.65484667 -0.5238773  -0.32742333]
[-0.29468098 -0.62210435 -0.45839265 -0.29468098]
[-0.26193866 -0.58936197 -0.39290798 -0.26193866]
[-0.26193866 -0.55661964 -0.36016566 -0.26193866]
[-0.29468098 -0.491135   -0.32742333 -0.22919632]
[-0.29468098 -0.39290798 -0.29468098 -0.19645399]
[-0.26193866 -0.42565033 -0.29468098 -0.22919632]
[-0.26193866 -0.42565033 -0.26193866 -0.22919632]
[-0.16371167 -0.45839265 -0.22919632 -0.29468098]
[-0.13096933 -0.45839265 -0.16371167 -0.19645399]
[-0.16371167 -0.29468098 -0.09822699 -0.13096933]
[-0.09822699 -0.26193866 -0.03274233 -0.16371167]
[-0.09822699 -0.22919632  0.03274233 -0.13096933]
[-0.06548467 -0.19645399  0.09822699 -0.09822699]
[-0.03274233 -0.19645399  0.13096933 -0.09822699]
[ 0.         -0.16371167  0.16371167 -0.06548467]
[ 0.         -0.13096933  0.19645399 -0.03274233]
[ 0.         -0.13096933  0.22919632 -0.03274233]
[-0.03274233 -0.13096933  0.22919632 -0.03274233]
[-0.03274233 -0.16371167  0.22919632 -0.06548467]
[-0.06548467 -0.19645399  0.19645399 -0.09822699]
[-0.13096933 -0.22919632  0.16371167 -0.13096933]
[-0.13096933 -0.26193866  0.09822699 -0.16371167]
[-0.29468098 -0.26193866  0.         -0.19645399]
[-0.55661964 -0.36016566 -0.22919632 -0.29468098]
[-0.22919632 -0.78581595 -0.42565033 -0.687589  ]
[-0.32742333 -0.62210435 -0.39290798 -0.32742333]
[-0.16371167 -0.32742333 -0.13096933 -0.16371167]
[ 0.         -0.16371167  0.06548467 -0.06548467]
[ 0.         -0.16371167  0.16371167 -0.03274233]
[-0.03274233 -0.16371167  0.16371167 -0.03274233]
[-0.03274233 -0.19645399  0.16371167 -0.06548467]
[-0.06548467 -0.16371167  0.19645399 -0.03274233]
[-0.03274233 -0.16371167  0.19645399 -0.03274233]
[-0.13096933 -0.16371167  0.19645399 -0.03274233]
[-0.26193866 -0.13096933  0.16371167 -0.03274233]
[-0.26193866 -0.26193866  0.09822699 -0.13096933]
[-0.09822699 -0.45839265  0.09822699 -0.22919632]
[-0.09822699 -0.491135    0.13096933 -0.13096933]
[-0.22919632 -0.491135    0.03274233 -0.16371167]
[-0.58936197 -0.58936197 -0.32742333 -0.39290798]
[-1.1787239  -0.9167853  -1.0477546  -0.81855834]
[-1.6698589 -1.6698589 -2.0300245 -1.6371167]
[-2.3247056 -2.160994  -2.848583  -1.96454  ]
[-1.768086  -2.4884174 -2.8813252 -2.2919633]
[-1.375178  -1.8990552 -2.2264786 -1.375178 ]
[-1.6371167  -0.78581595 -1.276951   -0.42565033]
[ 0.32742333 -1.1132393  -0.58936197 -1.1459817 ]
[-0.39290798 -0.75307363 -0.22919632  0.16371167]
[-0.09822699 -0.19645399  0.06548467 -0.03274233]
[-0.03274233 -0.22919632  0.13096933 -0.06548467]
[-0.03274233 -0.19645399  0.16371167  0.        ]
[ 0.03274233 -0.22919632  0.16371167  0.        ]
[-0.03274233 -0.16371167  0.13096933  0.06548467]
[-0.13096933 -0.16371167  0.03274233  0.06548467]
[-0.16371167 -0.22919632 -0.06548467 -0.03274233]
[-0.16371167 -0.36016566 -0.19645399 -0.13096933]
[-0.26193866 -0.39290798 -0.39290798 -0.09822699]
[-0.58936197 -0.45839265 -0.62210435 -0.09822699]
[-0.687589   -0.5238773  -0.884043   -0.36016566]
[-0.78581595 -0.81855834 -1.1459817  -0.42565033]
[-0.78581595 -1.080497   -1.3096933  -0.39290798]
[-0.58936197 -0.98227    -1.375178   -0.32742333]
[-0.62210435 -0.98227    -1.473405   -0.29468098]
[-0.58936197 -1.0150123  -1.5061473  -0.29468098]
[-0.65484667 -1.0150123  -1.473405   -0.32742333]
[-0.22919632 -1.3424356  -1.375178   -0.78581595]
[-0.81855834 -1.080497   -1.375178   -0.42565033]
[ 0.03274233 -1.1459817  -0.81855834 -0.78581595]
[-0.09822699 -0.9167853  -0.5238773  -1.1787239 ]
[-0.65484667 -1.2442087  -1.1132393  -0.19645399]
[-0.29468098 -2.062767   -1.3096933  -1.0477546 ]
[-1.4406626  -1.6698589  -1.768086   -0.55661964]
[-1.375178  -2.1282516 -2.2592208 -1.375178 ]
[-1.5388896 -1.8990552 -2.3247056 -1.2442087]
[-1.5061473 -1.5716319 -2.0300245 -1.2114663]
[-1.375178  -1.5716319 -1.8335706 -1.2114663]
[-1.3096933 -1.6043743 -1.768086  -1.1459817]
[-1.276951  -1.6043743 -1.768086  -1.1132393]
[-1.3096933 -1.6698589 -1.866313  -1.1459817]
[-1.5388896 -1.8008283 -2.0955093 -1.3096933]
[-1.768086  -2.062767  -2.4884174 -1.6371167]
[-2.1282516 -2.2919633 -2.9795523 -1.866313 ]
[-2.3901904 -2.4229326 -3.536172  -2.0300245]
[-2.5211596 -2.4884174 -4.060049  -2.0955093]
[-2.1282516 -2.750356  -4.420215  -2.3574479]
[-2.2264786 -2.848583  -4.6166687 -2.1937363]
[-2.4884174 -2.750356  -4.6821537 -2.1937363]
[-2.5211596 -2.8158407 -4.6166687 -2.4229326]
[-2.4229326 -2.9140675 -4.452957  -2.4884174]
[-2.4229326 -2.7830982 -4.158276  -2.3247056]
[-2.2264786 -2.5866442 -3.7653682 -2.1937363]
[-2.0300245 -2.3901904 -3.3724604 -1.96454  ]
[-1.866313  -2.160994  -3.0122945 -1.768086 ]
[-1.7026013 -1.9972823 -2.750356  -1.6698589]
[-1.6371167 -1.8990552 -2.5866442 -1.5716319]
[-1.6043743 -1.8335706 -2.455675  -1.5388896]
[-1.5716319 -1.768086  -2.3247056 -1.5061473]
[-1.473405  -1.7353436 -2.2264786 -1.4406626]
[-1.4079204 -1.6371167 -2.0955093 -1.3424356]
[-1.3424356 -1.5716319 -1.9972823 -1.276951 ]
[-1.3096933 -1.5061473 -1.96454   -1.2442087]
[-1.3424356 -1.5061473 -1.96454   -1.2442087]
[-1.4406626 -1.5061473 -2.0300245 -1.276951 ]
[-1.6371167 -1.7026013 -2.2592208 -1.473405 ]
[-1.8335706 -1.8990552 -2.6193867 -1.6371167]
[-1.866313  -2.1282516 -2.848583  -1.8008283]
[-1.8008283 -2.160994  -2.9140675 -1.768086 ]
[-1.7353436 -2.062767  -2.8813252 -1.6698589]
[-1.6371167 -1.96454   -2.7830982 -1.6043743]
[-1.6698589 -1.8335706 -2.7176137 -1.5061473]
[-1.5716319 -1.8008283 -2.6193867 -1.5061473]
[-1.375178  -1.7026013 -2.455675  -1.4079204]
[-1.3424356 -1.4406626 -2.2592208 -1.2442087]
[-1.276951  -1.375178  -2.0955093 -1.2114663]
[-1.375178  -1.3424356 -2.0300245 -1.1459817]
[-1.2442087 -1.4079204 -1.9317976 -1.2114663]
[-1.1787239 -1.4079204 -1.8335706 -1.1132393]
[-1.080497  -1.375178  -1.6698589 -1.0150123]
[-0.98227   -1.276951  -1.5061473 -0.884043 ]
[-0.884043   -1.1459817  -1.3424356  -0.78581595]
[-0.85130066 -1.0477546  -1.2442087  -0.7203313 ]
[-0.78581595 -1.0477546  -1.1459817  -0.7203313 ]
[-0.75307363 -1.0150123  -1.080497   -0.687589  ]
[-0.75307363 -0.98227    -1.0150123  -0.62210435]
[-0.65484667 -0.9167853  -0.9167853  -0.58936197]
[-0.58936197 -0.85130066 -0.81855834 -0.5238773 ]
[-0.45839265 -0.78581595 -0.687589   -0.42565033]
[-0.42565033 -0.687589   -0.55661964 -0.32742333]
[-0.32742333 -0.62210435 -0.45839265 -0.32742333]
[-0.29468098 -0.62210435 -0.39290798 -0.32742333]
[-0.32742333 -0.58936197 -0.36016566 -0.32742333]
[-0.36016566 -0.55661964 -0.36016566 -0.32742333]
[-0.36016566 -0.491135   -0.32742333 -0.32742333]
[-0.32742333 -0.5238773  -0.32742333 -0.36016566]
[-0.42565033 -0.491135   -0.32742333 -0.29468098]
[-0.22919632 -0.55661964 -0.29468098 -0.39290798]
[-0.19645399 -0.5238773  -0.22919632 -0.26193866]
[-0.19645399 -0.32742333 -0.09822699 -0.16371167]
[-0.09822699 -0.22919632  0.03274233 -0.13096933]
[-0.03274233 -0.16371167  0.09822699 -0.06548467]
[-0.03274233 -0.16371167  0.13096933 -0.06548467]
[ 0.         -0.13096933  0.19645399 -0.03274233]
[ 0.         -0.13096933  0.22919632 -0.03274233]
[ 0.03274233 -0.09822699  0.26193866  0.        ]
[ 0.03274233 -0.13096933  0.26193866 -0.03274233]
[-0.03274233 -0.16371167  0.22919632 -0.06548467]
[-0.09822699 -0.22919632  0.16371167 -0.13096933]
[-0.13096933 -0.29468098  0.13096933 -0.16371167]
[-0.16371167 -0.29468098  0.09822699 -0.16371167]
[-0.16371167 -0.29468098  0.09822699 -0.19645399]
[-0.29468098 -0.26193866  0.         -0.16371167]
[-0.5238773  -0.32742333 -0.19645399 -0.26193866]
[-0.19645399 -0.75307363 -0.36016566 -0.65484667]
[-0.29468098 -0.55661964 -0.32742333 -0.26193866]
[-0.16371167 -0.26193866 -0.09822699 -0.13096933]
[ 0.03274233 -0.13096933  0.13096933 -0.03274233]
[ 0.         -0.13096933  0.16371167  0.        ]
[-0.03274233 -0.16371167  0.16371167 -0.06548467]
[-0.06548467 -0.19645399  0.16371167 -0.09822699]
[-0.09822699 -0.16371167  0.19645399 -0.06548467]
[-0.09822699 -0.19645399  0.19645399 -0.06548467]
[-0.19645399 -0.16371167  0.16371167 -0.03274233]
[-0.29468098 -0.16371167  0.13096933 -0.03274233]
[-0.22919632 -0.26193866  0.09822699 -0.09822699]
[-0.09822699 -0.42565033  0.06548467 -0.16371167]
[-0.13096933 -0.45839265  0.09822699 -0.13096933]
[-0.26193866 -0.58936197  0.         -0.26193866]
[-0.58936197 -0.75307363 -0.36016566 -0.45839265]
[-1.2442087  -1.0150123  -1.0477546  -0.78581595]
[-1.6698589 -1.6698589 -1.9972823 -1.6371167]
[-2.3247056 -2.1282516 -2.8158407 -1.9317976]
[-1.866313  -2.455675  -2.9140675 -2.2264786]
[-1.3096933 -2.0300245 -2.3247056 -1.5716319]
[-2.062767   -0.75307363 -1.473405   -0.29468098]
[ 0.55661964 -1.4079204  -0.687589   -1.5061473 ]
[-0.491135   -0.78581595 -0.32742333  0.26193866]
[-0.09822699 -0.22919632  0.03274233 -0.06548467]
[ 0.         -0.19645399  0.09822699 -0.03274233]
[ 0.03274233 -0.13096933  0.16371167  0.03274233]
[ 0.03274233 -0.16371167  0.16371167  0.03274233]
[ 0.         -0.16371167  0.09822699  0.03274233]
[-0.09822699 -0.19645399  0.          0.        ]
[-0.16371167 -0.22919632 -0.06548467 -0.03274233]
[-0.16371167 -0.36016566 -0.13096933 -0.16371167]
[-0.29468098 -0.45839265 -0.29468098 -0.16371167]
[-0.687589   -0.45839265 -0.58936197 -0.13096933]
[-0.75307363 -0.62210435 -0.9167853  -0.39290798]
[-0.7203313  -0.78581595 -1.1132393  -0.45839265]
[-0.58936197 -0.9167853  -1.1459817  -0.36016566]
[-0.55661964 -0.9495276  -1.1787239  -0.22919632]
[-0.55661964 -0.85130066 -1.1787239  -0.19645399]
[-0.58936197 -0.9167853  -1.1787239  -0.26193866]
[-0.62210435 -0.9495276  -1.1459817  -0.32742333]
[-0.16371167 -1.3424356  -1.0150123  -0.75307363]
[-0.687589   -1.1132393  -0.98227    -0.45839265]
[ 0.         -1.1132393  -0.55661964 -0.7203313 ]
[-0.09822699 -0.7203313  -0.45839265 -0.85130066]
[-0.42565033 -1.0477546  -0.9495276   0.19645399]
[-0.06548467 -1.6698589  -1.3424356  -0.65484667]
[-1.1459817  -1.5388896  -1.9972823  -0.58936197]
[-1.0477546 -2.2919633 -2.5866442 -1.5388896]
[-1.7026013 -2.1282516 -2.6848712 -1.1132393]
[-1.5716319 -1.7026013 -2.455675  -1.3096933]
[-1.473405  -1.768086  -2.2592208 -1.375178 ]
[-1.5061473 -1.768086  -2.160994  -1.276951 ]
[-1.473405  -1.768086  -2.1937363 -1.276951 ]
[-1.5061473 -1.8335706 -2.2919633 -1.3424356]
[-1.768086  -2.0300245 -2.553902  -1.5061473]
[-1.9972823 -2.2919633 -2.94681   -1.8335706]
[-2.2592208 -2.5211596 -3.4052026 -2.0300245]
[-2.4229326 -2.5866442 -3.8635952 -2.0955093]
[-2.5211596 -2.4884174 -4.2892456 -1.9972823]
[-2.0300245 -2.6848712 -4.5839267 -2.2264786]
[-2.062767  -2.652129  -4.747638  -2.0300245]
[-2.3901904 -2.6193867 -4.8131227 -2.062767 ]
[-2.4884174 -2.750356  -4.8131227 -2.3574479]
[-2.4229326 -2.9140675 -4.6821537 -2.455675 ]
[-2.4884174 -2.8158407 -4.420215  -2.3574479]
[-2.2919633 -2.7176137 -4.060049  -2.2919633]
[-2.160994  -2.5211596 -3.634399  -2.062767 ]
[-1.96454   -2.2592208 -3.2414908 -1.866313 ]
[-1.8008283 -2.0955093 -2.9795523 -1.768086 ]
[-1.768086  -1.9972823 -2.7830982 -1.6698589]
[-1.7353436 -1.9317976 -2.652129  -1.6698589]
[-1.6698589 -1.8990552 -2.553902  -1.6043743]
[-1.5716319 -1.866313  -2.4229326 -1.5388896]
[-1.473405  -1.768086  -2.3247056 -1.4406626]
[-1.473405  -1.6698589 -2.2264786 -1.375178 ]
[-1.4406626 -1.6371167 -2.2264786 -1.4079204]
[-1.5388896 -1.6698589 -2.2919633 -1.4079204]
[-1.6043743 -1.7353436 -2.3901904 -1.473405 ]
[-1.8008283 -1.8990552 -2.652129  -1.6371167]
[-1.96454   -2.1282516 -2.94681   -1.8335706]
[-1.9972823 -2.3247056 -3.1432638 -1.9317976]
[-1.8990552 -2.2919633 -3.1432638 -1.8990552]
[-1.8335706 -2.1282516 -3.0122945 -1.7353436]
[-1.7026013 -1.96454   -2.8158407 -1.6371167]
[-1.6371167 -1.8335706 -2.652129  -1.5716319]
[-1.5716319 -1.8008283 -2.4884174 -1.5388896]
[-1.4079204 -1.6698589 -2.2919633 -1.473405 ]
[-1.3096933 -1.5061473 -2.0955093 -1.276951 ]
[-1.2442087 -1.375178  -1.8990552 -1.1459817]
[-1.3096933 -1.2442087 -1.8335706 -1.080497 ]
[-1.2114663 -1.3424356 -1.8335706 -1.1459817]
[-1.1787239 -1.4079204 -1.768086  -1.1132393]
[-1.080497  -1.4079204 -1.6698589 -1.0150123]
[-0.98227   -1.3096933 -1.5061473 -0.9167853]
[-0.9167853  -1.1787239  -1.375178   -0.81855834]
[-0.884043   -1.080497   -1.2442087  -0.75307363]
[-0.81855834 -1.0477546  -1.1459817  -0.7203313 ]
[-0.78581595 -1.0477546  -1.080497   -0.687589  ]
[-0.75307363 -0.98227    -1.0150123  -0.65484667]
[-0.687589   -0.9495276  -0.9495276  -0.58936197]
[-0.58936197 -0.884043   -0.85130066 -0.55661964]
[-0.45839265 -0.78581595 -0.7203313  -0.45839265]
[-0.42565033 -0.687589   -0.58936197 -0.36016566]
[-0.36016566 -0.62210435 -0.491135   -0.32742333]
[-0.29468098 -0.62210435 -0.42565033 -0.36016566]
[-0.32742333 -0.62210435 -0.36016566 -0.36016566]
[-0.36016566 -0.55661964 -0.32742333 -0.32742333]
[-0.39290798 -0.5238773  -0.32742333 -0.32742333]
[-0.36016566 -0.55661964 -0.36016566 -0.36016566]
[-0.491135   -0.491135   -0.39290798 -0.32742333]
[-0.19645399 -0.62210435 -0.32742333 -0.491135  ]
[-0.22919632 -0.5238773  -0.22919632 -0.26193866]
[-0.13096933 -0.32742333 -0.06548467 -0.16371167]
[-0.09822699 -0.19645399  0.03274233 -0.09822699]
[ 0.         -0.16371167  0.13096933 -0.06548467]
[ 0.         -0.16371167  0.16371167 -0.03274233]
[ 0.         -0.16371167  0.19645399 -0.03274233]
[ 0.         -0.16371167  0.22919632 -0.03274233]
[ 0.03274233 -0.13096933  0.26193866 -0.03274233]
[ 0.         -0.16371167  0.22919632 -0.03274233]
[-0.06548467 -0.19645399  0.19645399 -0.09822699]
[-0.13096933 -0.26193866  0.13096933 -0.16371167]
[-0.16371167 -0.29468098  0.09822699 -0.19645399]
[-0.16371167 -0.26193866  0.09822699 -0.19645399]
[-0.13096933 -0.26193866  0.09822699 -0.16371167]
[-0.26193866 -0.22919632  0.03274233 -0.13096933]
[-0.491135   -0.32742333 -0.19645399 -0.26193866]
[-0.13096933 -0.7203313  -0.32742333 -0.62210435]
[-0.26193866 -0.5238773  -0.32742333 -0.22919632]
[-0.13096933 -0.22919632 -0.06548467 -0.09822699]
[ 0.03274233 -0.13096933  0.16371167 -0.03274233]
[-0.03274233 -0.13096933  0.19645399 -0.03274233]
[-0.06548467 -0.19645399  0.16371167 -0.06548467]
[-0.06548467 -0.19645399  0.16371167 -0.06548467]
[-0.13096933 -0.16371167  0.19645399 -0.06548467]
[-0.13096933 -0.19645399  0.19645399 -0.09822699]
[-0.22919632 -0.22919632  0.16371167 -0.06548467]
[-0.32742333 -0.22919632  0.09822699 -0.03274233]
[-0.22919632 -0.32742333  0.06548467 -0.06548467]
[-0.13096933 -0.42565033  0.06548467 -0.09822699]
[-0.09822699 -0.45839265  0.06548467 -0.09822699]
[-0.19645399 -0.62210435 -0.06548467 -0.26193866]
[-0.491135   -0.81855834 -0.39290798 -0.45839265]
[-1.2442087  -1.0150123  -1.0477546  -0.75307363]
[-1.6371167 -1.7026013 -1.96454   -1.6371167]
[-2.3247056 -2.160994  -2.7830982 -1.8990552]
[-2.0300245 -2.455675  -2.9140675 -2.1937363]
[-1.2442087 -2.1937363 -2.3901904 -1.8008283]
[-2.3901904  -0.75307363 -1.6698589  -0.16371167]
[ 0.75307363 -1.6371167  -0.78581595 -1.768086  ]
[-0.491135   -0.75307363 -0.36016566  0.39290798]
[-0.09822699 -0.19645399  0.03274233 -0.06548467]
[-0.03274233 -0.16371167  0.13096933  0.        ]
[ 0.03274233 -0.09822699  0.16371167  0.06548467]
[ 0.06548467 -0.13096933  0.16371167  0.03274233]
[ 0.         -0.16371167  0.09822699  0.03274233]
[-0.09822699 -0.19645399  0.06548467  0.03274233]
[-0.16371167 -0.22919632 -0.03274233 -0.03274233]
[-0.16371167 -0.32742333 -0.09822699 -0.13096933]
[-0.26193866 -0.45839265 -0.22919632 -0.26193866]
[-0.58936197 -0.5238773  -0.55661964 -0.26193866]
[-0.81855834 -0.65484667 -0.884043   -0.29468098]
[-0.75307363 -0.62210435 -1.0150123  -0.32742333]
[-0.39290798 -0.7203313  -1.0150123  -0.32742333]
[-0.45839265 -0.85130066 -0.98227    -0.09822699]
[-0.39290798 -0.81855834 -0.98227    -0.16371167]
[-0.45839265 -0.85130066 -0.9495276  -0.19645399]
[-0.5238773  -0.884043   -0.884043   -0.22919632]
[-0.09822699 -1.2442087  -0.75307363 -0.58936197]
[-0.5238773  -1.0150123  -0.7203313  -0.29468098]
[ 0.13096933 -0.98227    -0.36016566 -0.58936197]
[-0.09822699 -0.7203313  -0.45839265 -0.81855834]
[-0.36016566 -1.0477546  -0.98227     0.16371167]
[-0.09822699 -1.5061473  -1.5716319  -0.39290798]
[-1.0477546  -1.3424356  -2.2592208  -0.19645399]
[-0.7203313 -1.866313  -2.7830982 -1.276951 ]
[-1.5388896 -1.8990552 -2.9795523 -0.9495276]
[-1.6043743 -1.8990552 -2.9140675 -1.375178 ]
[-1.5716319 -1.8990552 -2.652129  -1.4406626]
[-1.6371167 -1.8335706 -2.553902  -1.4079204]
[-1.6698589 -1.8990552 -2.6193867 -1.473405 ]
[-1.768086  -2.062767  -2.7830982 -1.5716319]
[-1.96454   -2.1937363 -3.045037  -1.7026013]
[-2.1282516 -2.455675  -3.437945  -1.96454  ]
[-2.3574479 -2.6193867 -3.830853  -2.1282516]
[-2.3901904 -2.6848712 -4.223761  -2.160994 ]
[-2.455675 -2.553902 -4.551184 -1.96454 ]
[-1.96454   -2.6193867 -4.747638  -2.0955093]
[-1.96454   -2.5211596 -4.8458652 -1.8990552]
[-2.2919633 -2.455675  -4.8786077 -1.8990552]
[-2.3574479 -2.6193867 -4.8786077 -2.1937363]
[-2.3901904 -2.8158407 -4.7803807 -2.3574479]
[-2.4884174 -2.848583  -4.6166687 -2.3574479]
[-2.3901904 -2.8158407 -4.2892456 -2.3574479]
[-2.3574479 -2.652129  -3.92908   -2.1937363]
[-2.160994  -2.455675  -3.5689142 -2.0955093]
[-2.0300245 -2.3247056 -3.2414908 -1.96454  ]
[-1.8990552 -2.1937363 -3.045037  -1.866313 ]
[-1.9317976 -2.0955093 -2.94681   -1.768086 ]
[-1.8008283 -2.062767  -2.8813252 -1.768086 ]
[-1.7026013 -2.062767  -2.8158407 -1.7026013]
[-1.6043743 -1.9317976 -2.7176137 -1.5716319]
[-1.6371167 -1.8335706 -2.652129  -1.5061473]
[-1.7026013 -1.8335706 -2.652129  -1.5388896]
[-1.8335706 -1.866313  -2.750356  -1.5716319]
[-1.866313  -2.0300245 -2.9140675 -1.7026013]
[-2.0300245 -2.160994  -3.1432638 -1.8008283]
[-2.062767  -2.3574479 -3.3397179 -1.9972823]
[-2.0955093 -2.4229326 -3.437945  -1.9972823]
[-1.96454   -2.3574479 -3.3397179 -1.96454  ]
[-1.8990552 -2.1937363 -3.1105216 -1.8008283]
[-1.7353436 -1.9972823 -2.848583  -1.7026013]
[-1.6043743 -1.8990552 -2.6193867 -1.6371167]
[-1.5388896 -1.768086  -2.3901904 -1.5061473]
[-1.3424356 -1.6371167 -2.160994  -1.4079204]
[-1.2442087 -1.473405  -1.9317976 -1.2114663]
[-1.2114663 -1.3424356 -1.768086  -1.0477546]
[-1.276951  -1.1787239 -1.7353436 -1.0150123]
[-1.2442087 -1.276951  -1.7353436 -1.080497 ]
[-1.1459817 -1.375178  -1.7353436 -1.1132393]
[-1.080497  -1.4079204 -1.6698589 -1.0150123]
[-1.0150123 -1.3424356 -1.5388896 -0.9495276]
[-0.98227    -1.2114663  -1.375178   -0.81855834]
[-0.884043   -1.1132393  -1.276951   -0.78581595]
[-0.81855834 -1.080497   -1.1787239  -0.75307363]
[-0.75307363 -1.0477546  -1.080497   -0.687589  ]
[-0.7203313  -0.98227    -1.0150123  -0.65484667]
[-0.65484667 -0.9167853  -0.9495276  -0.58936197]
[-0.55661964 -0.884043   -0.81855834 -0.5238773 ]
[-0.45839265 -0.78581595 -0.687589   -0.42565033]
[-0.42565033 -0.65484667 -0.58936197 -0.36016566]
[-0.36016566 -0.62210435 -0.491135   -0.32742333]
[-0.29468098 -0.58936197 -0.39290798 -0.32742333]
[-0.29468098 -0.55661964 -0.32742333 -0.32742333]
[-0.32742333 -0.5238773  -0.29468098 -0.32742333]
[-0.32742333 -0.491135   -0.29468098 -0.32742333]
[-0.36016566 -0.55661964 -0.36016566 -0.39290798]
[-0.55661964 -0.491135   -0.42565033 -0.32742333]
[-0.22919632 -0.65484667 -0.39290798 -0.5238773 ]
[-0.19645399 -0.5238773  -0.22919632 -0.22919632]
[-0.13096933 -0.26193866 -0.03274233 -0.09822699]
[-0.06548467 -0.16371167  0.09822699 -0.06548467]
[ 0.         -0.16371167  0.16371167 -0.06548467]
[ 0.         -0.16371167  0.19645399 -0.03274233]
[ 0.         -0.16371167  0.19645399 -0.03274233]
[ 0.         -0.16371167  0.19645399 -0.06548467]
[ 0.         -0.19645399  0.19645399 -0.06548467]
[-0.03274233 -0.19645399  0.19645399 -0.06548467]
[-0.09822699 -0.22919632  0.16371167 -0.13096933]
[-0.13096933 -0.26193866  0.09822699 -0.19645399]
[-0.16371167 -0.29468098  0.09822699 -0.19645399]
[-0.13096933 -0.26193866  0.09822699 -0.16371167]
[-0.09822699 -0.22919632  0.09822699 -0.13096933]
[-0.26193866 -0.19645399  0.03274233 -0.09822699]
[-0.491135   -0.29468098 -0.19645399 -0.22919632]
[-0.13096933 -0.75307363 -0.36016566 -0.62210435]
[-0.32742333 -0.5238773  -0.32742333 -0.22919632]
[-0.16371167 -0.22919632 -0.06548467 -0.09822699]
[-0.03274233 -0.13096933  0.13096933 -0.03274233]
[-0.03274233 -0.16371167  0.16371167 -0.03274233]
[-0.06548467 -0.22919632  0.16371167 -0.09822699]
[-0.09822699 -0.19645399  0.19645399 -0.06548467]
[-0.13096933 -0.13096933  0.22919632 -0.03274233]
[-0.13096933 -0.16371167  0.22919632 -0.06548467]
[-0.26193866 -0.19645399  0.19645399 -0.06548467]
[-0.32742333 -0.26193866  0.09822699 -0.06548467]
[-0.22919632 -0.39290798  0.03274233 -0.09822699]
[-0.16371167 -0.39290798  0.06548467 -0.03274233]
[-0.09822699 -0.42565033  0.06548467 -0.06548467]
[-0.13096933 -0.58936197 -0.06548467 -0.19645399]
[-0.36016566 -0.78581595 -0.39290798 -0.42565033]
[-1.2114663  -0.9495276  -1.080497   -0.65484667]
[-1.6043743 -1.6698589 -1.9317976 -1.5716319]
[-2.2592208 -2.1282516 -2.750356  -1.8990552]
[-2.0955093 -2.4229326 -2.94681   -2.160994 ]
[-1.2114663 -2.2919633 -2.4229326 -1.8990552]
[-2.3901904  -0.78581595 -1.8008283  -0.13096933]
[ 0.85130066 -1.768086   -0.85130066 -1.8008283 ]
[-0.45839265 -0.55661964 -0.32742333  0.491135  ]
[-0.06548467 -0.22919632  0.03274233 -0.09822699]
[-0.03274233 -0.16371167  0.09822699 -0.03274233]
[ 0.         -0.09822699  0.13096933  0.03274233]
[ 0.03274233 -0.13096933  0.13096933  0.03274233]
[ 0.         -0.19645399  0.09822699  0.03274233]
[-0.03274233 -0.19645399  0.06548467 -0.03274233]
[-0.09822699 -0.22919632  0.03274233  0.        ]
[-0.13096933 -0.29468098 -0.03274233 -0.09822699]
[-0.22919632 -0.36016566 -0.19645399 -0.19645399]
[-0.42565033 -0.491135   -0.45839265 -0.26193866]
[-0.78581595 -0.5238773  -0.75307363 -0.16371167]
[-0.884043   -0.45839265 -0.9167853  -0.16371167]
[-0.26193866 -0.78581595 -0.9495276  -0.42565033]
[-0.39290798 -0.78581595 -0.9167853   0.        ]
[-0.32742333 -0.7203313  -0.81855834 -0.03274233]
[-0.39290798 -0.75307363 -0.78581595 -0.06548467]
[-0.42565033 -0.81855834 -0.75307363 -0.13096933]
[ 0.         -1.1459817  -0.62210435 -0.5238773 ]
[-0.45839265 -0.9167853  -0.55661964 -0.19645399]
[ 0.16371167 -0.9495276  -0.26193866 -0.5238773 ]
[-0.06548467 -0.7203313  -0.42565033 -0.81855834]
[-0.32742333 -1.080497   -1.0477546   0.13096933]
[-0.16371167 -1.473405   -1.6698589  -0.26193866]
[-0.98227   -1.1787239 -2.5211596  0.       ]
[-0.687589  -1.7026013 -3.045037  -1.0477546]
[-1.3096933 -1.6371167 -3.2414908 -0.9495276]
[-1.6043743 -2.2592208 -3.2414908 -1.4079204]
[-1.768086  -2.160994  -3.0777793 -1.5061473]
[-1.8008283 -2.0300245 -2.94681   -1.6043743]
[-1.8990552 -2.1282516 -3.045037  -1.7026013]
[-1.9972823 -2.2264786 -3.2087486 -1.768086 ]
[-2.160994  -2.3574479 -3.5034297 -1.8990552]
[-2.2919633 -2.553902  -3.8635952 -2.062767 ]
[-2.3901904 -2.7176137 -4.256503  -2.1937363]
[-2.3901904 -2.7830982 -4.5839267 -2.2264786]
[-2.455675  -2.6193867 -4.7803807 -1.9317976]
[-2.0300245 -2.5866442 -4.8786077 -1.9972823]
[-1.9317976 -2.3901904 -4.91135   -1.768086 ]
[-2.160994  -2.3247056 -4.9440923 -1.768086 ]
[-2.0955093 -2.4884174 -4.9440923 -2.0300245]
[-2.1282516 -2.652129  -4.8458652 -2.1282516]
[-2.2919633 -2.7176137 -4.7148957 -2.1937363]
[-2.3574479 -2.848583  -4.4856997 -2.3574479]
[-2.4229326 -2.750356  -4.223761  -2.2919633]
[-2.3574479 -2.6848712 -3.92908   -2.2919633]
[-2.1937363 -2.553902  -3.6016567 -2.160994 ]
[-2.0955093 -2.3901904 -3.3724604 -1.9972823]
[-2.3247056 -2.160994  -3.2414908 -1.8008283]
[-2.0300245 -2.2592208 -3.3397179 -2.0300245]
[-2.062767  -2.3901904 -3.4052026 -1.8990552]
[-1.8990552 -2.2264786 -3.3069756 -1.8335706]
[-1.96454   -2.1282516 -3.2414908 -1.7353436]
[-2.0300245 -2.0955093 -3.2742333 -1.8008283]
[-2.0955093 -2.160994  -3.3724604 -1.866313 ]
[-2.1282516 -2.3574479 -3.536172  -1.9972823]
[-2.2264786 -2.455675  -3.6998837 -1.9972823]
[-2.160994  -2.553902  -3.7653682 -2.0955093]
[-2.160994  -2.5211596 -3.732626  -2.062767 ]
[-2.0300245 -2.3901904 -3.5034297 -1.9972823]
[-1.9317976 -2.2264786 -3.2087486 -1.866313 ]
[-1.768086  -2.062767  -2.8813252 -1.7353436]
[-1.5716319 -1.8990552 -2.553902  -1.6043743]
[-1.473405  -1.6698589 -2.2919633 -1.4079204]
[-1.3096933 -1.5388896 -2.0300245 -1.3096933]
[-1.1787239 -1.4406626 -1.8335706 -1.2442087]
[-1.2114663 -1.3424356 -1.7026013 -1.080497 ]
[-1.2442087 -1.2442087 -1.7026013 -1.0477546]
[-1.2442087 -1.276951  -1.7026013 -1.080497 ]
[-1.1787239 -1.3424356 -1.6698589 -1.1132393]
[-1.1132393 -1.4079204 -1.6371167 -1.0477546]
[-1.0150123 -1.375178  -1.5388896 -0.98227  ]
[-0.98227    -1.2442087  -1.4079204  -0.85130066]
[-0.884043   -1.1459817  -1.276951   -0.78581595]
[-0.85130066 -1.080497   -1.1459817  -0.7203313 ]
[-0.75307363 -1.0150123  -1.080497   -0.65484667]
[-0.687589   -0.98227    -0.98227    -0.62210435]
[-0.62210435 -0.884043   -0.9167853  -0.55661964]
[-0.5238773  -0.81855834 -0.78581595 -0.491135  ]
[-0.45839265 -0.75307363 -0.687589   -0.42565033]
[-0.39290798 -0.65484667 -0.58936197 -0.36016566]
[-0.32742333 -0.62210435 -0.45839265 -0.32742333]
[-0.26193866 -0.55661964 -0.36016566 -0.29468098]
[-0.26193866 -0.5238773  -0.29468098 -0.29468098]
[-0.29468098 -0.491135   -0.26193866 -0.26193866]
[-0.32742333 -0.491135   -0.29468098 -0.29468098]
[-0.36016566 -0.55661964 -0.36016566 -0.39290798]
[-0.62210435 -0.5238773  -0.491135   -0.36016566]
[-0.22919632 -0.687589   -0.45839265 -0.58936197]
[-0.19645399 -0.491135   -0.22919632 -0.22919632]
[-0.09822699 -0.22919632  0.         -0.06548467]
[-0.03274233 -0.13096933  0.13096933 -0.06548467]
[-0.03274233 -0.16371167  0.19645399 -0.06548467]
[-0.03274233 -0.16371167  0.19645399 -0.06548467]
[-0.06548467 -0.19645399  0.19645399 -0.06548467]
[-0.06548467 -0.19645399  0.16371167 -0.09822699]
[-0.06548467 -0.22919632  0.13096933 -0.09822699]
[-0.06548467 -0.22919632  0.13096933 -0.09822699]
[-0.09822699 -0.19645399  0.13096933 -0.13096933]
[-0.09822699 -0.22919632  0.13096933 -0.16371167]
[-0.09822699 -0.22919632  0.13096933 -0.16371167]
[-0.09822699 -0.22919632  0.09822699 -0.13096933]
[-0.13096933 -0.22919632  0.09822699 -0.13096933]
[-0.29468098 -0.19645399  0.         -0.13096933]
[-0.491135   -0.36016566 -0.22919632 -0.29468098]
[-0.16371167 -0.78581595 -0.39290798 -0.65484667]
[-0.39290798 -0.55661964 -0.32742333 -0.26193866]
[-0.19645399 -0.29468098 -0.09822699 -0.19645399]
[-0.09822699 -0.19645399  0.09822699 -0.06548467]
[-0.06548467 -0.19645399  0.13096933 -0.09822699]
[-0.06548467 -0.26193866  0.16371167 -0.09822699]
[-0.13096933 -0.19645399  0.19645399 -0.03274233]
[-0.13096933 -0.13096933  0.26193866  0.        ]
[-0.09822699 -0.16371167  0.26193866 -0.03274233]
[-0.19645399 -0.19645399  0.19645399 -0.03274233]
[-0.26193866 -0.29468098  0.09822699 -0.06548467]
[-0.22919632 -0.39290798  0.06548467 -0.03274233]
[-0.13096933 -0.39290798  0.03274233  0.        ]
[-0.06548467 -0.39290798  0.06548467  0.        ]
[-0.13096933 -0.491135   -0.06548467 -0.09822699]
[-0.29468098 -0.78581595 -0.42565033 -0.42565033]
[-1.2442087  -0.9495276  -1.1132393  -0.58936197]
[-1.5388896 -1.6371167 -1.96454   -1.6043743]
[-2.1937363 -2.160994  -2.7176137 -1.866313 ]
[-2.1937363 -2.3574479 -2.9140675 -2.062767 ]
[-1.2114663 -2.3901904 -2.455675  -2.0300245]
[-2.2592208  -0.884043   -1.9317976  -0.19645399]
[ 0.7203313 -1.7353436 -0.884043  -1.6371167]
[-0.32742333 -0.36016566 -0.32742333  0.45839265]
[-0.06548467 -0.26193866  0.         -0.09822699]
[-0.09822699 -0.16371167  0.06548467  0.        ]
[-0.09822699 -0.13096933  0.09822699  0.        ]
[ 0.         -0.16371167  0.06548467 -0.06548467]
[-0.03274233 -0.19645399  0.06548467  0.        ]
[-0.06548467 -0.19645399  0.06548467  0.        ]
[-0.09822699 -0.19645399  0.06548467 -0.03274233]
[-0.16371167 -0.22919632 -0.03274233  0.        ]
[-0.26193866 -0.29468098 -0.16371167 -0.09822699]
[-0.26193866 -0.45839265 -0.39290798 -0.29468098]
[-0.7203313  -0.45839265 -0.65484667 -0.13096933]
[-0.9167853  -0.39290798 -0.85130066 -0.16371167]
[-0.22919632 -0.85130066 -0.884043   -0.45839265]
[-0.39290798 -0.78581595 -0.85130066  0.06548467]
[-0.26193866 -0.7203313  -0.75307363 -0.03274233]
[-0.32742333 -0.75307363 -0.7203313   0.        ]
[-0.42565033 -0.78581595 -0.7203313  -0.06548467]
[ 0.         -1.1132393  -0.62210435 -0.491135  ]
[-0.36016566 -0.9167853  -0.5238773  -0.19645399]
[ 0.19645399 -0.9495276  -0.19645399 -0.491135  ]
[-0.03274233 -0.7203313  -0.45839265 -0.81855834]
[-0.39290798 -1.0477546  -1.0150123   0.19645399]
[-0.09822699 -1.473405   -1.768086   -0.32742333]
[-0.81855834 -1.1787239  -2.7176137   0.03274233]
[-0.65484667 -1.4079204  -3.3069756  -0.58936197]
[-0.9167853  -1.473405   -3.4706872  -0.85130066]
[-1.080497  -2.1937363 -3.437945  -1.4079204]
[-1.866313  -2.3247056 -3.3397179 -1.375178 ]
[-1.866313  -2.1282516 -3.3069756 -1.7026013]
[-2.062767  -2.2919633 -3.4052026 -1.8335706]
[-2.160994  -2.3247056 -3.6016567 -1.9317976]
[-2.2919633 -2.455675  -3.8963375 -2.0300245]
[-2.3574479 -2.652129  -4.223761  -2.160994 ]
[-2.455675  -2.750356  -4.551184  -2.2264786]
[-2.3901904 -2.848583  -4.7803807 -2.2592208]
[-2.3901904 -2.652129  -4.9440923 -1.9972823]
[-2.0955093 -2.553902  -4.976835  -1.9317976]
[-1.8990552 -2.2919633 -4.9440923 -1.7353436]
[-1.96454   -2.1937363 -4.9440923 -1.5716319]
[-1.8008283 -2.2592208 -4.8786077 -1.6371167]
[-1.768086  -2.2919633 -4.8131227 -1.7026013]
[-1.9317976 -2.4229326 -4.747638  -1.866313 ]
[-2.160994  -2.6193867 -4.649411  -2.0955093]
[-2.3247056 -2.7176137 -4.5184417 -2.2592208]
[-2.3574479 -2.750356  -4.2892456 -2.3247056]
[-2.2592208 -2.652129  -3.9618223 -2.2264786]
[-2.2264786 -2.5211596 -3.732626  -2.0955093]
[-2.6193867 -2.2592208 -3.732626  -1.9317976]
[-2.2264786 -2.553902  -3.8635952 -2.3574479]
[-2.3901904 -2.750356  -4.027307  -2.1282516]
[-2.2919633 -2.6193867 -3.9945645 -2.0955093]
[-2.160994 -2.553902 -3.92908  -2.062767]
[-2.3247056 -2.455675  -3.92908   -1.9972823]
[-2.3574479 -2.4229326 -3.9618223 -2.062767 ]
[-2.2919633 -2.6193867 -4.060049  -2.1937363]
[-2.3574479 -2.6848712 -4.158276  -2.160994 ]
[-2.2592208 -2.6848712 -4.125534  -2.1937363]
[-2.160994  -2.5866442 -3.9618223 -2.0955093]
[-2.0300245 -2.455675  -3.634399  -2.0300245]
[-1.8990552 -2.2264786 -3.2742333 -1.866313 ]
[-1.7353436 -2.0955093 -2.8813252 -1.7353436]
[-1.5388896 -1.8990552 -2.5211596 -1.5716319]
[-1.4406626 -1.6371167 -2.1937363 -1.3424356]
[-1.3096933 -1.473405  -1.96454   -1.276951 ]
[-1.1787239 -1.4406626 -1.8008283 -1.2442087]
[-1.2114663 -1.375178  -1.7026013 -1.1132393]
[-1.2442087 -1.3096933 -1.7026013 -1.0477546]
[-1.2442087 -1.276951  -1.7026013 -1.0150123]
[-1.1787239 -1.276951  -1.6698589 -1.080497 ]
[-1.1132393 -1.375178  -1.6371167 -1.080497 ]
[-1.0150123 -1.4406626 -1.5716319 -0.98227  ]
[-1.0477546  -1.2442087  -1.4079204  -0.81855834]
[-0.85130066 -1.1459817  -1.276951   -0.81855834]
[-0.81855834 -1.1132393  -1.1787239  -0.7203313 ]
[-0.7203313 -1.0477546 -1.080497  -0.687589 ]
[-0.65484667 -0.98227    -0.98227    -0.62210435]
[-0.58936197 -0.884043   -0.884043   -0.5238773 ]
[-0.55661964 -0.81855834 -0.78581595 -0.491135  ]
[-0.491135   -0.75307363 -0.687589   -0.45839265]
[-0.42565033 -0.687589   -0.58936197 -0.39290798]
[-0.36016566 -0.62210435 -0.491135   -0.32742333]
[-0.29468098 -0.55661964 -0.36016566 -0.29468098]
[-0.26193866 -0.5238773  -0.29468098 -0.29468098]
[-0.26193866 -0.491135   -0.26193866 -0.26193866]
[-0.32742333 -0.491135   -0.26193866 -0.32742333]
[-0.42565033 -0.58936197 -0.39290798 -0.45839265]
[-0.687589   -0.55661964 -0.55661964 -0.39290798]
[-0.26193866 -0.75307363 -0.491135   -0.62210435]
[-0.19645399 -0.491135   -0.26193866 -0.19645399]
[-0.09822699 -0.19645399  0.03274233 -0.03274233]
[ 0.         -0.16371167  0.16371167 -0.03274233]
[-0.03274233 -0.16371167  0.19645399 -0.06548467]
[-0.03274233 -0.19645399  0.22919632 -0.06548467]
[-0.09822699 -0.22919632  0.16371167 -0.09822699]
[-0.09822699 -0.22919632  0.13096933 -0.13096933]
[-0.09822699 -0.26193866  0.09822699 -0.16371167]
[-0.09822699 -0.26193866  0.09822699 -0.13096933]
[-0.09822699 -0.19645399  0.13096933 -0.09822699]
[-0.06548467 -0.19645399  0.19645399 -0.09822699]
[-0.03274233 -0.19645399  0.19645399 -0.09822699]
[-0.06548467 -0.19645399  0.16371167 -0.09822699]
[-0.13096933 -0.22919632  0.09822699 -0.13096933]
[-0.32742333 -0.22919632  0.         -0.13096933]
[-0.5238773  -0.39290798 -0.22919632 -0.32742333]
[-0.16371167 -0.81855834 -0.39290798 -0.687589  ]
[-0.45839265 -0.55661964 -0.36016566 -0.26193866]
[-0.22919632 -0.32742333 -0.09822699 -0.22919632]
[-0.09822699 -0.22919632  0.06548467 -0.09822699]
[-0.06548467 -0.22919632  0.13096933 -0.09822699]
[-0.06548467 -0.26193866  0.13096933 -0.09822699]
[-0.13096933 -0.16371167  0.19645399 -0.03274233]
[-0.09822699 -0.09822699  0.29468098  0.03274233]
[-0.06548467 -0.13096933  0.29468098  0.03274233]
[-0.16371167 -0.16371167  0.22919632  0.06548467]
[-0.16371167 -0.26193866  0.13096933  0.        ]
[-0.16371167 -0.36016566  0.06548467 -0.03274233]
[-0.16371167 -0.39290798  0.03274233  0.        ]
[-0.09822699 -0.42565033  0.03274233  0.        ]
[-0.16371167 -0.5238773  -0.09822699 -0.09822699]
[-0.26193866 -0.85130066 -0.491135   -0.491135  ]
[-1.3096933  -0.98227    -1.1787239  -0.58936197]
[-1.5716319 -1.7026013 -1.9972823 -1.6043743]
[-2.1282516 -2.160994  -2.6848712 -1.866313 ]
[-2.2592208 -2.3247056 -2.9140675 -2.0300245]
[-1.2442087 -2.4229326 -2.5211596 -2.0955093]
[-2.1282516  -1.080497   -1.96454    -0.32742333]
[ 0.39290798 -1.5716319  -0.9167853  -1.4079204 ]
[-0.26193866 -0.32742333 -0.32742333  0.29468098]
[-0.09822699 -0.32742333  0.         -0.13096933]
[-0.09822699 -0.19645399  0.06548467 -0.06548467]
[-0.13096933 -0.16371167  0.06548467 -0.03274233]
[-0.06548467 -0.22919632  0.06548467 -0.06548467]
[-0.03274233 -0.22919632  0.06548467 -0.03274233]
[-0.09822699 -0.22919632  0.06548467  0.        ]
[-0.09822699 -0.26193866  0.03274233 -0.06548467]
[-0.16371167 -0.29468098 -0.03274233 -0.06548467]
[-0.29468098 -0.29468098 -0.16371167 -0.09822699]
[-0.22919632 -0.491135   -0.36016566 -0.26193866]
[-0.62210435 -0.39290798 -0.58936197 -0.06548467]
[-0.884043   -0.36016566 -0.81855834 -0.06548467]
[-0.19645399 -0.78581595 -0.85130066 -0.42565033]
[-0.32742333 -0.7203313  -0.81855834  0.06548467]
[-0.29468098 -0.75307363 -0.7203313   0.        ]
[-0.32742333 -0.7203313  -0.7203313   0.        ]
[-0.42565033 -0.78581595 -0.78581595 -0.09822699]
[-0.06548467 -1.1132393  -0.687589   -0.491135  ]
[-0.45839265 -0.9167853  -0.5238773  -0.19645399]
[ 0.19645399 -1.0150123  -0.19645399 -0.5238773 ]
[-0.09822699 -0.7203313  -0.45839265 -0.78581595]
[-0.39290798 -1.080497   -1.0477546   0.09822699]
[ 0.         -1.473405   -1.768086   -0.36016566]
[-0.85130066 -1.2442087  -2.750356    0.09822699]
[-0.687589   -1.1459817  -3.5034297  -0.32742333]
[-0.75307363 -1.276951   -3.6998837  -0.55661964]
[-0.491135  -1.9317976 -3.5689142 -1.2442087]
[-1.7026013 -2.0300245 -3.536172  -1.0477546]
[-1.9317976 -2.160994  -3.6016567 -1.7353436]
[-2.0955093 -2.3574479 -3.7653682 -1.96454  ]
[-2.2919633 -2.4884174 -3.9618223 -2.0300245]
[-2.3574479 -2.5211596 -4.1910186 -2.0955093]
[-2.4229326 -2.6848712 -4.5184417 -2.2264786]
[-2.455675  -2.7830982 -4.7803807 -2.2592208]
[-2.3574479 -2.8158407 -4.91135   -2.2592208]
[-2.3247056 -2.652129  -5.009577  -2.0300245]
[-2.1282516 -2.4884174 -5.009577  -1.8335706]
[-1.8335706 -2.160994  -4.91135   -1.5716319]
[-1.6043743 -1.96454   -4.8131227 -1.3424356]
[-1.473405  -1.9317976 -4.747638  -1.2114663]
[-1.4406626 -1.96454   -4.747638  -1.276951 ]
[-1.5716319 -2.160994  -4.7803807 -1.5061473]
[-1.96454   -2.3901904 -4.7803807 -1.768086 ]
[-2.1937363 -2.6193867 -4.747638  -2.0955093]
[-2.3247056 -2.750356  -4.5839267 -2.2264786]
[-2.3247056 -2.6848712 -4.321988  -2.2592208]
[-2.2919633 -2.5866442 -4.125534  -2.2264786]
[-2.6848712 -2.3901904 -4.1910186 -1.96454  ]
[-2.1282516 -2.7176137 -4.321988  -2.455675 ]
[-2.2592208 -2.7176137 -4.4856997 -2.1282516]
[-2.2592208 -2.7830982 -4.5184417 -2.160994 ]
[-2.160994  -2.7830982 -4.452957  -2.160994 ]
[-2.455675  -2.5866442 -4.3874726 -1.9317976]
[-2.4229326 -2.5211596 -4.3874726 -2.1282516]
[-2.2919633 -2.750356  -4.4856997 -2.2919633]
[-2.3574479 -2.8158407 -4.5184417 -2.2264786]
[-2.2919633 -2.750356  -4.3874726 -2.2264786]
[-2.160994 -2.652129 -4.158276 -2.160994]
[-2.0955093 -2.455675  -3.7653682 -1.9972823]
[-1.9317976 -2.2592208 -3.3069756 -1.8990552]
[-1.7026013 -2.0955093 -2.8813252 -1.768086 ]
[-1.5061473 -1.866313  -2.455675  -1.5388896]
[-1.4079204 -1.6043743 -2.1282516 -1.3096933]
[-1.3096933 -1.4079204 -1.8990552 -1.2114663]
[-1.1787239 -1.375178  -1.768086  -1.2114663]
[-1.1787239 -1.375178  -1.7026013 -1.1459817]
[-1.2114663 -1.3424356 -1.7026013 -1.080497 ]
[-1.2442087 -1.276951  -1.7026013 -0.98227  ]
[-1.2114663 -1.2442087 -1.7026013 -1.0150123]
[-1.0477546 -1.3096933 -1.6371167 -1.080497 ]
[-0.98227   -1.375178  -1.5716319 -0.98227  ]
[-1.0477546  -1.2442087  -1.4406626  -0.81855834]
[-0.884043   -1.2114663  -1.3096933  -0.85130066]
[-0.85130066 -1.1132393  -1.1787239  -0.7203313 ]
[-0.7203313  -1.0477546  -1.080497   -0.65484667]
[-0.65484667 -0.98227    -0.98227    -0.58936197]
[-0.58936197 -0.85130066 -0.884043   -0.5238773 ]
[-0.55661964 -0.81855834 -0.81855834 -0.491135  ]
[-0.491135   -0.75307363 -0.7203313  -0.45839265]
[-0.42565033 -0.687589   -0.62210435 -0.39290798]
[-0.39290798 -0.62210435 -0.491135   -0.32742333]
[-0.32742333 -0.58936197 -0.39290798 -0.32742333]
[-0.29468098 -0.55661964 -0.32742333 -0.32742333]
[-0.29468098 -0.5238773  -0.26193866 -0.29468098]
[-0.36016566 -0.5238773  -0.26193866 -0.32742333]
[-0.42565033 -0.62210435 -0.39290798 -0.45839265]
[-0.75307363 -0.58936197 -0.55661964 -0.42565033]
[-0.26193866 -0.78581595 -0.491135   -0.65484667]
[-0.19645399 -0.5238773  -0.26193866 -0.22919632]
[-0.09822699 -0.19645399  0.03274233 -0.06548467]
[-0.03274233 -0.16371167  0.19645399 -0.06548467]
[-0.03274233 -0.16371167  0.22919632 -0.06548467]
[-0.03274233 -0.19645399  0.22919632 -0.06548467]
[-0.09822699 -0.22919632  0.19645399 -0.09822699]
[-0.09822699 -0.22919632  0.13096933 -0.13096933]
[-0.09822699 -0.26193866  0.09822699 -0.16371167]
[-0.09822699 -0.22919632  0.09822699 -0.13096933]
[-0.06548467 -0.19645399  0.13096933 -0.09822699]
[-0.03274233 -0.16371167  0.19645399 -0.06548467]
[-0.03274233 -0.16371167  0.22919632 -0.06548467]
[-0.03274233 -0.16371167  0.22919632 -0.09822699]
[-0.13096933 -0.19645399  0.16371167 -0.13096933]
[-0.32742333 -0.22919632  0.03274233 -0.16371167]
[-0.5238773  -0.39290798 -0.22919632 -0.32742333]
[-0.19645399 -0.81855834 -0.36016566 -0.7203313 ]
[-0.45839265 -0.55661964 -0.32742333 -0.26193866]
[-0.22919632 -0.36016566 -0.09822699 -0.22919632]
[-0.09822699 -0.22919632  0.09822699 -0.09822699]
[-0.06548467 -0.22919632  0.13096933 -0.06548467]
[-0.09822699 -0.22919632  0.13096933 -0.06548467]
[-0.09822699 -0.16371167  0.19645399  0.        ]
[-0.06548467 -0.09822699  0.26193866  0.06548467]
[-0.03274233 -0.09822699  0.29468098  0.09822699]
[-0.09822699 -0.13096933  0.22919632  0.09822699]
[-0.13096933 -0.26193866  0.13096933  0.03274233]
[-0.13096933 -0.36016566  0.06548467  0.        ]
[-0.16371167 -0.42565033  0.          0.        ]
[-0.13096933 -0.45839265 -0.03274233 -0.03274233]
[-0.19645399 -0.55661964 -0.19645399 -0.13096933]
[-0.39290798 -0.884043   -0.55661964 -0.491135  ]
[-1.375178  -1.0477546 -1.3096933 -0.687589 ]
[-1.6698589 -1.8335706 -2.1282516 -1.7026013]
[-2.0955093 -2.2264786 -2.750356  -1.8990552]
[-2.3901904 -2.2919633 -2.94681   -1.9317976]
[-1.2442087 -2.4884174 -2.553902  -2.1937363]
[-1.96454   -1.276951  -1.9972823 -0.5238773]
[ 0.06548467 -1.4406626  -0.98227    -1.2442087 ]
[-0.22919632 -0.42565033 -0.36016566  0.06548467]
[-0.13096933 -0.39290798 -0.03274233 -0.09822699]
[-0.09822699 -0.19645399  0.06548467 -0.03274233]
[-0.09822699 -0.13096933  0.09822699 -0.03274233]
[-0.06548467 -0.19645399  0.09822699 -0.06548467]
[-0.06548467 -0.22919632  0.06548467 -0.06548467]
[-0.09822699 -0.22919632  0.03274233 -0.03274233]
[-0.09822699 -0.26193866  0.         -0.06548467]
[-0.13096933 -0.26193866 -0.03274233 -0.06548467]
[-0.26193866 -0.29468098 -0.16371167 -0.06548467]
[-0.19645399 -0.491135   -0.32742333 -0.22919632]
[-0.55661964 -0.39290798 -0.55661964 -0.06548467]
[-0.81855834 -0.32742333 -0.78581595 -0.03274233]
[-0.22919632 -0.7203313  -0.85130066 -0.36016566]
[-0.26193866 -0.687589   -0.85130066  0.03274233]
[-0.26193866 -0.75307363 -0.78581595  0.        ]
[-0.32742333 -0.75307363 -0.78581595 -0.03274233]
[-0.39290798 -0.81855834 -0.85130066 -0.09822699]
[-0.06548467 -1.080497   -0.7203313  -0.42565033]
[-0.36016566 -0.9167853  -0.5238773  -0.26193866]
[ 0.26193866 -1.0477546  -0.19645399 -0.58936197]
[-0.09822699 -0.7203313  -0.45839265 -0.81855834]
[-0.42565033 -1.0150123  -0.9495276   0.16371167]
[-0.03274233 -1.5388896  -1.6043743  -0.42565033]
[-0.9167853  -1.3096933  -2.6848712   0.03274233]
[-0.85130066 -1.3096933  -3.634399   -0.45839265]
[-0.81855834 -1.276951   -3.9618223  -0.42565033]
[-0.58936197 -1.8008283  -3.7981105  -1.080497  ]
[-1.5061473 -1.8008283 -3.7653682 -0.98227  ]
[-2.062767  -2.2919633 -4.027307  -1.7353436]
[-2.0955093 -2.455675  -4.0927916 -2.0300245]
[-2.2592208 -2.6193867 -4.256503  -2.062767 ]
[-2.4229326 -2.553902  -4.452957  -2.0955093]
[-2.4229326 -2.652129  -4.7148957 -2.2592208]
[-2.4884174 -2.8158407 -4.9440923 -2.2592208]
[-2.3574479 -2.8158407 -5.0423193 -2.2264786]
[-2.2592208 -2.652129  -5.075062  -2.062767 ]
[-2.0955093 -2.3901904 -5.0423193 -1.7353436]
[-1.7026013 -1.9972823 -4.8786077 -1.3424356]
[-1.2442087 -1.7026013 -4.6821537 -1.0150123]
[-1.0150123  -1.5716319  -4.551184   -0.75307363]
[-1.0150123  -1.6043743  -4.5839267  -0.81855834]
[-1.2114663 -1.866313  -4.7148957 -1.1459817]
[-1.6698589 -2.160994  -4.8458652 -1.473405 ]
[-1.96454   -2.5211596 -4.91135   -1.96454  ]
[-2.2592208 -2.7176137 -4.8131227 -2.160994 ]
[-2.3247056 -2.7830982 -4.6166687 -2.2919633]
[-2.3247056 -2.750356  -4.420215  -2.3247056]
[-2.553902 -2.455675 -4.452957 -1.96454 ]
[-1.9972823 -2.652129  -4.5839267 -2.2264786]
[-1.9972823 -2.4229326 -4.7148957 -1.8990552]
[-1.96454   -2.455675  -4.7803807 -1.96454  ]
[-1.9972823 -2.553902  -4.7148957 -1.9972823]
[-2.3574479 -2.4229326 -4.7148957 -1.8335706]
[-2.3247056 -2.5866442 -4.7803807 -2.0955093]
[-2.2264786 -2.750356  -4.7803807 -2.2264786]
[-2.2264786 -2.7830982 -4.7148957 -2.160994 ]
[-2.2592208 -2.750356  -4.551184  -2.160994 ]
[-2.1282516 -2.652129  -4.256503  -2.160994 ]
[-2.1282516 -2.455675  -3.830853  -1.9972823]
[-1.8990552 -2.2592208 -3.3397179 -1.9317976]
[-1.6698589 -2.0955093 -2.848583  -1.7353436]
[-1.4406626 -1.8335706 -2.3901904 -1.5061473]
[-1.3424356 -1.5388896 -2.0300245 -1.276951 ]
[-1.276951  -1.3424356 -1.8335706 -1.1787239]
[-1.1459817 -1.3096933 -1.7026013 -1.1459817]
[-1.1132393 -1.3096933 -1.6698589 -1.1132393]
[-1.1459817 -1.3424356 -1.6698589 -1.080497 ]
[-1.2114663 -1.276951  -1.7026013 -1.0150123]
[-1.1787239 -1.2442087 -1.7026013 -0.98227  ]
[-1.0150123 -1.276951  -1.6371167 -1.0150123]
[-0.9167853 -1.276951  -1.5716319 -0.9495276]
[-0.98227    -1.2114663  -1.473405   -0.81855834]
[-0.85130066 -1.1787239  -1.3424356  -0.81855834]
[-0.81855834 -1.080497   -1.2114663  -0.687589  ]
[-0.687589  -1.0150123 -1.080497  -0.687589 ]
[-0.65484667 -0.9495276  -0.98227    -0.58936197]
[-0.58936197 -0.884043   -0.884043   -0.55661964]
[-0.55661964 -0.81855834 -0.81855834 -0.491135  ]
[-0.491135   -0.75307363 -0.7203313  -0.45839265]
[-0.45839265 -0.687589   -0.62210435 -0.42565033]
[-0.42565033 -0.62210435 -0.5238773  -0.36016566]
[-0.36016566 -0.62210435 -0.45839265 -0.36016566]
[-0.32742333 -0.58936197 -0.36016566 -0.36016566]
[-0.32742333 -0.55661964 -0.29468098 -0.32742333]
[-0.36016566 -0.5238773  -0.26193866 -0.36016566]
[-0.42565033 -0.62210435 -0.36016566 -0.45839265]
[-0.75307363 -0.55661964 -0.5238773  -0.42565033]
[-0.22919632 -0.78581595 -0.45839265 -0.687589  ]
[-0.19645399 -0.491135   -0.22919632 -0.19645399]
[-0.09822699 -0.19645399  0.06548467 -0.03274233]
[ 0.         -0.13096933  0.19645399 -0.03274233]
[ 0.         -0.16371167  0.22919632 -0.03274233]
[-0.03274233 -0.16371167  0.22919632 -0.06548467]
[-0.06548467 -0.19645399  0.19645399 -0.06548467]
[-0.06548467 -0.22919632  0.16371167 -0.09822699]
[-0.06548467 -0.22919632  0.13096933 -0.13096933]
[-0.06548467 -0.22919632  0.13096933 -0.13096933]
[-0.06548467 -0.19645399  0.16371167 -0.06548467]
[ 0.         -0.16371167  0.22919632 -0.06548467]
[ 0.         -0.13096933  0.26193866 -0.03274233]
[-0.03274233 -0.16371167  0.22919632 -0.06548467]
[-0.13096933 -0.19645399  0.16371167 -0.09822699]
[-0.36016566 -0.22919632  0.03274233 -0.16371167]
[-0.55661964 -0.42565033 -0.22919632 -0.36016566]
[-0.22919632 -0.85130066 -0.36016566 -0.7203313 ]
[-0.45839265 -0.58936197 -0.32742333 -0.26193866]
[-0.22919632 -0.36016566 -0.06548467 -0.22919632]
[-0.06548467 -0.19645399  0.13096933 -0.06548467]
[-0.06548467 -0.19645399  0.16371167 -0.03274233]
[-0.06548467 -0.19645399  0.16371167 -0.06548467]
[-0.09822699 -0.16371167  0.19645399  0.03274233]
[-0.06548467 -0.09822699  0.22919632  0.06548467]
[-0.03274233 -0.13096933  0.26193866  0.09822699]
[-0.09822699 -0.16371167  0.19645399  0.13096933]
[-0.09822699 -0.26193866  0.13096933  0.06548467]
[-0.13096933 -0.39290798  0.03274233  0.        ]
[-0.16371167 -0.42565033 -0.03274233 -0.03274233]
[-0.16371167 -0.45839265 -0.06548467 -0.03274233]
[-0.22919632 -0.58936197 -0.22919632 -0.19645399]
[-0.58936197 -0.9167853  -0.65484667 -0.55661964]
[-1.4406626 -1.2114663 -1.473405  -0.9167853]
[-1.8008283 -2.0300245 -2.2919633 -1.768086 ]
[-2.1282516 -2.2919633 -2.8158407 -1.9972823]
[-2.553902  -2.2264786 -2.9795523 -1.8990552]
[-1.276951  -2.553902  -2.6193867 -2.3247056]
[-1.7353436 -1.5061473 -2.062767  -0.7203313]
[-0.29468098 -1.3096933  -1.0150123  -1.0150123 ]
[-0.13096933 -0.45839265 -0.36016566 -0.13096933]
[-0.13096933 -0.42565033 -0.06548467 -0.09822699]
[-0.06548467 -0.16371167  0.09822699  0.        ]
[-0.06548467 -0.13096933  0.13096933  0.        ]
[-0.03274233 -0.16371167  0.13096933 -0.03274233]
[-0.09822699 -0.22919632  0.06548467 -0.06548467]
[-0.13096933 -0.26193866  0.         -0.06548467]
[-0.13096933 -0.26193866 -0.03274233 -0.06548467]
[-0.13096933 -0.26193866 -0.06548467 -0.06548467]
[-0.19645399 -0.29468098 -0.16371167 -0.06548467]
[-0.16371167 -0.45839265 -0.32742333 -0.19645399]
[-0.45839265 -0.39290798 -0.5238773  -0.06548467]
[-0.75307363 -0.32742333 -0.78581595  0.03274233]
[-0.32742333 -0.58936197 -0.884043   -0.22919632]
[-0.16371167 -0.65484667 -0.9495276  -0.03274233]
[-0.19645399 -0.75307363 -0.98227     0.03274233]
[-0.22919632 -0.687589   -0.98227     0.03274233]
[-0.29468098 -0.7203313  -0.98227    -0.03274233]
[ 0.         -0.9495276  -0.81855834 -0.32742333]
[-0.09822699 -0.85130066 -0.62210435 -0.19645399]
[ 0.36016566 -0.884043   -0.16371167 -0.39290798]
[-0.13096933 -0.7203313  -0.42565033 -0.81855834]
[-0.45839265 -1.0477546  -0.884043    0.13096933]
[-0.09822699 -1.6043743  -1.4406626  -0.5238773 ]
[-0.884043   -1.5061473  -2.553902   -0.22919632]
[-1.0477546  -1.6043743  -3.634399   -0.62210435]
[-0.9495276  -1.4079204  -4.125534   -0.58936197]
[-0.85130066 -1.7353436  -4.125534   -1.0150123 ]
[-1.3096933 -1.8008283 -4.158276  -1.1787239]
[-2.062767  -2.2592208 -4.35473   -1.5388896]
[-2.062767  -2.4229326 -4.35473   -1.96454  ]
[-2.0955093 -2.652129  -4.4856997 -2.0300245]
[-2.455675  -2.6193867 -4.6821537 -1.96454  ]
[-2.3574479 -2.6193867 -4.8458652 -2.2592208]
[-2.4884174 -2.8158407 -5.075062  -2.2919633]
[-2.4229326 -2.848583  -5.1405463 -2.2592208]
[-2.2919633 -2.6848712 -5.1732883 -2.0955093]
[-2.0955093 -2.3247056 -5.1405463 -1.7026013]
[-1.6043743 -1.8335706 -4.8786077 -1.1787239]
[-0.9495276 -1.473405  -4.551184  -0.7203313]
[-0.58936197 -1.2114663  -4.35473    -0.36016566]
[-0.58936197 -1.2442087  -4.3874726  -0.39290798]
[-0.85130066 -1.5716319  -4.5839267  -0.78581595]
[-1.375178  -1.96454   -4.8131227 -1.1787239]
[-1.8335706 -2.3574479 -4.976835  -1.7353436]
[-2.1282516 -2.6193867 -4.9440923 -2.0955093]
[-2.3247056 -2.8158407 -4.7803807 -2.2592208]
[-2.4229326 -2.7830982 -4.551184  -2.2592208]
[-2.455675  -2.5211596 -4.5184417 -2.062767 ]
[-2.160994  -2.553902  -4.551184  -2.0300245]
[-2.062767  -2.2264786 -4.7148957 -1.8008283]
[-1.9972823 -2.2264786 -4.8131227 -1.866313 ]
[-2.0300245 -2.3574479 -4.91135   -1.9317976]
[-2.2592208 -2.3574479 -5.009577  -1.8990552]
[-2.2264786 -2.553902  -5.0423193 -2.0300245]
[-2.160994  -2.6848712 -4.976835  -2.0955093]
[-2.1282516 -2.7176137 -4.8786077 -2.1282516]
[-2.2592208 -2.6848712 -4.7148957 -2.0955093]
[-2.0955093 -2.6193867 -4.321988  -2.1937363]
[-2.1282516 -2.455675  -3.8963375 -1.9972823]
[-1.8335706 -2.2592208 -3.3397179 -1.9317976]
[-1.6043743 -2.0300245 -2.7830982 -1.6698589]
[-1.375178  -1.7353436 -2.2592208 -1.4406626]
[-1.276951  -1.473405  -1.8990552 -1.2114663]
[-1.1787239 -1.276951  -1.7026013 -1.1132393]
[-1.080497  -1.2114663 -1.6043743 -1.080497 ]
[-1.0477546 -1.2114663 -1.5716319 -1.0477546]
[-1.080497  -1.276951  -1.6043743 -1.0477546]
[-1.1787239 -1.276951  -1.6371167 -1.0150123]
[-1.1459817 -1.2442087 -1.6698589 -0.98227  ]
[-1.0150123 -1.2114663 -1.6371167 -0.9495276]
[-0.85130066 -1.1787239  -1.5388896  -0.9167853 ]
[-0.85130066 -1.1132393  -1.4406626  -0.78581595]
[-0.75307363 -1.080497   -1.3096933  -0.75307363]
[-0.75307363 -0.98227    -1.1787239  -0.65484667]
[-0.65484667 -0.9167853  -1.0477546  -0.65484667]
[-0.62210435 -0.884043   -0.9495276  -0.58936197]
[-0.58936197 -0.85130066 -0.884043   -0.5238773 ]
[-0.5238773  -0.78581595 -0.81855834 -0.491135  ]
[-0.491135   -0.75307363 -0.7203313  -0.45839265]
[-0.45839265 -0.687589   -0.65484667 -0.42565033]
[-0.42565033 -0.65484667 -0.55661964 -0.39290798]
[-0.39290798 -0.62210435 -0.491135   -0.39290798]
[-0.32742333 -0.62210435 -0.39290798 -0.36016566]
[-0.29468098 -0.55661964 -0.29468098 -0.32742333]
[-0.32742333 -0.5238773  -0.26193866 -0.32742333]
[-0.39290798 -0.58936197 -0.32742333 -0.45839265]
[-0.7203313  -0.55661964 -0.491135   -0.39290798]
[-0.19645399 -0.75307363 -0.45839265 -0.687589  ]
[-0.19645399 -0.491135   -0.22919632 -0.16371167]
[-0.06548467 -0.16371167  0.09822699 -0.03274233]
[ 0.         -0.13096933  0.22919632 -0.03274233]
[ 0.         -0.13096933  0.26193866 -0.03274233]
[ 0.         -0.16371167  0.26193866 -0.03274233]
[-0.03274233 -0.16371167  0.22919632 -0.06548467]
[-0.03274233 -0.19645399  0.19645399 -0.09822699]
[-0.03274233 -0.19645399  0.13096933 -0.09822699]
[-0.03274233 -0.19645399  0.13096933 -0.09822699]
[-0.06548467 -0.16371167  0.16371167 -0.06548467]
[ 0.         -0.13096933  0.22919632 -0.03274233]
[ 0.         -0.13096933  0.26193866 -0.03274233]
[-0.03274233 -0.19645399  0.22919632 -0.09822699]
[-0.13096933 -0.22919632  0.13096933 -0.13096933]
[-0.42565033 -0.26193866  0.         -0.16371167]
[-0.55661964 -0.491135   -0.26193866 -0.42565033]
[-0.26193866 -0.884043   -0.39290798 -0.7203313 ]
[-0.45839265 -0.58936197 -0.29468098 -0.29468098]
[-0.19645399 -0.36016566 -0.03274233 -0.19645399]
[-0.03274233 -0.19645399  0.16371167 -0.03274233]
[-0.03274233 -0.13096933  0.22919632  0.        ]
[-0.03274233 -0.16371167  0.19645399 -0.03274233]
[-0.09822699 -0.13096933  0.22919632  0.03274233]
[-0.09822699 -0.13096933  0.22919632  0.06548467]
[-0.09822699 -0.13096933  0.22919632  0.09822699]
[-0.09822699 -0.19645399  0.16371167  0.06548467]
[-0.09822699 -0.29468098  0.09822699  0.03274233]
[-0.16371167 -0.39290798  0.03274233  0.03274233]
[-0.16371167 -0.42565033 -0.03274233 -0.03274233]
[-0.22919632 -0.491135   -0.09822699 -0.06548467]
[-0.16371167 -0.687589   -0.32742333 -0.29468098]
[-0.81855834 -0.9495276  -0.81855834 -0.55661964]
[-1.4406626 -1.3424356 -1.6371167 -1.1787239]
[-1.9317976 -2.160994  -2.455675  -1.8335706]
[-2.1937363 -2.3901904 -2.9140675 -2.062767 ]
[-2.6193867 -2.2264786 -3.0777793 -1.8990552]
[-1.3424356 -2.6193867 -2.6848712 -2.3901904]
[-1.473405  -1.6698589 -2.062767  -0.884043 ]
[-0.85130066 -1.080497   -1.0477546  -0.65484667]
[ 0.06548467 -0.5238773  -0.36016566 -0.42565033]
[-0.16371167 -0.55661964 -0.09822699 -0.03274233]
[-0.06548467 -0.16371167  0.13096933  0.        ]
[-0.03274233 -0.13096933  0.16371167  0.03274233]
[-0.03274233 -0.16371167  0.13096933 -0.03274233]
[-0.06548467 -0.22919632  0.06548467 -0.06548467]
[-0.16371167 -0.26193866 -0.03274233 -0.06548467]
[-0.13096933 -0.26193866 -0.03274233 -0.06548467]
[-0.09822699 -0.26193866 -0.06548467 -0.03274233]
[-0.16371167 -0.29468098 -0.13096933 -0.03274233]
[-0.16371167 -0.42565033 -0.29468098 -0.16371167]
[-0.36016566 -0.39290798 -0.5238773  -0.09822699]
[-0.7203313  -0.29468098 -0.78581595  0.03274233]
[-0.42565033 -0.5238773  -1.0150123  -0.19645399]
[-0.06548467 -0.7203313  -1.1787239  -0.13096933]
[-0.16371167 -0.7203313  -1.2442087   0.09822699]
[-0.16371167 -0.58936197 -1.2442087   0.09822699]
[-0.16371167 -0.62210435 -1.2442087   0.03274233]
[ 0.06548467 -0.81855834 -1.0477546  -0.22919632]
[ 0.06548467 -0.75307363 -0.7203313  -0.06548467]
[ 0.29468098 -0.62210435 -0.19645399 -0.13096933]
[-0.13096933 -0.7203313  -0.39290798 -0.81855834]
[-0.5238773  -1.0477546  -0.78581595  0.19645399]
[-0.32742333 -1.473405   -1.2114663  -0.42565033]
[-0.78581595 -1.6371167  -2.2592208  -0.491135  ]
[-1.276951  -1.8008283 -3.437945  -0.7203313]
[-1.080497   -1.5716319  -4.125534   -0.81855834]
[-1.2114663 -1.5716319 -4.3874726 -0.9167853]
[-1.1132393 -1.7353436 -4.420215  -1.2442087]
[-1.8335706 -1.96454   -4.5839267 -1.2442087]
[-1.8008283 -2.160994  -4.5184417 -1.6698589]
[-1.7353436 -2.455675  -4.5184417 -1.8990552]
[-2.2919633 -2.5211596 -4.6821537 -1.7353436]
[-2.3247056 -2.652129  -4.9440923 -2.160994 ]
[-2.4229326 -2.750356  -5.107804  -2.2919633]
[-2.455675  -2.848583  -5.2387733 -2.3247056]
[-2.4229326 -2.750356  -5.2715154 -2.160994 ]
[-2.1937363 -2.3901904 -5.206031  -1.768086 ]
[-1.6371167 -1.8335706 -4.91135   -1.1459817]
[-0.85130066 -1.3424356  -4.5184417  -0.58936197]
[-0.36016566 -1.0150123  -4.223761   -0.09822699]
[-0.32742333 -1.0150123  -4.256503   -0.06548467]
[-0.55661964 -1.3424356  -4.452957   -0.491135  ]
[-1.1132393 -1.768086  -4.747638  -0.9495276]
[-1.7026013 -2.2264786 -5.009577  -1.5061473]
[-1.9972823 -2.553902  -5.009577  -2.0300245]
[-2.2592208 -2.7830982 -4.8131227 -2.2592208]
[-2.4229326 -2.7830982 -4.5839267 -2.3247056]
[-2.455675  -2.7176137 -4.4856997 -2.2919633]
[-2.3574479 -2.6193867 -4.4856997 -2.1937363]
[-2.3574479 -2.3901904 -4.649411  -2.0300245]
[-2.2919633 -2.4229326 -4.8458652 -2.062767 ]
[-2.1937363 -2.455675  -5.075062  -2.062767 ]
[-2.2919633 -2.4884174 -5.206031  -1.96454  ]
[-2.1937363 -2.5211596 -5.206031  -1.96454  ]
[-2.0955093 -2.6193867 -5.1405463 -2.0300245]
[-2.062767  -2.6848712 -4.976835  -2.0955093]
[-2.2592208 -2.6193867 -4.7803807 -2.062767 ]
[-2.1282516 -2.5866442 -4.35473   -2.160994 ]
[-2.062767  -2.4229326 -3.8635952 -1.9972823]
[-1.8008283 -2.2592208 -3.2742333 -1.866313 ]
[-1.5388896 -1.9317976 -2.6848712 -1.5716319]
[-1.276951  -1.6043743 -2.1282516 -1.375178 ]
[-1.1459817 -1.3424356 -1.7353436 -1.1459817]
[-1.080497  -1.2114663 -1.5388896 -1.0150123]
[-1.0150123 -1.1132393 -1.4406626 -0.9495276]
[-0.98227   -1.1459817 -1.473405  -0.98227  ]
[-1.0150123 -1.2114663 -1.5061473 -1.0150123]
[-1.1132393 -1.2442087 -1.5716319 -1.0150123]
[-1.0477546 -1.2442087 -1.5716319 -1.0150123]
[-1.080497  -1.2114663 -1.5716319 -0.9167853]
[-0.884043  -1.1132393 -1.473405  -0.884043 ]
[-0.85130066 -1.0477546  -1.375178   -0.78581595]
[-0.75307363 -1.0150123  -1.2442087  -0.7203313 ]
[-0.687589   -0.884043   -1.1459817  -0.62210435]
[-0.62210435 -0.81855834 -1.0150123  -0.58936197]
[-0.5238773  -0.78581595 -0.884043   -0.5238773 ]
[-0.5238773  -0.78581595 -0.81855834 -0.491135  ]
[-0.5238773  -0.75307363 -0.75307363 -0.45839265]
[-0.491135   -0.7203313  -0.687589   -0.45839265]
[-0.491135   -0.687589   -0.62210435 -0.42565033]
[-0.45839265 -0.65484667 -0.55661964 -0.39290798]
[-0.39290798 -0.62210435 -0.491135   -0.39290798]
[-0.32742333 -0.62210435 -0.42565033 -0.36016566]
[-0.29468098 -0.55661964 -0.32742333 -0.32742333]
[-0.29468098 -0.5238773  -0.26193866 -0.32742333]
[-0.39290798 -0.58936197 -0.32742333 -0.42565033]
[-0.75307363 -0.5238773  -0.5238773  -0.36016566]
[-0.16371167 -0.78581595 -0.45839265 -0.687589  ]
[-0.22919632 -0.491135   -0.22919632 -0.16371167]
[-0.06548467 -0.19645399  0.06548467 -0.03274233]
[ 0.         -0.13096933  0.19645399 -0.03274233]
[ 0.         -0.13096933  0.22919632  0.        ]
[ 0.         -0.13096933  0.26193866 -0.03274233]
[-0.03274233 -0.16371167  0.22919632 -0.03274233]
[-0.03274233 -0.19645399  0.19645399 -0.06548467]
[-0.03274233 -0.19645399  0.13096933 -0.09822699]
[-0.06548467 -0.19645399  0.13096933 -0.09822699]
[-0.06548467 -0.16371167  0.13096933 -0.06548467]
[ 0.         -0.16371167  0.19645399 -0.06548467]
[ 0.         -0.13096933  0.22919632 -0.03274233]
[-0.06548467 -0.19645399  0.22919632 -0.09822699]
[-0.16371167 -0.26193866  0.09822699 -0.16371167]
[-0.491135   -0.29468098 -0.06548467 -0.19645399]
[-0.55661964 -0.5238773  -0.32742333 -0.491135  ]
[-0.32742333 -0.884043   -0.42565033 -0.7203313 ]
[-0.42565033 -0.62210435 -0.32742333 -0.32742333]
[-0.19645399 -0.36016566 -0.03274233 -0.19645399]
[ 0.         -0.16371167  0.19645399  0.        ]
[ 0.         -0.09822699  0.26193866  0.06548467]
[ 0.         -0.13096933  0.26193866  0.        ]
[-0.09822699 -0.09822699  0.26193866  0.06548467]
[-0.13096933 -0.09822699  0.26193866  0.06548467]
[-0.09822699 -0.19645399  0.22919632  0.06548467]
[-0.09822699 -0.22919632  0.19645399  0.06548467]
[-0.06548467 -0.29468098  0.16371167  0.06548467]
[-0.06548467 -0.32742333  0.09822699  0.06548467]
[-0.09822699 -0.39290798  0.03274233  0.        ]
[-0.19645399 -0.491135   -0.13096933 -0.06548467]
[-0.19645399 -0.75307363 -0.42565033 -0.36016566]
[-1.1132393  -0.98227    -1.0150123  -0.55661964]
[-1.5388896 -1.5388896 -1.866313  -1.4406626]
[-2.062767  -2.2592208 -2.6193867 -1.96454  ]
[-2.2919633 -2.4884174 -3.045037  -2.1937363]
[-2.7176137 -2.2919633 -3.1760063 -1.9317976]
[-1.375178  -2.6193867 -2.750356  -2.3901904]
[-1.2442087 -1.768086  -2.0300245 -1.080497 ]
[-1.4079204  -0.81855834 -1.0477546  -0.36016566]
[ 0.36016566 -0.78581595 -0.39290798 -0.884043  ]
[-0.26193866 -0.687589   -0.13096933  0.13096933]
[ 0.         -0.09822699  0.16371167  0.03274233]
[ 0.         -0.13096933  0.16371167  0.03274233]
[-0.06548467 -0.16371167  0.13096933  0.        ]
[-0.06548467 -0.22919632  0.03274233 -0.09822699]
[-0.16371167 -0.26193866 -0.03274233 -0.06548467]
[-0.13096933 -0.26193866 -0.03274233 -0.06548467]
[-0.09822699 -0.26193866 -0.03274233 -0.03274233]
[-0.13096933 -0.29468098 -0.09822699 -0.03274233]
[-0.16371167 -0.39290798 -0.22919632 -0.13096933]
[-0.32742333 -0.42565033 -0.491135   -0.13096933]
[-0.7203313  -0.29468098 -0.85130066  0.03274233]
[-0.45839265 -0.491135   -1.1787239  -0.19645399]
[-0.03274233 -0.78581595 -1.4079204  -0.19645399]
[-0.13096933 -0.65484667 -1.5388896   0.16371167]
[-0.09822699 -0.5238773  -1.6043743   0.13096933]
[-0.13096933 -0.55661964 -1.6043743   0.06548467]
[ 0.06548467 -0.687589   -1.3096933  -0.13096933]
[ 0.13096933 -0.687589   -0.884043   -0.13096933]
[ 0.16371167 -0.5238773  -0.32742333 -0.06548467]
[-0.13096933 -0.687589   -0.39290798 -0.81855834]
[-0.491135   -0.98227    -0.75307363  0.22919632]
[-0.45839265 -1.3424356  -1.0150123  -0.29468098]
[-0.687589  -1.6698589 -1.866313  -0.687589 ]
[-1.5061473 -1.8990552 -3.0122945 -0.687589 ]
[-1.276951  -1.8335706 -3.9618223 -1.080497 ]
[-1.5388896 -1.6698589 -4.452957  -0.884043 ]
[-1.0477546 -1.7353436 -4.5839267 -1.2442087]
[-1.5388896 -1.7026013 -4.6821537 -0.9495276]
[-1.5061473 -1.8008283 -4.551184  -1.1787239]
[-1.375178  -2.062767  -4.420215  -1.5061473]
[-1.7353436 -2.2592208 -4.5184417 -1.5716319]
[-2.2592208 -2.6193867 -4.8458652 -1.8990552]
[-2.2919633 -2.6848712 -5.0423193 -2.2264786]
[-2.4229326 -2.8158407 -5.206031  -2.2919633]
[-2.455675  -2.750356  -5.2715154 -2.2264786]
[-2.1937363 -2.455675  -5.2387733 -1.8990552]
[-1.7353436 -1.866313  -4.9440923 -1.1459817]
[-0.81855834 -1.3096933  -4.551184   -0.58936197]
[-0.29468098 -0.98227    -4.256503   -0.03274233]
[-0.22919632 -0.9167853  -4.256503    0.06548467]
[-0.45839265 -1.2442087  -4.4856997  -0.32742333]
[-0.9167853  -1.6698589  -4.7803807  -0.85130066]
[-1.6371167 -2.0955093 -5.0423193 -1.375178 ]
[-1.96454   -2.4884174 -5.0423193 -1.9317976]
[-2.2592208 -2.7176137 -4.8786077 -2.2264786]
[-2.4229326 -2.8158407 -4.649411  -2.3901904]
[-2.4884174 -2.8158407 -4.452957  -2.3901904]
[-2.455675  -2.652129  -4.420215  -2.3247056]
[-2.5866442 -2.4884174 -4.6166687 -2.160994 ]
[-2.4884174 -2.553902  -4.9440923 -2.2264786]
[-2.3574479 -2.652129  -5.2387733 -2.1937363]
[-2.3247056 -2.553902  -5.3370004 -2.0300245]
[-2.1937363 -2.553902  -5.304258  -1.9972823]
[-2.0300245 -2.6193867 -5.1732883 -2.0300245]
[-1.9972823 -2.6848712 -4.976835  -2.062767 ]
[-2.160994  -2.553902  -4.7148957 -2.0300245]
[-2.0955093 -2.5211596 -4.2892456 -2.0955093]
[-1.96454   -2.3574479 -3.7981105 -1.9972823]
[-1.7026013 -2.1937363 -3.2087486 -1.8008283]
[-1.4406626 -1.8335706 -2.553902  -1.473405 ]
[-1.1787239 -1.5061473 -1.9972823 -1.2442087]
[-1.0477546 -1.2442087 -1.6043743 -1.0477546]
[-0.98227   -1.080497  -1.375178  -0.9167853]
[-0.9495276 -1.0477546 -1.3096933 -0.884043 ]
[-0.9495276 -1.080497  -1.375178  -0.9167853]
[-0.9495276 -1.1459817 -1.4406626 -0.9495276]
[-0.98227   -1.1787239 -1.473405  -0.98227  ]
[-0.884043  -1.2114663 -1.473405  -0.98227  ]
[-0.98227    -1.1132393  -1.4406626  -0.85130066]
[-0.85130066 -1.0477546  -1.375178   -0.884043  ]
[-0.85130066 -0.98227    -1.276951   -0.78581595]
[-0.7203313  -0.98227    -1.1787239  -0.75307363]
[-0.65484667 -0.9167853  -1.080497   -0.62210435]
[-0.62210435 -0.75307363 -0.9167853  -0.5238773 ]
[-0.491135   -0.687589   -0.81855834 -0.491135  ]
[-0.45839265 -0.687589   -0.75307363 -0.45839265]
[-0.45839265 -0.687589   -0.687589   -0.42565033]
[-0.45839265 -0.65484667 -0.62210435 -0.42565033]
[-0.45839265 -0.65484667 -0.58936197 -0.39290798]
[-0.45839265 -0.62210435 -0.5238773  -0.39290798]
[-0.39290798 -0.62210435 -0.491135   -0.39290798]
[-0.32742333 -0.62210435 -0.42565033 -0.36016566]
[-0.26193866 -0.58936197 -0.32742333 -0.32742333]
[-0.29468098 -0.55661964 -0.29468098 -0.29468098]
[-0.42565033 -0.58936197 -0.39290798 -0.42565033]
[-0.78581595 -0.55661964 -0.55661964 -0.39290798]
[-0.19645399 -0.85130066 -0.5238773  -0.75307363]
[-0.26193866 -0.5238773  -0.29468098 -0.19645399]
[-0.09822699 -0.22919632  0.         -0.06548467]
[-0.03274233 -0.13096933  0.16371167 -0.03274233]
[ 0.         -0.13096933  0.22919632 -0.03274233]
[ 0.         -0.16371167  0.22919632 -0.03274233]
[-0.06548467 -0.16371167  0.19645399 -0.06548467]
[-0.06548467 -0.19645399  0.16371167 -0.09822699]
[-0.06548467 -0.22919632  0.13096933 -0.09822699]
[-0.06548467 -0.19645399  0.13096933 -0.09822699]
[-0.06548467 -0.16371167  0.13096933 -0.06548467]
[-0.03274233 -0.16371167  0.19645399 -0.06548467]
[-0.03274233 -0.16371167  0.22919632 -0.06548467]
[-0.06548467 -0.16371167  0.22919632 -0.06548467]
[-0.16371167 -0.26193866  0.09822699 -0.19645399]
[-0.55661964 -0.29468098 -0.09822699 -0.19645399]
[-0.55661964 -0.58936197 -0.36016566 -0.55661964]
[-0.39290798 -0.884043   -0.45839265 -0.687589  ]
[-0.42565033 -0.62210435 -0.36016566 -0.36016566]
[-0.22919632 -0.39290798 -0.06548467 -0.19645399]
[-0.03274233 -0.19645399  0.16371167 -0.03274233]
[ 0.         -0.13096933  0.26193866  0.03274233]
[-0.03274233 -0.13096933  0.26193866  0.03274233]
[-0.13096933 -0.09822699  0.26193866  0.06548467]
[-0.16371167 -0.13096933  0.26193866  0.03274233]
[-0.09822699 -0.22919632  0.26193866  0.03274233]
[-0.06548467 -0.26193866  0.22919632  0.09822699]
[-0.03274233 -0.26193866  0.22919632  0.13096933]
[ 0.         -0.29468098  0.16371167  0.09822699]
[-0.09822699 -0.39290798  0.03274233  0.03274233]
[-0.13096933 -0.58936197 -0.22919632 -0.16371167]
[-0.55661964 -0.85130066 -0.58936197 -0.42565033]
[-1.375178   -1.0477546  -1.276951   -0.81855834]
[-1.768086  -1.9317976 -2.160994  -1.7353436]
[-2.160994  -2.4229326 -2.848583  -2.0955093]
[-2.3574479 -2.5866442 -3.1432638 -2.2919633]
[-2.8158407 -2.3247056 -3.2414908 -1.96454  ]
[-1.473405  -2.6848712 -2.848583  -2.455675 ]
[-1.1787239 -1.8990552 -2.062767  -1.2114663]
[-1.7353436  -0.55661964 -1.1459817  -0.16371167]
[ 0.687589   -1.1459817  -0.39290798 -1.2442087 ]
[-0.32742333 -0.62210435 -0.09822699  0.39290798]
[ 0.03274233 -0.06548467  0.16371167  0.03274233]
[ 0.03274233 -0.13096933  0.16371167  0.03274233]
[-0.06548467 -0.16371167  0.09822699  0.        ]
[-0.09822699 -0.26193866  0.         -0.06548467]
[-0.13096933 -0.22919632 -0.06548467 -0.06548467]
[-0.13096933 -0.22919632 -0.03274233 -0.06548467]
[-0.06548467 -0.22919632  0.         -0.03274233]
[-0.09822699 -0.26193866 -0.03274233  0.        ]
[-0.13096933 -0.36016566 -0.19645399 -0.13096933]
[-0.26193866 -0.45839265 -0.45839265 -0.16371167]
[-0.75307363 -0.32742333 -0.9167853   0.03274233]
[-0.5238773  -0.491135   -1.3096933  -0.16371167]
[-0.03274233 -0.78581595 -1.6371167  -0.22919632]
[-0.16371167 -0.65484667 -1.866313    0.13096933]
[-0.13096933 -0.55661964 -1.96454     0.09822699]
[-0.13096933 -0.5238773  -1.8990552   0.06548467]
[ 0.03274233 -0.62210435 -1.5716319  -0.09822699]
[ 0.26193866 -0.7203313  -1.080497   -0.22919632]
[ 0.16371167 -0.491135   -0.45839265 -0.06548467]
[-0.09822699 -0.687589   -0.36016566 -0.78581595]
[-0.45839265 -0.9495276  -0.687589    0.29468098]
[-0.42565033 -1.1787239  -0.884043   -0.03274233]
[-0.55661964 -1.5061473  -1.4406626  -0.58936197]
[-1.276951  -1.7353436 -2.4884174 -0.7203313]
[-1.375178  -2.1282516 -3.5689142 -1.1787239]
[-1.6371167  -1.8008283  -4.2892456  -0.85130066]
[-1.080497  -1.8335706 -4.649411  -1.1459817]
[-1.3096933 -1.473405  -4.6821537 -0.7203313]
[-1.2442087 -1.4079204 -4.3874726 -0.7203313]
[-1.080497  -1.6371167 -4.0927916 -1.0150123]
[-1.2114663 -2.0300245 -4.060049  -1.3096933]
[-1.96454   -2.4229326 -4.452957  -1.5061473]
[-2.1282516 -2.6193867 -4.8458652 -2.062767 ]
[-2.3574479 -2.7176137 -5.0423193 -2.1937363]
[-2.455675  -2.7176137 -5.206031  -2.1937363]
[-2.1937363 -2.4884174 -5.1732883 -1.96454  ]
[-1.8008283 -1.8990552 -4.976835  -1.1787239]
[-0.884043   -1.3424356  -4.5839267  -0.58936197]
[-0.26193866 -0.9495276  -4.35473    -0.06548467]
[-0.19645399 -0.9167853  -4.35473     0.09822699]
[-0.42565033 -1.2114663  -4.5839267  -0.29468098]
[-0.884043   -1.6371167  -4.8458652  -0.81855834]
[-1.6371167 -2.0300245 -5.075062  -1.3096933]
[-1.9972823 -2.455675  -5.107804  -1.96454  ]
[-2.3574479 -2.7176137 -4.976835  -2.2264786]
[-2.455675  -2.9140675 -4.747638  -2.455675 ]
[-2.5211596 -2.8813252 -4.5184417 -2.455675 ]
[-2.6848712 -2.6848712 -4.452957  -2.3247056]
[-2.6848712 -2.6193867 -4.6821537 -2.3247056]
[-2.5211596 -2.7176137 -5.0423193 -2.3247056]
[-2.3901904 -2.7830982 -5.304258  -2.2264786]
[-2.2919633 -2.652129  -5.402485  -2.0955093]
[-2.2592208 -2.5866442 -5.304258  -1.9972823]
[-2.0300245 -2.652129  -5.107804  -2.062767 ]
[-2.0300245 -2.652129  -4.8786077 -2.0300245]
[-2.1282516 -2.4884174 -4.5839267 -1.9972823]
[-2.1282516 -2.3901904 -4.1910186 -1.9972823]
[-1.866313  -2.3247056 -3.6998837 -1.9972823]
[-1.6043743 -2.1282516 -3.0777793 -1.7353436]
[-1.375178  -1.7026013 -2.455675  -1.375178 ]
[-1.1132393 -1.375178  -1.866313  -1.1459817]
[-0.9495276 -1.1459817 -1.473405  -0.9495276]
[-0.884043   -1.0150123  -1.276951   -0.85130066]
[-0.884043   -0.98227    -1.2114663  -0.81855834]
[-0.9167853 -1.0477546 -1.276951  -0.884043 ]
[-0.9167853 -1.1132393 -1.3424356 -0.9167853]
[-0.884043  -1.1459817 -1.375178  -0.9167853]
[-0.78581595 -1.1459817  -1.3424356  -0.884043  ]
[-0.9495276  -0.9167853  -1.3096933  -0.75307363]
[-0.81855834 -0.9495276  -1.2442087  -0.85130066]
[-0.85130066 -0.9495276  -1.2114663  -0.78581595]
[-0.687589   -0.9495276  -1.1132393  -0.78581595]
[-0.62210435 -0.884043   -0.9495276  -0.62210435]
[-0.55661964 -0.687589   -0.81855834 -0.45839265]
[-0.39290798 -0.58936197 -0.687589   -0.45839265]
[-0.36016566 -0.55661964 -0.62210435 -0.36016566]
[-0.39290798 -0.55661964 -0.55661964 -0.32742333]
[-0.42565033 -0.58936197 -0.5238773  -0.36016566]
[-0.42565033 -0.58936197 -0.5238773  -0.36016566]
[-0.42565033 -0.62210435 -0.491135   -0.36016566]
[-0.39290798 -0.62210435 -0.45839265 -0.36016566]
[-0.32742333 -0.62210435 -0.39290798 -0.36016566]
[-0.26193866 -0.58936197 -0.32742333 -0.32742333]
[-0.32742333 -0.55661964 -0.29468098 -0.32742333]
[-0.45839265 -0.62210435 -0.42565033 -0.491135  ]
[-0.81855834 -0.62210435 -0.65484667 -0.45839265]
[-0.26193866 -0.9167853  -0.62210435 -0.78581595]
[-0.32742333 -0.55661964 -0.39290798 -0.26193866]
[-0.16371167 -0.26193866 -0.06548467 -0.13096933]
[-0.06548467 -0.19645399  0.09822699 -0.06548467]
[-0.03274233 -0.16371167  0.19645399 -0.06548467]
[-0.03274233 -0.16371167  0.22919632 -0.06548467]
[-0.03274233 -0.19645399  0.19645399 -0.06548467]
[-0.03274233 -0.19645399  0.16371167 -0.09822699]
[-0.03274233 -0.19645399  0.13096933 -0.09822699]
[-0.06548467 -0.19645399  0.16371167 -0.06548467]
[-0.06548467 -0.16371167  0.16371167 -0.06548467]
[ 0.         -0.16371167  0.22919632 -0.06548467]
[ 0.         -0.13096933  0.22919632 -0.03274233]
[-0.03274233 -0.16371167  0.22919632 -0.06548467]
[-0.13096933 -0.26193866  0.09822699 -0.19645399]
[-0.62210435 -0.26193866 -0.13096933 -0.19645399]
[-0.55661964 -0.62210435 -0.39290798 -0.62210435]
[-0.42565033 -0.9167853  -0.5238773  -0.687589  ]
[-0.42565033 -0.687589   -0.39290798 -0.39290798]
[-0.26193866 -0.42565033 -0.13096933 -0.19645399]
[-0.06548467 -0.22919632  0.13096933 -0.06548467]
[ 0.         -0.16371167  0.22919632  0.        ]
[-0.06548467 -0.16371167  0.22919632  0.03274233]
[-0.19645399 -0.09822699  0.22919632  0.06548467]
[-0.19645399 -0.16371167  0.22919632  0.        ]
[-0.09822699 -0.26193866  0.22919632  0.03274233]
[-0.03274233 -0.29468098  0.22919632  0.13096933]
[ 0.         -0.26193866  0.22919632  0.16371167]
[-0.03274233 -0.32742333  0.13096933  0.09822699]
[-0.09822699 -0.5238773  -0.13096933 -0.06548467]
[-0.26193866 -0.78581595 -0.491135   -0.32742333]
[-1.0477546  -0.98227    -0.9167853  -0.58936197]
[-1.5061473 -1.4079204 -1.7026013 -1.3424356]
[-2.0300245 -2.2919633 -2.4884174 -1.9317976]
[-2.3247056 -2.5211596 -3.0122945 -2.1937363]
[-2.455675  -2.652129  -3.2414908 -2.3574479]
[-2.7830982 -2.4229326 -3.3397179 -2.0955093]
[-1.6698589 -2.6848712 -2.9140675 -2.4229326]
[-1.2114663 -1.9972823 -2.0955093 -1.3424356]
[-1.96454    -0.491135   -1.2442087  -0.03274233]
[ 0.9167853  -1.3424356  -0.36016566 -1.375178  ]
[-0.29468098 -0.5238773  -0.09822699  0.55661964]
[ 0.         -0.09822699  0.16371167  0.03274233]
[ 0.         -0.13096933  0.13096933  0.        ]
[-0.03274233 -0.22919632  0.03274233 -0.06548467]
[-0.09822699 -0.26193866 -0.03274233 -0.06548467]
[-0.13096933 -0.22919632 -0.06548467 -0.06548467]
[-0.13096933 -0.19645399 -0.03274233 -0.03274233]
[-0.06548467 -0.19645399  0.03274233  0.        ]
[-0.09822699 -0.22919632  0.          0.        ]
[-0.13096933 -0.36016566 -0.16371167 -0.09822699]
[-0.22919632 -0.45839265 -0.42565033 -0.16371167]
[-0.7203313  -0.32742333 -0.9167853   0.03274233]
[-0.58936197 -0.491135   -1.375178   -0.19645399]
[-0.03274233 -0.85130066 -1.8008283  -0.32742333]
[-0.22919632 -0.7203313  -2.0955093   0.06548467]
[-0.19645399 -0.58936197 -2.1937363   0.03274233]
[-0.19645399 -0.55661964 -2.1282516   0.        ]
[-0.06548467 -0.62210435 -1.768086   -0.09822699]
[ 0.29468098 -0.75307363 -1.2114663  -0.22919632]
[ 0.16371167 -0.45839265 -0.491135    0.03274233]
[-0.09822699 -0.65484667 -0.32742333 -0.78581595]
[-0.42565033 -0.9167853  -0.62210435  0.32742333]
[-0.45839265 -1.0150123  -0.78581595  0.22919632]
[-0.42565033 -1.276951   -1.1787239  -0.22919632]
[-0.78581595 -1.473405   -1.9972823  -0.55661964]
[-1.080497  -2.0300245 -3.045037  -0.9495276]
[-1.3424356  -1.8008283  -4.027307   -0.78581595]
[-1.1459817 -1.8008283 -4.551184  -0.884043 ]
[-1.080497   -1.3424356  -4.6166687  -0.55661964]
[-1.0150123  -1.1787239  -4.1910186  -0.45839265]
[-0.85130066 -1.3096933  -3.634399   -0.62210435]
[-0.884043  -1.8008283 -3.4706872 -1.0477546]
[-1.5061473 -2.1937363 -3.92908   -1.2442087]
[-1.9972823 -2.5866442 -4.5184417 -1.8008283]
[-2.2264786 -2.5866442 -4.8458652 -2.062767 ]
[-2.4229326 -2.652129  -5.075062  -2.160994 ]
[-2.1937363 -2.553902  -5.1405463 -1.9972823]
[-1.866313 -1.96454  -5.009577 -1.276951]
[-1.0150123  -1.4079204  -4.6821537  -0.65484667]
[-0.32742333 -1.0150123  -4.4856997  -0.16371167]
[-0.26193866 -0.9167853  -4.4856997   0.06548467]
[-0.45839265 -1.2114663  -4.7148957  -0.32742333]
[-0.9167853 -1.6698589 -4.91135   -0.884043 ]
[-1.6698589 -2.0300245 -5.107804  -1.3424356]
[-2.0955093 -2.455675  -5.1732883 -1.96454  ]
[-2.4229326 -2.750356  -5.075062  -2.2592208]
[-2.455675  -2.9795523 -4.8786077 -2.5211596]
[-2.5866442 -2.94681   -4.6821537 -2.4229326]
[-2.652129  -2.7830982 -4.6166687 -2.3901904]
[-2.553902  -2.7176137 -4.8131227 -2.3901904]
[-2.455675  -2.7830982 -5.075062  -2.2592208]
[-2.1937363 -2.750356  -5.3370004 -2.2264786]
[-2.2264786 -2.7176137 -5.3697424 -2.0300245]
[-2.1282516 -2.5866442 -5.2387733 -2.0300245]
[-1.9317976 -2.6193867 -4.976835  -2.0955093]
[-1.9972823 -2.5211596 -4.6821537 -1.9972823]
[-2.1282516 -2.4229326 -4.35473   -1.9972823]
[-2.1282516 -2.3574479 -4.027307  -2.0300245]
[-1.8335706 -2.3247056 -3.5689142 -1.9972823]
[-1.5716319 -2.062767  -2.9795523 -1.7026013]
[-1.3424356 -1.6371167 -2.3247056 -1.3424356]
[-1.080497  -1.3096933 -1.768086  -1.080497 ]
[-0.9167853 -1.080497  -1.4079204 -0.9167853]
[-0.85130066 -1.0150123  -1.2114663  -0.81855834]
[-0.884043   -0.98227    -1.1787239  -0.81855834]
[-0.884043   -1.0150123  -1.2114663  -0.85130066]
[-0.9167853 -1.080497  -1.276951  -0.884043 ]
[-0.81855834 -1.1132393  -1.276951   -0.9167853 ]
[-0.78581595 -1.080497   -1.2442087  -0.85130066]
[-0.9495276  -0.9167853  -1.1787239  -0.75307363]
[-0.75307363 -0.9495276  -1.1787239  -0.9167853 ]
[-0.9167853 -0.9495276 -1.1132393 -0.7203313]
[-0.65484667 -0.9495276  -1.0150123  -0.81855834]
[-0.55661964 -0.884043   -0.884043   -0.62210435]
[-0.5238773  -0.62210435 -0.7203313  -0.42565033]
[-0.36016566 -0.5238773  -0.55661964 -0.36016566]
[-0.26193866 -0.42565033 -0.491135   -0.29468098]
[-0.29468098 -0.39290798 -0.45839265 -0.26193866]
[-0.32742333 -0.45839265 -0.45839265 -0.32742333]
[-0.39290798 -0.5238773  -0.45839265 -0.36016566]
[-0.42565033 -0.58936197 -0.45839265 -0.36016566]
[-0.39290798 -0.58936197 -0.42565033 -0.36016566]
[-0.32742333 -0.58936197 -0.39290798 -0.36016566]
[-0.26193866 -0.58936197 -0.32742333 -0.32742333]
[-0.36016566 -0.55661964 -0.32742333 -0.32742333]
[-0.5238773  -0.65484667 -0.45839265 -0.5238773 ]
[-0.9167853  -0.65484667 -0.687589   -0.491135  ]
[-0.29468098 -0.98227    -0.65484667 -0.85130066]
[-0.36016566 -0.62210435 -0.42565033 -0.29468098]
[-0.19645399 -0.29468098 -0.09822699 -0.16371167]
[-0.06548467 -0.19645399  0.06548467 -0.09822699]
[-0.03274233 -0.16371167  0.16371167 -0.06548467]
[-0.03274233 -0.16371167  0.22919632 -0.06548467]
[-0.03274233 -0.16371167  0.22919632 -0.06548467]
[-0.03274233 -0.19645399  0.19645399 -0.06548467]
[-0.03274233 -0.16371167  0.19645399 -0.06548467]
[-0.03274233 -0.16371167  0.19645399 -0.06548467]
[-0.03274233 -0.13096933  0.22919632 -0.06548467]
[ 0.         -0.13096933  0.29468098 -0.03274233]
[ 0.         -0.13096933  0.29468098 -0.03274233]
[-0.03274233 -0.13096933  0.22919632 -0.06548467]
[-0.16371167 -0.26193866  0.09822699 -0.16371167]
[-0.62210435 -0.26193866 -0.16371167 -0.19645399]
[-0.491135   -0.65484667 -0.42565033 -0.65484667]
[-0.39290798 -0.9167853  -0.5238773  -0.65484667]
[-0.45839265 -0.687589   -0.42565033 -0.39290798]
[-0.29468098 -0.42565033 -0.16371167 -0.22919632]
[-0.16371167 -0.26193866  0.06548467 -0.09822699]
[-0.13096933 -0.22919632  0.13096933 -0.06548467]
[-0.22919632 -0.22919632  0.13096933 -0.03274233]
[-0.32742333 -0.22919632  0.06548467 -0.06548467]
[-0.29468098 -0.32742333  0.03274233 -0.09822699]
[-0.16371167 -0.42565033  0.03274233 -0.06548467]
[-0.09822699 -0.39290798  0.06548467  0.03274233]
[-0.09822699 -0.39290798  0.03274233  0.06548467]
[-0.06548467 -0.55661964 -0.16371167 -0.09822699]
[-0.36016566 -0.7203313  -0.45839265 -0.26193866]
[-0.75307363 -1.0150123  -0.85130066 -0.58936197]
[-1.473405  -1.2442087 -1.5061473 -0.98227  ]
[-1.7026013 -1.96454   -2.1937363 -1.8008283]
[-2.160994  -2.3574479 -2.750356  -1.9972823]
[-2.3901904 -2.553902  -3.1432638 -2.2919633]
[-2.4884174 -2.652129  -3.3397179 -2.4229326]
[-2.7176137 -2.4884174 -3.4052026 -2.160994 ]
[-1.9317976 -2.652129  -2.9795523 -2.3574479]
[-1.1787239 -2.0300245 -2.160994  -1.5716319]
[-2.1937363  -0.62210435 -1.375178    0.03274233]
[ 1.0150123  -1.5061473  -0.39290798 -1.5388896 ]
[-0.32742333 -0.491135   -0.09822699  0.62210435]
[-0.03274233 -0.19645399  0.09822699 -0.03274233]
[ 0.         -0.19645399  0.06548467 -0.06548467]
[-0.06548467 -0.22919632  0.03274233 -0.06548467]
[-0.09822699 -0.22919632 -0.03274233 -0.09822699]
[-0.13096933 -0.19645399 -0.06548467 -0.06548467]
[-0.13096933 -0.16371167 -0.03274233  0.        ]
[-0.03274233 -0.19645399  0.03274233 -0.03274233]
[-0.06548467 -0.22919632  0.          0.        ]
[-0.09822699 -0.32742333 -0.09822699 -0.06548467]
[-0.19645399 -0.42565033 -0.39290798 -0.13096933]
[-0.62210435 -0.32742333 -0.884043    0.        ]
[-0.58936197 -0.45839265 -1.4079204  -0.16371167]
[-0.03274233 -0.81855834 -1.8335706  -0.36016566]
[-0.26193866 -0.7203313  -2.160994    0.06548467]
[-0.22919632 -0.62210435 -2.3247056  -0.03274233]
[-0.22919632 -0.58936197 -2.2592208  -0.03274233]
[-0.09822699 -0.65484667 -1.866313   -0.09822699]
[ 0.32742333 -0.78581595 -1.276951   -0.26193866]
[ 0.13096933 -0.45839265 -0.5238773   0.06548467]
[-0.09822699 -0.62210435 -0.32742333 -0.7203313 ]
[-0.42565033 -0.884043   -0.58936197  0.36016566]
[-0.45839265 -0.98227    -0.7203313   0.26193866]
[-0.491135   -1.080497   -0.98227     0.09822699]
[-0.491135   -1.3096933  -1.5388896  -0.29468098]
[-0.687589   -1.6698589  -2.5211596  -0.58936197]
[-1.0477546  -1.768086   -3.634399   -0.62210435]
[-1.080497   -1.5716319  -4.35473    -0.62210435]
[-0.9167853  -1.2442087  -4.4856997  -0.45839265]
[-0.884043   -1.0150123  -3.9618223  -0.19645399]
[-0.62210435 -1.0477546  -3.1760063  -0.26193866]
[-0.58936197 -1.5061473  -2.8158407  -0.65484667]
[-1.0477546 -1.8990552 -3.2414908 -0.9495276]
[-1.768086  -2.4229326 -4.0927916 -1.473405 ]
[-2.1282516 -2.5866442 -4.649411  -1.96454  ]
[-2.4229326 -2.652129  -4.976835  -2.1282516]
[-2.2264786 -2.6193867 -5.075062  -2.062767 ]
[-1.96454   -2.062767  -5.0423193 -1.375178 ]
[-1.1132393 -1.4406626 -4.747638  -0.7203313]
[-0.36016566 -1.080497   -4.5839267  -0.22919632]
[-0.26193866 -0.9167853  -4.5184417   0.03274233]
[-0.491135   -1.2114663  -4.747638   -0.36016566]
[-0.98227   -1.6698589 -4.91135   -0.884043 ]
[-1.7026013 -2.062767  -5.1405463 -1.4079204]
[-2.160994  -2.4884174 -5.206031  -1.9972823]
[-2.455675  -2.7830982 -5.206031  -2.3247056]
[-2.455675  -3.0777793 -5.0423193 -2.5866442]
[-2.6193867 -2.9795523 -4.8131227 -2.4229326]
[-2.7176137 -2.7830982 -4.747638  -2.3247056]
[-2.455675  -2.7830982 -4.8786077 -2.3247056]
[-2.3901904 -2.652129  -5.075062  -2.1282516]
[-2.062767  -2.7176137 -5.2387733 -2.1937363]
[-2.2592208 -2.652129  -5.2387733 -1.96454  ]
[-2.160994  -2.455675  -5.0423193 -1.9972823]
[-2.0955093 -2.4884174 -4.747638  -2.0300245]
[-2.062767  -2.3574479 -4.452957  -2.0300245]
[-2.062767  -2.4229326 -4.1910186 -2.0955093]
[-2.160994  -2.3247056 -3.830853  -1.9972823]
[-1.8335706 -2.2592208 -3.3724604 -1.96454  ]
[-1.5388896 -2.0300245 -2.848583  -1.7026013]
[-1.3424356 -1.6371167 -2.2592208 -1.3424356]
[-1.080497  -1.276951  -1.7353436 -1.080497 ]
[-0.884043  -1.080497  -1.375178  -0.9167853]
[-0.81855834 -0.98227    -1.1787239  -0.81855834]
[-0.85130066 -0.9495276  -1.1459817  -0.78581595]
[-0.884043   -1.0150123  -1.2114663  -0.85130066]
[-0.9167853 -1.0477546 -1.2442087 -0.884043 ]
[-0.78581595 -1.1132393  -1.2442087  -0.9167853 ]
[-0.75307363 -1.0477546  -1.1459817  -0.85130066]
[-0.9167853  -0.85130066 -1.1132393  -0.687589  ]
[-0.75307363 -0.9495276  -1.0477546  -0.85130066]
[-0.9167853  -0.85130066 -1.0477546  -0.687589  ]
[-0.58936197 -0.9495276  -0.9495276  -0.85130066]
[-0.55661964 -0.85130066 -0.81855834 -0.58936197]
[-0.45839265 -0.58936197 -0.62210435 -0.42565033]
[-0.29468098 -0.491135   -0.45839265 -0.32742333]
[-0.26193866 -0.39290798 -0.39290798 -0.22919632]
[-0.26193866 -0.32742333 -0.36016566 -0.19645399]
[-0.29468098 -0.39290798 -0.39290798 -0.26193866]
[-0.36016566 -0.45839265 -0.42565033 -0.29468098]
[-0.39290798 -0.5238773  -0.45839265 -0.36016566]
[-0.36016566 -0.58936197 -0.42565033 -0.39290798]
[-0.29468098 -0.62210435 -0.39290798 -0.36016566]
[-0.29468098 -0.58936197 -0.32742333 -0.32742333]
[-0.39290798 -0.55661964 -0.32742333 -0.36016566]
[-0.58936197 -0.687589   -0.5238773  -0.55661964]
[-0.9495276  -0.7203313  -0.7203313  -0.58936197]
[-0.36016566 -1.0477546  -0.7203313  -0.9167853 ]
[-0.42565033 -0.687589   -0.45839265 -0.32742333]
[-0.26193866 -0.36016566 -0.16371167 -0.19645399]
[-0.13096933 -0.26193866  0.03274233 -0.16371167]
[-0.06548467 -0.22919632  0.13096933 -0.09822699]
[-0.03274233 -0.16371167  0.22919632 -0.06548467]
[-0.03274233 -0.16371167  0.22919632 -0.06548467]
[ 0.         -0.16371167  0.22919632 -0.06548467]
[-0.03274233 -0.19645399  0.22919632 -0.06548467]
[ 0.         -0.16371167  0.26193866 -0.03274233]
[ 0.         -0.13096933  0.26193866 -0.03274233]
[ 0.03274233 -0.13096933  0.32742333  0.        ]
[ 0.03274233 -0.13096933  0.29468098  0.        ]
[ 0.         -0.16371167  0.26193866 -0.06548467]
[-0.13096933 -0.26193866  0.09822699 -0.19645399]
[-0.65484667 -0.26193866 -0.19645399 -0.16371167]
[-0.491135   -0.687589   -0.42565033 -0.65484667]
[-0.39290798 -0.884043   -0.55661964 -0.65484667]
[-0.491135   -0.687589   -0.45839265 -0.39290798]
[-0.36016566 -0.45839265 -0.26193866 -0.29468098]
[-0.26193866 -0.36016566 -0.09822699 -0.19645399]
[-0.26193866 -0.39290798 -0.03274233 -0.22919632]
[-0.39290798 -0.42565033 -0.09822699 -0.22919632]
[-0.491135   -0.5238773  -0.19645399 -0.26193866]
[-0.39290798 -0.62210435 -0.29468098 -0.29468098]
[-0.22919632 -0.687589   -0.32742333 -0.26193866]
[-0.13096933 -0.62210435 -0.32742333 -0.13096933]
[-0.13096933 -0.58936197 -0.39290798 -0.13096933]
[-0.29468098 -0.7203313  -0.58936197 -0.29468098]
[-0.75307363 -0.98227    -0.98227    -0.58936197]
[-1.2442087 -1.3424356 -1.5061473 -1.1459817]
[-1.866313  -1.8008283 -2.1282516 -1.5716319]
[-2.062767  -2.3901904 -2.652129  -2.062767 ]
[-2.2919633 -2.4229326 -3.0122945 -2.160994 ]
[-2.4229326 -2.5866442 -3.2742333 -2.3574479]
[-2.5211596 -2.6848712 -3.4052026 -2.4229326]
[-2.652129  -2.5211596 -3.4052026 -2.2264786]
[-2.1937363 -2.5211596 -3.045037  -2.2592208]
[-1.1132393 -2.1937363 -2.2592208 -1.8335706]
[-2.2919633  -0.65484667 -1.473405    0.03274233]
[ 1.0477546 -1.6371167 -0.491135  -1.6043743]
[-0.32742333 -0.491135   -0.16371167  0.58936197]
[-0.09822699 -0.19645399  0.03274233 -0.06548467]
[-0.06548467 -0.22919632  0.03274233 -0.06548467]
[-0.06548467 -0.22919632  0.         -0.09822699]
[-0.09822699 -0.26193866 -0.03274233 -0.09822699]
[-0.09822699 -0.22919632 -0.03274233 -0.06548467]
[-0.13096933 -0.16371167 -0.03274233  0.        ]
[-0.03274233 -0.16371167  0.03274233  0.        ]
[-0.03274233 -0.16371167  0.03274233  0.03274233]
[-0.06548467 -0.26193866 -0.09822699 -0.03274233]
[-0.19645399 -0.39290798 -0.36016566 -0.13096933]
[-0.5238773  -0.36016566 -0.81855834 -0.03274233]
[-0.65484667 -0.42565033 -1.3424356  -0.06548467]
[-0.06548467 -0.75307363 -1.768086   -0.36016566]
[-0.29468098 -0.687589   -2.160994   -0.03274233]
[-0.29468098 -0.687589   -2.3574479  -0.06548467]
[-0.26193866 -0.65484667 -2.3247056  -0.09822699]
[-0.16371167 -0.62210435 -1.8990552  -0.09822699]
[ 0.39290798 -0.81855834 -1.2442087  -0.29468098]
[ 0.13096933 -0.42565033 -0.491135    0.09822699]
[-0.09822699 -0.62210435 -0.32742333 -0.7203313 ]
[-0.42565033 -0.9167853  -0.62210435  0.32742333]
[-0.491135   -0.98227    -0.687589    0.26193866]
[-0.491135   -1.0150123  -0.81855834  0.19645399]
[-0.42565033 -1.2114663  -1.2114663  -0.06548467]
[-0.36016566 -1.5716319  -2.0955093  -0.45839265]
[-0.85130066 -1.6698589  -3.2087486  -0.42565033]
[-1.0150123  -1.4406626  -4.125534   -0.45839265]
[-0.81855834 -1.1787239  -4.321988   -0.36016566]
[-0.78581595 -0.85130066 -3.7653682  -0.03274233]
[-0.491135   -0.9167853  -2.8813252  -0.09822699]
[-0.36016566 -1.276951   -2.3901904  -0.32742333]
[-0.687589   -1.6043743  -2.6848712  -0.65484667]
[-1.375178  -2.160994  -3.634399  -1.2442087]
[-2.0955093 -2.6193867 -4.420215  -1.8008283]
[-2.3901904 -2.6848712 -4.8786077 -2.0955093]
[-2.2264786 -2.652129  -5.075062  -2.0955093]
[-1.96454   -2.0955093 -5.0423193 -1.4079204]
[-1.1459817  -1.5061473  -4.8131227  -0.78581595]
[-0.39290798 -1.1132393  -4.6166687  -0.26193866]
[-0.29468098 -0.9167853  -4.5184417   0.03274233]
[-0.45839265 -1.2114663  -4.7148957  -0.36016566]
[-0.9495276 -1.6698589 -4.8786077 -0.884043 ]
[-1.7353436 -2.062767  -5.075062  -1.4079204]
[-2.1937363 -2.5211596 -5.206031  -1.9972823]
[-2.4229326 -2.848583  -5.2387733 -2.3574479]
[-2.4229326 -3.045037  -5.1405463 -2.5211596]
[-2.5866442 -2.8813252 -4.9440923 -2.3901904]
[-2.6193867 -2.7830982 -4.8458652 -2.3574479]
[-2.455675  -2.8158407 -4.91135   -2.3574479]
[-2.5211596 -2.652129  -5.075062  -2.1282516]
[-2.1282516 -2.8158407 -5.1405463 -2.3901904]
[-2.455675  -2.7176137 -5.107804  -2.1282516]
[-2.455675  -2.5866442 -4.8786077 -2.1937363]
[-2.4229326 -2.5211596 -4.551184  -2.1937363]
[-2.0955093 -2.652129  -4.2892456 -2.3247056]
[-2.062767  -2.5866442 -3.9945645 -2.1282516]
[-2.1937363 -2.2264786 -3.6016567 -1.8990552]
[-1.7026013 -2.160994  -3.2087486 -1.9972823]
[-1.5388896 -1.9972823 -2.750356  -1.6698589]
[-1.375178  -1.5716319 -2.160994  -1.276951 ]
[-1.080497  -1.276951  -1.6698589 -1.080497 ]
[-0.884043  -1.080497  -1.3424356 -0.9167853]
[-0.81855834 -1.0150123  -1.1787239  -0.85130066]
[-0.884043   -0.98227    -1.1459817  -0.81855834]
[-0.9495276  -1.0150123  -1.2114663  -0.85130066]
[-0.9167853 -1.080497  -1.2442087 -0.9167853]
[-0.78581595 -1.1132393  -1.1787239  -0.9167853 ]
[-0.687589   -1.0150123  -1.080497   -0.81855834]
[-0.81855834 -0.81855834 -1.0150123  -0.65484667]
[-0.75307363 -0.884043   -0.98227    -0.78581595]
[-0.9495276  -0.78581595 -0.98227    -0.65484667]
[-0.491135  -1.0150123 -0.9167853 -0.884043 ]
[-0.55661964 -0.85130066 -0.75307363 -0.5238773 ]
[-0.42565033 -0.55661964 -0.55661964 -0.39290798]
[-0.29468098 -0.45839265 -0.39290798 -0.32742333]
[-0.26193866 -0.36016566 -0.32742333 -0.22919632]
[-0.29468098 -0.36016566 -0.32742333 -0.22919632]
[-0.32742333 -0.39290798 -0.36016566 -0.29468098]
[-0.36016566 -0.45839265 -0.42565033 -0.32742333]
[-0.36016566 -0.5238773  -0.45839265 -0.36016566]
[-0.32742333 -0.58936197 -0.42565033 -0.36016566]
[-0.26193866 -0.58936197 -0.36016566 -0.32742333]
[-0.29468098 -0.5238773  -0.29468098 -0.29468098]
[-0.36016566 -0.5238773  -0.36016566 -0.39290798]
[-0.62210435 -0.687589   -0.5238773  -0.55661964]
[-0.9167853  -0.7203313  -0.75307363 -0.62210435]
[-0.36016566 -1.080497   -0.7203313  -0.9495276 ]
[-0.45839265 -0.687589   -0.491135   -0.36016566]
[-0.29468098 -0.42565033 -0.19645399 -0.29468098]
[-0.16371167 -0.32742333 -0.03274233 -0.22919632]
[-0.13096933 -0.26193866  0.09822699 -0.13096933]
[-0.09822699 -0.22919632  0.19645399 -0.06548467]
[-0.06548467 -0.22919632  0.19645399 -0.09822699]
[-0.03274233 -0.22919632  0.19645399 -0.09822699]
[-0.06548467 -0.22919632  0.16371167 -0.09822699]
[-0.06548467 -0.19645399  0.19645399 -0.09822699]
[-0.06548467 -0.19645399  0.19645399 -0.06548467]
[-0.06548467 -0.19645399  0.22919632 -0.09822699]
[-0.06548467 -0.19645399  0.22919632 -0.09822699]
[-0.13096933 -0.22919632  0.13096933 -0.09822699]
[-0.26193866 -0.36016566 -0.03274233 -0.26193866]
[-0.7203313  -0.39290798 -0.36016566 -0.26193866]
[-0.58936197 -0.78581595 -0.58936197 -0.7203313 ]
[-0.491135   -1.0150123  -0.7203313  -0.75307363]
[-0.65484667 -0.81855834 -0.65484667 -0.5238773 ]
[-0.5238773  -0.687589   -0.55661964 -0.491135  ]
[-0.45839265 -0.58936197 -0.45839265 -0.39290798]
[-0.42565033 -0.62210435 -0.45839265 -0.42565033]
[-0.491135   -0.75307363 -0.55661964 -0.491135  ]
[-0.5238773  -0.81855834 -0.687589   -0.5238773 ]
[-0.491135   -0.85130066 -0.75307363 -0.491135  ]
[-0.491135   -0.81855834 -0.81855834 -0.42565033]
[-0.5238773  -0.78581595 -0.81855834 -0.36016566]
[-0.65484667 -0.81855834 -0.9495276  -0.42565033]
[-0.9495276  -1.0150123  -1.2114663  -0.75307363]
[-1.375178  -1.375178  -1.7026013 -1.1787239]
[-1.8990552 -1.9317976 -2.2592208 -1.7353436]
[-2.1937363 -2.3247056 -2.750356  -2.0955093]
[-2.3901904 -2.6193867 -3.0777793 -2.2919633]
[-2.455675  -2.553902  -3.2742333 -2.3574479]
[-2.455675  -2.6193867 -3.3724604 -2.4229326]
[-2.5211596 -2.652129  -3.4052026 -2.4229326]
[-2.6193867 -2.553902  -3.4052026 -2.3247056]
[-2.4229326 -2.455675  -3.1105216 -2.160994 ]
[-1.080497  -2.3247056 -2.3247056 -2.0300245]
[-2.2264786  -0.78581595 -1.6043743   0.        ]
[ 0.98227    -1.6371167  -0.55661964 -1.5716319 ]
[-0.36016566 -0.45839265 -0.22919632  0.58936197]
[-0.13096933 -0.26193866 -0.03274233 -0.09822699]
[-0.09822699 -0.26193866 -0.03274233 -0.13096933]
[-0.09822699 -0.29468098 -0.03274233 -0.13096933]
[-0.13096933 -0.26193866 -0.03274233 -0.09822699]
[-0.09822699 -0.22919632 -0.03274233 -0.09822699]
[-0.13096933 -0.19645399 -0.03274233 -0.03274233]
[-0.03274233 -0.19645399  0.          0.        ]
[-0.06548467 -0.13096933  0.          0.03274233]
[-0.09822699 -0.22919632 -0.09822699 -0.06548467]
[-0.19645399 -0.39290798 -0.36016566 -0.16371167]
[-0.42565033 -0.39290798 -0.78581595 -0.09822699]
[-0.7203313  -0.36016566 -1.2442087  -0.03274233]
[-0.16371167 -0.687589   -1.7026013  -0.42565033]
[-0.29468098 -0.7203313  -2.0955093  -0.09822699]
[-0.32742333 -0.7203313  -2.3574479  -0.09822699]
[-0.26193866 -0.65484667 -2.2919633  -0.09822699]
[-0.16371167 -0.62210435 -1.8990552  -0.06548467]
[ 0.45839265 -0.78581595 -1.2442087  -0.29468098]
[ 0.13096933 -0.39290798 -0.491135    0.16371167]
[-0.09822699 -0.65484667 -0.36016566 -0.75307363]
[-0.45839265 -0.9495276  -0.65484667  0.29468098]
[-0.491135   -0.98227    -0.65484667  0.29468098]
[-0.45839265 -0.98227    -0.75307363  0.26193866]
[-0.42565033 -1.1132393  -1.0150123   0.09822699]
[-0.22919632 -1.5061473  -1.768086   -0.36016566]
[-0.75307363 -1.5388896  -2.848583   -0.29468098]
[-0.98227    -1.3424356  -3.8963375  -0.39290798]
[-0.78581595 -1.1132393  -4.158276   -0.32742333]
[-0.75307363 -0.78581595 -3.6671412   0.06548467]
[-0.39290798 -0.884043   -2.750356    0.        ]
[-0.22919632 -1.080497   -2.160994    0.        ]
[-0.39290798 -1.3096933  -2.3247056  -0.29468098]
[-0.884043  -1.8990552 -3.2087486 -1.0150123]
[-1.8990552 -2.4884174 -4.158276  -1.5388896]
[-2.3574479 -2.652129  -4.8131227 -2.0300245]
[-2.2264786 -2.652129  -5.009577  -2.0955093]
[-1.9317976 -2.1282516 -5.009577  -1.4406626]
[-1.2114663  -1.5061473  -4.7803807  -0.78581595]
[-0.45839265 -1.080497   -4.6166687  -0.26193866]
[-0.26193866 -0.884043   -4.5184417   0.06548467]
[-0.42565033 -1.1459817  -4.649411   -0.29468098]
[-0.884043   -1.5716319  -4.8131227  -0.78581595]
[-1.6043743 -2.062767  -5.0423193 -1.375178 ]
[-2.160994  -2.5211596 -5.206031  -1.9317976]
[-2.4229326 -2.848583  -5.2387733 -2.2919633]
[-2.4229326 -2.9795523 -5.1405463 -2.455675 ]
[-2.553902  -2.7830982 -5.009577  -2.2919633]
[-2.553902  -2.7176137 -4.91135   -2.3247056]
[-2.3901904 -2.7830982 -4.9440923 -2.3574479]
[-2.553902  -2.6848712 -5.075062  -2.1937363]
[-2.160994 -2.94681  -5.107804 -2.553902]
[-2.455675  -2.8158407 -4.976835  -2.2919633]
[-2.3901904 -2.7176137 -4.7148957 -2.3574479]
[-2.0300245 -2.6848712 -4.420215  -2.4229326]
[-1.9317976 -2.5211596 -3.9618223 -2.160994 ]
[-2.0300245 -2.2592208 -3.536172  -1.866313 ]
[-2.160994  -2.0300245 -3.3397179 -1.8008283]
[-1.7026013 -2.1282516 -3.0122945 -1.9972823]
[-1.5061473 -1.9317976 -2.5866442 -1.6371167]
[-1.3424356 -1.5388896 -2.0955093 -1.3096933]
[-1.080497  -1.276951  -1.6371167 -1.1132393]
[-0.9167853 -1.1132393 -1.3424356 -0.9167853]
[-0.85130066 -1.0150123  -1.1787239  -0.85130066]
[-0.9167853  -0.98227    -1.1459817  -0.85130066]
[-0.98227   -1.0150123 -1.2114663 -0.9167853]
[-0.884043  -1.1132393 -1.2442087 -0.9495276]
[-0.75307363 -1.080497   -1.1459817  -0.85130066]
[-0.687589   -0.9167853  -1.0150123  -0.75307363]
[-0.7203313  -0.81855834 -0.9495276  -0.65484667]
[-0.75307363 -0.85130066 -0.9495276  -0.7203313 ]
[-0.9167853  -0.75307363 -0.98227    -0.65484667]
[-0.42565033 -1.0477546  -0.884043   -0.9167853 ]
[-0.55661964 -0.81855834 -0.7203313  -0.45839265]
[-0.39290798 -0.5238773  -0.5238773  -0.39290798]
[-0.29468098 -0.45839265 -0.36016566 -0.32742333]
[-0.26193866 -0.39290798 -0.29468098 -0.26193866]
[-0.29468098 -0.39290798 -0.29468098 -0.26193866]
[-0.32742333 -0.42565033 -0.36016566 -0.29468098]
[-0.39290798 -0.491135   -0.42565033 -0.32742333]
[-0.36016566 -0.55661964 -0.45839265 -0.36016566]
[-0.32742333 -0.58936197 -0.42565033 -0.36016566]
[-0.29468098 -0.5238773  -0.36016566 -0.32742333]
[-0.32742333 -0.491135   -0.29468098 -0.29468098]
[-0.36016566 -0.5238773  -0.32742333 -0.39290798]
[-0.65484667 -0.62210435 -0.491135   -0.491135  ]
[-0.884043   -0.7203313  -0.7203313  -0.62210435]
[-0.36016566 -1.0477546  -0.75307363 -0.9167853 ]
[-0.491135   -0.687589   -0.5238773  -0.36016566]
[-0.29468098 -0.45839265 -0.26193866 -0.29468098]
[-0.19645399 -0.36016566 -0.06548467 -0.22919632]
[-0.16371167 -0.32742333  0.         -0.19645399]
[-0.16371167 -0.29468098  0.06548467 -0.19645399]
[-0.16371167 -0.32742333  0.06548467 -0.19645399]
[-0.16371167 -0.36016566  0.03274233 -0.19645399]
[-0.19645399 -0.36016566  0.         -0.22919632]
[-0.22919632 -0.36016566 -0.03274233 -0.22919632]
[-0.26193866 -0.39290798 -0.03274233 -0.26193866]
[-0.26193866 -0.39290798 -0.03274233 -0.26193866]
[-0.26193866 -0.42565033 -0.06548467 -0.29468098]
[-0.42565033 -0.491135   -0.19645399 -0.32742333]
[-0.58936197 -0.65484667 -0.42565033 -0.55661964]
[-1.0150123  -0.75307363 -0.78581595 -0.58936197]
[-0.9495276 -1.1459817 -1.0477546 -1.0150123]
[-0.884043  -1.3096933 -1.1459817 -1.0477546]
[-1.080497   -1.2114663  -1.1787239  -0.85130066]
[-1.0150123 -1.1787239 -1.1459817 -0.9167853]
[-1.0150123  -1.1132393  -1.1132393  -0.81855834]
[-0.98227   -1.1459817 -1.1459817 -0.884043 ]
[-1.080497   -1.1787239  -1.2442087  -0.85130066]
[-1.1787239 -1.2114663 -1.3424356 -0.884043 ]
[-1.2114663 -1.2442087 -1.473405  -0.9167853]
[-1.2442087 -1.3096933 -1.5716319 -1.0150123]
[-1.3096933 -1.4079204 -1.6698589 -1.1459817]
[-1.473405  -1.6043743 -1.8335706 -1.3424356]
[-1.768086  -1.8335706 -2.0955093 -1.6043743]
[-2.062767  -2.160994  -2.5211596 -1.96454  ]
[-2.3901904 -2.5211596 -2.94681   -2.2592208]
[-2.5211596 -2.750356  -3.2414908 -2.5211596]
[-2.652129  -2.750356  -3.4052026 -2.4884174]
[-2.5866442 -2.6848712 -3.4706872 -2.4884174]
[-2.5211596 -2.6848712 -3.437945  -2.4884174]
[-2.553902 -2.652129 -3.437945 -2.455675]
[-2.553902  -2.6193867 -3.4052026 -2.3901904]
[-2.7176137 -2.3247056 -3.1432638 -2.0300245]
[-1.0477546 -2.4229326 -2.3574479 -2.2264786]
[-2.0955093  -0.9495276  -1.7026013  -0.06548467]
[ 0.75307363 -1.5388896  -0.58936197 -1.4079204 ]
[-0.32742333 -0.36016566 -0.26193866  0.45839265]
[-0.16371167 -0.36016566 -0.09822699 -0.16371167]
[-0.13096933 -0.29468098 -0.03274233 -0.13096933]
[-0.09822699 -0.29468098 -0.03274233 -0.13096933]
[-0.13096933 -0.26193866 -0.03274233 -0.09822699]
[-0.09822699 -0.26193866  0.         -0.13096933]
[-0.13096933 -0.22919632  0.         -0.06548467]
[-0.06548467 -0.19645399  0.         -0.03274233]
[-0.09822699 -0.16371167 -0.03274233  0.        ]
[-0.09822699 -0.26193866 -0.16371167 -0.09822699]
[-0.16371167 -0.39290798 -0.36016566 -0.16371167]
[-0.36016566 -0.42565033 -0.7203313  -0.13096933]
[-0.78581595 -0.29468098 -1.1787239   0.03274233]
[-0.29468098 -0.687589   -1.6043743  -0.42565033]
[-0.29468098 -0.78581595 -2.0300245  -0.19645399]
[-0.36016566 -0.78581595 -2.2919633  -0.13096933]
[-0.26193866 -0.65484667 -2.2592208  -0.09822699]
[-0.16371167 -0.58936197 -1.8990552  -0.03274233]
[ 0.491135   -0.78581595 -1.2442087  -0.29468098]
[ 0.13096933 -0.36016566 -0.491135    0.19645399]
[-0.13096933 -0.687589   -0.36016566 -0.78581595]
[-0.491135   -0.9495276  -0.65484667  0.29468098]
[-0.491135   -0.9495276  -0.65484667  0.29468098]
[-0.491135   -0.98227    -0.7203313   0.26193866]
[-0.45839265 -1.0477546  -0.9167853   0.16371167]
[-0.22919632 -1.473405   -1.5716319  -0.36016566]
[-0.75307363 -1.5061473  -2.5866442  -0.29468098]
[-1.0150123  -1.375178   -3.634399   -0.42565033]
[-0.78581595 -1.1459817  -3.9945645  -0.32742333]
[-0.75307363 -0.78581595 -3.6016567   0.06548467]
[-0.39290798 -0.884043   -2.750356    0.        ]
[-0.22919632 -0.98227    -2.0955093   0.09822699]
[-0.29468098 -1.1459817  -2.1937363  -0.03274233]
[-0.58936197 -1.7353436  -2.9795523  -0.78581595]
[-1.5388896 -2.1937363 -3.92908   -1.276951 ]
[-2.1937363 -2.553902  -4.6821537 -1.866313 ]
[-2.160994  -2.5866442 -4.91135   -2.0300245]
[-1.9317976 -2.1937363 -4.9440923 -1.473405 ]
[-1.3424356  -1.5388896  -4.7803807  -0.81855834]
[-0.55661964 -1.080497   -4.5839267  -0.32742333]
[-0.29468098 -0.9167853  -4.4856997   0.        ]
[-0.39290798 -1.1132393  -4.5839267  -0.22919632]
[-0.81855834 -1.473405   -4.747638   -0.65484667]
[-1.4406626 -1.9972823 -5.0423193 -1.3096933]
[-2.062767  -2.455675  -5.1732883 -1.8008283]
[-2.2264786 -2.750356  -5.206031  -2.2592208]
[-2.3574479 -2.8813252 -5.107804  -2.3574479]
[-2.5211596 -2.6848712 -5.009577  -2.2264786]
[-2.4884174 -2.6848712 -4.976835  -2.2592208]
[-2.3574479 -2.750356  -5.009577  -2.2919633]
[-2.5211596 -2.7176137 -5.107804  -2.1937363]
[-2.1937363 -2.9795523 -5.0423193 -2.5211596]
[-2.455675  -2.7830982 -4.8458652 -2.2592208]
[-2.3901904 -2.5866442 -4.4856997 -2.2264786]
[-2.062767  -2.3901904 -4.060049  -1.9972823]
[-1.866313  -2.160994  -3.6016567 -1.866313 ]
[-1.768086  -1.8990552 -3.3069756 -1.8990552]
[-2.062767  -1.96454   -3.1105216 -1.8008283]
[-1.6371167 -2.0955093 -2.8158407 -1.9317976]
[-1.4406626 -1.8335706 -2.4229326 -1.5716319]
[-1.3096933 -1.473405  -1.96454   -1.2442087]
[-1.0150123 -1.2114663 -1.5716319 -1.080497 ]
[-0.884043  -1.0477546 -1.276951  -0.884043 ]
[-0.81855834 -0.98227    -1.1459817  -0.81855834]
[-0.884043   -0.9495276  -1.1459817  -0.81855834]
[-0.9495276 -1.0150123 -1.1787239 -0.884043 ]
[-0.81855834 -1.080497   -1.2114663  -0.9167853 ]
[-0.75307363 -1.0150123  -1.1132393  -0.81855834]
[-0.65484667 -0.884043   -0.98227    -0.7203313 ]
[-0.687589   -0.81855834 -0.9167853  -0.687589  ]
[-0.75307363 -0.81855834 -0.9167853  -0.687589  ]
[-0.9167853  -0.75307363 -0.98227    -0.65484667]
[-0.36016566 -1.0477546  -0.884043   -0.9167853 ]
[-0.55661964 -0.7203313  -0.7203313  -0.42565033]
[-0.39290798 -0.5238773  -0.5238773  -0.42565033]
[-0.29468098 -0.45839265 -0.36016566 -0.32742333]
[-0.26193866 -0.39290798 -0.29468098 -0.26193866]
[-0.29468098 -0.39290798 -0.32742333 -0.26193866]
[-0.36016566 -0.42565033 -0.36016566 -0.29468098]
[-0.42565033 -0.491135   -0.45839265 -0.36016566]
[-0.39290798 -0.58936197 -0.491135   -0.42565033]
[-0.39290798 -0.62210435 -0.491135   -0.42565033]
[-0.36016566 -0.55661964 -0.39290798 -0.39290798]
[-0.36016566 -0.5238773  -0.32742333 -0.36016566]
[-0.39290798 -0.55661964 -0.32742333 -0.42565033]
[-0.687589   -0.62210435 -0.491135   -0.5238773 ]
[-0.884043   -0.78581595 -0.75307363 -0.687589  ]
[-0.45839265 -1.1459817  -0.81855834 -0.9495276 ]
[-0.55661964 -0.75307363 -0.62210435 -0.42565033]
[-0.39290798 -0.55661964 -0.39290798 -0.39290798]
[-0.32742333 -0.491135   -0.26193866 -0.32742333]
[-0.32742333 -0.45839265 -0.22919632 -0.32742333]
[-0.36016566 -0.491135   -0.22919632 -0.36016566]
[-0.39290798 -0.5238773  -0.26193866 -0.36016566]
[-0.45839265 -0.55661964 -0.29468098 -0.42565033]
[-0.5238773  -0.62210435 -0.39290798 -0.491135  ]
[-0.58936197 -0.687589   -0.45839265 -0.55661964]
[-0.65484667 -0.75307363 -0.5238773  -0.58936197]
[-0.687589   -0.78581595 -0.55661964 -0.62210435]
[-0.78581595 -0.85130066 -0.62210435 -0.687589  ]
[-0.98227    -0.98227    -0.85130066 -0.81855834]
[-1.1787239 -1.2114663 -1.1132393 -1.080497 ]
[-1.5716319 -1.375178  -1.473405  -1.1787239]
[-1.5388896 -1.7353436 -1.768086  -1.5061473]
[-1.5061473 -1.866313  -1.8990552 -1.5716319]
[-1.7026013 -1.768086  -1.9317976 -1.473405 ]
[-1.7026013 -1.866313  -1.96454   -1.6043743]
[-1.768086  -1.866313  -1.96454   -1.5388896]
[-1.768086  -1.9317976 -2.0300245 -1.6043743]
[-1.8008283 -1.96454   -2.1282516 -1.6698589]
[-1.866313  -2.0300245 -2.2264786 -1.7353436]
[-1.9317976 -2.1282516 -2.3574479 -1.8335706]
[-1.9972823 -2.2264786 -2.4884174 -1.9317976]
[-2.0300245 -2.2919633 -2.5866442 -1.9972823]
[-2.0955093 -2.3901904 -2.7176137 -2.0300245]
[-2.2592208 -2.455675  -2.8813252 -2.160994 ]
[-2.4229326 -2.6193867 -3.1105216 -2.3574479]
[-2.5866442 -2.750356  -3.3724604 -2.5211596]
[-2.6848712 -2.8813252 -3.5034297 -2.652129 ]
[-2.7176137 -2.8158407 -3.6016567 -2.652129 ]
[-2.652129  -2.7830982 -3.5689142 -2.5866442]
[-2.5866442 -2.7176137 -3.5034297 -2.5211596]
[-2.5866442 -2.6848712 -3.4706872 -2.4884174]
[-2.553902 -2.652129 -3.437945 -2.455675]
[-2.9140675 -2.2264786 -3.1760063 -1.9317976]
[-0.9495276 -2.553902  -2.4229326 -2.455675 ]
[-1.9317976  -1.1787239  -1.7353436  -0.13096933]
[ 0.39290798 -1.375178   -0.62210435 -1.1787239 ]
[-0.19645399 -0.32742333 -0.26193866  0.22919632]
[-0.19645399 -0.42565033 -0.13096933 -0.13096933]
[-0.09822699 -0.29468098 -0.03274233 -0.09822699]
[-0.06548467 -0.26193866  0.         -0.09822699]
[-0.13096933 -0.22919632  0.         -0.09822699]
[-0.09822699 -0.26193866  0.         -0.13096933]
[-0.13096933 -0.26193866  0.         -0.09822699]
[-0.09822699 -0.22919632  0.         -0.06548467]
[-0.16371167 -0.19645399 -0.06548467 -0.03274233]
[-0.13096933 -0.29468098 -0.16371167 -0.09822699]
[-0.16371167 -0.39290798 -0.39290798 -0.16371167]
[-0.29468098 -0.42565033 -0.687589   -0.16371167]
[-0.75307363 -0.26193866 -1.1132393   0.03274233]
[-0.39290798 -0.62210435 -1.5388896  -0.39290798]
[-0.22919632 -0.81855834 -1.96454    -0.26193866]
[-0.36016566 -0.78581595 -2.2592208  -0.09822699]
[-0.26193866 -0.62210435 -2.2592208  -0.06548467]
[-0.16371167 -0.55661964 -1.8990552  -0.03274233]
[ 0.5238773  -0.78581595 -1.2442087  -0.29468098]
[ 0.16371167 -0.36016566 -0.491135    0.19645399]
[-0.13096933 -0.687589   -0.36016566 -0.78581595]
[-0.491135   -0.9495276  -0.62210435  0.29468098]
[-0.45839265 -0.9495276  -0.65484667  0.29468098]
[-0.491135   -0.98227    -0.687589    0.26193866]
[-0.42565033 -1.0150123  -0.85130066  0.19645399]
[-0.26193866 -1.4079204  -1.4079204  -0.32742333]
[-0.687589   -1.5061473  -2.3247056  -0.32742333]
[-1.0150123  -1.473405   -3.4052026  -0.39290798]
[-0.78581595 -1.2114663  -3.8635952  -0.32742333]
[-0.75307363 -0.81855834 -3.5689142   0.06548467]
[-0.39290798 -0.884043   -2.7830982   0.        ]
[-0.22919632 -0.9495276  -2.0955093   0.13096933]
[-0.26193866 -1.080497   -2.0955093   0.06548467]
[-0.55661964 -1.6043743  -2.7830982  -0.55661964]
[-1.2114663 -2.0300245 -3.6998837 -1.1132393]
[-1.9972823 -2.4229326 -4.551184  -1.6371167]
[-2.0955093 -2.4229326 -4.8131227 -1.8990552]
[-1.96454   -2.160994  -4.8131227 -1.5061473]
[-1.5388896 -1.6043743 -4.7148957 -0.884043 ]
[-0.7203313  -1.1787239  -4.5184417  -0.45839265]
[-0.32742333 -0.98227    -4.3874726  -0.09822699]
[-0.36016566 -1.1132393  -4.4856997  -0.16371167]
[-0.7203313  -1.4079204  -4.7148957  -0.55661964]
[-1.276951  -1.9317976 -5.009577  -1.1787239]
[-1.9317976 -2.3247056 -5.1732883 -1.6371167]
[-2.0955093 -2.652129  -5.1732883 -2.0955093]
[-2.2919633 -2.6193867 -5.0423193 -2.1282516]
[-2.4229326 -2.5211596 -4.976835  -2.0955093]
[-2.3574479 -2.6193867 -5.009577  -2.1937363]
[-2.3247056 -2.7176137 -5.075062  -2.2264786]
[-2.455675  -2.7176137 -5.107804  -2.2264786]
[-2.2592208 -2.9795523 -4.976835  -2.5211596]
[-2.3901904 -2.8158407 -4.7148957 -2.3247056]
[-2.2919633 -2.6193867 -4.2892456 -2.2919633]
[-1.9972823 -2.4229326 -3.7981105 -2.160994 ]
[-2.0300245 -2.0955093 -3.3724604 -1.866313 ]
[-1.866313  -2.062767  -3.0777793 -1.9317976]
[-1.9317976 -1.8990552 -2.8813252 -1.7353436]
[-1.6043743 -1.96454   -2.5866442 -1.768086 ]
[-1.3424356 -1.7353436 -2.2592208 -1.473405 ]
[-1.2442087 -1.375178  -1.866313  -1.1459817]
[-0.9167853 -1.1459817 -1.473405  -1.0150123]
[-0.81855834 -0.98227    -1.2114663  -0.81855834]
[-0.78581595 -0.9167853  -1.080497   -0.78581595]
[-0.85130066 -0.9495276  -1.080497   -0.81855834]
[-0.884043   -0.98227    -1.1459817  -0.85130066]
[-0.75307363 -1.0477546  -1.1459817  -0.884043  ]
[-0.7203313  -0.9495276  -1.080497   -0.75307363]
[-0.65484667 -0.85130066 -0.98227    -0.7203313 ]
[-0.687589   -0.81855834 -0.9167853  -0.687589  ]
[-0.78581595 -0.81855834 -0.9167853  -0.687589  ]
[-0.9167853  -0.78581595 -0.98227    -0.65484667]
[-0.42565033 -1.0477546  -0.9167853  -0.9167853 ]
[-0.62210435 -0.7203313  -0.75307363 -0.45839265]
[-0.42565033 -0.58936197 -0.55661964 -0.45839265]
[-0.29468098 -0.491135   -0.39290798 -0.32742333]
[-0.26193866 -0.39290798 -0.32742333 -0.26193866]
[-0.29468098 -0.39290798 -0.32742333 -0.29468098]
[-0.39290798 -0.45839265 -0.39290798 -0.32742333]
[-0.491135   -0.5238773  -0.491135   -0.42565033]
[-0.45839265 -0.62210435 -0.55661964 -0.5238773 ]
[-0.45839265 -0.65484667 -0.55661964 -0.491135  ]
[-0.45839265 -0.62210435 -0.491135   -0.45839265]
[-0.45839265 -0.58936197 -0.42565033 -0.45839265]
[-0.5238773  -0.65484667 -0.45839265 -0.491135  ]
[-0.81855834 -0.75307363 -0.687589   -0.62210435]
[-0.98227    -0.98227    -0.98227    -0.85130066]
[-0.65484667 -1.276951   -1.0477546  -1.0477546 ]
[-0.81855834 -0.9495276  -0.9167853  -0.62210435]
[-0.687589   -0.85130066 -0.7203313  -0.65484667]
[-0.7203313  -0.78581595 -0.65484667 -0.62210435]
[-0.75307363 -0.81855834 -0.687589   -0.687589  ]
[-0.81855834 -0.9167853  -0.7203313  -0.7203313 ]
[-0.9167853  -0.98227    -0.81855834 -0.78581595]
[-1.0150123 -1.080497  -0.9495276 -0.9167853]
[-1.1132393 -1.2114663 -1.080497  -1.0150123]
[-1.2114663 -1.3096933 -1.2114663 -1.1132393]
[-1.276951  -1.4079204 -1.3096933 -1.1787239]
[-1.3424356 -1.5061473 -1.375178  -1.2442087]
[-1.5061473 -1.5716319 -1.473405  -1.3424356]
[-1.6698589 -1.7026013 -1.7353436 -1.5061473]
[-1.866313  -1.96454   -2.0300245 -1.7353436]
[-2.0955093 -2.1282516 -2.3574479 -1.866313 ]
[-2.1282516 -2.3901904 -2.5866442 -2.0955093]
[-2.1282516 -2.4229326 -2.6848712 -2.1282516]
[-2.2592208 -2.3901904 -2.750356  -2.1282516]
[-2.2592208 -2.455675  -2.7830982 -2.2264786]
[-2.2592208 -2.4884174 -2.8158407 -2.2264786]
[-2.2592208 -2.5211596 -2.848583  -2.2264786]
[-2.2919633 -2.4884174 -2.8813252 -2.2264786]
[-2.3247056 -2.5211596 -2.94681   -2.2264786]
[-2.3574479 -2.553902  -3.045037  -2.2592208]
[-2.3574479 -2.5866442 -3.1432638 -2.2919633]
[-2.3901904 -2.6193867 -3.2414908 -2.3247056]
[-2.455675  -2.652129  -3.3397179 -2.3901904]
[-2.553902  -2.6848712 -3.437945  -2.4229326]
[-2.652129  -2.750356  -3.5034297 -2.5211596]
[-2.6848712 -2.8158407 -3.6016567 -2.652129 ]
[-2.750356  -2.8813252 -3.634399  -2.6848712]
[-2.7176137 -2.848583  -3.6671412 -2.6848712]
[-2.652129  -2.7830982 -3.6016567 -2.5866442]
[-2.6193867 -2.750356  -3.5689142 -2.5866442]
[-2.652129 -2.750356 -3.536172 -2.553902]
[-2.5866442 -2.7176137 -3.437945  -2.5211596]
[-3.0777793 -2.1282516 -3.2087486 -1.866313 ]
[-0.884043  -2.652129  -2.4229326 -2.553902 ]
[-1.6698589  -1.276951   -1.7026013  -0.26193866]
[-0.13096933 -1.1787239  -0.65484667 -0.884043  ]
[-0.06548467 -0.42565033 -0.29468098 -0.06548467]
[-0.22919632 -0.45839265 -0.13096933 -0.09822699]
[-0.03274233 -0.22919632  0.         -0.06548467]
[-0.03274233 -0.22919632  0.         -0.06548467]
[-0.06548467 -0.19645399  0.         -0.06548467]
[-0.06548467 -0.26193866  0.03274233 -0.09822699]
[-0.13096933 -0.26193866  0.03274233 -0.09822699]
[-0.13096933 -0.26193866  0.         -0.09822699]
[-0.19645399 -0.22919632 -0.06548467 -0.06548467]
[-0.16371167 -0.32742333 -0.19645399 -0.16371167]
[-0.19645399 -0.42565033 -0.39290798 -0.19645399]
[-0.22919632 -0.45839265 -0.65484667 -0.19645399]
[-0.75307363 -0.22919632 -1.0477546   0.06548467]
[-0.45839265 -0.491135   -1.473405   -0.32742333]
[-0.13096933 -0.78581595 -1.8990552  -0.32742333]
[-0.36016566 -0.78581595 -2.2264786  -0.06548467]
[-0.26193866 -0.62210435 -2.2264786  -0.06548467]
[-0.16371167 -0.55661964 -1.8990552  -0.03274233]
[ 0.5238773  -0.78581595 -1.2442087  -0.29468098]
[ 0.16371167 -0.36016566 -0.491135    0.19645399]
[-0.09822699 -0.65484667 -0.32742333 -0.78581595]
[-0.45839265 -0.9167853  -0.58936197  0.32742333]
[-0.45839265 -0.9495276  -0.62210435  0.29468098]
[-0.42565033 -0.9167853  -0.65484667  0.32742333]
[-0.42565033 -0.98227    -0.78581595  0.26193866]
[-0.26193866 -1.276951   -1.2442087  -0.19645399]
[-0.58936197 -1.4406626  -2.062767   -0.29468098]
[-0.9167853  -1.4406626  -3.1105216  -0.36016566]
[-0.78581595 -1.2114663  -3.6671412  -0.26193866]
[-0.75307363 -0.81855834 -3.5034297   0.06548467]
[-0.42565033 -0.85130066 -2.7830982   0.03274233]
[-0.26193866 -0.9167853  -2.062767    0.13096933]
[-0.32742333 -1.0150123  -1.9317976   0.06548467]
[-0.55661964 -1.473405   -2.4884174  -0.45839265]
[-0.884043  -1.96454   -3.4052026 -1.0150123]
[-1.768086  -2.1937363 -4.256503  -1.276951 ]
[-2.062767  -2.1937363 -4.6166687 -1.6698589]
[-1.96454   -2.062767  -4.6821537 -1.5388896]
[-1.6698589 -1.7026013 -4.551184  -0.98227  ]
[-0.884043  -1.3424356 -4.2892456 -0.5238773]
[-0.42565033 -1.1132393  -4.125534   -0.16371167]
[-0.39290798 -1.1132393  -4.256503   -0.13096933]
[-0.62210435 -1.4079204  -4.6166687  -0.491135  ]
[-1.1132393 -1.8335706 -4.9440923 -1.0477546]
[-1.7353436 -2.1282516 -5.107804  -1.473405 ]
[-2.0300245 -2.3901904 -5.0423193 -1.866313 ]
[-2.2919633 -2.3247056 -4.91135   -1.866313 ]
[-2.2919633 -2.3901904 -4.8786077 -1.9972823]
[-2.2264786 -2.652129  -4.976835  -2.0955093]
[-2.2264786 -2.750356  -5.0423193 -2.1282516]
[-2.3574479 -2.7830982 -5.075062  -2.2264786]
[-2.2592208 -2.9795523 -4.91135   -2.4884174]
[-2.3574479 -2.8158407 -4.5839267 -2.3247056]
[-2.2592208 -2.5866442 -4.125534  -2.1937363]
[-1.9972823 -2.2919633 -3.6016567 -2.062767 ]
[-1.8990552 -2.0300245 -3.1760063 -1.866313 ]
[-1.768086  -1.96454   -2.8813252 -1.8335706]
[-1.8335706 -1.8335706 -2.652129  -1.6043743]
[-1.4406626 -1.866313  -2.4229326 -1.7026013]
[-1.3096933 -1.6698589 -2.1282516 -1.4079204]
[-1.1787239 -1.3096933 -1.7353436 -1.1132393]
[-0.884043  -1.1132393 -1.375178  -0.9495276]
[-0.81855834 -0.9495276  -1.1459817  -0.78581595]
[-0.75307363 -0.884043   -1.0477546  -0.78581595]
[-0.78581595 -0.9495276  -1.0477546  -0.78581595]
[-0.85130066 -0.9495276  -1.1132393  -0.78581595]
[-0.7203313  -0.98227    -1.1132393  -0.85130066]
[-0.7203313  -0.9167853  -1.080497   -0.75307363]
[-0.687589  -0.884043  -0.98227   -0.7203313]
[-0.687589   -0.85130066 -0.9495276  -0.7203313 ]
[-0.85130066 -0.85130066 -0.98227    -0.7203313 ]
[-0.9495276  -0.85130066 -1.0477546  -0.75307363]
[-0.55661964 -1.1132393  -0.98227    -0.98227   ]
[-0.7203313  -0.85130066 -0.884043   -0.55661964]
[-0.5238773  -0.75307363 -0.687589   -0.58936197]
[-0.42565033 -0.62210435 -0.55661964 -0.42565033]
[-0.39290798 -0.5238773  -0.491135   -0.39290798]
[-0.42565033 -0.55661964 -0.5238773  -0.42565033]
[-0.5238773  -0.62210435 -0.58936197 -0.491135  ]
[-0.65484667 -0.687589   -0.687589   -0.55661964]
[-0.62210435 -0.81855834 -0.75307363 -0.687589  ]
[-0.65484667 -0.884043   -0.78581595 -0.687589  ]
[-0.687589   -0.85130066 -0.75307363 -0.65484667]
[-0.75307363 -0.85130066 -0.75307363 -0.687589  ]
[-0.884043   -0.9495276  -0.85130066 -0.78581595]
[-1.1787239 -1.1132393 -1.1132393 -0.9495276]
[-1.3096933 -1.3424356 -1.4079204 -1.1459817]
[-1.080497  -1.5716319 -1.5061473 -1.3424356]
[-1.276951  -1.375178  -1.4406626 -1.0477546]
[-1.1787239 -1.3424356 -1.3424356 -1.1459817]
[-1.3096933 -1.375178  -1.3424356 -1.1132393]
[-1.3424356 -1.4406626 -1.375178  -1.2442087]
[-1.4406626 -1.5716319 -1.5061473 -1.3424356]
[-1.5388896 -1.6698589 -1.6371167 -1.4406626]
[-1.6043743 -1.8008283 -1.768086  -1.5388896]
[-1.7353436 -1.8990552 -1.9317976 -1.6371167]
[-1.8008283 -1.96454   -2.062767  -1.7026013]
[-1.866313  -2.062767  -2.160994  -1.8008283]
[-1.9317976 -2.1282516 -2.2264786 -1.866313 ]
[-2.0300245 -2.1937363 -2.3574479 -1.9317976]
[-2.1282516 -2.2919633 -2.5211596 -2.0300245]
[-2.2919633 -2.455675  -2.7830982 -2.1937363]
[-2.4229326 -2.5866442 -3.045037  -2.3247056]
[-2.5211596 -2.750356  -3.2087486 -2.455675 ]
[-2.553902  -2.750356  -3.3069756 -2.4884174]
[-2.5866442 -2.7176137 -3.3397179 -2.4884174]
[-2.5866442 -2.750356  -3.3397179 -2.4884174]
[-2.553902  -2.7176137 -3.3397179 -2.4884174]
[-2.553902  -2.7176137 -3.3397179 -2.455675 ]
[-2.553902  -2.6848712 -3.3397179 -2.455675 ]
[-2.553902  -2.7176137 -3.3724604 -2.455675 ]
[-2.5866442 -2.7176137 -3.437945  -2.4884174]
[-2.6193867 -2.750356  -3.5034297 -2.5211596]
[-2.652129  -2.8158407 -3.6016567 -2.5866442]
[-2.6848712 -2.848583  -3.6671412 -2.652129 ]
[-2.750356  -2.848583  -3.6998837 -2.6848712]
[-2.7176137 -2.848583  -3.732626  -2.6848712]
[-2.7176137 -2.8813252 -3.6998837 -2.7176137]
[-2.6848712 -2.848583  -3.6671412 -2.6848712]
[-2.652129 -2.848583 -3.634399 -2.652129]
[-2.652129  -2.750356  -3.6016567 -2.5866442]
[-2.652129  -2.750356  -3.6016567 -2.5866442]
[-2.6848712 -2.7830982 -3.5689142 -2.6193867]
[-2.6193867 -2.750356  -3.4706872 -2.5866442]
[-3.1432638 -2.1282516 -3.2742333 -1.866313 ]
[-0.9167853 -2.7176137 -2.4229326 -2.553902 ]
[-1.473405   -1.375178   -1.6698589  -0.45839265]
[-0.687589   -0.98227    -0.7203313  -0.65484667]
[ 0.06548467 -0.687589   -0.32742333 -0.491135  ]
[-0.29468098 -0.65484667 -0.19645399  0.        ]
[ 0.         -0.22919632  0.         -0.06548467]
[ 0.         -0.16371167  0.03274233  0.03274233]
[-0.03274233 -0.16371167  0.          0.        ]
[-0.03274233 -0.22919632  0.         -0.06548467]
[-0.09822699 -0.26193866  0.         -0.09822699]
[-0.13096933 -0.26193866  0.         -0.09822699]
[-0.22919632 -0.26193866 -0.06548467 -0.09822699]
[-0.19645399 -0.36016566 -0.16371167 -0.19645399]
[-0.22919632 -0.42565033 -0.36016566 -0.22919632]
[-0.22919632 -0.491135   -0.62210435 -0.26193866]
[-0.78581595 -0.19645399 -0.98227     0.09822699]
[-0.55661964 -0.39290798 -1.4079204  -0.26193866]
[-0.13096933 -0.81855834 -1.8335706  -0.42565033]
[-0.39290798 -0.78581595 -2.1282516  -0.03274233]
[-0.32742333 -0.65484667 -2.1282516  -0.06548467]
[-0.19645399 -0.55661964 -1.8335706  -0.03274233]
[ 0.45839265 -0.81855834 -1.2442087  -0.29468098]
[ 0.16371167 -0.39290798 -0.5238773   0.16371167]
[-0.06548467 -0.65484667 -0.32742333 -0.75307363]
[-0.42565033 -0.884043   -0.58936197  0.36016566]
[-0.42565033 -0.9167853  -0.58936197  0.36016566]
[-0.42565033 -0.884043   -0.58936197  0.32742333]
[-0.45839265 -0.9495276  -0.687589    0.32742333]
[-0.36016566 -1.1787239  -1.080497   -0.06548467]
[-0.45839265 -1.375178   -1.8008283  -0.26193866]
[-0.7203313  -1.4406626  -2.848583   -0.29468098]
[-0.75307363 -1.1459817  -3.437945   -0.16371167]
[-0.62210435 -0.81855834 -3.437945    0.06548467]
[-0.42565033 -0.81855834 -2.7830982   0.09822699]
[-0.32742333 -0.85130066 -1.9972823   0.16371167]
[-0.36016566 -1.0477546  -1.7353436   0.03274233]
[-0.491135   -1.375178   -2.1282516  -0.32742333]
[-0.58936197 -1.866313   -2.9140675  -0.85130066]
[-1.4406626 -1.9317976 -3.7981105 -0.9495276]
[-1.8990552 -1.866313  -4.2892456 -1.3096933]
[-1.8335706 -1.8008283 -4.321988  -1.4079204]
[-1.5061473 -1.6371167 -4.125534  -0.98227  ]
[-0.9167853 -1.4406626 -3.7653682 -0.5238773]
[-0.491135   -1.2114663  -3.6671412  -0.19645399]
[-0.39290798 -1.2442087  -3.92908    -0.19645399]
[-0.55661964 -1.473405   -4.420215   -0.45839265]
[-1.0150123 -1.7026013 -4.8131227 -0.884043 ]
[-1.5061473 -1.9317976 -4.976835  -1.276951 ]
[-1.8335706 -2.0300245 -4.8786077 -1.5388896]
[-1.9972823 -1.9972823 -4.747638  -1.6371167]
[-1.8990552 -2.1937363 -4.6166687 -1.7353436]
[-1.768086  -2.5211596 -4.7148957 -1.866313 ]
[-2.0955093 -2.652129  -4.8458652 -1.866313 ]
[-2.2919633 -2.750356  -4.976835  -2.160994 ]
[-2.2592208 -2.9140675 -4.8131227 -2.455675 ]
[-2.2919633 -2.7830982 -4.452957  -2.3247056]
[-2.1937363 -2.4884174 -3.9618223 -2.160994 ]
[-1.96454   -2.2592208 -3.437945  -1.9972823]
[-1.8008283 -1.96454   -3.0122945 -1.768086 ]
[-1.6698589 -1.8990552 -2.7176137 -1.6698589]
[-1.7026013 -1.6698589 -2.5211596 -1.5061473]
[-1.3096933 -1.7353436 -2.2919633 -1.5716319]
[-1.2114663 -1.5388896 -1.9972823 -1.276951 ]
[-1.080497  -1.2442087 -1.6698589 -1.0477546]
[-0.884043  -1.1132393 -1.3424356 -0.9495276]
[-0.85130066 -0.98227    -1.1459817  -0.78581595]
[-0.75307363 -0.98227    -1.080497   -0.81855834]
[-0.78581595 -0.9495276  -1.080497   -0.78581595]
[-0.85130066 -0.9495276  -1.1132393  -0.78581595]
[-0.81855834 -0.98227    -1.1459817  -0.81855834]
[-0.78581595 -0.98227    -1.1132393  -0.81855834]
[-0.81855834 -0.98227    -1.080497   -0.78581595]
[-0.75307363 -0.98227    -1.0477546  -0.81855834]
[-0.9167853  -0.9167853  -1.080497   -0.75307363]
[-0.98227    -0.9495276  -1.1459817  -0.81855834]
[-0.687589  -1.2442087 -1.1787239 -1.080497 ]
[-0.9167853  -1.080497   -1.1459817  -0.78581595]
[-0.81855834 -1.0150123  -1.0477546  -0.81855834]
[-0.78581595 -0.9495276  -0.98227    -0.75307363]
[-0.78581595 -0.9167853  -0.9495276  -0.7203313 ]
[-0.81855834 -0.9495276  -0.9495276  -0.75307363]
[-0.9167853  -0.98227    -1.0477546  -0.78581595]
[-1.0477546 -1.080497  -1.1459817 -0.884043 ]
[-1.0477546 -1.2114663 -1.2442087 -1.0150123]
[-1.1459817 -1.3096933 -1.3096933 -1.0477546]
[-1.2442087 -1.3424356 -1.3424356 -1.080497 ]
[-1.3096933 -1.4406626 -1.4406626 -1.2114663]
[-1.4406626 -1.5716319 -1.5716319 -1.3424356]
[-1.7026013 -1.7353436 -1.8335706 -1.473405 ]
[-1.7353436 -1.8990552 -2.0955093 -1.6698589]
[-1.6371167 -2.0300245 -2.1937363 -1.8008283]
[-1.768086  -1.8990552 -2.1937363 -1.6371167]
[-1.768086  -1.9972823 -2.160994  -1.7353436]
[-1.8335706 -1.9972823 -2.1937363 -1.7353436]
[-1.8990552 -2.0955093 -2.2592208 -1.8335706]
[-1.9317976 -2.160994  -2.3574479 -1.8990552]
[-1.9972823 -2.2264786 -2.4884174 -1.9317976]
[-2.062767  -2.2919633 -2.5866442 -1.9972823]
[-2.0955093 -2.3247056 -2.6848712 -2.062767 ]
[-2.1937363 -2.3247056 -2.750356  -2.0955093]
[-2.160994  -2.3901904 -2.8158407 -2.160994 ]
[-2.2264786 -2.4229326 -2.848583  -2.160994 ]
[-2.2592208 -2.3901904 -2.8813252 -2.160994 ]
[-2.3574479 -2.455675  -2.9795523 -2.2264786]
[-2.4884174 -2.553902  -3.1760063 -2.3574479]
[-2.5866442 -2.750356  -3.4052026 -2.553902 ]
[-2.7176137 -2.848583  -3.5689142 -2.652129 ]
[-2.6848712 -2.8813252 -3.6016567 -2.6848712]
[-2.7176137 -2.848583  -3.6016567 -2.652129 ]
[-2.6848712 -2.848583  -3.5689142 -2.652129 ]
[-2.6848712 -2.848583  -3.5689142 -2.652129 ]
[-2.7176137 -2.848583  -3.6016567 -2.652129 ]
[-2.7176137 -2.848583  -3.6016567 -2.652129 ]
[-2.7176137 -2.8813252 -3.634399  -2.6848712]
[-2.7176137 -2.8813252 -3.634399  -2.6848712]
[-2.7176137 -2.8813252 -3.6671412 -2.6848712]
[-2.750356  -2.9140675 -3.732626  -2.7176137]
[-2.8158407 -2.94681   -3.7981105 -2.750356 ]
[-2.8158407 -2.9140675 -3.830853  -2.750356 ]
[-2.750356  -2.8813252 -3.7653682 -2.7176137]
[-2.7176137 -2.848583  -3.6998837 -2.652129 ]
[-2.652129  -2.8158407 -3.6671412 -2.652129 ]
[-2.6193867 -2.7830982 -3.634399  -2.5866442]
[-2.6193867 -2.7176137 -3.6016567 -2.553902 ]
[-2.652129  -2.750356  -3.6016567 -2.5866442]
[-2.6848712 -2.7830982 -3.6016567 -2.6193867]
[-2.5866442 -2.7830982 -3.5034297 -2.5866442]
[-3.0777793 -2.160994  -3.2742333 -1.866313 ]
[-0.9495276 -2.652129  -2.4884174 -2.4884174]
[-1.3096933  -1.473405   -1.6698589  -0.62210435]
[-1.0477546  -0.85130066 -0.85130066 -0.491135  ]
[ 0.29468098 -0.98227    -0.39290798 -0.85130066]
[-0.39290798 -0.687589   -0.22919632  0.13096933]
[-0.03274233 -0.26193866  0.         -0.03274233]
[ 0.         -0.16371167  0.          0.        ]
[-0.03274233 -0.19645399 -0.03274233  0.        ]
[-0.03274233 -0.19645399  0.         -0.03274233]
[-0.06548467 -0.22919632  0.03274233 -0.09822699]
[-0.13096933 -0.26193866  0.03274233 -0.09822699]
[-0.22919632 -0.26193866  0.         -0.09822699]
[-0.19645399 -0.36016566 -0.13096933 -0.22919632]
[-0.22919632 -0.45839265 -0.29468098 -0.22919632]
[-0.22919632 -0.491135   -0.5238773  -0.26193866]
[-0.81855834 -0.16371167 -0.9167853   0.06548467]
[-0.65484667 -0.39290798 -1.3096933  -0.26193866]
[ 0.        -0.9167853 -1.6698589 -0.5238773]
[-0.36016566 -0.78581595 -1.8990552  -0.03274233]
[-0.29468098 -0.62210435 -1.866313   -0.09822699]
[-0.13096933 -0.58936197 -1.6371167  -0.06548467]
[ 0.39290798 -0.78581595 -1.1459817  -0.26193866]
[ 0.19645399 -0.39290798 -0.491135    0.13096933]
[-0.06548467 -0.65484667 -0.32742333 -0.75307363]
[-0.39290798 -0.85130066 -0.58936197  0.39290798]
[-0.39290798 -0.85130066 -0.58936197  0.39290798]
[-0.39290798 -0.884043   -0.58936197  0.36016566]
[-0.42565033 -0.9167853  -0.65484667  0.32742333]
[-0.42565033 -1.1459817  -0.9495276   0.        ]
[-0.36016566 -1.3424356  -1.6043743  -0.22919632]
[-0.62210435 -1.4079204  -2.5211596  -0.16371167]
[-0.62210435 -1.0477546  -3.2087486  -0.03274233]
[-0.5238773  -0.78581595 -3.3069756   0.09822699]
[-0.42565033 -0.75307363 -2.750356    0.16371167]
[-0.29468098 -0.81855834 -1.96454     0.13096933]
[-0.36016566 -0.98227    -1.5716319   0.09822699]
[-0.42565033 -1.276951   -1.7353436  -0.16371167]
[-0.36016566 -1.6371167  -2.3247056  -0.62210435]
[-1.3096933 -1.5716319 -3.1760063 -0.5238773]
[-1.7353436 -1.5388896 -3.732626  -0.884043 ]
[-1.5388896 -1.6043743 -3.7981105 -1.080497 ]
[-1.1459817  -1.5061473  -3.437945   -0.78581595]
[-0.75307363 -1.375178   -3.0122945  -0.39290798]
[-0.45839265 -1.2442087  -3.0122945  -0.16371167]
[-0.39290798 -1.3096933  -3.4706872  -0.19645399]
[-0.491135   -1.4406626  -4.0927916  -0.39290798]
[-1.0477546  -1.5061473  -4.551184   -0.65484667]
[-1.4406626 -1.6371167 -4.6821537 -1.0150123]
[-1.768086  -1.7353436 -4.6166687 -1.1787239]
[-1.6043743 -1.7026013 -4.420215  -1.1787239]
[-1.276951  -1.8990552 -4.223761  -1.2114663]
[-1.1787239 -2.1937363 -4.321988  -1.4406626]
[-1.8335706 -2.3901904 -4.5839267 -1.5716319]
[-2.160994  -2.7176137 -4.8786077 -2.160994 ]
[-2.3247056 -2.8813252 -4.7148957 -2.3901904]
[-2.2592208 -2.750356  -4.321988  -2.3574479]
[-2.160994  -2.4884174 -3.7981105 -2.160994 ]
[-1.96454   -2.1937363 -3.3069756 -1.9317976]
[-1.768086 -1.96454  -2.94681  -1.768086]
[-1.6371167 -1.8335706 -2.6848712 -1.6371167]
[-1.6371167 -1.7026013 -2.5211596 -1.473405 ]
[-1.276951  -1.7026013 -2.2919633 -1.5061473]
[-1.2114663 -1.5061473 -1.9972823 -1.2442087]
[-1.1132393 -1.3096933 -1.7026013 -1.1132393]
[-1.0150123 -1.2114663 -1.4406626 -1.0150123]
[-0.98227   -1.1132393 -1.3096933 -0.9495276]
[-0.9495276 -1.1459817 -1.2442087 -0.9495276]
[-0.98227   -1.080497  -1.2442087 -0.884043 ]
[-0.98227   -1.080497  -1.3096933 -0.9167853]
[-0.9495276 -1.1787239 -1.3424356 -1.0150123]
[-0.98227   -1.1787239 -1.3424356 -1.0150123]
[-1.0150123 -1.2442087 -1.3424356 -1.0477546]
[-1.1459817 -1.2114663 -1.276951  -0.98227  ]
[-1.1459817 -1.1459817 -1.3096933 -0.9495276]
[-1.1459817 -1.276951  -1.473405  -1.080497 ]
[-1.1132393 -1.4406626 -1.5388896 -1.2114663]
[-1.3096933 -1.4079204 -1.6043743 -1.1459817]
[-1.4079204 -1.5061473 -1.6371167 -1.276951 ]
[-1.375178  -1.473405  -1.6371167 -1.276951 ]
[-1.4406626 -1.5388896 -1.6371167 -1.276951 ]
[-1.4079204 -1.5716319 -1.6698589 -1.3424356]
[-1.5388896 -1.5716319 -1.7353436 -1.3096933]
[-1.6043743 -1.6371167 -1.866313  -1.4406626]
[-1.6043743 -1.8335706 -1.9972823 -1.6043743]
[-1.7353436 -1.9317976 -2.0955093 -1.6371167]
[-1.8335706 -1.9972823 -2.160994  -1.7353436]
[-1.8990552 -2.0955093 -2.2592208 -1.8008283]
[-1.96454   -2.1937363 -2.3901904 -1.8990552]
[-2.1282516 -2.2264786 -2.553902  -1.96454  ]
[-2.1282516 -2.3247056 -2.7176137 -2.0300245]
[-2.0955093 -2.3574479 -2.750356  -2.0955093]
[-2.1282516 -2.2592208 -2.7830982 -2.0300245]
[-2.160994  -2.3574479 -2.8158407 -2.0955093]
[-2.1937363 -2.3574479 -2.848583  -2.0955093]
[-2.2264786 -2.4229326 -2.8813252 -2.1282516]
[-2.2264786 -2.3901904 -2.94681   -2.160994 ]
[-2.2592208 -2.3901904 -2.9795523 -2.1937363]
[-2.2919633 -2.4229326 -3.0122945 -2.1937363]
[-2.3247056 -2.3901904 -3.0122945 -2.1937363]
[-2.2919633 -2.3901904 -3.045037  -2.2264786]
[-2.2264786 -2.3901904 -3.0122945 -2.1937363]
[-2.2264786 -2.3247056 -2.94681   -2.1282516]
[-2.2919633 -2.2592208 -2.94681   -2.1282516]
[-2.3901904 -2.3247056 -2.9795523 -2.2264786]
[-2.5211596 -2.6193867 -3.2414908 -2.455675 ]
[-2.6848712 -2.848583  -3.5034297 -2.652129 ]
[-2.750356  -2.94681   -3.6671412 -2.7176137]
[-2.7176137 -2.8813252 -3.6671412 -2.6848712]
[-2.6848712 -2.8158407 -3.634399  -2.652129 ]
[-2.7176137 -2.8158407 -3.634399  -2.652129 ]
[-2.750356  -2.848583  -3.6671412 -2.6848712]
[-2.7830982 -2.9140675 -3.6998837 -2.750356 ]
[-2.8158407 -2.94681   -3.732626  -2.7830982]
[-2.8158407 -2.94681   -3.7653682 -2.750356 ]
[-2.7830982 -2.9140675 -3.732626  -2.750356 ]
[-2.750356  -2.8813252 -3.732626  -2.7176137]
[-2.7830982 -2.9140675 -3.7653682 -2.750356 ]
[-2.8158407 -2.9140675 -3.7981105 -2.7830982]
[-2.7830982 -2.9140675 -3.830853  -2.750356 ]
[-2.7176137 -2.8813252 -3.7653682 -2.7176137]
[-2.7176137 -2.8158407 -3.6998837 -2.652129 ]
[-2.652129  -2.848583  -3.6671412 -2.652129 ]
[-2.652129  -2.7830982 -3.634399  -2.6193867]
[-2.6193867 -2.750356  -3.634399  -2.5866442]
[-2.652129  -2.750356  -3.6016567 -2.5866442]
[-2.652129  -2.7830982 -3.6016567 -2.6193867]
[-2.5866442 -2.750356  -3.5034297 -2.553902 ]
[-3.0122945 -2.160994  -3.3069756 -1.8335706]
[-1.1459817 -2.5866442 -2.553902  -2.4229326]
[-1.1459817  -1.6043743  -1.768086   -0.85130066]
[-1.4406626  -0.7203313  -0.98227    -0.26193866]
[ 0.491135   -1.1459817  -0.42565033 -1.080497  ]
[-0.36016566 -0.687589   -0.29468098  0.19645399]
[-0.06548467 -0.26193866 -0.03274233 -0.06548467]
[-0.03274233 -0.22919632  0.         -0.06548467]
[-0.06548467 -0.19645399 -0.03274233 -0.03274233]
[-0.06548467 -0.19645399  0.         -0.06548467]
[-0.06548467 -0.22919632  0.03274233 -0.09822699]
[-0.13096933 -0.22919632  0.06548467 -0.09822699]
[-0.19645399 -0.26193866  0.         -0.13096933]
[-0.19645399 -0.36016566 -0.06548467 -0.19645399]
[-0.22919632 -0.42565033 -0.22919632 -0.22919632]
[-0.26193866 -0.45839265 -0.45839265 -0.29468098]
[-0.687589   -0.22919632 -0.81855834 -0.03274233]
[-0.65484667 -0.39290798 -1.2114663  -0.22919632]
[ 0.29468098 -0.884043   -1.4406626  -0.55661964]
[-0.06548467 -0.687589   -1.5716319   0.13096933]
[ 0.13096933 -0.39290798 -1.5061473   0.        ]
[ 0.09822699 -0.29468098 -1.276951    0.13096933]
[ 0.26193866 -0.39290798 -0.9167853  -0.03274233]
[ 0.29468098 -0.32742333 -0.45839265  0.        ]
[-0.06548467 -0.65484667 -0.36016566 -0.75307363]
[-0.39290798 -0.884043   -0.62210435  0.39290798]
[-0.39290798 -0.884043   -0.62210435  0.36016566]
[-0.42565033 -0.884043   -0.58936197  0.36016566]
[-0.39290798 -0.9495276  -0.65484667  0.29468098]
[-0.45839265 -1.080497   -0.85130066  0.16371167]
[-0.32742333 -1.2442087  -1.3424356  -0.13096933]
[-0.62210435 -1.276951   -2.2264786  -0.06548467]
[-0.55661964 -1.1132393  -3.0122945  -0.03274233]
[-0.45839265 -0.85130066 -3.2087486   0.13096933]
[-0.36016566 -0.687589   -2.7830982   0.26193866]
[-0.29468098 -0.7203313  -2.0300245   0.22919632]
[-0.36016566 -0.9167853  -1.5061473   0.13096933]
[-0.42565033 -1.1787239  -1.4406626  -0.03274233]
[-0.42565033 -1.4406626  -1.8008283  -0.42565033]
[-1.1459817  -1.3424356  -2.4884174  -0.36016566]
[-1.4406626 -1.4406626 -3.045037  -0.687589 ]
[-1.2442087  -1.5061473  -3.0122945  -0.65484667]
[-0.81855834 -1.4079204  -2.6193867  -0.42565033]
[-0.5238773  -1.2442087  -2.2592208  -0.13096933]
[-0.39290798 -1.2114663  -2.3901904  -0.03274233]
[-0.32742333 -1.3096933  -2.9795523  -0.16371167]
[-0.491135   -1.3424356  -3.6671412  -0.26193866]
[-1.0477546  -1.3096933  -4.1910186  -0.45839265]
[-1.276951  -1.4406626 -4.321988  -0.884043 ]
[-1.4406626 -1.5716319 -4.223761  -0.9167853]
[-1.1132393  -1.6043743  -3.9618223  -0.85130066]
[-0.78581595 -1.7026013  -3.7981105  -0.75307363]
[-0.884043  -1.9972823 -3.9945645 -1.0150123]
[-1.6371167 -2.1937363 -4.420215  -1.375178 ]
[-2.0300245 -2.7176137 -4.7803807 -2.1282516]
[-2.3901904 -2.7830982 -4.6166687 -2.2919633]
[-2.2264786 -2.6848712 -4.223761  -2.3901904]
[-2.2264786 -2.4884174 -3.6998837 -2.160994 ]
[-2.0300245 -2.2264786 -3.2742333 -1.9972823]
[-1.9317976 -2.062767  -2.9795523 -1.8335706]
[-1.8008283 -1.9317976 -2.7830982 -1.7353436]
[-1.7353436 -1.8008283 -2.652129  -1.5716319]
[-1.473405  -1.8008283 -2.4229326 -1.5716319]
[-1.375178  -1.6371167 -2.160994  -1.375178 ]
[-1.375178  -1.5388896 -1.8990552 -1.276951 ]
[-1.3424356 -1.473405  -1.7026013 -1.276951 ]
[-1.3096933 -1.473405  -1.6371167 -1.276951 ]
[-1.3424356 -1.5061473 -1.6371167 -1.276951 ]
[-1.3424356 -1.4406626 -1.6698589 -1.2442087]
[-1.3424356 -1.473405  -1.7026013 -1.2442087]
[-1.3096933 -1.473405  -1.7353436 -1.2442087]
[-1.375178  -1.5388896 -1.768086  -1.3096933]
[-1.4079204 -1.5716319 -1.768086  -1.375178 ]
[-1.473405  -1.6698589 -1.8008283 -1.4079204]
[-1.4406626 -1.6371167 -1.866313  -1.4406626]
[-1.6371167 -1.7026013 -1.9317976 -1.375178 ]
[-1.6371167 -1.866313  -2.1282516 -1.6371167]
[-1.8008283 -1.96454   -2.2919633 -1.8008283]
[-1.9972823 -2.0955093 -2.3574479 -1.8335706]
[-1.96454   -2.160994  -2.3901904 -1.96454  ]
[-2.0955093 -2.1937363 -2.3901904 -1.8990552]
[-1.96454   -2.1937363 -2.4229326 -1.96454  ]
[-1.9972823 -2.1937363 -2.455675  -1.8990552]
[-2.0300245 -2.1937363 -2.553902  -1.9317976]
[-2.062767  -2.2919633 -2.6193867 -2.0300245]
[-2.1937363 -2.3574479 -2.750356  -2.062767 ]
[-2.2264786 -2.3901904 -2.7830982 -2.160994 ]
[-2.2264786 -2.4229326 -2.848583  -2.2264786]
[-2.2592208 -2.4229326 -2.8813252 -2.1937363]
[-2.2592208 -2.4229326 -2.94681   -2.1937363]
[-2.2592208 -2.3901904 -2.9795523 -2.1937363]
[-2.2592208 -2.3901904 -2.9795523 -2.1937363]
[-2.2264786 -2.3901904 -3.0122945 -2.2264786]
[-2.2919633 -2.3574479 -3.0122945 -2.1937363]
[-2.2919633 -2.3901904 -3.0122945 -2.2264786]
[-2.2919633 -2.3901904 -3.045037  -2.2592208]
[-2.3247056 -2.3574479 -3.0122945 -2.1937363]
[-2.3901904 -2.2592208 -2.9795523 -2.160994 ]
[-2.2592208 -2.3574479 -2.94681   -2.2264786]
[-2.3247056 -2.3247056 -2.9140675 -2.160994 ]
[-2.2919633 -2.1937363 -2.8158407 -2.062767 ]
[-2.3247056 -2.1937363 -2.750356  -1.9972823]
[-2.2592208 -2.160994  -2.7176137 -1.9972823]
[-2.3574479 -2.1937363 -2.6848712 -1.96454  ]
[-2.6193867 -2.1937363 -2.750356  -2.062767 ]
[-2.2919633 -2.8158407 -3.0777793 -2.5866442]
[-2.5866442 -3.1432638 -3.4706872 -2.6193867]
[-2.652129  -2.8813252 -3.5689142 -2.5866442]
[-2.6848712 -2.848583  -3.6016567 -2.6193867]
[-2.652129  -2.7830982 -3.634399  -2.6193867]
[-2.6848712 -2.848583  -3.634399  -2.652129 ]
[-2.750356  -2.8813252 -3.6998837 -2.7176137]
[-2.8158407 -2.94681   -3.732626  -2.750356 ]
[-2.8158407 -2.94681   -3.7653682 -2.7830982]
[-2.8158407 -2.94681   -3.7653682 -2.7830982]
[-2.7830982 -2.9140675 -3.732626  -2.750356 ]
[-2.750356  -2.8813252 -3.6998837 -2.7176137]
[-2.750356  -2.8813252 -3.732626  -2.7176137]
[-2.7830982 -2.9140675 -3.7981105 -2.750356 ]
[-2.7830982 -2.9140675 -3.830853  -2.750356 ]
[-2.750356  -2.8813252 -3.7653682 -2.7176137]
[-2.7176137 -2.848583  -3.732626  -2.6848712]
[-2.6848712 -2.848583  -3.6998837 -2.6848712]
[-2.652129  -2.8158407 -3.6671412 -2.6193867]
[-2.6193867 -2.750356  -3.634399  -2.5866442]
[-2.6193867 -2.750356  -3.6016567 -2.5866442]
[-2.6193867 -2.750356  -3.5689142 -2.5866442]
[-2.5866442 -2.750356  -3.5034297 -2.553902 ]
[-2.8813252 -2.2592208 -3.3397179 -1.96454  ]
[-1.473405  -2.553902  -2.652129  -2.3247056]
[-1.0150123 -1.7353436 -1.8335706 -1.1459817]
[-1.9317976  -0.65484667 -1.1132393  -0.06548467]
[ 0.65484667 -1.3096933  -0.5238773  -1.4079204 ]
[-0.45839265 -0.78581595 -0.32742333  0.26193866]
[-0.09822699 -0.29468098 -0.03274233 -0.09822699]
[-0.03274233 -0.22919632  0.         -0.06548467]
[-0.03274233 -0.19645399  0.         -0.06548467]
[-0.06548467 -0.19645399  0.         -0.03274233]
[-0.03274233 -0.19645399  0.06548467 -0.06548467]
[-0.13096933 -0.22919632  0.06548467 -0.06548467]
[-0.16371167 -0.26193866  0.03274233 -0.13096933]
[-0.13096933 -0.32742333 -0.03274233 -0.19645399]
[-0.19645399 -0.36016566 -0.19645399 -0.19645399]
[-0.22919632 -0.42565033 -0.39290798 -0.26193866]
[-0.55661964 -0.26193866 -0.7203313  -0.03274233]
[-0.65484667 -0.32742333 -1.0150123  -0.03274233]
[ 0.16371167 -0.687589   -1.080497   -0.39290798]
[-0.32742333 -0.39290798 -1.1459817   0.29468098]
[-0.29468098 -0.26193866 -1.080497    0.16371167]
[-0.22919632 -0.19645399 -1.0150123   0.13096933]
[-0.26193866 -0.29468098 -0.85130066 -0.09822699]
[ 0.39290798 -0.62210435 -0.5238773  -0.45839265]
[ 0.         -0.65484667 -0.42565033 -0.7203313 ]
[-0.39290798 -0.85130066 -0.65484667  0.39290798]
[-0.42565033 -0.85130066 -0.65484667  0.36016566]
[-0.45839265 -0.884043   -0.62210435  0.36016566]
[-0.45839265 -0.9495276  -0.65484667  0.32742333]
[-0.45839265 -0.98227    -0.78581595  0.22919632]
[-0.29468098 -1.1787239  -1.1787239  -0.06548467]
[-0.5238773  -1.2114663  -1.9317976  -0.09822699]
[-0.491135   -1.2442087  -2.750356   -0.09822699]
[-0.491135   -0.98227    -3.1105216   0.22919632]
[-0.32742333 -0.687589   -2.848583    0.32742333]
[-0.29468098 -0.65484667 -2.160994    0.29468098]
[-0.32742333 -0.85130066 -1.5061473   0.16371167]
[-0.39290798 -1.1132393  -1.2442087   0.06548467]
[-0.45839265 -1.2442087  -1.4079204  -0.22919632]
[-0.85130066 -1.2114663  -1.9317976  -0.26193866]
[-1.0150123  -1.4079204  -2.2919633  -0.39290798]
[-0.85130066 -1.3424356  -2.2264786  -0.26193866]
[-0.55661964 -1.276951   -1.9317976  -0.13096933]
[-0.39290798 -1.1459817  -1.768086    0.        ]
[-0.32742333 -1.1459817  -1.9972823   0.06548467]
[-0.29468098 -1.1787239  -2.5866442  -0.03274233]
[-0.491135   -1.2114663  -3.2414908  -0.16371167]
[-0.884043   -1.2442087  -3.8635952  -0.32742333]
[-0.9495276  -1.4406626  -4.027307   -0.65484667]
[-0.9167853  -1.4079204  -3.830853   -0.55661964]
[-0.58936197 -1.5061473  -3.634399   -0.491135  ]
[-0.5238773 -1.6043743 -3.634399  -0.491135 ]
[-0.9495276 -1.8335706 -3.92908   -0.884043 ]
[-1.6698589 -2.1937363 -4.4856997 -1.5061473]
[-2.1282516 -2.7176137 -4.747638  -2.160994 ]
[-2.5866442 -2.7176137 -4.6166687 -2.2919633]
[-2.3901904 -2.750356  -4.223761  -2.5211596]
[-2.3901904 -2.5866442 -3.7653682 -2.2919633]
[-2.2264786 -2.4229326 -3.4052026 -2.1937363]
[-2.160994  -2.2919633 -3.1432638 -2.0300245]
[-1.9972823 -2.2264786 -3.0122945 -1.9972823]
[-1.9317976 -2.1282516 -2.8813252 -1.8335706]
[-1.7353436 -2.062767  -2.652129  -1.768086 ]
[-1.6698589 -1.8990552 -2.4229326 -1.6698589]
[-1.7026013 -1.866313  -2.2264786 -1.6043743]
[-1.7353436 -1.8990552 -2.1282516 -1.6371167]
[-1.7353436 -1.9317976 -2.1282516 -1.7026013]
[-1.8335706 -1.9317976 -2.1282516 -1.6698589]
[-1.768086  -1.9317976 -2.160994  -1.7026013]
[-1.768086  -1.9317976 -2.2264786 -1.6698589]
[-1.768086  -1.8990552 -2.2264786 -1.6698589]
[-1.866313  -1.96454   -2.2919633 -1.7026013]
[-1.866313  -2.1282516 -2.3901904 -1.8990552]
[-1.96454   -2.062767  -2.4229326 -1.8008283]
[-1.9317976 -2.1282516 -2.455675  -1.8335706]
[-2.0300245 -2.1282516 -2.5866442 -1.866313 ]
[-2.0955093 -2.2919633 -2.750356  -2.062767 ]
[-2.2592208 -2.4229326 -2.848583  -2.160994 ]
[-2.2592208 -2.4229326 -2.9140675 -2.2264786]
[-2.2919633 -2.4884174 -2.848583  -2.2592208]
[-2.2919633 -2.455675  -2.8813252 -2.2264786]
[-2.1937363 -2.455675  -2.848583  -2.2264786]
[-2.2592208 -2.3247056 -2.8158407 -2.062767 ]
[-2.2592208 -2.3574479 -2.8813252 -2.0955093]
[-2.1282516 -2.3901904 -2.94681   -2.2264786]
[-2.2264786 -2.4229326 -2.9795523 -2.2264786]
[-2.2592208 -2.3901904 -2.9140675 -2.1937363]
[-2.2264786 -2.3247056 -2.848583  -2.160994 ]
[-2.2592208 -2.2592208 -2.8158407 -2.0955093]
[-2.2592208 -2.2264786 -2.7830982 -2.0955093]
[-2.3247056 -2.2264786 -2.750356  -2.062767 ]
[-2.3901904 -2.1937363 -2.750356  -2.062767 ]
[-2.455675  -2.2264786 -2.7176137 -2.062767 ]
[-2.4884174 -2.2919633 -2.750356  -2.1282516]
[-2.3574479 -2.3574479 -2.7830982 -2.1937363]
[-2.2264786 -2.4229326 -2.750356  -2.160994 ]
[-2.0955093 -2.2264786 -2.6848712 -1.9972823]
[-2.3574479 -1.9972823 -2.553902  -1.866313 ]
[-1.96454   -2.0955093 -2.4884174 -2.062767 ]
[-1.96454   -2.2919633 -2.5211596 -1.866313 ]
[-1.768086  -2.062767  -2.4229326 -1.8335706]
[-1.866313  -1.8990552 -2.2919633 -1.6698589]
[-1.8335706 -1.9317976 -2.2264786 -1.7353436]
[-1.9972823 -2.0300245 -2.2592208 -1.6698589]
[-2.1282516 -2.2592208 -2.4884174 -1.8990552]
[-1.5716319 -2.8813252 -2.7830982 -2.4884174]
[-2.4229326 -2.94681   -3.1105216 -2.0300245]
[-2.5211596 -2.7176137 -3.3724604 -2.3901904]
[-2.6193867 -2.750356  -3.5689142 -2.5866442]
[-2.7176137 -2.848583  -3.634399  -2.652129 ]
[-2.7176137 -2.848583  -3.6998837 -2.6848712]
[-2.7830982 -2.9140675 -3.732626  -2.7176137]
[-2.8158407 -2.9140675 -3.7653682 -2.750356 ]
[-2.8158407 -2.94681   -3.7653682 -2.7830982]
[-2.7830982 -2.9140675 -3.732626  -2.750356 ]
[-2.750356  -2.8813252 -3.6998837 -2.7176137]
[-2.7176137 -2.848583  -3.6671412 -2.6848712]
[-2.7176137 -2.8813252 -3.6998837 -2.7176137]
[-2.7830982 -2.8813252 -3.7653682 -2.7176137]
[-2.7830982 -2.9140675 -3.7981105 -2.750356 ]
[-2.750356  -2.8813252 -3.7981105 -2.7176137]
[-2.750356  -2.848583  -3.732626  -2.6848712]
[-2.6848712 -2.8813252 -3.6998837 -2.6848712]
[-2.652129  -2.8158407 -3.6671412 -2.6193867]
[-2.6193867 -2.750356  -3.634399  -2.5866442]
[-2.6193867 -2.7176137 -3.6016567 -2.553902 ]
[-2.5866442 -2.750356  -3.5689142 -2.553902 ]
[-2.5866442 -2.7176137 -3.5034297 -2.5211596]
[-2.7176137 -2.3247056 -3.3724604 -2.0300245]
[-1.768086  -2.3574479 -2.7176137 -2.1282516]
[-0.884043  -1.8335706 -1.8990552 -1.473405 ]
[-2.3247056  -0.65484667 -1.3096933   0.03274233]
[ 0.7203313  -1.5716319  -0.62210435 -1.7353436 ]
[-0.58936197 -0.85130066 -0.39290798  0.32742333]
[-0.13096933 -0.36016566 -0.06548467 -0.16371167]
[-0.09822699 -0.29468098  0.         -0.06548467]
[-0.03274233 -0.19645399  0.         -0.06548467]
[-0.06548467 -0.19645399  0.03274233 -0.03274233]
[-0.03274233 -0.19645399  0.06548467 -0.06548467]
[-0.06548467 -0.19645399  0.06548467 -0.06548467]
[-0.13096933 -0.22919632  0.03274233 -0.09822699]
[-0.13096933 -0.29468098 -0.03274233 -0.13096933]
[-0.22919632 -0.32742333 -0.16371167 -0.16371167]
[-0.26193866 -0.39290798 -0.36016566 -0.26193866]
[-0.491135   -0.32742333 -0.58936197 -0.09822699]
[-0.7203313  -0.26193866 -0.81855834 -0.03274233]
[-0.09822699 -0.687589   -0.85130066 -0.55661964]
[-0.42565033 -0.58936197 -0.9495276  -0.19645399]
[-0.58936197 -0.78581595 -0.98227    -0.36016566]
[-0.5238773  -0.75307363 -0.9495276  -0.36016566]
[-0.687589   -0.75307363 -0.884043   -0.32742333]
[ 0.55661964 -1.1459817  -0.55661964 -0.81855834]
[ 0.         -0.687589   -0.45839265 -0.75307363]
[-0.32742333 -0.85130066 -0.75307363  0.32742333]
[-0.22919632 -0.81855834 -0.7203313   0.29468098]
[-0.26193866 -0.85130066 -0.65484667  0.36016566]
[-0.39290798 -0.85130066 -0.62210435  0.39290798]
[-0.39290798 -0.9167853  -0.75307363  0.29468098]
[-0.36016566 -1.080497   -1.080497    0.09822699]
[-0.32742333 -1.1459817  -1.7353436  -0.03274233]
[-0.32742333 -1.2442087  -2.455675   -0.06548467]
[-0.5238773  -0.9495276  -2.9140675   0.26193866]
[-0.42565033 -0.75307363 -2.848583    0.26193866]
[-0.36016566 -0.687589   -2.2919633   0.29468098]
[-0.32742333 -0.85130066 -1.5716319   0.16371167]
[-0.36016566 -1.0477546  -1.1787239   0.13096933]
[-0.39290798 -1.080497   -1.1787239   0.03274233]
[-0.491135   -1.080497   -1.5061473  -0.03274233]
[-0.55661964 -1.1459817  -1.6698589   0.        ]
[-0.45839265 -1.1132393  -1.6698589   0.09822699]
[-0.29468098 -1.080497   -1.5716319   0.09822699]
[-0.22919632 -1.080497   -1.6043743   0.13096933]
[-0.22919632 -1.080497   -1.9317976   0.16371167]
[-0.29468098 -1.080497   -2.455675    0.03274233]
[-0.42565033 -1.1132393  -2.9795523  -0.09822699]
[-0.65484667 -1.2114663  -3.5034297  -0.22919632]
[-0.65484667 -1.4406626  -3.732626   -0.36016566]
[-0.55661964 -1.4079204  -3.732626   -0.32742333]
[-0.5238773  -1.473405   -3.6671412  -0.39290798]
[-0.884043   -1.6371167  -3.7981105  -0.62210435]
[-1.4079204 -1.9317976 -4.223761  -1.1787239]
[-1.9317976 -2.4884174 -4.6821537 -1.8990552]
[-2.3247056 -2.9140675 -4.8131227 -2.4229326]
[-2.7176137 -2.9140675 -4.6821537 -2.5211596]
[-2.5866442 -3.0122945 -4.321988  -2.750356 ]
[-2.553902  -2.8158407 -3.9618223 -2.5211596]
[-2.4229326 -2.7176137 -3.634399  -2.4229326]
[-2.3574479 -2.553902  -3.437945  -2.2592208]
[-2.2264786 -2.4884174 -3.3069756 -2.2264786]
[-2.1937363 -2.3901904 -3.1432638 -2.062767 ]
[-2.062767  -2.2919633 -2.9795523 -1.9972823]
[-1.9972823 -2.1937363 -2.7830982 -1.9317976]
[-1.9972823 -2.160994  -2.652129  -1.9317976]
[-2.062767  -2.2264786 -2.5866442 -1.9972823]
[-2.0955093 -2.2919633 -2.5866442 -2.062767 ]
[-2.160994  -2.2919633 -2.652129  -2.062767 ]
[-2.0955093 -2.3574479 -2.6848712 -2.0955093]
[-2.1282516 -2.3247056 -2.7176137 -2.0300245]
[-2.0955093 -2.2919633 -2.7176137 -2.062767 ]
[-2.160994  -2.3247056 -2.7830982 -2.1282516]
[-2.1937363 -2.3901904 -2.848583  -2.160994 ]
[-2.2264786 -2.3901904 -2.9140675 -2.160994 ]
[-2.1937363 -2.3901904 -2.94681   -2.2264786]
[-2.3247056 -2.4229326 -3.045037  -2.1937363]
[-2.3247056 -2.5211596 -3.1105216 -2.3247056]
[-2.3901904 -2.4884174 -3.1432638 -2.3247056]
[-2.3247056 -2.455675  -3.045037  -2.2919633]
[-2.2592208 -2.4229326 -2.94681   -2.2264786]
[-2.1937363 -2.3247056 -2.8813252 -2.160994 ]
[-2.1937363 -2.2592208 -2.8158407 -2.0955093]
[-2.2592208 -2.1282516 -2.750356  -2.0300245]
[-2.3574479 -2.160994  -2.750356  -2.0300245]
[-2.455675  -2.2919633 -2.7830982 -2.062767 ]
[-2.5211596 -2.2264786 -2.7176137 -2.0300245]
[-2.5211596 -2.1937363 -2.6193867 -1.9972823]
[-2.455675  -2.1937363 -2.5211596 -2.0300245]
[-2.4884174 -2.1937363 -2.455675  -1.9317976]
[-2.1282516 -2.3574479 -2.4229326 -2.0955093]
[-2.455675  -2.1937363 -2.3574479 -1.8008283]
[-2.2919633 -2.160994  -2.2592208 -1.96454  ]
[-2.3247056 -2.3574479 -2.3247056 -2.0300245]
[-2.160994  -2.455675  -2.3247056 -2.0300245]
[-1.8990552 -2.553902  -2.2919633 -1.96454  ]
[-1.8008283 -2.2919633 -2.160994  -1.7026013]
[-1.473405  -2.062767  -2.0300245 -1.5716319]
[-1.8335706 -1.6371167 -1.9972823 -1.2114663]
[-1.375178  -1.6371167 -1.8335706 -1.5716319]
[-1.080497  -1.96454   -1.9317976 -1.375178 ]
[-1.0150123 -1.768086  -1.866313  -1.0150123]
[-1.1459817 -1.0150123 -1.6698589 -0.687589 ]
[-1.0150123 -1.080497  -1.6371167 -0.9495276]
[-1.1459817 -1.375178  -1.768086  -0.98227  ]
[-1.3096933 -1.6043743 -1.9972823 -0.98227  ]
[-0.85130066 -2.3574479  -2.2592208  -1.7026013 ]
[-1.8990552 -2.160994  -2.750356  -1.5061473]
[-2.3574479 -2.455675  -3.2414908 -2.2592208]
[-2.6193867 -2.7830982 -3.536172  -2.5866442]
[-2.750356  -2.8813252 -3.6998837 -2.6848712]
[-2.8158407 -2.94681   -3.7653682 -2.750356 ]
[-2.8158407 -2.9140675 -3.7653682 -2.7830982]
[-2.8158407 -2.94681   -3.7653682 -2.7830982]
[-2.7830982 -2.94681   -3.732626  -2.750356 ]
[-2.750356  -2.8813252 -3.6998837 -2.7176137]
[-2.7176137 -2.848583  -3.6671412 -2.6848712]
[-2.6848712 -2.848583  -3.6671412 -2.6848712]
[-2.7176137 -2.8813252 -3.6998837 -2.6848712]
[-2.7830982 -2.8813252 -3.7653682 -2.7176137]
[-2.8158407 -2.9140675 -3.830853  -2.750356 ]
[-2.7830982 -2.9140675 -3.7981105 -2.750356 ]
[-2.750356  -2.8813252 -3.7653682 -2.7176137]
[-2.7176137 -2.8813252 -3.732626  -2.7176137]
[-2.6848712 -2.8158407 -3.6671412 -2.652129 ]
[-2.6193867 -2.750356  -3.634399  -2.5866442]
[-2.5866442 -2.7176137 -3.5689142 -2.553902 ]
[-2.5866442 -2.7176137 -3.536172  -2.553902 ]
[-2.5866442 -2.6848712 -3.4706872 -2.5211596]
[-2.6193867 -2.4229326 -3.3397179 -2.1282516]
[-2.160994  -2.2264786 -2.7830982 -1.96454  ]
[-0.81855834 -2.062767   -1.9972823  -1.8335706 ]
[-2.5211596  -0.687589   -1.5061473   0.09822699]
[ 0.7203313 -1.8008283 -0.7203313 -1.866313 ]
[-0.62210435 -0.78581595 -0.45839265  0.36016566]
[-0.19645399 -0.45839265 -0.09822699 -0.22919632]
[-0.19645399 -0.36016566 -0.03274233 -0.09822699]
[-0.13096933 -0.32742333  0.03274233 -0.09822699]
[-0.13096933 -0.26193866  0.03274233 -0.06548467]
[-0.06548467 -0.26193866  0.03274233 -0.06548467]
[-0.06548467 -0.22919632  0.03274233 -0.06548467]
[-0.09822699 -0.22919632  0.03274233 -0.06548467]
[-0.13096933 -0.26193866 -0.06548467 -0.13096933]
[-0.19645399 -0.29468098 -0.16371167 -0.16371167]
[-0.22919632 -0.42565033 -0.32742333 -0.26193866]
[-0.42565033 -0.39290798 -0.491135   -0.19645399]
[-0.75307363 -0.29468098 -0.687589   -0.06548467]
[-0.32742333 -0.65484667 -0.75307363 -0.491135  ]
[-0.36016566 -0.75307363 -0.884043   -0.36016566]
[-0.491135   -0.81855834 -0.884043   -0.26193866]
[-0.491135   -0.7203313  -0.81855834 -0.22919632]
[-0.58936197 -0.58936197 -0.85130066 -0.09822699]
[ 0.81855834 -1.2442087  -0.45839265 -0.78581595]
[ 0.         -0.75307363 -0.45839265 -0.9495276 ]
[-0.65484667 -0.9495276  -0.78581595  0.32742333]
[-0.39290798 -0.884043   -0.7203313   0.19645399]
[-0.39290798 -0.85130066 -0.7203313   0.32742333]
[-0.26193866 -0.78581595 -0.687589    0.32742333]
[-0.22919632 -0.85130066 -0.78581595  0.26193866]
[-0.32742333 -0.98227    -1.0477546   0.19645399]
[-0.29468098 -1.1132393  -1.5716319   0.06548467]
[-0.29468098 -1.2114663  -2.2264786   0.        ]
[-0.55661964 -0.9495276  -2.750356    0.16371167]
[-0.5238773  -0.884043   -2.7830982   0.13096933]
[-0.42565033 -0.81855834 -2.3247056   0.22919632]
[-0.29468098 -0.9167853  -1.6698589   0.16371167]
[-0.26193866 -1.0150123  -1.276951    0.19645399]
[-0.29468098 -0.98227    -1.2442087   0.26193866]
[-0.26193866 -0.98227    -1.4079204   0.22919632]
[-0.22919632 -0.9495276  -1.5388896   0.26193866]
[-0.19645399 -0.9167853  -1.6043743   0.29468098]
[-0.09822699 -0.9495276  -1.6698589   0.26193866]
[-0.03274233 -0.98227    -1.8990552   0.26193866]
[-0.09822699 -0.98227    -2.2592208   0.22919632]
[-0.16371167 -0.98227    -2.6848712   0.09822699]
[-0.26193866 -1.0477546  -3.0777793  -0.06548467]
[-0.29468098 -1.276951   -3.437945   -0.26193866]
[-0.45839265 -1.4079204  -3.732626   -0.29468098]
[-0.81855834 -1.4406626  -3.8963375  -0.36016566]
[-0.98227    -1.6371167  -4.027307   -0.78581595]
[-1.4406626 -1.96454   -4.321988  -1.2442087]
[-1.866313  -2.3574479 -4.649411  -1.8008283]
[-2.2592208 -2.7830982 -4.8131227 -2.2592208]
[-2.6193867 -3.045037  -4.8458652 -2.553902 ]
[-2.94681   -3.045037  -4.7148957 -2.6848712]
[-2.848583  -3.1105216 -4.4856997 -2.8158407]
[-2.7176137 -2.9795523 -4.1910186 -2.6848712]
[-2.6193867 -2.8813252 -3.9618223 -2.553902 ]
[-2.553902  -2.7176137 -3.7653682 -2.455675 ]
[-2.4229326 -2.652129  -3.634399  -2.3901904]
[-2.3901904 -2.5866442 -3.4706872 -2.2919633]
[-2.3247056 -2.4884174 -3.3069756 -2.2592208]
[-2.2919633 -2.4229326 -3.1105216 -2.160994 ]
[-2.2264786 -2.4229326 -3.0122945 -2.160994 ]
[-2.2592208 -2.455675  -2.94681   -2.1937363]
[-2.2592208 -2.4884174 -2.9795523 -2.2264786]
[-2.2919633 -2.4884174 -3.045037  -2.2264786]
[-2.2592208 -2.4884174 -3.0122945 -2.2264786]
[-2.2592208 -2.3901904 -3.0122945 -2.1937363]
[-2.2592208 -2.4229326 -3.0122945 -2.160994 ]
[-2.2264786 -2.4229326 -3.0122945 -2.1937363]
[-2.2592208 -2.3901904 -3.0122945 -2.2264786]
[-2.2919633 -2.3901904 -3.0777793 -2.1937363]
[-2.2592208 -2.4229326 -3.1105216 -2.2264786]
[-2.2919633 -2.3574479 -3.1105216 -2.1937363]
[-2.2264786 -2.3901904 -3.1105216 -2.2592208]
[-2.3247056 -2.2919633 -2.9795523 -2.1282516]
[-2.553902  -2.062767  -2.7830982 -1.96454  ]
[-2.5866442 -2.062767  -2.6193867 -1.9972823]
[-2.652129  -2.2592208 -2.5866442 -2.062767 ]
[-2.4229326 -2.3574479 -2.6193867 -2.0955093]
[-2.3247056 -2.3574479 -2.6193867 -2.0300245]
[-2.4884174 -2.160994  -2.4884174 -1.9317976]
[-2.3574479 -2.2919633 -2.455675  -2.1282516]
[-2.3574479 -2.4884174 -2.4884174 -2.1282516]
[-2.3247056 -2.4229326 -2.3247056 -1.9972823]
[-2.0955093 -2.455675  -2.160994  -1.9972823]
[-1.8335706 -2.4884174 -2.0955093 -1.8990552]
[-1.1787239 -2.5211596 -1.9972823 -1.8008283]
[-1.9317976 -1.8335706 -1.768086  -1.0150123]
[-1.0477546 -1.8008283 -1.7353436 -1.6043743]
[-1.6043743 -1.9317976 -1.768086  -1.1132393]
[-1.1787239 -1.768086  -1.6043743 -1.2114663]
[-1.3096933 -1.8335706 -1.5716319 -0.98227  ]
[-1.1459817 -1.6698589 -1.473405  -0.98227  ]
[-0.75307363 -1.7026013  -1.473405   -1.0150123 ]
[-1.1459817  -1.1787239  -1.473405   -0.42565033]
[-1.0150123 -0.9495276 -1.3096933 -0.7203313]
[-0.06548467 -1.3424356  -1.276951   -1.0477546 ]
[-0.9167853  -1.2442087  -1.3096933  -0.09822699]
[-1.2442087  -0.29468098 -1.1459817   0.        ]
[-0.75307363 -0.687589   -1.3096933  -0.687589  ]
[-0.75307363 -1.1787239  -1.5061473  -0.58936197]
[-1.1459817  -1.1132393  -1.5716319  -0.45839265]
[-0.687589  -1.9317976 -1.9317976 -1.4079204]
[-1.8335706 -2.1282516 -2.652129  -1.473405 ]
[-2.3247056 -2.455675  -3.1760063 -2.2592208]
[-2.652129  -2.7830982 -3.536172  -2.5866442]
[-2.7830982 -2.9140675 -3.732626  -2.750356 ]
[-2.8813252 -2.9795523 -3.7981105 -2.7830982]
[-2.8158407 -2.9795523 -3.830853  -2.8158407]
[-2.8158407 -2.94681   -3.7653682 -2.7830982]
[-2.7830982 -2.94681   -3.732626  -2.750356 ]
[-2.750356  -2.9140675 -3.6998837 -2.7176137]
[-2.7176137 -2.848583  -3.6671412 -2.6848712]
[-2.6848712 -2.848583  -3.6671412 -2.6848712]
[-2.7176137 -2.8813252 -3.6998837 -2.6848712]
[-2.7830982 -2.9140675 -3.7653682 -2.7176137]
[-2.8158407 -2.94681   -3.830853  -2.7830982]
[-2.7830982 -2.9140675 -3.830853  -2.750356 ]
[-2.7830982 -2.9140675 -3.7981105 -2.750356 ]
[-2.7176137 -2.9140675 -3.732626  -2.7176137]
[-2.6848712 -2.848583  -3.6998837 -2.652129 ]
[-2.6193867 -2.7830982 -3.634399  -2.5866442]
[-2.5866442 -2.7176137 -3.5689142 -2.553902 ]
[-2.5866442 -2.7176137 -3.536172  -2.553902 ]
[-2.553902  -2.6848712 -3.4706872 -2.5211596]
[-2.553902  -2.4884174 -3.3397179 -2.2592208]
[-2.553902  -2.1282516 -2.8813252 -1.866313 ]
[-0.81855834 -2.3247056  -2.160994   -2.160994  ]
[-2.6193867  -0.78581595 -1.7026013   0.09822699]
[ 0.65484667 -1.8335706  -0.85130066 -1.866313  ]
[-0.58936197 -0.75307363 -0.5238773   0.32742333]
[-0.19645399 -0.5238773  -0.16371167 -0.22919632]
[-0.19645399 -0.42565033 -0.06548467 -0.13096933]
[-0.16371167 -0.42565033  0.         -0.16371167]
[-0.19645399 -0.39290798  0.         -0.13096933]
[-0.16371167 -0.36016566  0.         -0.09822699]
[-0.16371167 -0.32742333  0.         -0.09822699]
[-0.19645399 -0.29468098 -0.06548467 -0.09822699]
[-0.19645399 -0.32742333 -0.13096933 -0.13096933]
[-0.26193866 -0.36016566 -0.22919632 -0.16371167]
[-0.22919632 -0.42565033 -0.32742333 -0.26193866]
[-0.32742333 -0.42565033 -0.42565033 -0.22919632]
[-0.81855834 -0.26193866 -0.58936197  0.        ]
[-0.491135   -0.55661964 -0.687589   -0.42565033]
[-0.29468098 -0.85130066 -0.81855834 -0.39290798]
[-0.45839265 -0.78581595 -0.81855834 -0.13096933]
[-0.42565033 -0.58936197 -0.75307363 -0.13096933]
[-0.491135   -0.55661964 -0.81855834 -0.06548467]
[ 0.9167853  -1.2114663  -0.42565033 -0.7203313 ]
[ 0.09822699 -0.85130066 -0.491135   -1.080497  ]
[-0.687589   -1.0150123  -0.81855834  0.16371167]
[-0.45839265 -1.080497   -0.75307363 -0.09822699]
[-0.58936197 -1.0477546  -0.7203313   0.16371167]
[-0.55661964 -0.98227    -0.75307363  0.19645399]
[-0.5238773  -0.98227    -0.81855834  0.19645399]
[-0.491135   -1.0150123  -1.080497    0.09822699]
[-0.42565033 -1.1459817  -1.5716319  -0.06548467]
[-0.39290798 -1.276951   -2.1937363  -0.16371167]
[-0.65484667 -1.1132393  -2.6848712   0.        ]
[-0.55661964 -1.080497   -2.7830982  -0.06548467]
[-0.39290798 -0.98227    -2.455675    0.09822699]
[-0.19645399 -0.98227    -1.9972823   0.16371167]
[-0.13096933 -0.9495276  -1.7353436   0.26193866]
[-0.09822699 -0.85130066 -1.7353436   0.36016566]
[ 0.         -0.85130066 -1.866313    0.32742333]
[ 0.09822699 -0.78581595 -1.9972823   0.42565033]
[ 0.09822699 -0.7203313  -2.1282516   0.45839265]
[ 0.16371167 -0.75307363 -2.2919633   0.42565033]
[ 0.09822699 -0.81855834 -2.553902    0.39290798]
[-0.09822699 -0.81855834 -2.9140675   0.29468098]
[-0.19645399 -0.884043   -3.2742333   0.13096933]
[-0.32742333 -0.98227    -3.5034297   0.        ]
[-0.491135   -1.2114663  -3.732626   -0.26193866]
[-0.884043  -1.4406626 -3.9945645 -0.5238773]
[-1.473405  -1.7026013 -4.321988  -0.9495276]
[-1.7353436 -2.160994  -4.5839267 -1.6371167]
[-2.160994  -2.5211596 -4.7803807 -1.9317976]
[-2.455675  -2.7830982 -4.91135   -2.2264786]
[-2.5866442 -2.9795523 -4.91135   -2.5866442]
[-2.750356  -3.1760063 -4.8458652 -2.8158407]
[-3.0122945 -3.2414908 -4.747638  -2.9140675]
[-2.9795523 -3.2742333 -4.6166687 -3.0122945]
[-2.8813252 -3.1760063 -4.420215  -2.9140675]
[-2.848583  -3.0122945 -4.223761  -2.750356 ]
[-2.750356  -2.8813252 -4.060049  -2.6193867]
[-2.652129  -2.8158407 -3.92908   -2.553902 ]
[-2.553902  -2.7176137 -3.7653682 -2.4884174]
[-2.455675  -2.652129  -3.5689142 -2.3901904]
[-2.3901904 -2.553902  -3.3724604 -2.3247056]
[-2.3574479 -2.5211596 -3.2414908 -2.2919633]
[-2.3574479 -2.5211596 -3.1760063 -2.2592208]
[-2.2919633 -2.5211596 -3.1760063 -2.2919633]
[-2.3247056 -2.4884174 -3.1760063 -2.2264786]
[-2.1937363 -2.455675  -3.1432638 -2.2264786]
[-2.160994  -2.3574479 -3.1105216 -2.160994 ]
[-2.160994  -2.2919633 -3.0122945 -2.1282516]
[-2.2264786 -2.2264786 -2.94681   -2.062767 ]
[-2.3574479 -2.160994  -2.9140675 -1.9972823]
[-2.2592208 -2.2592208 -2.9795523 -2.1282516]
[-2.5866442 -2.2919633 -2.9795523 -2.0300245]
[-2.3247056 -2.3574479 -2.9795523 -2.1937363]
[-1.9972823 -2.553902  -2.94681   -2.1937363]
[-2.160994 -2.062767 -2.652129 -1.768086]
[-2.3247056 -1.7353436 -2.4229326 -1.7353436]
[-2.1282516 -2.0955093 -2.3574479 -2.1282516]
[-2.0955093 -2.553902  -2.3574479 -2.160994 ]
[-1.3424356 -2.848583  -2.3247056 -2.2264786]
[-1.4406626 -2.455675  -2.1937363 -1.473405 ]
[-1.9317976 -1.5388896 -1.9317976 -1.080497 ]
[-1.473405  -1.7353436 -1.9317976 -1.5716319]
[-1.6043743 -2.160994  -2.0300245 -1.3424356]
[-1.4406626 -1.9317976 -1.866313  -1.1459817]
[-1.2442087 -1.8008283 -1.6698589 -1.0150123]
[-0.81855834 -1.8008283  -1.5716319  -0.884043  ]
[-0.687589   -1.6698589  -1.3096933  -0.55661964]
[-1.1132393  -0.78581595 -1.2442087   0.        ]
[-0.13096933 -1.1787239  -1.2442087  -0.75307363]
[-0.45839265 -0.884043   -1.1787239   0.03274233]
[-0.42565033 -0.62210435 -1.0150123  -0.22919632]
[-0.62210435 -0.78581595 -0.9167853  -0.29468098]
[-0.36016566 -1.375178   -1.1132393  -0.7203313 ]
[-0.13096933 -1.5716319  -0.98227    -0.62210435]
[-0.65484667 -0.687589   -0.884043    0.16371167]
[-1.0477546  -0.36016566 -0.884043    0.03274233]
[ 0.65484667 -1.1459817  -0.9167853  -1.1459817 ]
[-1.2442087  -0.75307363 -0.884043    0.26193866]
[-1.3424356  -0.45839265 -1.0150123  -0.42565033]
[-0.85130066 -1.3424356  -1.3096933  -0.98227   ]
[-0.78581595 -1.375178   -1.3096933  -0.491135  ]
[-1.1787239  -1.2442087  -1.473405   -0.45839265]
[-0.58936197 -2.0300245  -1.8990552  -1.6371167 ]
[-1.9972823 -2.3901904 -2.5866442 -1.473405 ]
[-2.3901904 -2.6193867 -3.1760063 -2.2919633]
[-2.6848712 -2.8158407 -3.5689142 -2.6193867]
[-2.8158407 -2.9795523 -3.7653682 -2.7830982]
[-2.848583  -2.9795523 -3.830853  -2.8158407]
[-2.848583  -3.0122945 -3.830853  -2.8158407]
[-2.8158407 -2.94681   -3.7653682 -2.7830982]
[-2.7830982 -2.94681   -3.732626  -2.750356 ]
[-2.7830982 -2.9140675 -3.732626  -2.750356 ]
[-2.750356  -2.8813252 -3.6998837 -2.7176137]
[-2.6848712 -2.8813252 -3.6671412 -2.6848712]
[-2.7176137 -2.8813252 -3.6998837 -2.6848712]
[-2.7830982 -2.8813252 -3.7653682 -2.750356 ]
[-2.8158407 -2.94681   -3.830853  -2.7830982]
[-2.7830982 -2.9140675 -3.830853  -2.750356 ]
[-2.7830982 -2.9140675 -3.7981105 -2.750356 ]
[-2.750356  -2.9140675 -3.7653682 -2.750356 ]
[-2.6848712 -2.848583  -3.6998837 -2.6848712]
[-2.6193867 -2.7830982 -3.634399  -2.5866442]
[-2.5866442 -2.7176137 -3.5689142 -2.553902 ]
[-2.5866442 -2.7176137 -3.536172  -2.553902 ]
[-2.553902  -2.7176137 -3.5034297 -2.5211596]
[-2.5211596 -2.5211596 -3.3397179 -2.3247056]
[-2.8158407 -2.0300245 -2.9795523 -1.8008283]
[-0.78581595 -2.553902   -2.2592208  -2.4229326 ]
[-2.5866442  -0.98227    -1.866313    0.06548467]
[ 0.45839265 -1.768086   -0.98227    -1.768086  ]
[-0.491135   -0.687589   -0.58936197  0.29468098]
[-0.19645399 -0.55661964 -0.22919632 -0.16371167]
[-0.09822699 -0.39290798 -0.09822699 -0.09822699]
[-0.09822699 -0.42565033 -0.06548467 -0.09822699]
[-0.16371167 -0.39290798 -0.06548467 -0.09822699]
[-0.16371167 -0.39290798 -0.06548467 -0.13096933]
[-0.22919632 -0.36016566 -0.09822699 -0.09822699]
[-0.26193866 -0.39290798 -0.16371167 -0.16371167]
[-0.29468098 -0.45839265 -0.22919632 -0.19645399]
[-0.32742333 -0.491135   -0.32742333 -0.19645399]
[-0.26193866 -0.55661964 -0.39290798 -0.29468098]
[-0.22919632 -0.55661964 -0.45839265 -0.26193866]
[-0.9167853  -0.22919632 -0.55661964  0.06548467]
[-0.5238773  -0.5238773  -0.687589   -0.45839265]
[-0.22919632 -0.98227    -0.81855834 -0.491135  ]
[-0.42565033 -0.85130066 -0.81855834 -0.09822699]
[-0.45839265 -0.55661964 -0.78581595 -0.03274233]
[-0.39290798 -0.5238773  -0.81855834 -0.03274233]
[ 0.9495276  -1.1787239  -0.42565033 -0.65484667]
[ 0.06548467 -0.81855834 -0.45839265 -1.0477546 ]
[-0.7203313  -0.9167853  -0.81855834  0.29468098]
[-0.42565033 -1.080497   -0.78581595 -0.06548467]
[-0.45839265 -1.080497   -0.78581595  0.03274233]
[-0.5238773  -1.1132393  -0.78581595  0.03274233]
[-0.58936197 -1.1787239  -0.884043   -0.03274233]
[-0.65484667 -1.3096933  -1.1459817  -0.13096933]
[-0.62210435 -1.4406626  -1.6371167  -0.26193866]
[-0.58936197 -1.5061473  -2.1937363  -0.36016566]
[-0.78581595 -1.3424356  -2.7176137  -0.19645399]
[-0.62210435 -1.276951   -2.8813252  -0.22919632]
[-0.42565033 -1.1132393  -2.750356   -0.03274233]
[-0.22919632 -0.98227    -2.5211596   0.16371167]
[-0.13096933 -0.85130066 -2.4229326   0.29468098]
[ 0.         -0.75307363 -2.5211596   0.39290798]
[ 0.06548467 -0.687589   -2.6848712   0.45839265]
[ 0.13096933 -0.58936197 -2.7830982   0.58936197]
[ 0.13096933 -0.5238773  -2.94681     0.58936197]
[ 0.16371167 -0.58936197 -3.1105216   0.45839265]
[ 0.03274233 -0.7203313  -3.4052026   0.32742333]
[-0.22919632 -0.85130066 -3.732626    0.13096933]
[-0.39290798 -1.0477546  -4.027307   -0.09822699]
[-0.687589   -1.2114663  -4.1910186  -0.32742333]
[-0.9495276  -1.5388896  -4.35473    -0.78581595]
[-1.375178  -1.8990552 -4.5184417 -1.2114663]
[-1.96454   -2.2592208 -4.7148957 -1.6371167]
[-2.2592208 -2.7176137 -4.8458652 -2.160994 ]
[-2.553902  -2.9140675 -4.91135   -2.3901904]
[-2.750356  -3.0777793 -4.9440923 -2.5866442]
[-2.8158407 -3.2087486 -4.91135   -2.7830982]
[-2.8813252 -3.2742333 -4.8131227 -2.8813252]
[-3.0777793 -3.2414908 -4.7148957 -2.8813252]
[-3.045037  -3.2414908 -4.6166687 -2.94681  ]
[-3.0122945 -3.1432638 -4.5184417 -2.8813252]
[-2.94681   -3.045037  -4.35473   -2.8158407]
[-2.848583  -2.9795523 -4.223761  -2.7176137]
[-2.7176137 -2.9140675 -4.0927916 -2.6193867]
[-2.553902  -2.7830982 -3.8963375 -2.5211596]
[-2.5211596 -2.652129  -3.6671412 -2.3574479]
[-2.553902  -2.4884174 -3.437945  -2.2264786]
[-2.4884174 -2.4884174 -3.2742333 -2.2592208]
[-2.455675  -2.553902  -3.2742333 -2.2592208]
[-2.3574479 -2.5866442 -3.2414908 -2.2264786]
[-2.3901904 -2.455675  -3.1760063 -2.1282516]
[-2.062767  -2.4229326 -3.1432638 -2.1937363]
[-2.0300245 -2.3247056 -3.045037  -1.96454  ]
[-1.9972823 -2.0300245 -2.848583  -1.8335706]
[-1.866313  -1.96454   -2.750356  -1.8990552]
[-2.062767  -1.96454   -2.750356  -1.8008283]
[-1.6371167 -2.2264786 -2.7830982 -2.0955093]
[-2.160994  -2.1937363 -2.8158407 -1.8008283]
[-1.6698589 -2.2592208 -2.7176137 -2.160994 ]
[-1.6043743 -2.4229326 -2.553902  -1.7353436]
[-1.8335706 -1.7353436 -2.2592208 -1.2114663]
[-1.866313  -1.276951  -2.0955093 -1.1787239]
[-1.4406626 -1.6698589 -1.96454   -1.375178 ]
[-1.375178  -1.8008283 -1.8990552 -1.0477546]
[-0.26193866 -2.062767   -1.7353436  -1.1132393 ]
[-0.78581595 -1.3096933  -1.5388896  -0.03274233]
[-1.276951   -0.26193866 -1.473405    0.03274233]
[-0.55661964 -0.884043   -1.5388896  -0.9167853 ]
[-0.7203313  -1.3096933  -1.5716319  -0.55661964]
[-0.62210435 -1.276951   -1.473405   -0.32742333]
[-0.62210435 -1.0477546  -1.276951   -0.19645399]
[-0.16371167 -1.1459817  -1.1132393  -0.39290798]
[-0.62210435 -1.1459817  -0.9495276  -0.22919632]
[-0.884043   -0.65484667 -1.0150123  -0.06548467]
[-0.58936197 -1.2442087  -0.85130066 -0.39290798]
[-0.65484667 -0.491135   -0.78581595  0.26193866]
[-0.85130066 -0.62210435 -0.78581595  0.13096933]
[-0.13096933 -0.65484667 -0.85130066 -0.42565033]
[ 0.45839265 -1.4406626  -0.884043   -0.491135  ]
[ 0.13096933 -0.9495276  -0.58936197  0.16371167]
[-0.22919632 -0.13096933 -0.42565033  0.32742333]
[-1.1787239   0.06548467 -0.687589    0.36016566]
[ 0.687589  -1.2114663 -0.687589  -1.1459817]
[-1.4079204  -0.45839265 -0.81855834  0.36016566]
[-1.0150123 -0.7203313 -1.0477546 -0.7203313]
[-0.85130066 -1.6371167  -1.2114663  -0.7203313 ]
[-0.62210435 -1.3096933  -1.2114663  -0.42565033]
[-1.2114663  -1.1787239  -1.5061473  -0.29468098]
[-0.58936197 -2.1937363  -1.8990552  -1.6043743 ]
[-1.8008283 -2.2919633 -2.6193867 -1.473405 ]
[-2.4229326 -2.652129  -3.2087486 -2.2592208]
[-2.6848712 -2.848583  -3.5689142 -2.6193867]
[-2.8158407 -2.94681   -3.7653682 -2.750356 ]
[-2.8158407 -2.9795523 -3.7981105 -2.8158407]
[-2.848583  -2.9795523 -3.7981105 -2.7830982]
[-2.8158407 -2.9140675 -3.7653682 -2.750356 ]
[-2.8158407 -2.94681   -3.732626  -2.7830982]
[-2.8158407 -2.94681   -3.7653682 -2.7830982]
[-2.7830982 -2.94681   -3.732626  -2.750356 ]
[-2.750356  -2.9140675 -3.6998837 -2.7176137]
[-2.750356  -2.8813252 -3.732626  -2.7176137]
[-2.7830982 -2.9140675 -3.7653682 -2.750356 ]
[-2.8158407 -2.9140675 -3.7981105 -2.750356 ]
[-2.7830982 -2.9140675 -3.7981105 -2.750356 ]
[-2.7830982 -2.9140675 -3.7653682 -2.7176137]
[-2.750356  -2.9140675 -3.732626  -2.7176137]
[-2.6848712 -2.848583  -3.6998837 -2.6848712]
[-2.652129  -2.8158407 -3.634399  -2.6193867]
[-2.6193867 -2.750356  -3.6016567 -2.5866442]
[-2.5866442 -2.750356  -3.536172  -2.553902 ]
[-2.6193867 -2.7176137 -3.5034297 -2.5211596]
[-2.5211596 -2.5866442 -3.3397179 -2.3574479]
[-3.0122945 -1.9972823 -3.0777793 -1.7353436]
[-0.7203313 -2.6848712 -2.3574479 -2.6193867]
[-2.455675  -1.080497  -1.9317976  0.       ]
[ 0.13096933 -1.6698589  -1.0477546  -1.5388896 ]
[-0.39290798 -0.65484667 -0.65484667  0.13096933]
[-0.26193866 -0.58936197 -0.32742333 -0.13096933]
[-0.16371167 -0.42565033 -0.16371167 -0.03274233]
[-0.09822699 -0.39290798 -0.09822699 -0.03274233]
[-0.13096933 -0.36016566 -0.13096933 -0.06548467]
[-0.13096933 -0.36016566 -0.13096933 -0.06548467]
[-0.16371167 -0.36016566 -0.19645399 -0.09822699]
[-0.19645399 -0.42565033 -0.26193866 -0.13096933]
[-0.22919632 -0.5238773  -0.32742333 -0.19645399]
[-0.29468098 -0.55661964 -0.39290798 -0.19645399]
[-0.29468098 -0.58936197 -0.45839265 -0.26193866]
[-0.22919632 -0.58936197 -0.491135   -0.22919632]
[-0.9167853  -0.22919632 -0.65484667  0.09822699]
[-0.55661964 -0.491135   -0.75307363 -0.39290798]
[-0.06548467 -0.98227    -0.85130066 -0.5238773 ]
[-0.45839265 -0.78581595 -0.85130066  0.03274233]
[-0.42565033 -0.491135   -0.81855834  0.03274233]
[-0.26193866 -0.55661964 -0.884043   -0.06548467]
[ 0.9495276  -1.1459817  -0.45839265 -0.58936197]
[ 0.09822699 -0.81855834 -0.45839265 -1.0477546 ]
[-0.65484667 -0.884043   -0.81855834  0.29468098]
[-0.42565033 -1.080497   -0.78581595 -0.03274233]
[-0.491135   -1.0477546  -0.78581595  0.13096933]
[-0.5238773  -1.0477546  -0.78581595  0.13096933]
[-0.491135  -1.1132393 -0.9167853  0.       ]
[-0.62210435 -1.276951   -1.1787239  -0.09822699]
[-0.7203313  -1.4406626  -1.6371167  -0.32742333]
[-0.75307363 -1.6371167  -2.2264786  -0.5238773 ]
[-1.0150123 -1.6043743 -2.7830982 -0.491135 ]
[-0.9495276 -1.5716319 -3.1105216 -0.5238773]
[-0.81855834 -1.375178   -3.2414908  -0.36016566]
[-0.65484667 -1.1787239  -3.2414908  -0.19645399]
[-0.42565033 -1.0150123  -3.2742333  -0.03274233]
[-0.26193866 -0.884043   -3.4052026   0.13096933]
[-0.09822699 -0.81855834 -3.536172    0.22919632]
[-0.09822699 -0.687589   -3.6998837   0.32742333]
[-0.06548467 -0.7203313  -3.8635952   0.29468098]
[-0.09822699 -0.78581595 -3.9618223   0.22919632]
[-0.22919632 -0.85130066 -4.125534    0.09822699]
[-0.45839265 -1.0477546  -4.35473    -0.13096933]
[-0.62210435 -1.276951   -4.551184   -0.39290798]
[-0.9167853  -1.4406626  -4.6821537  -0.62210435]
[-1.2114663 -1.7353436 -4.7803807 -1.0150123]
[-1.6043743 -2.0300245 -4.8131227 -1.4079204]
[-1.9972823 -2.3574479 -4.8458652 -1.8008283]
[-2.3247056 -2.7176137 -4.8458652 -2.160994 ]
[-2.5211596 -2.848583  -4.8458652 -2.3901904]
[-2.7176137 -2.94681   -4.8131227 -2.5211596]
[-2.848583  -3.0777793 -4.747638  -2.652129 ]
[-2.8813252 -3.2087486 -4.6821537 -2.848583 ]
[-2.9795523 -3.2414908 -4.6166687 -2.8813252]
[-2.9795523 -3.2414908 -4.551184  -2.9140675]
[-3.0777793 -3.0777793 -4.452957  -2.8158407]
[-2.94681   -3.0122945 -4.35473   -2.8158407]
[-2.8813252 -2.9795523 -4.223761  -2.652129 ]
[-2.750356  -2.8813252 -4.060049  -2.553902 ]
[-2.5866442 -2.7830982 -3.830853  -2.4229326]
[-2.6193867 -2.6193867 -3.6016567 -2.2264786]
[-2.750356  -2.4229326 -3.4052026 -2.160994 ]
[-2.3574479 -2.652129  -3.3724604 -2.4229326]
[-2.2919633 -2.8158407 -3.3397179 -2.2592208]
[-2.0955093 -2.6193867 -3.1760063 -2.1282516]
[-2.0955093 -2.3901904 -3.0777793 -1.96454  ]
[-1.7353436 -2.3574479 -2.9140675 -1.9972823]
[-1.8008283 -2.1282516 -2.750356  -1.6043743]
[-1.96454   -1.7353436 -2.5866442 -1.473405 ]
[-1.5061473 -1.768086  -2.4884174 -1.6698589]
[-1.7026013 -1.7353436 -2.553902  -1.3096933]
[-1.2442087 -1.768086  -2.4229326 -1.4406626]
[-1.5716319 -1.5061473 -2.4884174 -0.98227  ]
[-1.276951  -1.6043743 -2.3901904 -1.3096933]
[-0.85130066 -1.6698589  -2.1282516  -1.276951  ]
[-1.5061473 -1.3096933 -1.9972823 -0.687589 ]
[-1.5716319  -0.9167853  -1.768086   -0.62210435]
[-0.9495276  -1.1787239  -1.6371167  -0.85130066]
[-0.9167853 -1.3424356 -1.5716319 -0.5238773]
[ 0.39290798 -1.866313   -1.3424356  -1.0477546 ]
[-0.7203313  -1.0477546  -1.2114663   0.13096933]
[-1.4079204  -0.16371167 -1.2114663   0.16371167]
[-0.55661964 -0.884043   -1.276951   -0.7203313 ]
[-0.32742333 -1.080497   -1.3096933  -0.32742333]
[-0.32742333 -0.9495276  -1.1787239   0.        ]
[-0.45839265 -0.65484667 -1.0150123   0.16371167]
[-0.13096933 -0.78581595 -0.85130066 -0.22919632]
[-0.65484667 -0.7203313  -0.85130066 -0.06548467]
[-0.65484667 -0.98227    -0.884043   -0.39290798]
[-0.58936197 -1.276951   -0.78581595 -0.491135  ]
[-0.75307363 -1.0150123  -0.687589   -0.39290798]
[-1.2114663  -0.9167853  -0.75307363 -0.09822699]
[-0.26193866 -1.4079204  -0.81855834 -0.5238773 ]
[ 0.36016566 -1.276951   -0.58936197 -0.09822699]
[-0.36016566 -0.36016566 -0.32742333  0.55661964]
[-0.32742333 -0.16371167 -0.42565033 -0.09822699]
[-1.1459817  -0.29468098 -0.78581595  0.09822699]
[ 0.36016566 -1.276951   -0.65484667 -1.080497  ]
[-1.473405   -0.26193866 -0.85130066  0.5238773 ]
[-0.687589   -1.0477546  -1.0477546  -0.75307363]
[-0.65484667 -1.3096933  -1.1459817  -0.36016566]
[-0.62210435 -1.2442087  -1.2114663  -0.36016566]
[-0.9167853  -1.3096933  -1.5716319  -0.45839265]
[-0.55661964 -2.2592208  -1.9972823  -1.473405  ]
[-1.7353436 -2.1282516 -2.5866442 -1.375178 ]
[-2.3901904 -2.5211596 -3.1760063 -2.1937363]
[-2.6848712 -2.8158407 -3.6016567 -2.6193867]
[-2.8158407 -2.9140675 -3.732626  -2.7176137]
[-2.7830982 -2.94681   -3.7653682 -2.8158407]
[-2.7830982 -2.9140675 -3.732626  -2.750356 ]
[-2.7830982 -2.9140675 -3.732626  -2.750356 ]
[-2.7830982 -2.94681   -3.732626  -2.7830982]
[-2.848583  -2.9795523 -3.7981105 -2.7830982]
[-2.8158407 -2.9795523 -3.7981105 -2.7830982]
[-2.7830982 -2.94681   -3.7653682 -2.7830982]
[-2.7830982 -2.9140675 -3.732626  -2.750356 ]
[-2.7830982 -2.9140675 -3.7653682 -2.750356 ]
[-2.7830982 -2.8813252 -3.7653682 -2.7176137]
[-2.7830982 -2.8813252 -3.7653682 -2.7176137]
[-2.7176137 -2.8813252 -3.732626  -2.7176137]
[-2.7176137 -2.8813252 -3.732626  -2.7176137]
[-2.7176137 -2.848583  -3.6671412 -2.6848712]
[-2.6848712 -2.8158407 -3.6671412 -2.652129 ]
[-2.6193867 -2.7830982 -3.634399  -2.6193867]
[-2.6193867 -2.750356  -3.5689142 -2.5866442]
[-2.5866442 -2.7176137 -3.536172  -2.5866442]
[-2.4884174 -2.6193867 -3.3724604 -2.4229326]
[-3.1105216 -1.96454   -3.1432638 -1.6698589]
[-0.687589  -2.7830982 -2.455675  -2.7176137]
[-2.2592208  -1.1787239  -1.96454    -0.09822699]
[-0.19645399 -1.5061473  -1.1459817  -1.3424356 ]
[-0.29468098 -0.75307363 -0.7203313  -0.09822699]
[-0.29468098 -0.62210435 -0.39290798 -0.09822699]
[-0.16371167 -0.45839265 -0.22919632 -0.09822699]
[-0.09822699 -0.45839265 -0.19645399 -0.09822699]
[-0.16371167 -0.42565033 -0.19645399 -0.06548467]
[-0.16371167 -0.36016566 -0.19645399 -0.03274233]
[-0.16371167 -0.32742333 -0.26193866 -0.03274233]
[-0.16371167 -0.39290798 -0.32742333 -0.06548467]
[-0.16371167 -0.42565033 -0.39290798 -0.09822699]
[-0.19645399 -0.45839265 -0.45839265 -0.09822699]
[-0.22919632 -0.55661964 -0.5238773  -0.19645399]
[-0.16371167 -0.62210435 -0.55661964 -0.32742333]
[-0.9167853  -0.26193866 -0.7203313   0.16371167]
[-0.65484667 -0.491135   -0.81855834 -0.29468098]
[ 0.06548467 -0.9167853  -0.884043   -0.5238773 ]
[-0.42565033 -0.78581595 -0.9167853   0.06548467]
[-0.39290798 -0.491135   -0.9167853   0.        ]
[-0.29468098 -0.55661964 -0.9167853   0.        ]
[ 0.9495276  -1.080497   -0.491135   -0.55661964]
[ 0.16371167 -0.81855834 -0.45839265 -1.0150123 ]
[-0.65484667 -0.884043   -0.81855834  0.32742333]
[-0.39290798 -0.98227    -0.75307363  0.        ]
[-0.491135   -1.0477546  -0.78581595  0.09822699]
[-0.45839265 -1.0477546  -0.85130066  0.09822699]
[-0.5238773  -1.1459817  -0.9167853   0.06548467]
[-0.62210435 -1.2114663  -1.1459817  -0.09822699]
[-0.75307363 -1.473405   -1.6371167  -0.42565033]
[-0.884043  -1.8008283 -2.2592208 -0.687589 ]
[-1.2114663  -1.866313   -2.9140675  -0.78581595]
[-1.3424356 -1.8990552 -3.4052026 -0.9495276]
[-1.3096933  -1.768086   -3.6998837  -0.85130066]
[-1.1459817 -1.6043743 -3.8635952 -0.7203313]
[-0.81855834 -1.375178   -3.92908    -0.45839265]
[-0.55661964 -1.1459817  -3.9945645  -0.19645399]
[-0.36016566 -0.98227    -4.158276   -0.03274233]
[-0.32742333 -0.9167853  -4.2892456   0.06548467]
[-0.26193866 -0.884043   -4.3874726   0.03274233]
[-0.29468098 -0.9495276  -4.420215    0.03274233]
[-0.39290798 -1.0150123  -4.4856997  -0.13096933]
[-0.58936197 -1.1787239  -4.6166687  -0.32742333]
[-0.81855834 -1.4079204  -4.7148957  -0.55661964]
[-1.080497   -1.5716319  -4.8458652  -0.78581595]
[-1.4079204 -1.7353436 -4.8458652 -1.0477546]
[-1.6371167 -1.9972823 -4.8458652 -1.4406626]
[-1.8990552 -2.3574479 -4.8131227 -1.8008283]
[-2.2264786 -2.5866442 -4.747638  -1.9972823]
[-2.4229326 -2.6848712 -4.6821537 -2.160994 ]
[-2.5866442 -2.750356  -4.649411  -2.3247056]
[-2.6848712 -2.94681   -4.6166687 -2.553902 ]
[-2.5866442 -3.2087486 -4.5839267 -2.7830982]
[-2.8158407 -3.1760063 -4.4856997 -2.652129 ]
[-2.6848712 -3.0122945 -4.321988  -2.652129 ]
[-2.652129  -2.9140675 -4.2892456 -2.553902 ]
[-2.4229326 -2.848583  -4.1910186 -2.5866442]
[-2.4229326 -2.7176137 -4.027307  -2.3574479]
[-2.0955093 -2.6848712 -3.8635952 -2.3574479]
[-2.160994  -2.553902  -3.634399  -2.1282516]
[-2.2919633 -2.3247056 -3.4052026 -1.9972823]
[-2.4229326 -2.3574479 -3.3724604 -2.0300245]
[-1.8335706 -2.7176137 -3.3397179 -2.2919633]
[-1.96454   -2.553902  -3.1760063 -1.7353436]
[-1.7026013 -2.1937363 -2.94681   -1.6371167]
[-1.6043743 -2.0300245 -2.848583  -1.5061473]
[-1.375178  -1.9972823 -2.652129  -1.5388896]
[-1.276951  -1.7353436 -2.455675  -1.4079204]
[-1.6698589 -1.5388896 -2.3901904 -1.1787239]
[-1.1787239 -1.6043743 -2.2592208 -1.473405 ]
[-1.6371167 -1.4406626 -2.2264786 -0.884043 ]
[-1.1787239 -1.6043743 -2.1937363 -1.276951 ]
[-1.276951  -1.473405  -2.3574479 -0.98227  ]
[-1.5061473 -1.5061473 -2.2264786 -0.98227  ]
[-0.5238773 -1.5061473 -1.9972823 -1.4079204]
[-1.4079204 -1.276951  -1.8335706 -0.491135 ]
[-1.4406626  -0.78581595 -1.6371167  -0.45839265]
[-0.85130066 -1.1132393  -1.473405   -0.687589  ]
[-0.81855834 -1.1787239  -1.4406626  -0.36016566]
[ 0.55661964 -1.8990552  -1.2114663  -1.0477546 ]
[-0.98227    -0.81855834 -1.0477546   0.32742333]
[-1.4079204  -0.32742333 -1.1459817  -0.06548467]
[-0.81855834 -1.0477546  -1.2442087  -0.687589  ]
[-0.62210435 -1.080497   -1.1459817  -0.32742333]
[-0.491135   -1.080497   -1.0477546  -0.19645399]
[-0.62210435 -0.78581595 -0.98227     0.06548467]
[-0.29468098 -0.85130066 -0.81855834 -0.26193866]
[-0.62210435 -0.62210435 -0.78581595 -0.06548467]
[-0.45839265 -1.080497   -0.78581595 -0.39290798]
[-0.39290798 -1.1132393  -0.78581595 -0.22919632]
[-0.687589   -0.9167853  -0.65484667 -0.09822699]
[-0.75307363 -0.75307363 -0.7203313  -0.16371167]
[-0.06548467 -1.5061473  -0.7203313  -0.45839265]
[ 0.29468098 -1.3096933  -0.491135   -0.26193866]
[-0.62210435 -0.39290798 -0.42565033  0.16371167]
[-0.58936197 -0.7203313  -0.45839265 -0.5238773 ]
[-0.9495276  -0.75307363 -0.78581595 -0.09822699]
[-0.06548467 -1.276951   -0.687589   -0.7203313 ]
[-1.1787239  -0.09822699 -0.85130066  0.39290798]
[-0.55661964 -1.1787239  -1.0150123  -0.62210435]
[-0.55661964 -1.1132393  -1.1132393  -0.22919632]
[-0.58936197 -1.1787239  -1.1787239  -0.32742333]
[-0.85130066 -1.3424356  -1.5061473  -0.42565033]
[-0.78581595 -2.0955093  -1.9317976  -1.1787239 ]
[-1.768086  -2.062767  -2.5866442 -1.4406626]
[-2.3247056 -2.4884174 -3.2087486 -2.2919633]
[-2.7176137 -2.848583  -3.5689142 -2.6193867]
[-2.7830982 -2.8813252 -3.6998837 -2.7176137]
[-2.750356  -2.94681   -3.732626  -2.7830982]
[-2.750356  -2.8813252 -3.6998837 -2.6848712]
[-2.750356  -2.8813252 -3.6998837 -2.7176137]
[-2.8158407 -2.9140675 -3.732626  -2.750356 ]
[-2.848583  -2.9795523 -3.7981105 -2.8158407]
[-2.848583  -3.0122945 -3.830853  -2.8158407]
[-2.8158407 -2.9795523 -3.7981105 -2.8158407]
[-2.7830982 -2.94681   -3.7653682 -2.750356 ]
[-2.7830982 -2.9140675 -3.7653682 -2.750356 ]
[-2.7830982 -2.8813252 -3.7653682 -2.7176137]
[-2.7176137 -2.848583  -3.732626  -2.7176137]
[-2.7176137 -2.848583  -3.6998837 -2.652129 ]
[-2.750356  -2.848583  -3.6671412 -2.6848712]
[-2.6848712 -2.8813252 -3.6671412 -2.7176137]
[-2.6848712 -2.8158407 -3.6671412 -2.652129 ]
[-2.652129  -2.7830982 -3.6016567 -2.6193867]
[-2.6848712 -2.7830982 -3.6016567 -2.5866442]
[-2.6193867 -2.750356  -3.5689142 -2.5866442]
[-2.4884174 -2.652129  -3.4052026 -2.4229326]
[-3.0122945 -1.9317976 -3.2087486 -1.6698589]
[-0.7203313 -2.750356  -2.4884174 -2.6193867]
[-1.96454    -1.2114663  -1.96454    -0.22919632]
[-0.39290798 -1.375178   -1.2114663  -1.1132393 ]
[-0.22919632 -0.7203313  -0.7203313  -0.19645399]
[-0.29468098 -0.62210435 -0.45839265 -0.06548467]
[-0.16371167 -0.45839265 -0.29468098 -0.09822699]
[-0.13096933 -0.45839265 -0.26193866 -0.06548467]
[-0.16371167 -0.39290798 -0.22919632 -0.03274233]
[-0.19645399 -0.36016566 -0.26193866 -0.03274233]
[-0.16371167 -0.36016566 -0.32742333 -0.03274233]
[-0.16371167 -0.39290798 -0.39290798 -0.03274233]
[-0.13096933 -0.42565033 -0.45839265 -0.06548467]
[-0.13096933 -0.45839265 -0.491135   -0.09822699]
[-0.22919632 -0.491135   -0.55661964 -0.13096933]
[-0.06548467 -0.62210435 -0.58936197 -0.32742333]
[-0.81855834 -0.29468098 -0.75307363  0.16371167]
[-0.75307363 -0.39290798 -0.884043   -0.16371167]
[ 0.13096933 -0.98227    -0.9167853  -0.58936197]
[-0.42565033 -0.687589   -0.9495276   0.13096933]
[-0.42565033 -0.55661964 -0.9167853   0.        ]
[-0.29468098 -0.55661964 -0.9495276  -0.03274233]
[ 0.9495276  -1.080497   -0.5238773  -0.58936197]
[ 0.13096933 -0.78581595 -0.39290798 -0.98227   ]
[-0.65484667 -0.81855834 -0.75307363  0.39290798]
[-0.42565033 -1.0150123  -0.75307363  0.        ]
[-0.45839265 -1.0150123  -0.78581595  0.09822699]
[-0.5238773  -1.080497   -0.81855834  0.09822699]
[-0.55661964 -1.1132393  -0.9495276   0.03274233]
[-0.55661964 -1.2114663  -1.2442087  -0.16371167]
[-0.75307363 -1.5388896  -1.6698589  -0.42565033]
[-0.9495276  -1.866313   -2.2592208  -0.78581595]
[-1.375178  -2.0300245 -2.9795523 -1.0150123]
[-1.6043743 -2.1282516 -3.5689142 -1.2442087]
[-1.6698589 -2.0300245 -3.9945645 -1.2442087]
[-1.5061473 -1.8990552 -4.1910186 -1.080497 ]
[-1.1459817  -1.7026013  -4.256503   -0.81855834]
[-0.85130066 -1.375178   -4.321988   -0.45839265]
[-0.58936197 -1.2114663  -4.420215   -0.29468098]
[-0.491135   -1.080497   -4.551184   -0.13096933]
[-0.42565033 -1.080497   -4.649411   -0.13096933]
[-0.42565033 -1.0150123  -4.649411   -0.13096933]
[-0.58936197 -1.1132393  -4.6166687  -0.19645399]
[-0.687589   -1.2442087  -4.6166687  -0.42565033]
[-0.884043  -1.473405  -4.6821537 -0.687589 ]
[-1.1132393  -1.6371167  -4.747638   -0.85130066]
[-1.4406626 -1.768086  -4.7803807 -1.0477546]
[-1.5061473 -1.9972823 -4.747638  -1.4406626]
[-1.7353436 -2.2919633 -4.6821537 -1.6371167]
[-2.0300245 -2.3901904 -4.5839267 -1.768086 ]
[-2.1937363 -2.4884174 -4.5184417 -1.96454  ]
[-2.3247056 -2.6193867 -4.5184417 -2.0955093]
[-2.2592208 -2.8158407 -4.4856997 -2.2919633]
[-2.160994  -3.0122945 -4.3874726 -2.3901904]
[-2.3901904 -2.8158407 -4.223761  -2.160994 ]
[-2.1937363 -2.6193867 -4.060049  -2.2919633]
[-2.160994  -2.5211596 -3.92908   -2.062767 ]
[-1.96454   -2.3901904 -3.7981105 -1.9317976]
[-1.9317976 -2.062767  -3.6671412 -1.7353436]
[-1.5388896 -2.062767  -3.4706872 -1.768086 ]
[-1.768086  -1.8990552 -3.3069756 -1.4406626]
[-1.7353436 -1.7353436 -3.2087486 -1.5716319]
[-1.96454   -1.866313  -3.2087486 -1.5061473]
[-1.3424356 -2.2919633 -3.1105216 -1.768086 ]
[-1.6043743 -1.96454   -2.9795523 -1.2114663]
[-1.375178  -1.8008283 -2.7830982 -1.375178 ]
[-1.2442087 -1.8008283 -2.6193867 -1.276951 ]
[-1.2114663 -1.7026013 -2.4229326 -1.1787239]
[-0.9495276 -1.5061473 -2.2264786 -1.2114663]
[-1.5061473  -1.2114663  -2.160994   -0.78581595]
[-0.98227   -1.4079204 -2.062767  -1.2442087]
[-1.3096933 -1.2442087 -2.160994  -0.9167853]
[-1.1459817 -1.5716319 -2.1937363 -1.276951 ]
[-1.0477546 -1.6698589 -2.1937363 -1.1459817]
[-1.6043743 -1.3096933 -2.160994  -0.687589 ]
[-0.39290798 -1.6371167  -1.8990552  -1.4406626 ]
[-1.3096933  -1.0477546  -1.7026013  -0.32742333]
[-1.375178   -0.75307363 -1.5388896  -0.42565033]
[-0.85130066 -1.080497   -1.4406626  -0.62210435]
[-0.78581595 -1.1787239  -1.4406626  -0.36016566]
[ 0.491135  -1.8990552 -1.2114663 -1.0477546]
[-1.2114663  -0.85130066 -1.1787239   0.22919632]
[-1.3424356  -0.62210435 -1.2442087  -0.45839265]
[-1.0477546  -1.3096933  -1.3096933  -0.75307363]
[-0.7203313 -1.3424356 -1.2442087 -0.687589 ]
[-0.65484667 -1.4406626  -1.1132393  -0.55661964]
[-0.85130066 -1.2442087  -1.0150123  -0.22919632]
[-0.5238773  -1.0477546  -0.884043   -0.26193866]
[-0.36016566 -0.85130066 -0.81855834 -0.13096933]
[-0.19645399 -0.85130066 -0.7203313  -0.16371167]
[-0.26193866 -0.78581595 -0.58936197  0.03274233]
[-0.7203313  -0.58936197 -0.65484667  0.19645399]
[-0.55661964 -0.78581595 -0.75307363 -0.19645399]
[ 0.29468098 -1.4406626  -0.7203313  -0.491135  ]
[ 0.16371167 -1.1787239  -0.55661964 -0.03274233]
[-0.36016566 -0.39290798 -0.491135    0.19645399]
[-0.26193866 -0.58936197 -0.5238773  -0.36016566]
[-0.65484667 -0.42565033 -0.58936197  0.        ]
[-0.32742333 -0.98227    -0.65484667 -0.36016566]
[-0.9495276  -0.36016566 -0.9495276   0.13096933]
[-0.491135   -0.9167853  -0.9495276  -0.39290798]
[-0.55661964 -0.9495276  -1.080497   -0.09822699]
[-0.55661964 -1.0477546  -1.1787239  -0.26193866]
[-0.7203313  -1.375178   -1.4079204  -0.55661964]
[-0.75307363 -2.0300245  -1.8990552  -1.3096933 ]
[-1.8990552 -2.2264786 -2.5866442 -1.5061473]
[-2.3901904 -2.6193867 -3.1760063 -2.3247056]
[-2.6848712 -2.7830982 -3.536172  -2.6193867]
[-2.7830982 -2.8813252 -3.6671412 -2.7176137]
[-2.750356  -2.9140675 -3.6998837 -2.750356 ]
[-2.750356  -2.848583  -3.6671412 -2.6848712]
[-2.7176137 -2.8813252 -3.6671412 -2.7176137]
[-2.7830982 -2.9140675 -3.6998837 -2.750356 ]
[-2.848583  -2.9795523 -3.7653682 -2.8158407]
[-2.848583  -2.9795523 -3.7981105 -2.8158407]
[-2.8158407 -2.9795523 -3.7653682 -2.7830982]
[-2.7830982 -2.94681   -3.7653682 -2.750356 ]
[-2.7830982 -2.9140675 -3.7653682 -2.750356 ]
[-2.7176137 -2.8813252 -3.7653682 -2.7176137]
[-2.6848712 -2.8158407 -3.6998837 -2.652129 ]
[-2.652129  -2.8158407 -3.6671412 -2.652129 ]
[-2.652129  -2.8158407 -3.6671412 -2.6848712]
[-2.652129 -2.848583 -3.634399 -2.652129]
[-2.6848712 -2.7830982 -3.6016567 -2.5866442]
[-2.652129  -2.7830982 -3.6016567 -2.6848712]
[-2.6848712 -2.8158407 -3.634399  -2.652129 ]
[-2.6193867 -2.8158407 -3.5689142 -2.6193867]
[-2.4884174 -2.6193867 -3.4052026 -2.4229326]
[-3.0122945 -1.9317976 -3.2087486 -1.6371167]
[-0.884043  -2.652129  -2.4884174 -2.5211596]
[-1.5716319 -1.3096933 -1.9972823 -0.491135 ]
[-0.75307363 -1.1459817  -1.2114663  -0.75307363]
[-0.13096933 -0.65484667 -0.687589   -0.36016566]
[-0.32742333 -0.65484667 -0.5238773  -0.09822699]
[-0.19645399 -0.491135   -0.36016566 -0.13096933]
[-0.16371167 -0.45839265 -0.29468098 -0.09822699]
[-0.16371167 -0.39290798 -0.29468098 -0.06548467]
[-0.19645399 -0.39290798 -0.32742333 -0.03274233]
[-0.16371167 -0.39290798 -0.36016566 -0.03274233]
[-0.13096933 -0.39290798 -0.42565033 -0.03274233]
[-0.13096933 -0.42565033 -0.45839265 -0.03274233]
[-0.16371167 -0.45839265 -0.5238773  -0.06548467]
[-0.26193866 -0.45839265 -0.58936197 -0.09822699]
[ 0.         -0.65484667 -0.62210435 -0.32742333]
[-0.7203313  -0.32742333 -0.78581595  0.13096933]
[-0.78581595 -0.32742333 -0.884043   -0.09822699]
[ 0.16371167 -0.9495276  -0.9167853  -0.58936197]
[-0.42565033 -0.687589   -0.9495276   0.13096933]
[-0.36016566 -0.5238773  -0.884043   -0.03274233]
[-0.29468098 -0.58936197 -0.9167853  -0.03274233]
[ 0.9167853  -1.080497   -0.491135   -0.55661964]
[ 0.19645399 -0.7203313  -0.39290798 -0.884043  ]
[-0.42565033 -0.62210435 -0.687589    0.39290798]
[-0.39290798 -0.9495276  -0.7203313   0.09822699]
[-0.36016566 -0.9495276  -0.75307363  0.13096933]
[-0.491135   -1.0477546  -0.81855834  0.09822699]
[-0.55661964 -1.1459817  -0.98227     0.        ]
[-0.62210435 -1.3096933  -1.3096933  -0.16371167]
[-0.78581595 -1.5388896  -1.7353436  -0.45839265]
[-1.0150123  -1.866313   -2.2919633  -0.85130066]
[-1.4406626 -2.0955093 -2.9795523 -1.1459817]
[-1.7353436 -2.1937363 -3.6016567 -1.375178 ]
[-1.8008283 -2.160994  -4.027307  -1.4406626]
[-1.6698589 -2.062767  -4.256503  -1.3096933]
[-1.3424356 -1.866313  -4.321988  -1.0477546]
[-1.0150123 -1.5716319 -4.3874726 -0.687589 ]
[-0.75307363 -1.375178   -4.4856997  -0.45839265]
[-0.58936197 -1.2114663  -4.6166687  -0.29468098]
[-0.55661964 -1.1459817  -4.7148957  -0.22919632]
[-0.5238773  -1.1132393  -4.7148957  -0.22919632]
[-0.62210435 -1.1459817  -4.649411   -0.26193866]
[-0.7203313 -1.3096933 -4.6166687 -0.491135 ]
[-0.78581595 -1.5388896  -4.649411   -0.7203313 ]
[-1.080497   -1.6698589  -4.649411   -0.81855834]
[-1.4079204 -1.6698589 -4.6166687 -0.9495276]
[-1.375178  -1.96454   -4.5839267 -1.3096933]
[-1.6371167 -2.1282516 -4.4856997 -1.4079204]
[-1.9317976 -2.1937363 -4.420215  -1.5716319]
[-2.0955093 -2.3574479 -4.3874726 -1.8008283]
[-2.1282516 -2.5211596 -4.3874726 -1.8990552]
[-1.9317976 -2.7176137 -4.35473   -2.0300245]
[-1.8990552 -2.7176137 -4.1910186 -2.0300245]
[-2.1937363 -2.3247056 -3.9945645 -1.8008283]
[-1.9972823 -2.3574479 -3.7981105 -1.9972823]
[-1.8990552 -2.2264786 -3.634399  -1.866313 ]
[-1.866313  -2.0955093 -3.5034297 -1.7026013]
[-1.9317976 -1.8335706 -3.3724604 -1.5388896]
[-1.4406626 -1.96454   -3.1760063 -1.7026013]
[-1.8008283 -1.7026013 -3.0777793 -1.3096933]
[-1.7026013 -1.7026013 -3.045037  -1.473405 ]
[-1.7026013 -1.768086  -3.1105216 -1.4079204]
[-1.2114663 -2.0300245 -2.9795523 -1.6043743]
[-1.473405  -1.7026013 -2.848583  -1.1132393]
[-1.473405  -1.6371167 -2.652129  -1.2114663]
[-1.0150123 -1.7353436 -2.4229326 -1.3096933]
[-1.1787239 -1.6043743 -2.2919633 -1.0150123]
[-0.9167853 -1.4406626 -2.0300245 -1.1132393]
[-1.4079204  -1.080497   -1.9972823  -0.75307363]
[-1.080497  -1.3424356 -1.9972823 -1.1787239]
[-1.3096933  -1.2442087  -2.0955093  -0.85130066]
[-1.1787239 -1.4406626 -2.1282516 -1.080497 ]
[-0.9495276 -1.6043743 -2.1282516 -1.1459817]
[-1.5716319  -1.2442087  -2.160994   -0.62210435]
[-0.45839265 -1.6371167  -1.866313   -1.3424356 ]
[-1.276951   -0.884043   -1.6371167  -0.29468098]
[-1.3096933  -0.7203313  -1.5061473  -0.45839265]
[-0.9167853  -1.080497   -1.473405   -0.58936197]
[-0.78581595 -1.2114663  -1.473405   -0.42565033]
[ 0.13096933 -1.8990552  -1.276951   -1.0150123 ]
[-1.375178   -0.9495276  -1.375178    0.06548467]
[-1.4079204  -1.0477546  -1.473405   -0.65484667]
[-1.080497  -1.2442087 -1.4406626 -0.687589 ]
[-0.884043   -1.4406626  -1.375178   -0.62210435]
[-0.55661964 -1.5716319  -1.2114663  -0.65484667]
[-0.75307363 -1.3424356  -1.080497   -0.32742333]
[-0.55661964 -1.1787239  -0.9167853  -0.29468098]
[-0.39290798 -0.884043   -0.81855834  0.        ]
[-0.29468098 -0.7203313  -0.687589    0.09822699]
[-0.29468098 -0.45839265 -0.58936197  0.        ]
[-0.687589   -0.55661964 -0.7203313   0.06548467]
[-0.55661964 -1.0150123  -0.85130066 -0.22919632]
[ 0.36016566 -1.3424356  -0.687589   -0.491135  ]
[-0.62210435 -0.78581595 -0.45839265  0.29468098]
[-0.75307363 -0.39290798 -0.491135    0.03274233]
[-0.98227    -0.75307363 -0.65484667 -0.16371167]
[-0.687589   -0.65484667 -0.7203313  -0.42565033]
[-0.62210435 -0.9495276  -0.81855834 -0.491135  ]
[-1.2114663  -0.78581595 -0.9495276   0.03274233]
[-0.58936197 -1.0150123  -1.0150123  -0.45839265]
[-0.62210435 -0.9495276  -1.080497   -0.16371167]
[-0.58936197 -1.1132393  -1.1459817  -0.26193866]
[-0.687589  -1.3096933 -1.375178  -0.491135 ]
[-0.65484667 -2.0300245  -1.8008283  -1.276951  ]
[-1.8335706 -2.1937363 -2.5211596 -1.4406626]
[-2.3574479 -2.553902  -3.1105216 -2.2592208]
[-2.6848712 -2.7830982 -3.536172  -2.5866442]
[-2.750356  -2.9140675 -3.6998837 -2.7176137]
[-2.750356  -2.9140675 -3.6998837 -2.7176137]
[-2.750356  -2.8813252 -3.6671412 -2.6848712]
[-2.7176137 -2.8813252 -3.6671412 -2.6848712]
[-2.750356  -2.8813252 -3.6998837 -2.7176137]
[-2.8158407 -2.94681   -3.732626  -2.750356 ]
[-2.8158407 -2.94681   -3.7653682 -2.7830982]
[-2.7830982 -2.94681   -3.732626  -2.750356 ]
[-2.7830982 -2.9140675 -3.732626  -2.750356 ]
[-2.750356  -2.9140675 -3.732626  -2.7176137]
[-2.7176137 -2.848583  -3.732626  -2.652129 ]
[-2.652129  -2.8158407 -3.6998837 -2.6193867]
[-2.6193867 -2.750356  -3.634399  -2.5866442]
[-2.6193867 -2.7830982 -3.6016567 -2.5866442]
[-2.652129  -2.7176137 -3.536172  -2.5866442]
[-2.6193867 -2.750356  -3.5689142 -2.6193867]
[-2.652129  -2.8158407 -3.6016567 -2.652129 ]
[-2.652129  -2.7830982 -3.6016567 -2.6193867]
[-2.652129  -2.7830982 -3.5689142 -2.5866442]
[-2.4884174 -2.6193867 -3.437945  -2.455675 ]
[-2.8813252 -2.0300245 -3.2087486 -1.768086 ]
[-1.080497  -2.5866442 -2.553902  -2.455675 ]
[-1.276951  -1.5061473 -1.9317976 -0.7203313]
[-1.3096933  -0.85130066 -1.1459817  -0.39290798]
[ 0.         -0.7203313  -0.7203313  -0.75307363]
[-0.42565033 -0.85130066 -0.58936197 -0.09822699]
[-0.22919632 -0.5238773  -0.39290798 -0.13096933]
[-0.19645399 -0.45839265 -0.32742333 -0.09822699]
[-0.16371167 -0.39290798 -0.32742333 -0.06548467]
[-0.16371167 -0.39290798 -0.32742333 -0.03274233]
[-0.13096933 -0.36016566 -0.36016566 -0.03274233]
[-0.13096933 -0.39290798 -0.39290798 -0.03274233]
[-0.13096933 -0.39290798 -0.45839265 -0.03274233]
[-0.16371167 -0.42565033 -0.491135   -0.06548467]
[-0.26193866 -0.45839265 -0.58936197 -0.13096933]
[ 0.03274233 -0.687589   -0.58936197 -0.36016566]
[-0.58936197 -0.32742333 -0.7203313   0.13096933]
[-0.78581595 -0.22919632 -0.85130066  0.03274233]
[ 0.16371167 -0.81855834 -0.81855834 -0.55661964]
[-0.39290798 -0.62210435 -0.884043    0.13096933]
[-0.32742333 -0.58936197 -0.85130066 -0.06548467]
[-0.26193866 -0.55661964 -0.85130066 -0.03274233]
[ 0.884043   -1.0150123  -0.42565033 -0.5238773 ]
[ 0.29468098 -0.58936197 -0.39290798 -0.5238773 ]
[ 0.03274233 -0.36016566 -0.62210435  0.42565033]
[-0.06548467 -0.55661964 -0.62210435  0.32742333]
[-0.16371167 -0.65484667 -0.62210435  0.26193866]
[-0.32742333 -0.81855834 -0.75307363  0.16371167]
[-0.55661964 -1.0477546  -0.98227     0.03274233]
[-0.65484667 -1.3096933  -1.3424356  -0.22919632]
[-0.884043  -1.6043743 -1.8008283 -0.5238773]
[-1.1132393 -1.9317976 -2.3574479 -0.9167853]
[-1.4406626 -2.160994  -2.94681   -1.2114663]
[-1.768086  -2.2264786 -3.536172  -1.4079204]
[-1.8008283 -2.1937363 -3.92908   -1.473405 ]
[-1.7026013 -2.062767  -4.158276  -1.3424356]
[-1.4079204 -1.8990552 -4.256503  -1.1132393]
[-1.1132393  -1.6371167  -4.35473    -0.78581595]
[-0.81855834 -1.4079204  -4.420215   -0.491135  ]
[-0.65484667 -1.2442087  -4.5184417  -0.36016566]
[-0.58936197 -1.1787239  -4.649411   -0.26193866]
[-0.58936197 -1.1459817  -4.6821537  -0.26193866]
[-0.65484667 -1.1132393  -4.6166687  -0.26193866]
[-0.687589   -1.276951   -4.551184   -0.42565033]
[-0.65484667 -1.5061473  -4.5184417  -0.65484667]
[-1.1459817 -1.5388896 -4.4856997 -0.687589 ]
[-1.375178  -1.6043743 -4.4856997 -0.9495276]
[-1.3424356 -1.96454   -4.3874726 -1.3096933]
[-1.7026013 -2.0300245 -4.2892456 -1.3096933]
[-1.9317976 -2.1282516 -4.256503  -1.5716319]
[-2.0300245 -2.4229326 -4.2892456 -1.8008283]
[-2.0300245 -2.553902  -4.256503  -1.866313 ]
[-1.8008283 -2.750356  -4.1910186 -1.96454  ]
[-1.96454   -2.5866442 -4.060049  -1.866313 ]
[-2.062767  -2.2264786 -3.8635952 -1.866313 ]
[-1.96454   -2.2919633 -3.634399  -1.9972823]
[-2.0955093 -2.160994  -3.4052026 -1.8008283]
[-1.8335706 -2.160994  -3.3069756 -1.866313 ]
[-2.0300245 -2.062767  -3.2742333 -1.6371167]
[-1.6043743 -1.9972823 -3.0122945 -1.8008283]
[-1.8335706 -1.866313  -2.94681   -1.473405 ]
[-1.7353436 -1.9317976 -2.9795523 -1.5716319]
[-1.96454   -1.7353436 -2.9795523 -1.3096933]
[-1.4079204 -1.96454   -2.9140675 -1.6371167]
[-1.4079204 -1.768086  -2.848583  -1.276951 ]
[-1.6043743 -1.5716319 -2.5866442 -1.1132393]
[-0.81855834 -1.6698589  -2.2919633  -1.4406626 ]
[-1.2442087 -1.6043743 -2.1282516 -0.884043 ]
[-1.1787239 -1.3096933 -1.8990552 -1.0477546]
[-1.5388896 -1.1459817 -1.9317976 -0.9167853]
[-1.1787239 -1.5716319 -2.0300245 -1.3096933]
[-1.4406626 -1.4079204 -2.1282516 -0.98227  ]
[-1.3424356 -1.473405  -2.160994  -1.1459817]
[-0.9495276 -1.768086  -2.160994  -1.375178 ]
[-1.5061473  -1.375178   -2.1282516  -0.75307363]
[-0.62210435 -1.6371167  -1.8335706  -1.2442087 ]
[-1.2442087  -0.884043   -1.6371167  -0.36016566]
[-1.2442087  -0.78581595 -1.5061473  -0.491135  ]
[-0.884043   -1.0477546  -1.4406626  -0.55661964]
[-0.7203313  -1.2442087  -1.5061473  -0.45839265]
[-0.06548467 -1.866313   -1.4406626  -1.0477546 ]
[-1.473405   -1.080497   -1.5716319  -0.13096933]
[-1.3096933  -1.4079204  -1.6698589  -0.78581595]
[-1.1132393  -1.3096933  -1.6043743  -0.62210435]
[-0.75307363 -1.276951   -1.3424356  -0.5238773 ]
[-0.5238773  -1.5061473  -1.2442087  -0.55661964]
[-0.687589   -1.276951   -1.0477546  -0.26193866]
[-0.5238773  -1.1459817  -0.9167853  -0.32742333]
[-0.491135   -1.0150123  -0.78581595 -0.16371167]
[-0.58936197 -0.7203313  -0.687589    0.        ]
[-0.75307363 -0.62210435 -0.687589   -0.09822699]
[-0.62210435 -0.75307363 -0.78581595 -0.26193866]
[-0.7203313  -1.0150123  -0.85130066 -0.13096933]
[-0.09822699 -1.2114663  -0.62210435 -0.42565033]
[-0.75307363 -0.9167853  -0.65484667 -0.19645399]
[-0.7203313  -1.1787239  -0.75307363 -0.85130066]
[-1.1787239  -1.3096933  -0.75307363 -0.55661964]
[-1.0150123  -1.2442087  -0.85130066 -0.62210435]
[-0.81855834 -1.276951   -0.81855834 -0.62210435]
[-1.1787239  -0.98227    -0.98227    -0.22919632]
[-0.81855834 -1.3096933  -1.0477546  -0.491135  ]
[-0.65484667 -1.1459817  -1.080497   -0.26193866]
[-0.55661964 -1.1459817  -1.1132393  -0.22919632]
[-0.62210435 -1.3096933  -1.3096933  -0.39290798]
[-0.491135  -1.96454   -1.7026013 -1.1787239]
[-1.7353436 -2.0955093 -2.4229326 -1.3096933]
[-2.2919633 -2.455675  -3.045037  -2.1937363]
[-2.652129  -2.7830982 -3.5034297 -2.5866442]
[-2.750356  -2.9140675 -3.6998837 -2.7176137]
[-2.7830982 -2.9140675 -3.732626  -2.7176137]
[-2.750356  -2.8813252 -3.6998837 -2.7176137]
[-2.750356  -2.8813252 -3.6671412 -2.6848712]
[-2.750356  -2.8813252 -3.6671412 -2.7176137]
[-2.750356  -2.9140675 -3.6998837 -2.7176137]
[-2.750356  -2.9140675 -3.6998837 -2.750356 ]
[-2.750356  -2.8813252 -3.6998837 -2.7176137]
[-2.750356  -2.8813252 -3.6998837 -2.750356 ]
[-2.750356  -2.8813252 -3.732626  -2.7176137]
[-2.7176137 -2.8813252 -3.732626  -2.7176137]
[-2.652129  -2.7830982 -3.6998837 -2.6193867]
[-2.6193867 -2.750356  -3.6016567 -2.5866442]
[-2.5866442 -2.7176137 -3.536172  -2.553902 ]
[-2.553902  -2.750356  -3.5034297 -2.5866442]
[-2.553902  -2.7176137 -3.5034297 -2.553902 ]
[-2.652129  -2.7176137 -3.5034297 -2.553902 ]
[-2.652129  -2.7830982 -3.5689142 -2.652129 ]
[-2.652129  -2.7830982 -3.6016567 -2.6193867]
[-2.5211596 -2.6848712 -3.4706872 -2.4884174]
[-2.8158407 -2.1282516 -3.2414908 -1.8335706]
[-1.3096933 -2.5211596 -2.5866442 -2.2919633]
[-1.080497  -1.6043743 -1.866313  -0.98227  ]
[-1.8008283  -0.65484667 -1.2114663  -0.16371167]
[ 0.26193866 -1.0477546  -0.75307363 -1.1787239 ]
[-0.5238773  -0.98227    -0.62210435  0.03274233]
[-0.22919632 -0.491135   -0.39290798 -0.16371167]
[-0.22919632 -0.45839265 -0.36016566 -0.09822699]
[-0.16371167 -0.42565033 -0.32742333 -0.09822699]
[-0.16371167 -0.39290798 -0.32742333 -0.03274233]
[-0.16371167 -0.36016566 -0.32742333  0.        ]
[-0.13096933 -0.36016566 -0.36016566  0.        ]
[-0.13096933 -0.39290798 -0.42565033 -0.03274233]
[-0.16371167 -0.42565033 -0.45839265 -0.06548467]
[-0.22919632 -0.45839265 -0.5238773  -0.09822699]
[ 0.03274233 -0.65484667 -0.5238773  -0.32742333]
[-0.45839265 -0.36016566 -0.62210435  0.09822699]
[-0.7203313  -0.19645399 -0.75307363  0.09822699]
[ 0.16371167 -0.687589   -0.7203313  -0.5238773 ]
[-0.19645399 -0.55661964 -0.78581595  0.06548467]
[-0.13096933 -0.58936197 -0.75307363 -0.03274233]
[-0.03274233 -0.45839265 -0.7203313   0.06548467]
[ 0.884043   -0.78581595 -0.29468098 -0.36016566]
[ 0.         -0.39290798 -0.32742333 -0.32742333]
[-0.13096933 -0.36016566 -0.55661964  0.45839265]
[-0.06548467 -0.36016566 -0.58936197  0.39290798]
[-0.03274233 -0.45839265 -0.58936197  0.29468098]
[-0.06548467 -0.62210435 -0.7203313   0.19645399]
[-0.39290798 -0.81855834 -0.9167853   0.06548467]
[-0.58936197 -1.080497   -1.3096933  -0.22919632]
[-0.9167853  -1.5388896  -1.8008283  -0.55661964]
[-1.1787239 -1.9317976 -2.3574479 -0.9495276]
[-1.4406626 -2.1937363 -2.94681   -1.276951 ]
[-1.7353436 -2.2264786 -3.437945  -1.375178 ]
[-1.8008283 -2.160994  -3.7981105 -1.4406626]
[-1.7353436 -2.0300245 -4.027307  -1.3424356]
[-1.473405  -1.8990552 -4.1910186 -1.1787239]
[-1.2114663  -1.6698589  -4.2892456  -0.85130066]
[-0.9167853  -1.473405   -4.35473    -0.58936197]
[-0.687589   -1.3096933  -4.420215   -0.42565033]
[-0.62210435 -1.2442087  -4.5184417  -0.32742333]
[-0.65484667 -1.2114663  -4.5839267  -0.32742333]
[-0.7203313  -1.1787239  -4.551184   -0.29468098]
[-0.7203313  -1.3096933  -4.4856997  -0.45839265]
[-0.687589  -1.5716319 -4.3874726 -0.7203313]
[-1.375178  -1.5716319 -4.3874726 -0.7203313]
[-1.473405  -1.7353436 -4.35473   -1.1459817]
[-1.4406626 -2.1282516 -4.223761  -1.4079204]
[-1.8335706 -2.0300245 -4.125534  -1.3096933]
[-1.866313  -2.1937363 -4.0927916 -1.6043743]
[-1.9317976 -2.455675  -4.125534  -1.7353436]
[-1.8990552 -2.553902  -4.125534  -1.8335706]
[-1.6698589 -2.6848712 -4.027307  -1.9972823]
[-2.1937363 -2.4229326 -3.8963375 -1.7353436]
[-2.0300245 -2.2919633 -3.7653682 -1.96454  ]
[-1.96454   -2.3247056 -3.536172  -1.9317976]
[-2.3247056 -1.9972823 -3.2742333 -1.7353436]
[-1.6371167 -2.3247056 -3.2414908 -2.1937363]
[-2.1937363 -2.2592208 -3.1760063 -1.5388896]
[-1.6043743 -2.062767  -2.8813252 -1.8335706]
[-1.7353436 -1.9317976 -2.848583  -1.5716319]
[-1.866313  -1.9972823 -2.848583  -1.5388896]
[-1.96454   -1.866313  -2.9795523 -1.5388896]
[-1.5716319 -2.0955093 -2.9795523 -1.8008283]
[-1.8335706 -1.866313  -2.750356  -1.276951 ]
[-1.9972823 -1.5388896 -2.553902  -1.080497 ]
[-0.98227   -1.96454   -2.2592208 -1.6371167]
[-1.1459817 -1.7026013 -2.062767  -1.0150123]
[-1.1787239 -1.473405  -1.8990552 -1.1132393]
[-1.4079204 -1.2442087 -1.866313  -1.080497 ]
[-1.1787239 -1.6698589 -1.96454   -1.3096933]
[-1.473405  -1.5388896 -2.0955093 -0.98227  ]
[-1.375178  -1.5061473 -2.160994  -1.1787239]
[-0.9495276 -1.768086  -2.1282516 -1.3424356]
[-1.4406626  -1.4079204  -2.062767   -0.78581595]
[-0.7203313 -1.5388896 -1.8008283 -1.1787239]
[-1.276951   -0.884043   -1.6371167  -0.39290798]
[-1.276951   -0.75307363 -1.473405   -0.39290798]
[-0.884043  -0.98227   -1.4406626 -0.5238773]
[-0.62210435 -1.3424356  -1.5716319  -0.5238773 ]
[-0.29468098 -1.768086   -1.6371167  -0.884043  ]
[-1.375178   -1.2442087  -1.8008283  -0.39290798]
[-1.1132393 -1.473405  -1.866313  -0.884043 ]
[-1.3424356  -1.276951   -1.6698589  -0.36016566]
[-0.19645399 -1.2114663  -1.4406626  -0.65484667]
[-0.26193866 -1.3424356  -1.1787239  -0.26193866]
[-0.32742333 -0.884043   -0.9167853  -0.13096933]
[-0.55661964 -0.9495276  -0.81855834 -0.19645399]
[-0.55661964 -0.98227    -0.75307363 -0.32742333]
[-0.85130066 -0.9495276  -0.75307363 -0.22919632]
[-0.85130066 -0.884043   -0.78581595 -0.26193866]
[-0.55661964 -1.0477546  -0.81855834 -0.39290798]
[-0.65484667 -0.9495276  -0.78581595 -0.06548467]
[-0.19645399 -1.2114663  -0.687589   -0.55661964]
[-0.19645399 -1.1459817  -0.81855834 -0.32742333]
[-0.7203313  -1.1787239  -0.687589   -0.19645399]
[-0.45839265 -0.65484667 -0.65484667 -0.22919632]
[-0.81855834 -1.0477546  -0.81855834 -0.19645399]
[-0.62210435 -0.9495276  -0.81855834 -0.39290798]
[-0.78581595 -1.0477546  -0.98227    -0.26193866]
[-0.687589   -1.2442087  -1.0150123  -0.32742333]
[-0.58936197 -1.1459817  -1.0477546  -0.16371167]
[-0.5238773  -1.1132393  -1.080497   -0.13096933]
[-0.62210435 -1.2114663  -1.276951   -0.29468098]
[-0.42565033 -1.96454    -1.6698589  -1.1459817 ]
[-1.7026013 -2.062767  -2.3901904 -1.2442087]
[-2.2919633 -2.455675  -3.045037  -2.160994 ]
[-2.6193867 -2.7830982 -3.5034297 -2.5866442]
[-2.750356  -2.9140675 -3.6998837 -2.7176137]
[-2.8158407 -2.9140675 -3.7653682 -2.7176137]
[-2.750356  -2.8813252 -3.732626  -2.750356 ]
[-2.750356  -2.8813252 -3.6998837 -2.7176137]
[-2.750356  -2.8813252 -3.6671412 -2.7176137]
[-2.750356  -2.8813252 -3.6671412 -2.7176137]
[-2.750356  -2.8813252 -3.6998837 -2.7176137]
[-2.750356  -2.8813252 -3.6671412 -2.7176137]
[-2.750356  -2.8813252 -3.6998837 -2.7176137]
[-2.750356  -2.9140675 -3.732626  -2.7176137]
[-2.7176137 -2.8813252 -3.7653682 -2.7176137]
[-2.7176137 -2.8158407 -3.6998837 -2.6193867]
[-2.5866442 -2.750356  -3.6016567 -2.5866442]
[-2.6848712 -2.652129  -3.5034297 -2.4884174]
[-2.652129  -2.6193867 -3.3724604 -2.4884174]
[-2.5211596 -2.7830982 -3.437945  -2.553902 ]
[-2.553902  -2.7176137 -3.5034297 -2.553902 ]
[-2.6193867 -2.7830982 -3.5689142 -2.6193867]
[-2.652129  -2.7830982 -3.6016567 -2.6193867]
[-2.553902  -2.6848712 -3.5034297 -2.4884174]
[-2.7176137 -2.1937363 -3.2414908 -1.9317976]
[-1.5716319 -2.3574479 -2.6193867 -2.160994 ]
[-0.9495276 -1.8008283 -1.866313  -1.3096933]
[-2.160994   -0.5238773  -1.3096933   0.06548467]
[ 0.65484667 -1.375178   -0.78581595 -1.5061473 ]
[-0.42565033 -0.884043   -0.62210435  0.26193866]
[-0.13096933 -0.36016566 -0.32742333 -0.09822699]
[-0.16371167 -0.36016566 -0.29468098 -0.06548467]
[-0.13096933 -0.39290798 -0.29468098 -0.09822699]
[-0.13096933 -0.36016566 -0.29468098 -0.03274233]
[-0.13096933 -0.32742333 -0.29468098  0.        ]
[-0.13096933 -0.36016566 -0.32742333 -0.03274233]
[-0.09822699 -0.39290798 -0.39290798 -0.03274233]
[-0.13096933 -0.42565033 -0.42565033 -0.03274233]
[-0.19645399 -0.42565033 -0.491135   -0.06548467]
[-0.03274233 -0.58936197 -0.45839265 -0.26193866]
[-0.32742333 -0.39290798 -0.5238773  -0.03274233]
[-0.687589   -0.22919632 -0.65484667  0.13096933]
[-0.03274233 -0.5238773  -0.62210435 -0.32742333]
[-0.09822699 -0.42565033 -0.62210435  0.06548467]
[-0.16371167 -0.45839265 -0.58936197  0.09822699]
[-0.13096933 -0.29468098 -0.55661964  0.19645399]
[ 0.75307363 -0.62210435 -0.22919632 -0.29468098]
[ 0.         -0.45839265 -0.32742333 -0.491135  ]
[-0.13096933 -0.5238773  -0.55661964  0.09822699]
[-0.19645399 -0.55661964 -0.5238773   0.22919632]
[-0.16371167 -0.491135   -0.5238773   0.26193866]
[-0.22919632 -0.5238773  -0.58936197  0.26193866]
[-0.55661964 -0.55661964 -0.81855834  0.22919632]
[-0.687589   -0.9495276  -1.2442087  -0.26193866]
[-0.9167853  -1.4406626  -1.8008283  -0.65484667]
[-1.2114663 -1.9317976 -2.3901904 -1.0150123]
[-1.4079204 -2.2264786 -2.9140675 -1.3096933]
[-1.7353436 -2.2264786 -3.3724604 -1.375178 ]
[-1.8335706 -2.160994  -3.6998837 -1.473405 ]
[-1.866313 -2.062767 -3.92908  -1.375178]
[-1.6043743 -1.96454   -4.0927916 -1.276951 ]
[-1.3424356 -1.7353436 -4.158276  -0.9495276]
[-1.0150123 -1.5388896 -4.1910186 -0.687589 ]
[-0.81855834 -1.4079204  -4.223761   -0.45839265]
[-0.75307363 -1.3096933  -4.321988   -0.39290798]
[-0.7203313  -1.3424356  -4.452957   -0.42565033]
[-0.884043   -1.276951   -4.420215   -0.36016566]
[-0.78581595 -1.375178   -4.35473    -0.62210435]
[-0.85130066 -1.6698589  -4.223761   -0.81855834]
[-1.5061473  -1.6371167  -4.256503   -0.85130066]
[-1.5716319 -1.96454   -4.1910186 -1.3424356]
[-1.5061473 -2.1937363 -4.060049  -1.4406626]
[-1.8990552 -2.062767  -3.9618223 -1.276951 ]
[-1.8008283 -2.1937363 -3.92908   -1.6043743]
[-1.8990552 -2.4229326 -3.9618223 -1.6371167]
[-1.9317976 -2.4884174 -3.9618223 -1.7353436]
[-1.7026013 -2.652129  -3.8963375 -2.0300245]
[-2.4229326 -2.2919633 -3.7981105 -1.7026013]
[-1.9317976 -2.4884174 -3.6671412 -2.2264786]
[-2.0955093 -2.455675  -3.5034297 -1.866313 ]
[-2.3247056 -1.8990552 -3.3069756 -1.6698589]
[-1.276951  -2.455675  -3.1432638 -2.3247056]
[-2.2592208 -1.9972823 -2.9795523 -1.2442087]
[-1.4079204 -2.0300245 -2.7830982 -1.8008283]
[-1.8008283 -1.96454   -2.750356  -1.4406626]
[-1.8335706 -1.866313  -2.750356  -1.6043743]
[-1.866313  -2.0955093 -3.045037  -1.6698589]
[-1.5388896 -2.1937363 -2.9795523 -1.7353436]
[-1.8990552 -1.6371167 -2.6848712 -1.3096933]
[-1.8008283 -1.6371167 -2.5211596 -1.4406626]
[-1.276951  -2.2592208 -2.2264786 -1.6371167]
[-0.98227   -1.9317976 -1.9317976 -1.1459817]
[-1.276951   -1.5716319  -1.8335706  -0.78581595]
[-1.276951   -1.080497   -1.768086   -0.85130066]
[-0.884043  -1.4406626 -1.866313  -1.2442087]
[-1.2114663 -1.473405  -2.0300245 -0.9495276]
[-1.2442087 -1.4079204 -2.062767  -0.98227  ]
[-0.85130066 -1.5061473  -1.96454    -1.2114663 ]
[-1.3096933  -1.276951   -1.96454    -0.78581595]
[-0.78581595 -1.5388896  -1.8008283  -1.1787239 ]
[-1.276951   -0.98227    -1.6371167  -0.45839265]
[-1.3424356  -0.78581595 -1.5061473  -0.491135  ]
[-0.98227    -1.1132393  -1.5388896  -0.65484667]
[-0.5238773  -1.6371167  -1.7353436  -0.75307363]
[-0.491135  -1.9317976 -1.8990552 -0.884043 ]
[-1.2114663  -1.4079204  -2.1282516  -0.62210435]
[-0.9167853 -1.6371167 -2.0955093 -1.0150123]
[-1.5716319  -0.884043   -1.8008283  -0.16371167]
[ 0.03274233 -1.3424356  -1.4406626  -0.78581595]
[-0.45839265 -1.080497   -1.1787239   0.19645399]
[-0.22919632 -0.45839265 -0.85130066  0.03274233]
[-0.5238773  -0.687589   -0.81855834 -0.13096933]
[-0.32742333 -0.9495276  -0.85130066 -0.491135  ]
[-0.884043   -0.98227    -0.81855834 -0.19645399]
[-0.58936197 -0.98227    -0.85130066 -0.32742333]
[-0.58936197 -1.080497   -0.78581595 -0.13096933]
[-0.45839265 -0.7203313  -0.75307363  0.        ]
[-0.45839265 -0.9495276  -0.687589   -0.13096933]
[ 0.13096933 -1.1132393  -0.65484667 -0.19645399]
[-0.78581595 -0.7203313  -0.687589    0.45839265]
[ 0.06548467 -0.55661964 -0.65484667 -0.32742333]
[-0.7203313  -0.62210435 -0.7203313   0.19645399]
[-0.491135   -0.75307363 -0.81855834 -0.19645399]
[-0.58936197 -0.98227    -0.9495276  -0.13096933]
[-0.5238773  -1.080497   -1.0150123  -0.13096933]
[-0.5238773  -1.0150123  -1.0477546  -0.06548467]
[-0.55661964 -1.080497   -1.1132393  -0.13096933]
[-0.65484667 -1.2442087  -1.3424356  -0.36016566]
[-0.45839265 -2.0300245  -1.7353436  -1.2114663 ]
[-1.768086  -2.0955093 -2.4229326 -1.276951 ]
[-2.2919633 -2.4884174 -3.0777793 -2.2264786]
[-2.652129  -2.7830982 -3.5034297 -2.5866442]
[-2.750356  -2.94681   -3.6998837 -2.750356 ]
[-2.848583  -2.9140675 -3.7981105 -2.750356 ]
[-2.7830982 -2.9140675 -3.7653682 -2.7830982]
[-2.7830982 -2.9140675 -3.732626  -2.7176137]
[-2.750356  -2.8813252 -3.6998837 -2.7176137]
[-2.750356  -2.9140675 -3.6998837 -2.7176137]
[-2.750356  -2.8813252 -3.6671412 -2.6848712]
[-2.7176137 -2.848583  -3.6671412 -2.6848712]
[-2.750356  -2.8813252 -3.6998837 -2.7176137]
[-2.7830982 -2.9140675 -3.732626  -2.750356 ]
[-2.7830982 -2.9140675 -3.7653682 -2.7176137]
[-2.7176137 -2.848583  -3.732626  -2.6848712]
[-2.6193867 -2.750356  -3.6016567 -2.5866442]
[-2.7830982 -2.5866442 -3.4706872 -2.4229326]
[-2.6848712 -2.6193867 -3.3397179 -2.5866442]
[-2.3574479 -2.94681   -3.4052026 -2.6848712]
[-2.652129  -2.9140675 -3.4706872 -2.455675 ]
[-2.553902  -2.6848712 -3.5034297 -2.553902 ]
[-2.652129  -2.750356  -3.5689142 -2.5866442]
[-2.5866442 -2.6848712 -3.5034297 -2.5211596]
[-2.6193867 -2.2919633 -3.3069756 -2.062767 ]
[-1.9317976 -2.1937363 -2.6848712 -2.0300245]
[-0.75307363 -1.9317976  -1.8990552  -1.6043743 ]
[-2.3247056  -0.55661964 -1.4079204   0.19645399]
[ 0.98227   -1.5388896 -0.7203313 -1.6043743]
[-0.36016566 -0.687589   -0.5238773   0.58936197]
[ 0.06548467 -0.19645399 -0.26193866 -0.03274233]
[ 0.03274233 -0.19645399 -0.19645399  0.        ]
[ 0.06548467 -0.22919632 -0.16371167  0.        ]
[ 0.03274233 -0.22919632 -0.19645399  0.06548467]
[ 0.         -0.19645399 -0.22919632  0.09822699]
[-0.03274233 -0.19645399 -0.26193866  0.06548467]
[-0.06548467 -0.29468098 -0.32742333  0.03274233]
[-0.16371167 -0.36016566 -0.36016566  0.        ]
[-0.16371167 -0.42565033 -0.42565033 -0.09822699]
[-0.09822699 -0.55661964 -0.42565033 -0.22919632]
[-0.22919632 -0.45839265 -0.45839265 -0.16371167]
[-0.65484667 -0.26193866 -0.55661964  0.09822699]
[-0.29468098 -0.45839265 -0.5238773  -0.22919632]
[-0.06548467 -0.5238773  -0.55661964 -0.19645399]
[-0.26193866 -0.58936197 -0.55661964 -0.06548467]
[-0.22919632 -0.45839265 -0.5238773  -0.03274233]
[ 0.55661964 -0.78581595 -0.26193866 -0.39290798]
[-0.22919632 -0.42565033 -0.26193866 -0.491135  ]
[-0.29468098 -0.687589   -0.55661964  0.        ]
[-0.26193866 -0.58936197 -0.5238773   0.09822699]
[-0.19645399 -0.55661964 -0.5238773   0.09822699]
[-0.29468098 -0.55661964 -0.58936197  0.06548467]
[-0.75307363 -0.55661964 -0.81855834  0.03274233]
[-0.85130066 -1.0477546  -1.2442087  -0.45839265]
[-1.0477546  -1.6371167  -1.8008283  -0.78581595]
[-1.2442087 -1.9972823 -2.3574479 -1.0477546]
[-1.4406626 -2.2264786 -2.9140675 -1.3424356]
[-1.8008283 -2.2264786 -3.3724604 -1.4079204]
[-1.8990552 -2.2264786 -3.6998837 -1.5716319]
[-1.9317976 -2.160994  -3.8963375 -1.5061473]
[-1.7026013 -2.062767  -3.9945645 -1.375178 ]
[-1.4079204 -1.8335706 -3.9945645 -1.0150123]
[-1.080497   -1.6698589  -3.9945645  -0.81855834]
[-0.9167853  -1.5388896  -4.027307   -0.62210435]
[-0.9167853  -1.5061473  -4.125534   -0.55661964]
[-0.81855834 -1.5716319  -4.2892456  -0.687589  ]
[-1.1459817  -1.4079204  -4.2892456  -0.45839265]
[-0.9167853  -1.5716319  -4.1910186  -0.85130066]
[-1.080497  -1.8008283 -3.9945645 -0.9495276]
[-1.5716319 -1.768086  -4.060049  -1.0150123]
[-1.6043743 -2.062767  -4.027307  -1.375178 ]
[-1.5388896 -2.160994  -3.8963375 -1.4406626]
[-1.9317976 -2.0300245 -3.830853  -1.2442087]
[-1.768086  -2.2592208 -3.830853  -1.6043743]
[-1.866313  -2.3901904 -3.830853  -1.6371167]
[-1.9317976 -2.5211596 -3.8635952 -1.768086 ]
[-1.7353436 -2.7176137 -3.830853  -2.062767 ]
[-2.4884174 -2.2919633 -3.7653682 -1.7026013]
[-1.7026013 -2.652129  -3.6016567 -2.3901904]
[-2.160994  -2.4229326 -3.3724604 -1.6698589]
[-2.2919633 -1.8335706 -3.2087486 -1.473405 ]
[-1.1787239 -2.3901904 -2.9795523 -2.0955093]
[-2.0955093 -1.6698589 -2.848583  -1.0477546]
[-1.5061473 -1.8990552 -2.652129  -1.7026013]
[-1.866313  -1.9317976 -2.652129  -1.375178 ]
[-1.6698589 -2.062767  -2.8158407 -1.768086 ]
[-1.8008283 -2.1282516 -2.9140675 -1.6043743]
[-1.6043743 -2.062767  -2.8813252 -1.473405 ]
[-1.9972823 -1.4406626 -2.750356  -1.080497 ]
[-1.3424356 -1.5388896 -2.4884174 -1.375178 ]
[-1.080497  -1.96454   -2.1282516 -1.2442087]
[-0.55661964 -1.8335706  -1.8008283  -1.1459817 ]
[-1.2442087  -1.473405   -1.6698589  -0.58936197]
[-1.3424356 -1.0477546 -1.6698589 -0.7203313]
[-0.78581595 -1.4079204  -1.768086   -1.2114663 ]
[-0.98227    -1.375178   -1.866313   -0.85130066]
[-1.2114663 -1.1787239 -1.866313  -0.7203313]
[-0.884043  -1.2442087 -1.8335706 -1.080497 ]
[-1.2114663 -1.2114663 -1.8990552 -0.884043 ]
[-0.85130066 -1.5716319  -1.8008283  -1.1787239 ]
[-1.2442087  -1.0477546  -1.7026013  -0.55661964]
[-1.3424356  -0.85130066 -1.6371167  -0.5238773 ]
[-1.0477546 -1.1787239 -1.6698589 -0.7203313]
[-0.42565033 -1.866313   -1.9317976  -1.0477546 ]
[-1.0150123  -1.96454    -2.160994   -0.81855834]
[-1.5388896  -1.5061473  -2.3901904  -0.81855834]
[-1.375178  -1.6698589 -2.3901904 -1.1459817]
[-1.866313   -0.884043   -2.1282516  -0.45839265]
[-0.06548467 -1.6043743  -1.5716319  -1.3096933 ]
[-0.9167853  -1.0477546  -1.2442087   0.13096933]
[-0.62210435 -0.7203313  -0.9495276  -0.29468098]
[-0.7203313  -0.75307363 -0.9495276  -0.26193866]
[-0.39290798 -1.1132393  -0.9495276  -0.491135  ]
[-0.78581595 -0.85130066 -0.9167853  -0.09822699]
[-0.42565033 -0.98227    -0.85130066 -0.32742333]
[-0.65484667 -0.884043   -0.78581595  0.03274233]
[-0.5238773  -0.75307363 -0.78581595 -0.06548467]
[-0.62210435 -0.884043   -0.78581595 -0.09822699]
[ 0.491135   -1.4406626  -0.7203313  -0.75307363]
[-1.080497   -0.62210435 -0.7203313   0.62210435]
[-0.26193866 -0.75307363 -0.58936197 -0.29468098]
[-0.9167853  -0.491135   -0.75307363  0.22919632]
[-0.42565033 -0.884043   -0.9167853  -0.36016566]
[-0.32742333 -1.1459817  -1.0477546  -0.22919632]
[-0.45839265 -0.9495276  -1.0150123   0.        ]
[-0.491135   -0.9167853  -1.0150123  -0.06548467]
[-0.62210435 -1.080497   -1.1787239  -0.19645399]
[-0.78581595 -1.375178   -1.4406626  -0.491135  ]
[-0.55661964 -2.160994   -1.866313   -1.3424356 ]
[-1.866313  -2.160994  -2.5211596 -1.3424356]
[-2.3247056 -2.553902  -3.1432638 -2.2592208]
[-2.652129  -2.8158407 -3.536172  -2.5866442]
[-2.750356  -2.9140675 -3.6998837 -2.750356 ]
[-2.848583  -2.94681   -3.7981105 -2.750356 ]
[-2.7830982 -2.94681   -3.7653682 -2.750356 ]
[-2.7830982 -2.9140675 -3.7653682 -2.750356 ]
[-2.7830982 -2.9140675 -3.732626  -2.750356 ]
[-2.750356  -2.9140675 -3.732626  -2.750356 ]
[-2.750356  -2.8813252 -3.6998837 -2.7176137]
[-2.750356  -2.8813252 -3.6998837 -2.7176137]
[-2.750356  -2.9140675 -3.6998837 -2.7176137]
[-2.7830982 -2.9140675 -3.7653682 -2.750356 ]
[-2.7830982 -2.94681   -3.7981105 -2.7830982]
[-2.7176137 -2.8813252 -3.7653682 -2.7176137]
[-2.652129  -2.7830982 -3.634399  -2.5866442]
[-2.5211596 -2.5866442 -3.536172  -2.455675 ]
[-2.3247056 -2.652129  -3.4052026 -2.4884174]
[-1.96454   -2.652129  -3.2087486 -2.4884174]
[-2.5211596 -2.553902  -3.2087486 -2.0955093]
[-2.5211596 -2.652129  -3.4052026 -2.5211596]
[-2.6193867 -2.750356  -3.536172  -2.6193867]
[-2.5866442 -2.7176137 -3.5034297 -2.553902 ]
[-2.553902  -2.3574479 -3.2742333 -2.0955093]
[-2.2592208 -2.062767  -2.7176137 -1.8335706]
[-0.55661964 -2.0300245  -1.9317976  -1.866313  ]
[-2.1282516  -0.65484667 -1.5061473   0.29468098]
[ 1.0477546  -1.5061473  -0.62210435 -1.473405  ]
[-0.32742333 -0.32742333 -0.32742333  0.7203313 ]
[-0.06548467 -0.19645399 -0.16371167  0.        ]
[-0.03274233 -0.09822699 -0.09822699  0.06548467]
[ 0.06548467 -0.09822699 -0.06548467  0.06548467]
[ 0.13096933 -0.06548467 -0.09822699  0.13096933]
[ 0.13096933  0.         -0.13096933  0.19645399]
[ 0.16371167  0.         -0.16371167  0.16371167]
[ 0.16371167 -0.09822699 -0.22919632  0.09822699]
[ 0.06548467 -0.19645399 -0.29468098  0.03274233]
[-0.03274233 -0.32742333 -0.36016566 -0.03274233]
[-0.03274233 -0.45839265 -0.36016566 -0.13096933]
[-0.13096933 -0.45839265 -0.36016566 -0.13096933]
[-0.55661964 -0.22919632 -0.42565033  0.09822699]
[-0.491135   -0.36016566 -0.491135   -0.16371167]
[ 0.         -0.65484667 -0.5238773  -0.36016566]
[-0.26193866 -0.62210435 -0.55661964  0.        ]
[-0.16371167 -0.45839265 -0.491135   -0.06548467]
[ 0.55661964 -0.78581595 -0.22919632 -0.39290798]
[-0.32742333 -0.58936197 -0.26193866 -0.85130066]
[-0.7203313  -1.080497   -0.55661964 -0.26193866]
[-0.65484667 -0.9495276  -0.55661964 -0.16371167]
[-0.58936197 -0.9167853  -0.55661964 -0.13096933]
[-0.62210435 -0.81855834 -0.65484667 -0.09822699]
[-0.9495276  -0.78581595 -0.9167853  -0.13096933]
[-0.884043   -1.1459817  -1.276951   -0.55661964]
[-1.0150123  -1.6698589  -1.8008283  -0.78581595]
[-1.2114663 -1.96454   -2.3901904 -1.0477546]
[-1.473405  -2.1937363 -2.94681   -1.3096933]
[-1.8990552 -2.1937363 -3.4052026 -1.4406626]
[-1.9972823 -2.2919633 -3.7653682 -1.6698589]
[-1.8990552 -2.2919633 -3.92908   -1.6371167]
[-1.768086  -2.0955093 -3.92908   -1.375178 ]
[-1.473405  -1.8335706 -3.8635952 -1.1132393]
[-1.2114663 -1.768086  -3.830853  -0.9167853]
[-1.080497   -1.7026013  -3.8635952  -0.78581595]
[-1.080497   -1.7026013  -4.027307   -0.78581595]
[-1.0477546 -1.8008283 -4.158276  -0.9167853]
[-1.4079204  -1.5716319  -4.125534   -0.65484667]
[-1.1132393 -1.8008283 -3.9945645 -1.1132393]
[-1.4079204 -1.8335706 -3.7981105 -1.0150123]
[-1.6698589 -1.8990552 -3.830853  -1.1787239]
[-1.6698589 -2.160994  -3.8635952 -1.4079204]
[-1.6043743 -2.1937363 -3.7653682 -1.473405 ]
[-1.8990552 -1.9972823 -3.732626  -1.276951 ]
[-1.8008283 -2.2592208 -3.6998837 -1.5716319]
[-1.866313  -2.3574479 -3.732626  -1.6371167]
[-1.866313  -2.455675  -3.6998837 -1.768086 ]
[-1.6043743 -2.750356  -3.732626  -2.0300245]
[-2.5211596 -2.1937363 -3.732626  -1.5061473]
[-1.4406626 -2.5866442 -3.4706872 -2.3247056]
[-2.160994  -2.1282516 -3.2414908 -1.473405 ]
[-2.160994  -1.8335706 -3.0777793 -1.5388896]
[-1.3424356 -2.3574479 -2.8813252 -1.9972823]
[-2.1937363 -1.5388896 -2.750356  -0.98227  ]
[-1.5061473 -2.0300245 -2.5866442 -1.8335706]
[-1.7353436 -1.96454   -2.6848712 -1.473405 ]
[-1.7026013 -2.2919633 -2.7830982 -1.6043743]
[-1.7353436 -2.0955093 -2.8813252 -1.5388896]
[-1.5061473 -1.9972823 -2.848583  -1.5716319]
[-2.2919633  -1.4406626  -2.750356   -0.85130066]
[-1.2442087 -1.6043743 -2.3901904 -1.3424356]
[-0.98227   -1.6698589 -2.062767  -0.9167853]
[-0.39290798 -1.8335706  -1.7353436  -1.080497  ]
[-1.0150123  -1.3424356  -1.6043743  -0.55661964]
[-1.4406626  -1.0477546  -1.6043743  -0.62210435]
[-0.7203313 -1.4406626 -1.6698589 -1.2442087]
[-0.98227    -1.4079204  -1.7353436  -0.81855834]
[-1.276951  -1.080497  -1.7353436 -0.687589 ]
[-1.1459817 -1.2442087 -1.7353436 -1.0477546]
[-1.375178  -1.2442087 -1.768086  -0.98227  ]
[-0.9167853 -1.7026013 -1.8008283 -1.3096933]
[-1.2442087 -1.276951  -1.768086  -0.687589 ]
[-1.4079204 -0.884043  -1.7026013 -0.491135 ]
[-1.2114663  -1.1132393  -1.8008283  -0.78581595]
[-0.42565033 -2.062767   -2.0955093  -1.4079204 ]
[-1.5061473 -2.0955093 -2.455675  -1.0477546]
[-1.8335706 -1.8990552 -2.7176137 -1.5716319]
[-1.8335706 -2.1282516 -2.750356  -1.7026013]
[-2.3574479  -1.3096933  -2.455675   -0.81855834]
[-0.26193866 -1.96454    -1.7353436  -1.7026013 ]
[-1.2114663  -1.0477546  -1.3096933  -0.09822699]
[-0.9167853 -0.98227   -1.0150123 -0.5238773]
[-0.884043   -1.0477546  -1.0150123  -0.42565033]
[-0.58936197 -1.2442087  -0.98227    -0.5238773 ]
[-0.85130066 -0.9495276  -1.0477546  -0.13096933]
[-0.42565033 -1.1132393  -0.9495276  -0.45839265]
[-0.5238773  -0.85130066 -0.9167853  -0.09822699]
[-0.55661964 -0.884043   -0.85130066 -0.13096933]
[-0.62210435 -0.78581595 -0.884043   -0.03274233]
[ 0.65484667 -1.5388896  -0.7203313  -0.7203313 ]
[-0.491135   -0.65484667 -0.78581595  0.5238773 ]
[-0.13096933 -0.62210435 -0.62210435 -0.26193866]
[-0.85130066 -0.29468098 -0.687589    0.16371167]
[-0.39290798 -1.080497   -0.9495276  -0.45839265]
[-0.45839265 -1.1459817  -1.0150123  -0.03274233]
[-0.42565033 -0.9167853  -1.080497    0.03274233]
[-0.5238773  -0.81855834 -1.1787239  -0.09822699]
[-0.687589   -1.0150123  -1.276951   -0.26193866]
[-0.98227    -1.4406626  -1.6043743  -0.62210435]
[-0.687589  -2.3247056 -2.0300245 -1.5388896]
[-1.96454   -2.3247056 -2.6848712 -1.473405 ]
[-2.3901904 -2.5866442 -3.2087486 -2.2919633]
[-2.652129  -2.7830982 -3.536172  -2.5866442]
[-2.750356  -2.9140675 -3.732626  -2.750356 ]
[-2.8158407 -2.9140675 -3.7981105 -2.750356 ]
[-2.8158407 -2.94681   -3.7981105 -2.7830982]
[-2.8158407 -2.94681   -3.7981105 -2.7830982]
[-2.8158407 -2.9795523 -3.7981105 -2.7830982]
[-2.8158407 -2.94681   -3.7653682 -2.7830982]
[-2.7830982 -2.94681   -3.7653682 -2.750356 ]
[-2.7830982 -2.9140675 -3.732626  -2.750356 ]
[-2.750356  -2.9140675 -3.7653682 -2.750356 ]
[-2.7830982 -2.9140675 -3.7653682 -2.750356 ]
[-2.7830982 -2.8813252 -3.7653682 -2.750356 ]
[-2.7176137 -2.8813252 -3.732626  -2.7176137]
[-2.652129  -2.7830982 -3.634399  -2.5866442]
[-2.5211596 -2.6193867 -3.5034297 -2.3901904]
[-2.2919633 -2.3901904 -3.3069756 -2.0300245]
[-1.8335706 -2.3247056 -3.045037  -2.160994 ]
[-2.160994  -2.0955093 -3.0777793 -2.062767 ]
[-2.4884174 -2.553902  -3.2414908 -2.4229326]
[-2.5866442 -2.6848712 -3.4052026 -2.553902 ]
[-2.553902  -2.6848712 -3.4052026 -2.5211596]
[-2.455675  -2.3901904 -3.1760063 -2.1937363]
[-2.5866442 -1.866313  -2.750356  -1.6371167]
[-0.45839265 -2.2592208  -1.96454    -2.1282516 ]
[-1.6371167  -0.85130066 -1.5716319   0.22919632]
[ 0.687589   -1.3096933  -0.55661964 -1.0477546 ]
[-0.16371167  0.03274233 -0.19645399  0.491135  ]
[-0.22919632 -0.39290798 -0.13096933 -0.16371167]
[-0.16371167 -0.29468098 -0.03274233 -0.13096933]
[-0.09822699 -0.29468098 -0.03274233 -0.09822699]
[-0.06548467 -0.16371167  0.          0.03274233]
[-0.03274233 -0.06548467 -0.03274233  0.13096933]
[ 0.03274233  0.         -0.09822699  0.16371167]
[ 0.09822699  0.         -0.13096933  0.19645399]
[ 0.06548467 -0.06548467 -0.22919632  0.13096933]
[ 0.06548467 -0.19645399 -0.29468098  0.03274233]
[ 0.06548467 -0.26193866 -0.32742333 -0.03274233]
[-0.06548467 -0.29468098 -0.29468098 -0.06548467]
[-0.45839265 -0.16371167 -0.39290798  0.06548467]
[-0.58936197 -0.26193866 -0.491135   -0.09822699]
[ 0.09822699 -0.7203313  -0.491135   -0.42565033]
[-0.29468098 -0.58936197 -0.5238773   0.09822699]
[-0.13096933 -0.42565033 -0.45839265  0.        ]
[ 0.58936197 -0.7203313  -0.19645399 -0.36016566]
[-0.22919632 -0.687589   -0.32742333 -0.9495276 ]
[-0.58936197 -1.1459817  -0.65484667 -0.32742333]
[-0.65484667 -1.1787239  -0.62210435 -0.36016566]
[-0.65484667 -1.1787239  -0.65484667 -0.36016566]
[-0.78581595 -1.1787239  -0.75307363 -0.32742333]
[-1.1459817  -1.0477546  -0.98227    -0.22919632]
[-1.0150123  -1.375178   -1.3424356  -0.65484667]
[-1.080497   -1.7026013  -1.8335706  -0.81855834]
[-1.1787239 -1.9972823 -2.4229326 -1.0477546]
[-1.5061473 -2.160994  -2.9795523 -1.276951 ]
[-1.96454   -2.0955093 -3.437945  -1.4406626]
[-2.0300245 -2.3247056 -3.7653682 -1.7353436]
[-1.8335706 -2.455675  -3.92908   -1.7026013]
[-1.9972823 -2.1282516 -3.8635952 -1.276951 ]
[-1.5716319 -1.8990552 -3.7981105 -1.3096933]
[-1.4406626 -1.9972823 -3.7981105 -1.1459817]
[-1.3096933 -1.9317976 -3.830853  -1.080497 ]
[-1.3424356 -1.9317976 -3.9618223 -1.0477546]
[-1.375178  -2.0300245 -4.027307  -1.1787239]
[-1.6043743 -1.768086  -3.9945645 -1.0150123]
[-1.375178  -2.0300245 -3.830853  -1.3096933]
[-1.6371167 -1.866313  -3.6671412 -1.1459817]
[-1.7026013 -2.0300245 -3.6671412 -1.375178 ]
[-1.768086  -2.2592208 -3.6998837 -1.473405 ]
[-1.8335706 -2.2592208 -3.634399  -1.4406626]
[-1.866313  -2.1282516 -3.6671412 -1.4406626]
[-1.8008283 -2.2592208 -3.634399  -1.5716319]
[-1.8335706 -2.2592208 -3.5689142 -1.5388896]
[-1.768086  -2.3901904 -3.5689142 -1.7026013]
[-1.5716319 -2.652129  -3.5689142 -1.9317976]
[-2.3574479 -2.2264786 -3.6671412 -1.4406626]
[-1.5388896 -2.455675  -3.4052026 -2.1937363]
[-2.1937363 -1.866313  -3.1432638 -1.4079204]
[-1.866313 -2.062767 -3.045037 -1.768086]
[-1.4079204 -2.3901904 -2.8158407 -1.8335706]
[-1.866313  -1.6371167 -2.7176137 -1.1132393]
[-1.2114663 -1.9972823 -2.6193867 -1.6698589]
[-1.473405  -1.8335706 -2.553902  -1.2114663]
[-1.473405  -1.8990552 -2.652129  -1.375178 ]
[-1.6043743 -2.062767  -2.8813252 -1.473405 ]
[-1.4079204 -2.0300245 -2.848583  -1.5716319]
[-2.2919633  -1.3096933  -2.6848712  -0.75307363]
[-1.1787239 -1.6698589 -2.3574479 -1.4079204]
[-1.080497   -1.6698589  -2.0300245  -0.85130066]
[-0.36016566 -1.8335706  -1.7353436  -1.1132393 ]
[-0.9167853  -1.4079204  -1.6043743  -0.55661964]
[-1.4406626  -0.9495276  -1.5716319  -0.55661964]
[-0.58936197 -1.473405   -1.6371167  -1.276951  ]
[-1.0150123  -1.4406626  -1.7026013  -0.81855834]
[-1.276951   -1.1459817  -1.7026013  -0.81855834]
[-1.4079204 -1.276951  -1.7026013 -1.0150123]
[-1.4079204 -1.4406626 -1.768086  -1.1787239]
[-0.9495276 -1.8990552 -1.768086  -1.4406626]
[-1.6698589  -1.375178   -1.7026013  -0.58936197]
[-1.866313   -0.9495276  -1.7026013  -0.55661964]
[-1.375178  -1.5388896 -2.062767  -1.1459817]
[-0.58936197 -2.5211596  -2.3574479  -1.768086  ]
[-1.8990552 -2.160994  -2.7176137 -1.1787239]
[-2.062767  -2.1937363 -2.9795523 -1.9317976]
[-1.9972823 -2.2919633 -2.9795523 -1.8990552]
[-2.455675  -1.473405  -2.6193867 -1.0150123]
[-0.55661964 -1.866313   -1.8008283  -1.6371167 ]
[-1.2114663  -1.080497   -1.3424356  -0.22919632]
[-0.75307363 -1.1132393  -1.080497   -0.687589  ]
[-0.884043   -1.2114663  -1.0150123  -0.45839265]
[-0.687589   -1.3424356  -1.080497   -0.62210435]
[-0.9495276  -1.2442087  -1.2114663  -0.36016566]
[-0.65484667 -1.3424356  -1.1787239  -0.5238773 ]
[-0.42565033 -1.0477546  -1.1132393  -0.26193866]
[-0.687589   -0.81855834 -1.0150123   0.        ]
[-0.55661964 -0.687589   -1.0477546  -0.09822699]
[ 0.55661964 -1.5388896  -0.884043   -0.75307363]
[-0.491135   -0.58936197 -0.884043    0.55661964]
[-0.687589   -0.42565033 -0.7203313   0.16371167]
[-0.75307363 -0.09822699 -0.9167853  -0.03274233]
[-0.39290798 -1.1459817  -1.1459817  -0.62210435]
[-0.687589   -1.276951   -1.2114663  -0.32742333]
[-0.687589   -1.2114663  -1.3424356  -0.36016566]
[-1.0477546  -1.2114663  -1.473405   -0.26193866]
[-0.9167853  -1.1459817  -1.6043743  -0.58936197]
[-1.1132393 -1.6698589 -1.9317976 -0.9167853]
[-0.85130066 -2.4884174  -2.2592208  -1.7353436 ]
[-2.062767  -2.4229326 -2.7830982 -1.5388896]
[-2.4229326 -2.652129  -3.2742333 -2.3247056]
[-2.6193867 -2.7830982 -3.6016567 -2.6193867]
[-2.750356  -2.8813252 -3.6998837 -2.6848712]
[-2.8158407 -2.8813252 -3.7653682 -2.750356 ]
[-2.8158407 -2.94681   -3.7653682 -2.7830982]
[-2.8158407 -2.9795523 -3.7981105 -2.8158407]
[-2.8158407 -2.9795523 -3.7981105 -2.8158407]
[-2.8158407 -2.9795523 -3.7981105 -2.8158407]
[-2.8158407 -2.9795523 -3.7981105 -2.7830982]
[-2.8158407 -2.94681   -3.7981105 -2.7830982]
[-2.7830982 -2.9140675 -3.7981105 -2.750356 ]
[-2.750356  -2.8813252 -3.732626  -2.7176137]
[-2.750356  -2.8813252 -3.732626  -2.7176137]
[-2.7176137 -2.8813252 -3.6671412 -2.7176137]
[-2.6848712 -2.8158407 -3.634399  -2.6193867]
[-2.4884174 -2.7176137 -3.5034297 -2.5211596]
[-2.2919633 -2.455675  -3.2742333 -2.1937363]
[-2.062767  -2.2592208 -2.9795523 -2.062767 ]
[-2.0955093 -2.1282516 -2.9140675 -2.062767 ]
[-2.3247056 -2.3901904 -3.0777793 -2.3247056]
[-2.455675  -2.6193867 -3.2742333 -2.4884174]
[-2.4884174 -2.5866442 -3.2414908 -2.4229326]
[-2.3574479 -2.3901904 -3.0777793 -2.1937363]
[-2.7830982 -1.768086  -2.750356  -1.5388896]
[-0.39290798 -2.3901904  -1.9972823  -2.3247056 ]
[-1.375178   -1.080497   -1.473405    0.09822699]
[ 0.22919632 -0.98227    -0.55661964 -0.65484667]
[ 0.06548467 -0.03274233 -0.22919632  0.09822699]
[-0.13096933 -0.36016566 -0.09822699 -0.13096933]
[-0.09822699 -0.29468098  0.         -0.09822699]
[-0.13096933 -0.26193866  0.06548467 -0.09822699]
[-0.13096933 -0.22919632  0.06548467 -0.09822699]
[-0.13096933 -0.22919632  0.03274233 -0.03274233]
[-0.09822699 -0.19645399  0.          0.        ]
[-0.06548467 -0.19645399 -0.06548467  0.03274233]
[-0.06548467 -0.22919632 -0.16371167  0.        ]
[-0.09822699 -0.26193866 -0.22919632  0.        ]
[-0.06548467 -0.29468098 -0.26193866 -0.06548467]
[-0.16371167 -0.26193866 -0.29468098 -0.09822699]
[-0.39290798 -0.22919632 -0.39290798 -0.03274233]
[-0.65484667 -0.22919632 -0.491135    0.        ]
[ 0.19645399 -0.7203313  -0.45839265 -0.491135  ]
[-0.29468098 -0.5238773  -0.45839265  0.16371167]
[-0.13096933 -0.42565033 -0.39290798 -0.03274233]
[ 0.58936197 -0.75307363 -0.16371167 -0.39290798]
[-0.03274233 -0.62210435 -0.36016566 -0.78581595]
[-0.36016566 -0.85130066 -0.58936197 -0.03274233]
[-0.491135   -0.9495276  -0.62210435 -0.09822699]
[-0.45839265 -1.080497   -0.687589   -0.29468098]
[-0.687589   -1.1459817  -0.78581595 -0.29468098]
[-1.1132393  -1.0477546  -1.0150123  -0.26193866]
[-1.0150123 -1.4079204 -1.375178  -0.687589 ]
[-1.0477546 -1.768086  -1.866313  -0.884043 ]
[-1.1787239 -1.9972823 -2.3901904 -1.080497 ]
[-1.6698589 -2.062767  -2.94681   -1.2114663]
[-1.96454   -2.0955093 -3.437945  -1.473405 ]
[-1.9317976 -2.4229326 -3.7981105 -1.8335706]
[-1.768086  -2.553902  -3.8635952 -1.7353436]
[-2.1937363 -2.0955093 -3.830853  -1.276951 ]
[-1.6371167 -2.0955093 -3.7653682 -1.5716319]
[-1.6371167 -2.1937363 -3.7653682 -1.3096933]
[-1.5716319 -2.1282516 -3.830853  -1.3096933]
[-1.6043743 -2.160994  -3.92908   -1.375178 ]
[-1.768086  -2.160994  -3.9618223 -1.4079204]
[-1.8335706 -2.0300245 -3.8963375 -1.375178 ]
[-1.6371167 -2.0955093 -3.6998837 -1.4079204]
[-1.6698589 -1.9317976 -3.5689142 -1.2442087]
[-1.7026013 -2.0955093 -3.536172  -1.4406626]
[-1.7353436 -2.2264786 -3.536172  -1.5061473]
[-1.8335706 -2.2919633 -3.536172  -1.5061473]
[-1.866313  -2.2592208 -3.536172  -1.473405 ]
[-1.8008283 -2.2592208 -3.437945  -1.4406626]
[-1.7353436 -2.160994  -3.4052026 -1.4406626]
[-1.6371167 -2.3247056 -3.4052026 -1.6043743]
[-1.5716319 -2.5866442 -3.4052026 -1.866313 ]
[-2.1937363 -2.1937363 -3.536172  -1.473405 ]
[-2.0300245 -2.3901904 -3.3069756 -1.8990552]
[-2.2592208 -1.8008283 -3.1105216 -1.5716319]
[-1.8335706 -2.3574479 -2.9795523 -1.8990552]
[-1.6043743 -2.3901904 -2.750356  -1.6371167]
[-1.5716319 -1.7353436 -2.652129  -1.1459817]
[-1.2442087 -1.7353436 -2.455675  -1.1787239]
[-1.473405  -1.276951  -2.3901904 -0.884043 ]
[-1.2442087 -1.6698589 -2.6193867 -1.4406626]
[-1.4406626 -2.0300245 -2.8813252 -1.4406626]
[-1.473405  -1.9972823 -2.7830982 -1.4079204]
[-2.1937363  -1.1132393  -2.652129   -0.75307363]
[-1.1132393 -1.6698589 -2.3247056 -1.4079204]
[-1.080497   -1.6371167  -2.0300245  -0.78581595]
[-0.29468098 -1.866313   -1.768086   -1.1459817 ]
[-0.884043  -1.4079204 -1.6043743 -0.491135 ]
[-1.473405   -0.81855834 -1.6043743  -0.45839265]
[-0.491135  -1.473405  -1.6043743 -1.3424356]
[-1.1132393 -1.3424356 -1.7026013 -0.7203313]
[-1.4079204  -1.1459817  -1.6698589  -0.85130066]
[-1.5388896 -1.276951  -1.7353436 -1.0150123]
[-1.5061473 -1.5388896 -1.8008283 -1.1787239]
[-0.75307363 -2.062767   -1.768086   -1.5061473 ]
[-1.7026013  -1.4079204  -1.768086   -0.65484667]
[-1.7026013 -1.2442087 -1.866313  -0.98227  ]
[-1.4079204 -2.062767  -2.2264786 -1.375178 ]
[-0.85130066 -2.7830982  -2.4229326  -1.768086  ]
[-2.0955093 -2.2264786 -2.9140675 -1.3424356]
[-2.2264786 -2.4229326 -3.2087486 -2.1282516]
[-2.1282516 -2.4229326 -3.1432638 -2.062767 ]
[-2.5211596 -1.5716319 -2.7176137 -1.1132393]
[-0.78581595 -1.866313   -1.8008283  -1.6371167 ]
[-1.080497   -1.080497   -1.3424356  -0.32742333]
[-0.7203313 -1.2442087 -1.0477546 -0.5238773]
[-0.81855834 -1.1459817  -1.1132393  -0.36016566]
[-0.85130066 -1.4406626  -1.3424356  -0.7203313 ]
[-0.9495276  -1.5716319  -1.5716319  -0.75307363]
[-0.9495276  -1.6698589  -1.6043743  -0.75307363]
[-0.7203313  -1.3424356  -1.473405   -0.55661964]
[-1.2114663  -0.98227    -1.4406626  -0.19645399]
[-0.78581595 -1.1132393  -1.5061473  -0.62210435]
[ 0.03274233 -1.8008283  -1.375178   -1.0477546 ]
[-0.78581595 -1.0477546  -1.2442087  -0.16371167]
[-1.2114663  -0.884043   -1.3096933  -0.39290798]
[-1.0150123 -1.0150123 -1.5388896 -0.7203313]
[-0.5238773 -1.5388896 -1.6371167 -0.9495276]
[-0.687589  -1.473405  -1.7353436 -0.687589 ]
[-0.78581595 -1.5716319  -1.8008283  -0.81855834]
[-1.1787239  -1.473405   -1.96454    -0.65484667]
[-0.9167853 -1.6698589 -2.1282516 -1.0477546]
[-0.9167853 -1.768086  -2.3247056 -1.080497 ]
[-0.9495276 -2.2264786 -2.4229326 -1.6043743]
[-1.9972823 -2.1282516 -2.8813252 -1.6371167]
[-2.4884174 -2.6193867 -3.3397179 -2.3247056]
[-2.6848712 -2.7830982 -3.6016567 -2.5866442]
[-2.750356  -2.848583  -3.6998837 -2.6848712]
[-2.7830982 -2.9140675 -3.7653682 -2.7830982]
[-2.8158407 -2.94681   -3.7653682 -2.7830982]
[-2.8158407 -2.9795523 -3.7653682 -2.8158407]
[-2.8158407 -2.94681   -3.7653682 -2.7830982]
[-2.7830982 -2.94681   -3.7981105 -2.7830982]
[-2.7830982 -2.9140675 -3.7981105 -2.7830982]
[-2.7830982 -2.9140675 -3.7981105 -2.7830982]
[-2.7830982 -2.9140675 -3.7981105 -2.750356 ]
[-2.750356  -2.8813252 -3.732626  -2.750356 ]
[-2.750356  -2.848583  -3.6671412 -2.6848712]
[-2.6848712 -2.848583  -3.634399  -2.6848712]
[-2.652129  -2.8158407 -3.634399  -2.652129 ]
[-2.5211596 -2.7176137 -3.5034297 -2.553902 ]
[-2.2264786 -2.4884174 -3.2414908 -2.2592208]
[-2.062767  -2.1937363 -2.94681   -1.96454  ]
[-2.0300245 -2.0955093 -2.8158407 -1.9972823]
[-2.3574479 -2.2264786 -2.9140675 -2.1282516]
[-2.553902  -2.4884174 -3.1105216 -2.3574479]
[-2.5211596 -2.5866442 -3.1760063 -2.4229326]
[-2.2919633 -2.4884174 -3.045037  -2.2592208]
[-2.848583  -1.768086  -2.7830982 -1.4079204]
[-0.26193866 -2.4229326  -2.0300245  -2.3574479 ]
[-1.1459817  -1.1787239  -1.375178   -0.09822699]
[-0.16371167 -0.78581595 -0.55661964 -0.45839265]
[-0.13096933 -0.26193866 -0.19645399  0.        ]
[-0.06548467 -0.22919632 -0.03274233 -0.03274233]
[-0.03274233 -0.22919632  0.03274233 -0.03274233]
[ 0.         -0.19645399  0.06548467 -0.06548467]
[ 0.03274233 -0.22919632  0.06548467 -0.06548467]
[ 0.03274233 -0.22919632  0.06548467 -0.03274233]
[ 0.         -0.19645399  0.06548467  0.        ]
[-0.03274233 -0.22919632  0.03274233  0.        ]
[-0.06548467 -0.29468098 -0.09822699 -0.06548467]
[-0.13096933 -0.32742333 -0.19645399 -0.09822699]
[-0.16371167 -0.32742333 -0.26193866 -0.13096933]
[-0.29468098 -0.32742333 -0.29468098 -0.16371167]
[-0.42565033 -0.32742333 -0.39290798 -0.09822699]
[-0.75307363 -0.22919632 -0.5238773   0.06548467]
[ 0.26193866 -0.7203313  -0.45839265 -0.491135  ]
[-0.26193866 -0.45839265 -0.42565033  0.19645399]
[-0.06548467 -0.42565033 -0.36016566 -0.03274233]
[ 0.58936197 -0.7203313  -0.09822699 -0.32742333]
[ 0.22919632 -0.491135   -0.32742333 -0.39290798]
[ 0.22919632 -0.39290798 -0.491135    0.16371167]
[-0.06548467 -0.491135   -0.55661964  0.16371167]
[-0.16371167 -0.687589   -0.58936197 -0.03274233]
[-0.58936197 -0.81855834 -0.7203313  -0.09822699]
[-0.98227    -0.9167853  -0.98227    -0.22919632]
[-1.0477546  -1.375178   -1.375178   -0.62210435]
[-1.0150123  -1.7353436  -1.8335706  -0.85130066]
[-1.2114663 -1.9972823 -2.3574479 -1.0477546]
[-1.6698589 -2.0300245 -2.9140675 -1.2442087]
[-1.8335706 -2.2264786 -3.4706872 -1.5716319]
[-1.8008283 -2.4884174 -3.7653682 -1.768086 ]
[-1.7353436 -2.4229326 -3.7653682 -1.7026013]
[-2.2919633 -1.9972823 -3.7653682 -1.2442087]
[-1.7353436 -2.2264786 -3.6998837 -1.7026013]
[-1.7353436 -2.2919633 -3.6998837 -1.4406626]
[-1.768086  -2.2592208 -3.7981105 -1.5061473]
[-1.8008283 -2.3247056 -3.8635952 -1.6043743]
[-1.96454   -2.2919633 -3.8963375 -1.6043743]
[-1.9317976 -2.2264786 -3.7981105 -1.6043743]
[-1.8008283 -2.1937363 -3.6016567 -1.5061473]
[-1.5716319 -2.1282516 -3.4706872 -1.4406626]
[-1.6371167 -2.1282516 -3.4052026 -1.3096933]
[-1.5061473 -2.062767  -3.3724604 -1.4406626]
[-1.6698589 -2.1282516 -3.3724604 -1.4079204]
[-1.7026013 -2.160994  -3.3397179 -1.4079204]
[-1.7353436 -2.1282516 -3.3069756 -1.375178 ]
[-1.768086  -2.0955093 -3.2742333 -1.375178 ]
[-1.6371167 -2.2919633 -3.3069756 -1.5388896]
[-1.5388896 -2.553902  -3.3724604 -1.8335706]
[-2.1282516 -2.2592208 -3.4052026 -1.5716319]
[-2.3247056 -2.2592208 -3.3069756 -1.8008283]
[-2.3247056 -2.160994  -3.2087486 -1.866313 ]
[-1.7026013 -2.6848712 -2.94681   -2.1282516]
[-1.8008283 -2.4884174 -2.750356  -1.6371167]
[-1.6698589 -2.0300245 -2.553902  -1.375178 ]
[-1.7353436 -1.8008283 -2.3901904 -1.1787239]
[-1.7353436 -1.4406626 -2.4884174 -1.2114663]
[-1.7353436 -1.8990552 -2.652129  -1.5716319]
[-1.5388896 -2.1937363 -2.8158407 -1.6371167]
[-1.7026013 -2.160994  -2.8813252 -1.4406626]
[-2.2264786 -1.3096933 -2.7176137 -0.884043 ]
[-1.1132393 -1.7353436 -2.3574479 -1.4406626]
[-1.1787239  -1.6043743  -2.0955093  -0.78581595]
[-0.65484667 -1.866313   -1.8008283  -1.1132393 ]
[-0.9495276 -1.5388896 -1.7353436 -0.7203313]
[-1.5716319  -1.1132393  -1.8008283  -0.58936197]
[-0.58936197 -1.5388896  -1.7026013  -1.375178  ]
[-1.3096933  -1.3096933  -1.768086   -0.75307363]
[-1.5388896 -1.3096933 -1.8335706 -1.0477546]
[-1.5716319 -1.5716319 -1.9317976 -1.2114663]
[-1.473405  -1.768086  -1.9972823 -1.2114663]
[-0.62210435 -2.0955093  -1.866313   -1.4079204 ]
[-1.8008283  -1.2442087  -1.866313   -0.32742333]
[-1.375178  -1.2114663 -1.96454   -0.9167853]
[-1.1787239 -1.9317976 -2.2264786 -1.1787239]
[-0.78581595 -2.553902   -2.5211596  -1.7026013 ]
[-2.160994  -2.2919633 -3.045037  -1.4406626]
[-2.3574479 -2.4884174 -3.3397179 -2.2264786]
[-2.1282516 -2.5211596 -3.2742333 -2.1937363]
[-2.5866442 -1.6371167 -2.750356  -1.1459817]
[-0.9167853 -1.7353436 -1.8008283 -1.473405 ]
[-0.9495276  -1.1787239  -1.276951   -0.39290798]
[-0.7203313 -1.3096933 -1.1132393 -0.5238773]
[-0.65484667 -1.4406626  -1.4079204  -0.65484667]
[-0.85130066 -1.7026013  -1.8008283  -0.9167853 ]
[-0.9167853 -1.7353436 -1.96454   -1.0477546]
[-1.2114663 -1.7353436 -2.0300245 -0.9495276]
[-1.080497  -1.6698589 -1.9972823 -1.1132393]
[-1.4079204 -1.473405  -2.1282516 -0.9167853]
[-0.98227   -1.7353436 -2.1937363 -1.2442087]
[-0.7203313 -1.866313  -1.96454   -1.2442087]
[-1.3424356 -1.4079204 -1.866313  -0.9167853]
[-1.7353436 -1.5388896 -2.062767  -1.1132393]
[-1.5388896 -1.7353436 -2.2264786 -1.1459817]
[-1.0477546 -1.6698589 -2.2264786 -1.1459817]
[-1.1459817 -1.473405  -2.2919633 -0.9495276]
[-1.276951  -1.6371167 -2.3574479 -1.1459817]
[-1.5388896 -1.5716319 -2.5211596 -1.1132393]
[-1.5388896 -1.768086  -2.5866442 -1.1787239]
[-1.473405  -1.7026013 -2.652129  -1.1787239]
[-1.5061473 -1.8990552 -2.7830982 -1.6371167]
[-2.0955093 -2.062767  -3.1432638 -1.9972823]
[-2.5211596 -2.6193867 -3.5034297 -2.5211596]
[-2.6848712 -2.8158407 -3.634399  -2.652129 ]
[-2.750356  -2.848583  -3.6998837 -2.6848712]
[-2.7830982 -2.9140675 -3.732626  -2.750356 ]
[-2.8158407 -2.9140675 -3.732626  -2.750356 ]
[-2.8158407 -2.94681   -3.732626  -2.7830982]
[-2.7830982 -2.9140675 -3.732626  -2.750356 ]
[-2.750356  -2.8813252 -3.732626  -2.750356 ]
[-2.750356  -2.848583  -3.732626  -2.7176137]
[-2.7830982 -2.8813252 -3.7653682 -2.750356 ]
[-2.750356  -2.8813252 -3.7653682 -2.750356 ]
[-2.750356  -2.8813252 -3.732626  -2.7176137]
[-2.750356  -2.848583  -3.6671412 -2.6848712]
[-2.652129  -2.848583  -3.634399  -2.6848712]
[-2.652129  -2.7830982 -3.6016567 -2.6193867]
[-2.4884174 -2.6848712 -3.4706872 -2.5211596]
[-2.1937363 -2.455675  -3.2087486 -2.2592208]
[-2.0300245 -2.1282516 -2.9140675 -1.9317976]
[-1.9972823 -2.062767  -2.7830982 -1.9317976]
[-2.4884174 -2.0955093 -2.8813252 -2.0300245]
[-2.652129  -2.4229326 -3.0777793 -2.4229326]
[-2.750356  -2.750356  -3.1760063 -2.4884174]
[-2.3247056 -2.8158407 -3.045037  -2.3574479]
[-2.94681   -1.9317976 -2.848583  -1.3096933]
[-0.26193866 -2.5211596  -2.0300245  -2.2919633 ]
[-0.884043   -1.2114663  -1.3096933  -0.22919632]
[-0.22919632 -0.687589   -0.5238773  -0.39290798]
[-0.09822699 -0.29468098 -0.16371167 -0.09822699]
[-0.06548467 -0.26193866  0.         -0.09822699]
[-0.06548467 -0.19645399  0.06548467  0.        ]
[-0.03274233 -0.16371167  0.09822699  0.03274233]
[ 0.03274233 -0.13096933  0.09822699  0.06548467]
[ 0.09822699 -0.06548467  0.13096933  0.09822699]
[ 0.09822699 -0.06548467  0.13096933  0.13096933]
[ 0.03274233 -0.09822699  0.06548467  0.06548467]
[-0.03274233 -0.22919632 -0.06548467 -0.03274233]
[-0.09822699 -0.29468098 -0.16371167 -0.09822699]
[-0.16371167 -0.32742333 -0.22919632 -0.13096933]
[-0.26193866 -0.36016566 -0.29468098 -0.19645399]
[-0.32742333 -0.39290798 -0.39290798 -0.19645399]
[-0.62210435 -0.26193866 -0.5238773   0.03274233]
[ 0.26193866 -0.7203313  -0.42565033 -0.45839265]
[-0.16371167 -0.32742333 -0.36016566  0.26193866]
[ 0.         -0.36016566 -0.29468098  0.03274233]
[ 0.58936197 -0.62210435 -0.06548467 -0.26193866]
[-0.03274233 -0.26193866 -0.13096933 -0.09822699]
[ 0.03274233 -0.22919632 -0.36016566  0.36016566]
[-0.03274233 -0.19645399 -0.491135    0.32742333]
[-0.13096933 -0.32742333 -0.55661964  0.09822699]
[-0.62210435 -0.42565033 -0.687589    0.        ]
[-0.9167853  -0.81855834 -0.98227    -0.32742333]
[-0.9495276  -1.4406626  -1.375178   -0.65484667]
[-0.9495276  -1.7353436  -1.768086   -0.85130066]
[-1.2442087 -1.9317976 -2.2592208 -1.0150123]
[-1.6371167 -2.062767  -2.8813252 -1.3096933]
[-1.7353436 -2.3247056 -3.3724604 -1.5716319]
[-1.8990552 -2.3901904 -3.6671412 -1.6043743]
[-1.8335706 -2.2592208 -3.6998837 -1.7353436]
[-2.3247056 -1.96454   -3.732626  -1.4079204]
[-1.8008283 -2.3574479 -3.6671412 -1.866313 ]
[-1.7353436 -2.3901904 -3.6671412 -1.5716319]
[-1.866313  -2.3901904 -3.7653682 -1.5716319]
[-1.866313  -2.3901904 -3.830853  -1.7026013]
[-1.9972823 -2.3574479 -3.830853  -1.6698589]
[-2.0300245 -2.2592208 -3.6998837 -1.6371167]
[-1.9317976 -2.160994  -3.4706872 -1.5388896]
[-1.5061473 -2.2919633 -3.3397179 -1.5716319]
[-1.8990552 -2.062767  -3.2742333 -1.1459817]
[-1.5061473 -1.96454   -3.2414908 -1.4406626]
[-1.6043743 -2.062767  -3.3069756 -1.3424356]
[-1.5716319 -1.9972823 -3.2414908 -1.375178 ]
[-1.8335706 -1.96454   -3.2087486 -1.3096933]
[-1.7353436 -2.0955093 -3.2742333 -1.5061473]
[-1.7353436 -2.3574479 -3.3397179 -1.6371167]
[-1.6371167 -2.553902  -3.3724604 -1.8008283]
[-2.2919633 -2.3901904 -3.437945  -1.6371167]
[-2.2919633 -2.2919633 -3.437945  -1.8990552]
[-2.2919633 -2.455675  -3.3069756 -1.866313 ]
[-1.375178  -2.750356  -3.045037  -2.1282516]
[-1.8008283 -2.3901904 -2.8158407 -1.5061473]
[-1.7353436 -2.160994  -2.5866442 -1.6371167]
[-2.0955093 -1.9972823 -2.5866442 -1.473405 ]
[-2.0300245 -1.9972823 -2.7176137 -1.6043743]
[-1.9972823 -2.2264786 -2.8813252 -1.768086 ]
[-1.6371167 -2.455675  -2.9795523 -2.0300245]
[-1.866313  -2.4884174 -2.9795523 -1.6698589]
[-2.3247056 -1.8008283 -2.9140675 -1.080497 ]
[-1.2442087 -1.8990552 -2.553902  -1.5061473]
[-1.1132393 -1.768086  -2.3247056 -0.98227  ]
[-0.9495276 -1.96454   -2.0955093 -1.3096933]
[-1.1459817 -1.8008283 -1.9972823 -1.1459817]
[-1.8990552  -1.6371167  -2.0955093  -0.78581595]
[-0.9167853 -1.866313  -2.0300245 -1.5716319]
[-1.4406626 -1.473405  -2.062767  -0.98227  ]
[-1.5061473 -1.6371167 -2.1937363 -1.3096933]
[-1.4079204 -1.8335706 -2.2919633 -1.3096933]
[-1.2442087 -1.8008283 -2.2919633 -1.1459817]
[-0.62210435 -1.8990552  -2.0300245  -1.276951  ]
[-1.8008283  -0.9495276  -1.96454    -0.19645399]
[-1.375178  -1.3096933 -2.062767  -0.9495276]
[-1.1459817 -1.866313  -2.2592208 -1.1132393]
[-0.81855834 -2.5211596  -2.553902   -1.6698589 ]
[-2.2592208 -2.2919633 -3.0777793 -1.4406626]
[-2.3574479 -2.4884174 -3.4052026 -2.2919633]
[-2.1937363 -2.5211596 -3.2742333 -2.1937363]
[-2.5866442 -1.6043743 -2.7176137 -1.1459817]
[-0.81855834 -1.7026013  -1.8008283  -1.473405  ]
[-0.9167853  -1.1787239  -1.2114663  -0.36016566]
[-0.85130066 -1.2442087  -1.1132393  -0.58936197]
[-0.75307363 -1.8008283  -1.6698589  -0.9167853 ]
[-1.3424356 -1.866313  -2.1937363 -0.884043 ]
[-1.3096933 -1.7026013 -2.3901904 -1.3096933]
[-1.6371167 -1.768086  -2.5866442 -1.4079204]
[-1.7353436 -1.9972823 -2.652129  -1.6698589]
[-1.9972823 -1.8990552 -2.7830982 -1.473405 ]
[-1.8335706 -2.062767  -2.7830982 -1.5716319]
[-1.6371167 -2.0300245 -2.7176137 -1.7353436]
[-1.8990552 -1.96454   -2.750356  -1.866313 ]
[-2.2264786 -2.2592208 -2.8158407 -1.9317976]
[-2.2264786 -2.2919633 -2.848583  -1.8335706]
[-2.0300245 -2.2264786 -2.848583  -1.8335706]
[-2.062767  -2.0955093 -2.9140675 -1.8335706]
[-2.1282516 -2.2264786 -2.9795523 -1.9972823]
[-2.2592208 -2.3247056 -3.0777793 -2.062767 ]
[-2.2919633 -2.3901904 -3.1105216 -2.1282516]
[-2.3247056 -2.4229326 -3.1760063 -2.1937363]
[-2.4229326 -2.5866442 -3.2742333 -2.3574479]
[-2.553902  -2.652129  -3.4706872 -2.5211596]
[-2.652129  -2.848583  -3.6016567 -2.652129 ]
[-2.7176137 -2.8158407 -3.634399  -2.652129 ]
[-2.7176137 -2.8158407 -3.634399  -2.6848712]
[-2.750356  -2.8813252 -3.6671412 -2.7176137]
[-2.7830982 -2.9140675 -3.6998837 -2.750356 ]
[-2.7830982 -2.94681   -3.6998837 -2.7830982]
[-2.750356  -2.9140675 -3.6671412 -2.750356 ]
[-2.7176137 -2.8813252 -3.634399  -2.7176137]
[-2.750356  -2.848583  -3.6671412 -2.6848712]
[-2.750356  -2.848583  -3.6998837 -2.7176137]
[-2.750356  -2.8813252 -3.6998837 -2.750356 ]
[-2.750356  -2.8813252 -3.6998837 -2.7176137]
[-2.750356  -2.848583  -3.6671412 -2.6848712]
[-2.652129  -2.848583  -3.6016567 -2.6848712]
[-2.652129  -2.750356  -3.5689142 -2.5866442]
[-2.455675  -2.652129  -3.437945  -2.4884174]
[-2.1937363 -2.4229326 -3.1760063 -2.2264786]
[-2.0300245 -2.1282516 -2.8813252 -1.9317976]
[-1.9972823 -2.062767  -2.750356  -1.8990552]
[-2.455675  -2.0300245 -2.8813252 -1.9317976]
[-2.2592208 -2.4229326 -3.1105216 -2.4884174]
[-2.160994  -2.750356  -3.1760063 -2.4229326]
[-1.8008283 -2.750356  -2.94681   -2.2264786]
[-2.750356  -1.768086  -2.6848712 -1.080497 ]
[-0.26193866 -2.4229326  -1.9317976  -2.160994  ]
[-0.85130066 -1.1787239  -1.2114663  -0.16371167]
[-0.32742333 -0.58936197 -0.45839265 -0.26193866]
[-0.03274233 -0.26193866 -0.09822699 -0.09822699]
[-0.06548467 -0.22919632  0.03274233  0.        ]
[-0.03274233 -0.13096933  0.09822699 -0.03274233]
[-0.06548467 -0.19645399  0.09822699  0.        ]
[-0.03274233 -0.19645399  0.09822699  0.        ]
[ 0.03274233 -0.16371167  0.09822699  0.03274233]
[ 0.03274233 -0.13096933  0.09822699  0.06548467]
[ 0.03274233 -0.13096933  0.06548467  0.03274233]
[ 0.         -0.19645399 -0.03274233 -0.03274233]
[-0.13096933 -0.22919632 -0.13096933 -0.06548467]
[-0.16371167 -0.29468098 -0.19645399 -0.13096933]
[-0.26193866 -0.32742333 -0.26193866 -0.16371167]
[-0.42565033 -0.36016566 -0.36016566 -0.13096933]
[-0.5238773  -0.26193866 -0.491135    0.        ]
[ 0.09822699 -0.65484667 -0.42565033 -0.32742333]
[-0.13096933 -0.22919632 -0.36016566  0.22919632]
[-0.06548467 -0.32742333 -0.29468098  0.        ]
[ 0.55661964 -0.58936197 -0.06548467 -0.29468098]
[-0.09822699 -0.36016566 -0.09822699 -0.45839265]
[-0.32742333 -0.58936197 -0.32742333 -0.06548467]
[-0.45839265 -0.5238773  -0.42565033  0.        ]
[-0.58936197 -0.55661964 -0.55661964 -0.06548467]
[-0.884043   -0.58936197 -0.75307363 -0.16371167]
[-0.85130066 -1.0150123  -1.0150123  -0.5238773 ]
[-0.98227    -1.4406626  -1.3424356  -0.55661964]
[-0.9167853  -1.7353436  -1.7026013  -0.81855834]
[-1.1787239 -1.8990552 -2.1937363 -1.0150123]
[-1.5716319 -2.0955093 -2.750356  -1.3096933]
[-1.8008283 -2.3247056 -3.2414908 -1.6043743]
[-2.0955093 -2.3574479 -3.6016567 -1.7353436]
[-2.1282516 -2.4229326 -3.732626  -1.9317976]
[-2.455675  -2.0955093 -3.6998837 -1.5716319]
[-1.8990552 -2.4229326 -3.634399  -1.9317976]
[-1.8008283 -2.4884174 -3.6016567 -1.6698589]
[-1.9972823 -2.455675  -3.7653682 -1.6371167]
[-1.9972823 -2.455675  -3.7981105 -1.8008283]
[-2.1282516 -2.4229326 -3.7981105 -1.8008283]
[-2.2264786 -2.3574479 -3.6998837 -1.7353436]
[-2.062767  -2.2919633 -3.536172  -1.768086 ]
[-1.6043743 -2.553902  -3.3397179 -1.8990552]
[-2.2592208 -2.2264786 -3.3069756 -1.3424356]
[-1.768086  -2.3901904 -3.3397179 -1.866313 ]
[-2.0300245 -2.3574479 -3.3724604 -1.5388896]
[-1.96454   -2.2264786 -3.3724604 -1.6043743]
[-2.062767  -2.160994  -3.437945  -1.6043743]
[-1.8990552 -2.3247056 -3.4706872 -1.7353436]
[-1.8990552 -2.553902  -3.536172  -1.768086 ]
[-1.6698589 -2.7176137 -3.5689142 -2.0300245]
[-2.3574479 -2.455675  -3.6671412 -1.7026013]
[-2.1937363 -2.4884174 -3.634399  -2.0300245]
[-2.1282516 -2.4229326 -3.4706872 -1.7353436]
[-1.3096933 -2.652129  -3.1760063 -1.96454  ]
[-1.8008283 -2.1937363 -3.0122945 -1.4079204]
[-1.768086  -2.160994  -2.8813252 -1.8335706]
[-1.9972823 -2.160994  -2.9140675 -1.768086 ]
[-1.9317976 -2.3574479 -3.0122945 -1.8335706]
[-1.8335706 -2.2919633 -3.1760063 -1.7026013]
[-1.4079204 -2.4884174 -3.1760063 -1.9972823]
[-1.6371167 -2.2592208 -3.0777793 -1.7026013]
[-2.0955093 -1.9317976 -3.0777793 -1.2442087]
[-1.276951  -2.0955093 -2.848583  -1.5716319]
[-1.080497  -1.6698589 -2.553902  -1.080497 ]
[-1.080497  -1.8008283 -2.455675  -1.2114663]
[-1.080497  -1.8990552 -2.3901904 -1.5388896]
[-1.8335706 -1.7353436 -2.455675  -1.1787239]
[-1.5061473 -2.160994  -2.4229326 -1.6698589]
[-1.7026013 -1.7353436 -2.4884174 -1.3424356]
[-1.7353436 -1.9317976 -2.6193867 -1.473405 ]
[-1.5716319 -1.8990552 -2.6193867 -1.375178 ]
[-1.4079204 -1.7353436 -2.5866442 -1.1787239]
[-1.0477546 -1.6698589 -2.3247056 -1.2442087]
[-1.866313   -0.81855834 -2.1937363  -0.491135  ]
[-1.4406626 -1.4406626 -2.1937363 -1.1132393]
[-1.2442087 -1.866313  -2.3247056 -1.1459817]
[-0.81855834 -2.553902   -2.553902   -1.7353436 ]
[-2.2264786 -2.3247056 -3.0777793 -1.473405 ]
[-2.3247056 -2.5211596 -3.4052026 -2.2592208]
[-2.2264786 -2.455675  -3.2414908 -2.160994 ]
[-2.455675  -1.5716319 -2.652129  -1.2114663]
[-0.85130066 -1.768086   -1.7353436  -1.3424356 ]
[-1.0150123  -1.1132393  -1.1459817  -0.26193866]
[-0.81855834 -1.3424356  -1.2114663  -0.85130066]
[-0.9167853 -2.1937363 -1.8335706 -1.4079204]
[-2.062767  -2.1937363 -2.5211596 -1.276951 ]
[-2.160994  -2.2264786 -2.8813252 -1.9972823]
[-2.3247056 -2.4229326 -3.1432638 -2.2264786]
[-2.3901904 -2.6193867 -3.2414908 -2.3574479]
[-2.5211596 -2.5866442 -3.3397179 -2.3247056]
[-2.553902  -2.7176137 -3.3724604 -2.455675 ]
[-2.5211596 -2.6848712 -3.4052026 -2.4884174]
[-2.553902  -2.7176137 -3.3724604 -2.455675 ]
[-2.553902  -2.7176137 -3.3397179 -2.4884174]
[-2.5866442 -2.7176137 -3.3397179 -2.4884174]
[-2.553902  -2.750356  -3.3397179 -2.5211596]
[-2.5866442 -2.750356  -3.3724604 -2.553902 ]
[-2.5866442 -2.750356  -3.3724604 -2.553902 ]
[-2.6193867 -2.8158407 -3.4052026 -2.5866442]
[-2.6193867 -2.8158407 -3.4706872 -2.6193867]
[-2.6848712 -2.848583  -3.5034297 -2.652129 ]
[-2.750356  -2.8813252 -3.5689142 -2.6848712]
[-2.7830982 -2.9140675 -3.634399  -2.6848712]
[-2.7176137 -2.8813252 -3.634399  -2.6848712]
[-2.6848712 -2.7830982 -3.6016567 -2.5866442]
[-2.6193867 -2.7830982 -3.5689142 -2.6193867]
[-2.6193867 -2.750356  -3.5034297 -2.6193867]
[-2.6193867 -2.750356  -3.4706872 -2.6193867]
[-2.6193867 -2.750356  -3.4706872 -2.6193867]
[-2.6193867 -2.750356  -3.4706872 -2.5866442]
[-2.5866442 -2.7176137 -3.437945  -2.5866442]
[-2.6193867 -2.7176137 -3.4706872 -2.5866442]
[-2.6193867 -2.750356  -3.5034297 -2.5866442]
[-2.6193867 -2.7176137 -3.5034297 -2.5866442]
[-2.5866442 -2.6848712 -3.4706872 -2.5866442]
[-2.5866442 -2.6848712 -3.437945  -2.553902 ]
[-2.5211596 -2.6848712 -3.3724604 -2.553902 ]
[-2.4884174 -2.5866442 -3.3397179 -2.455675 ]
[-2.3247056 -2.5211596 -3.2087486 -2.3574479]
[-2.0955093 -2.2919633 -2.94681   -2.1282516]
[-1.96454   -2.062767  -2.6848712 -1.8990552]
[-1.866313  -1.96454   -2.553902  -1.8335706]
[-2.0955093 -1.8990552 -2.7176137 -1.7026013]
[-1.7026013 -2.160994  -2.848583  -1.9317976]
[-1.473405  -1.9972823 -2.7830982 -1.6043743]
[-1.3096933 -1.8335706 -2.553902  -1.473405 ]
[-2.2919633 -1.0477546 -2.3901904 -0.687589 ]
[-0.06548467 -2.0955093  -1.8008283  -2.0300245 ]
[-0.75307363 -1.1459817  -1.1132393  -0.19645399]
[-0.39290798 -0.55661964 -0.39290798 -0.26193866]
[-0.19645399 -0.36016566 -0.06548467 -0.13096933]
[-0.19645399 -0.22919632  0.06548467 -0.03274233]
[-0.09822699 -0.29468098  0.09822699 -0.09822699]
[-0.09822699 -0.29468098  0.06548467 -0.09822699]
[-0.06548467 -0.29468098  0.06548467 -0.09822699]
[-0.03274233 -0.26193866  0.09822699 -0.03274233]
[-0.03274233 -0.19645399  0.13096933  0.03274233]
[-0.06548467 -0.16371167  0.06548467  0.03274233]
[-0.06548467 -0.19645399  0.         -0.03274233]
[-0.13096933 -0.26193866 -0.09822699 -0.09822699]
[-0.16371167 -0.32742333 -0.19645399 -0.16371167]
[-0.26193866 -0.36016566 -0.26193866 -0.16371167]
[-0.491135   -0.36016566 -0.36016566 -0.16371167]
[-0.42565033 -0.45839265 -0.491135   -0.22919632]
[-0.16371167 -0.7203313  -0.42565033 -0.29468098]
[-0.22919632 -0.36016566 -0.36016566  0.        ]
[-0.19645399 -0.45839265 -0.32742333 -0.09822699]
[ 0.491135   -0.687589   -0.09822699 -0.36016566]
[-0.09822699 -0.39290798 -0.09822699 -0.491135  ]
[-0.32742333 -0.65484667 -0.29468098 -0.13096933]
[-0.42565033 -0.687589   -0.45839265 -0.19645399]
[-0.7203313  -0.687589   -0.58936197 -0.19645399]
[-1.080497   -0.687589   -0.78581595 -0.19645399]
[-0.884043   -1.1459817  -1.0150123  -0.55661964]
[-0.9167853  -1.473405   -1.3096933  -0.58936197]
[-0.884043   -1.7353436  -1.6698589  -0.81855834]
[-1.1459817 -1.9317976 -2.1282516 -0.98227  ]
[-1.5388896 -2.062767  -2.652129  -1.3096933]
[-1.866313  -2.2919633 -3.1432638 -1.7026013]
[-2.1937363 -2.455675  -3.536172  -1.96454  ]
[-2.3574479 -2.5866442 -3.732626  -2.0955093]
[-2.5866442 -2.2592208 -3.6998837 -1.7353436]
[-1.96454   -2.553902  -3.6671412 -2.0955093]
[-1.8990552 -2.6193867 -3.6671412 -1.866313 ]
[-2.2264786 -2.6193867 -3.830853  -1.8335706]
[-2.2919633 -2.6848712 -3.92908   -2.062767 ]
[-2.3901904 -2.6848712 -3.9618223 -2.0955093]
[-2.4229326 -2.6193867 -3.8963375 -2.0300245]
[-2.160994  -2.6193867 -3.7653682 -1.9972823]
[-1.768086  -2.7830982 -3.536172  -2.0955093]
[-2.3247056 -2.3901904 -3.536172  -1.6698589]
[-1.9972823 -2.7830982 -3.6016567 -2.2264786]
[-2.1937363 -2.652129  -3.634399  -1.96454  ]
[-2.160994  -2.6193867 -3.732626  -2.062767 ]
[-2.1282516 -2.553902  -3.7981105 -1.96454  ]
[-1.8990552 -2.6193867 -3.7981105 -1.9972823]
[-1.8008283 -2.5211596 -3.7981105 -1.8990552]
[-1.8335706 -2.6193867 -3.7653682 -1.9972823]
[-2.2919633 -2.3574479 -3.8963375 -1.8335706]
[-2.1282516 -2.5866442 -3.8963375 -2.0955093]
[-1.8990552 -2.3901904 -3.732626  -1.8335706]
[-1.5716319 -2.4884174 -3.3724604 -1.9317976]
[-2.062767  -2.062767  -3.2742333 -1.5716319]
[-2.062767  -2.3901904 -3.3069756 -2.0300245]
[-2.062767  -2.3247056 -3.2742333 -1.96454  ]
[-2.0955093 -2.3247056 -3.2742333 -1.8335706]
[-2.0300245 -2.2264786 -3.3724604 -1.6698589]
[-1.866313  -2.2592208 -3.4052026 -1.8008283]
[-1.8008283 -2.1282516 -3.3397179 -1.866313 ]
[-2.0955093 -1.96454   -3.3069756 -1.6043743]
[-1.8335706 -2.160994  -3.0777793 -1.5716319]
[-1.6043743 -1.8008283 -2.8813252 -1.4079204]
[-1.6698589 -1.768086  -2.848583  -1.4406626]
[-1.7026013 -2.062767  -2.8813252 -1.768086 ]
[-1.96454   -1.96454   -2.94681   -1.7026013]
[-1.96454   -2.2919633 -2.9140675 -1.96454  ]
[-2.0300245 -2.160994  -2.9795523 -1.8990552]
[-2.160994  -2.2919633 -3.0122945 -1.8990552]
[-2.0955093 -2.2264786 -3.0122945 -1.8990552]
[-1.9972823 -2.1282516 -2.94681   -1.768086 ]
[-1.768086  -1.9317976 -2.6848712 -1.6043743]
[-2.1282516 -1.2114663 -2.4884174 -0.9495276]
[-1.5061473 -1.5388896 -2.2919633 -1.2442087]
[-1.3096933 -1.866313  -2.3247056 -1.1459817]
[-0.81855834 -2.553902   -2.5211596  -1.8008283 ]
[-2.2592208 -2.3574479 -3.0777793 -1.4406626]
[-2.3247056 -2.4884174 -3.3724604 -2.1937363]
[-2.2592208 -2.4229326 -3.2742333 -2.0955093]
[-2.3574479 -1.6371167 -2.6848712 -1.276951 ]
[-1.1132393 -1.6698589 -1.6698589 -1.2442087]
[-1.2114663  -1.1787239  -1.2114663  -0.36016566]
[-0.98227   -1.6698589 -1.375178  -1.0150123]
[-0.9495276 -2.4884174 -1.9972823 -1.7026013]
[-2.2264786 -2.4229326 -2.7830982 -1.7353436]
[-2.4884174 -2.652129  -3.2087486 -2.4884174]
[-2.6848712 -2.848583  -3.4706872 -2.6193867]
[-2.750356  -2.94681   -3.6016567 -2.7176137]
[-2.7830982 -2.94681   -3.6671412 -2.750356 ]
[-2.8158407 -2.9795523 -3.7653682 -2.7830982]
[-2.8158407 -2.9795523 -3.7653682 -2.750356 ]
[-2.750356  -2.9140675 -3.6998837 -2.750356 ]
[-2.750356  -2.8813252 -3.6671412 -2.6848712]
[-2.7176137 -2.8813252 -3.634399  -2.7176137]
[-2.6848712 -2.8813252 -3.6016567 -2.7176137]
[-2.750356  -2.8158407 -3.5689142 -2.5866442]
[-2.6848712 -2.8158407 -3.536172  -2.652129 ]
[-2.7176137 -2.8158407 -3.5689142 -2.652129 ]
[-2.7830982 -2.8813252 -3.5689142 -2.6848712]
[-2.7830982 -2.8813252 -3.634399  -2.7176137]
[-2.7830982 -2.94681   -3.6998837 -2.7830982]
[-2.750356  -2.9140675 -3.6998837 -2.750356 ]
[-2.652129  -2.848583  -3.6016567 -2.6848712]
[-2.553902  -2.7176137 -3.4706872 -2.553902 ]
[-2.4229326 -2.6193867 -3.3069756 -2.455675 ]
[-2.3574479 -2.455675  -3.1432638 -2.2919633]
[-2.2592208 -2.3901904 -3.045037  -2.2919633]
[-2.2264786 -2.3574479 -3.0122945 -2.2919633]
[-2.2264786 -2.3574479 -2.9795523 -2.2592208]
[-2.2264786 -2.3247056 -2.9795523 -2.2592208]
[-2.2264786 -2.3247056 -3.0122945 -2.2592208]
[-2.2264786 -2.3574479 -3.0122945 -2.2592208]
[-2.160994  -2.3247056 -3.0122945 -2.2264786]
[-2.0955093 -2.2592208 -2.9140675 -2.160994 ]
[-2.0300245 -2.1937363 -2.848583  -2.1282516]
[-1.9972823 -2.1282516 -2.7830982 -2.0955093]
[-1.8990552 -2.0955093 -2.750356  -2.0300245]
[-1.8335706 -1.9972823 -2.652129  -1.8990552]
[-1.6698589 -1.8335706 -2.4229326 -1.768086 ]
[-1.5716319 -1.7026013 -2.1937363 -1.6043743]
[-1.5061473 -1.6371167 -2.0955093 -1.5716319]
[-1.473405  -1.5716319 -2.160994  -1.375178 ]
[-1.3096933 -1.6043743 -2.1937363 -1.276951 ]
[-1.080497  -1.276951  -2.1282516 -1.1132393]
[-1.0150123 -1.276951  -2.062767  -1.1787239]
[-1.96454    -0.75307363 -2.1282516  -0.65484667]
[-0.09822699 -1.8335706  -1.6043743  -1.8008283 ]
[-0.65484667 -0.98227    -1.0477546  -0.19645399]
[-0.39290798 -0.58936197 -0.42565033 -0.29468098]
[-0.13096933 -0.42565033 -0.09822699 -0.22919632]
[-0.16371167 -0.36016566  0.         -0.13096933]
[-0.09822699 -0.36016566  0.06548467 -0.13096933]
[-0.09822699 -0.32742333  0.06548467 -0.06548467]
[-0.09822699 -0.29468098  0.06548467 -0.03274233]
[-0.09822699 -0.26193866  0.09822699 -0.03274233]
[-0.09822699 -0.22919632  0.09822699 -0.03274233]
[-0.13096933 -0.26193866  0.06548467 -0.06548467]
[-0.13096933 -0.32742333 -0.03274233 -0.13096933]
[-0.19645399 -0.32742333 -0.09822699 -0.13096933]
[-0.22919632 -0.36016566 -0.16371167 -0.13096933]
[-0.26193866 -0.39290798 -0.26193866 -0.19645399]
[-0.491135   -0.39290798 -0.39290798 -0.19645399]
[-0.36016566 -0.5238773  -0.45839265 -0.32742333]
[-0.29468098 -0.58936197 -0.42565033 -0.19645399]
[-0.29468098 -0.45839265 -0.39290798 -0.09822699]
[-0.29468098 -0.5238773  -0.36016566 -0.09822699]
[ 0.491135   -0.78581595 -0.13096933 -0.42565033]
[-0.09822699 -0.42565033 -0.09822699 -0.491135  ]
[-0.32742333 -0.62210435 -0.29468098 -0.13096933]
[-0.491135   -0.65484667 -0.42565033 -0.13096933]
[-0.78581595 -0.62210435 -0.55661964 -0.13096933]
[-1.0477546  -0.7203313  -0.81855834 -0.22919632]
[-0.85130066 -1.2114663  -1.0477546  -0.58936197]
[-0.9167853  -1.5061473  -1.3096933  -0.55661964]
[-0.884043   -1.8008283  -1.6371167  -0.81855834]
[-1.1459817 -1.8990552 -2.062767  -0.98227  ]
[-1.6371167 -2.062767  -2.5866442 -1.3096933]
[-1.9972823 -2.2919633 -3.0777793 -1.768086 ]
[-2.2592208 -2.553902  -3.4706872 -2.0955093]
[-2.455675  -2.652129  -3.6998837 -2.160994 ]
[-2.4884174 -2.455675  -3.7981105 -1.9317976]
[-1.8990552 -2.7176137 -3.7653682 -2.160994 ]
[-1.866313  -2.652129  -3.7653682 -1.96454  ]
[-2.2264786 -2.652129  -3.9945645 -2.0300245]
[-2.3574479 -2.848583  -4.158276  -2.3247056]
[-2.5211596 -2.8813252 -4.1910186 -2.3574479]
[-2.455675  -2.848583  -4.158276  -2.2919633]
[-2.2264786 -2.848583  -4.060049  -2.1937363]
[-2.0300245 -2.750356  -3.830853  -2.160994 ]
[-2.2919633 -2.455675  -3.8635952 -1.96454  ]
[-2.2592208 -2.848583  -3.8963375 -2.3247056]
[-2.455675  -2.652129  -3.9618223 -2.1937363]
[-2.553902  -2.7830982 -4.060049  -2.2592208]
[-2.5211596 -2.7176137 -4.125534  -2.1937363]
[-2.4229326 -2.6193867 -4.0927916 -2.0955093]
[-2.3247056 -2.5211596 -4.0927916 -2.0955093]
[-2.3247056 -2.5866442 -4.0927916 -2.2592208]
[-2.5866442 -2.553902  -4.1910186 -2.2919633]
[-2.553902  -2.7176137 -4.125534  -2.2919633]
[-2.4229326 -2.5211596 -3.92908   -2.0955093]
[-2.2264786 -2.553902  -3.6998837 -2.2264786]
[-2.455675  -2.4229326 -3.6998837 -2.2592208]
[-2.5866442 -2.6848712 -3.6671412 -2.3901904]
[-2.553902  -2.6848712 -3.6016567 -2.3247056]
[-2.4884174 -2.6193867 -3.6016567 -2.3247056]
[-2.4884174 -2.6193867 -3.6671412 -2.3247056]
[-2.5211596 -2.6848712 -3.6998837 -2.3574479]
[-2.455675  -2.6193867 -3.6998837 -2.3574479]
[-2.3901904 -2.553902  -3.5689142 -2.2919633]
[-2.2919633 -2.4884174 -3.3724604 -2.1282516]
[-2.2592208 -2.3901904 -3.2414908 -2.0955093]
[-2.2592208 -2.4229326 -3.2742333 -2.1937363]
[-2.3247056 -2.5211596 -3.2742333 -2.2592208]
[-2.3901904 -2.5211596 -3.3069756 -2.2592208]
[-2.3901904 -2.5866442 -3.3069756 -2.2919633]
[-2.4229326 -2.553902  -3.2742333 -2.2919633]
[-2.4884174 -2.5866442 -3.3069756 -2.3247056]
[-2.455675  -2.6193867 -3.3069756 -2.3574479]
[-2.2919633 -2.5211596 -3.2087486 -2.2592208]
[-2.0955093 -2.2264786 -2.94681   -1.8990552]
[-2.2592208 -1.5061473 -2.5866442 -1.1459817]
[-1.5061473 -1.5388896 -2.2264786 -1.2114663]
[-1.080497  -1.866313  -2.2592208 -1.1787239]
[-0.81855834 -2.5211596  -2.4884174  -1.7026013 ]
[-2.1937363 -2.2592208 -3.0122945 -1.4079204]
[-2.3247056 -2.5866442 -3.4052026 -2.2592208]
[-2.2919633 -2.4229326 -3.3069756 -2.062767 ]
[-2.3247056 -1.768086  -2.750356  -1.3096933]
[-1.1132393 -1.6698589 -1.8008283 -1.3096933]
[-1.0150123  -1.3424356  -1.3424356  -0.62210435]
[-1.0150123 -1.866313  -1.4406626 -0.98227  ]
[-0.9167853 -2.455675  -2.0300245 -1.7026013]
[-2.3247056 -2.4229326 -2.8158407 -1.6371167]
[-2.5211596 -2.6193867 -3.3069756 -2.455675 ]
[-2.6848712 -2.848583  -3.6016567 -2.6848712]
[-2.8158407 -2.9140675 -3.732626  -2.750356 ]
[-2.848583  -2.9795523 -3.830853  -2.8158407]
[-2.8813252 -3.0122945 -3.8963375 -2.848583 ]
[-2.8813252 -3.0122945 -3.8963375 -2.848583 ]
[-2.8158407 -2.94681   -3.830853  -2.8158407]
[-2.7830982 -2.94681   -3.7653682 -2.750356 ]
[-2.7830982 -2.9140675 -3.732626  -2.7176137]
[-2.7830982 -2.8813252 -3.6671412 -2.6848712]
[-2.750356  -2.848583  -3.6671412 -2.7176137]
[-2.7176137 -2.8813252 -3.634399  -2.7176137]
[-2.7176137 -2.8813252 -3.6016567 -2.7176137]
[-2.750356  -2.8813252 -3.634399  -2.750356 ]
[-2.7830982 -2.94681   -3.6998837 -2.7830982]
[-2.8158407 -2.94681   -3.6998837 -2.7830982]
[-2.750356  -2.8813252 -3.6998837 -2.7176137]
[-2.6193867 -2.7830982 -3.536172  -2.5866442]
[-2.3247056 -2.553902  -3.3069756 -2.3901904]
[-2.0300245 -2.3247056 -2.9140675 -2.1282516]
[-1.8335706 -1.9972823 -2.5866442 -1.866313 ]
[-1.6698589 -1.8008283 -2.3247056 -1.768086 ]
[-1.6043743 -1.768086  -2.2264786 -1.7026013]
[-1.6043743 -1.7026013 -2.2264786 -1.6698589]
[-1.6043743 -1.7026013 -2.2264786 -1.6698589]
[-1.5716319 -1.7353436 -2.2592208 -1.7026013]
[-1.5388896 -1.7353436 -2.2592208 -1.6698589]
[-1.473405  -1.6698589 -2.1937363 -1.6043743]
[-1.375178  -1.5388896 -2.062767  -1.473405 ]
[-1.276951  -1.4079204 -1.96454   -1.4079204]
[-1.2114663 -1.3424356 -1.8990552 -1.3424356]
[-1.1132393 -1.3096933 -1.8990552 -1.3096933]
[-1.1132393 -1.2114663 -1.8335706 -1.1787239]
[-1.0150123 -1.1459817 -1.7353436 -1.1459817]
[-0.9495276 -1.1132393 -1.5716319 -1.080497 ]
[-0.9167853 -1.1132393 -1.473405  -1.0477546]
[-0.884043  -1.0477546 -1.4406626 -0.9495276]
[-0.9167853  -0.98227    -1.4406626  -0.85130066]
[-0.85130066 -0.9495276  -1.473405   -0.9167853 ]
[-0.98227   -0.98227   -1.5388896 -0.9495276]
[-1.8008283  -0.65484667 -1.768086   -0.5238773 ]
[-0.29468098 -1.5061473  -1.4406626  -1.5388896 ]
[-0.491135   -0.884043   -1.0150123  -0.39290798]
[-0.42565033 -0.75307363 -0.5238773  -0.26193866]
[-0.13096933 -0.39290798 -0.16371167 -0.13096933]
[-0.06548467 -0.29468098  0.         -0.03274233]
[ 0.03274233 -0.29468098  0.03274233 -0.03274233]
[ 0.         -0.22919632  0.06548467  0.        ]
[ 0.         -0.22919632  0.06548467  0.        ]
[ 0.         -0.22919632  0.06548467 -0.03274233]
[-0.03274233 -0.22919632  0.09822699 -0.03274233]
[-0.09822699 -0.29468098  0.06548467 -0.06548467]
[-0.13096933 -0.32742333  0.         -0.09822699]
[-0.19645399 -0.39290798 -0.09822699 -0.16371167]
[-0.19645399 -0.39290798 -0.16371167 -0.19645399]
[-0.29468098 -0.42565033 -0.22919632 -0.19645399]
[-0.491135   -0.39290798 -0.39290798 -0.16371167]
[-0.42565033 -0.5238773  -0.45839265 -0.26193866]
[-0.32742333 -0.5238773  -0.45839265 -0.22919632]
[-0.36016566 -0.55661964 -0.42565033 -0.19645399]
[-0.29468098 -0.58936197 -0.39290798 -0.16371167]
[ 0.491135   -0.884043   -0.16371167 -0.491135  ]
[-0.13096933 -0.42565033 -0.09822699 -0.5238773 ]
[-0.32742333 -0.65484667 -0.29468098 -0.13096933]
[-0.45839265 -0.65484667 -0.39290798 -0.16371167]
[-0.78581595 -0.62210435 -0.55661964 -0.13096933]
[-1.0150123  -0.78581595 -0.81855834 -0.22919632]
[-0.75307363 -1.276951   -1.080497   -0.55661964]
[-0.85130066 -1.4406626  -1.3096933  -0.5238773 ]
[-0.85130066 -1.7353436  -1.6371167  -0.81855834]
[-1.2114663 -1.96454   -2.062767  -1.0477546]
[-1.7026013 -2.1282516 -2.553902  -1.4079204]
[-2.062767  -2.3901904 -3.045037  -1.866313 ]
[-2.3247056 -2.6193867 -3.437945  -2.160994 ]
[-2.4884174 -2.7176137 -3.6998837 -2.2592208]
[-2.5211596 -2.652129  -3.830853  -2.062767 ]
[-2.2264786 -2.7176137 -3.830853  -2.0955093]
[-2.1937363 -2.5866442 -3.8963375 -2.062767 ]
[-2.4884174 -2.7176137 -4.1910186 -2.2592208]
[-2.7176137 -2.9140675 -4.3874726 -2.5211596]
[-2.8158407 -2.9795523 -4.452957  -2.5866442]
[-2.8158407 -3.0122945 -4.420215  -2.5866442]
[-2.7830982 -2.9795523 -4.321988  -2.455675 ]
[-2.750356  -2.9140675 -4.223761  -2.4884174]
[-2.8158407 -2.848583  -4.256503  -2.5211596]
[-2.8813252 -3.045037  -4.2892456 -2.652129 ]
[-2.9140675 -3.045037  -4.35473   -2.7830982]
[-3.0122945 -3.1760063 -4.420215  -2.8813252]
[-3.045037  -3.2087486 -4.452957  -2.848583 ]
[-3.0122945 -3.1432638 -4.420215  -2.8158407]
[-2.94681   -3.1760063 -4.420215  -2.8813252]
[-3.0122945 -3.1432638 -4.420215  -2.8813252]
[-3.0777793 -3.1760063 -4.420215  -2.8813252]
[-2.9795523 -3.1432638 -4.35473   -2.8813252]
[-2.8813252 -3.0777793 -4.223761  -2.8158407]
[-2.8158407 -3.045037  -4.060049  -2.7830982]
[-2.94681   -3.045037  -3.9945645 -2.750356 ]
[-2.8813252 -3.0777793 -3.92908   -2.8158407]
[-2.8158407 -3.045037  -3.8963375 -2.7830982]
[-2.8158407 -3.0122945 -3.8635952 -2.7176137]
[-2.7830982 -3.0122945 -3.8635952 -2.750356 ]
[-2.750356  -2.94681   -3.8963375 -2.7176137]
[-2.6848712 -2.8813252 -3.830853  -2.6193867]
[-2.553902  -2.7830982 -3.6671412 -2.4884174]
[-2.455675  -2.652129  -3.5034297 -2.3901904]
[-2.4229326 -2.5866442 -3.4052026 -2.3574479]
[-2.4884174 -2.6193867 -3.4052026 -2.3574479]
[-2.4884174 -2.652129  -3.437945  -2.4229326]
[-2.4884174 -2.652129  -3.437945  -2.455675 ]
[-2.4884174 -2.652129  -3.4052026 -2.4229326]
[-2.4884174 -2.652129  -3.3724604 -2.455675 ]
[-2.5211596 -2.652129  -3.3724604 -2.455675 ]
[-2.5211596 -2.6848712 -3.3397179 -2.4229326]
[-2.3247056 -2.553902  -3.2087486 -2.3247056]
[-2.1282516 -2.2592208 -2.94681   -1.9317976]
[-2.062767  -1.5716319 -2.553902  -1.1787239]
[-1.5388896 -1.3424356 -2.1282516 -1.0150123]
[-0.7203313 -1.7026013 -2.0955093 -1.1459817]
[-0.9495276 -2.3901904 -2.4229326 -1.4079204]
[-2.0300245 -1.9972823 -2.9795523 -1.473405 ]
[-2.3574479 -2.553902  -3.4052026 -2.2264786]
[-2.2592208 -2.4229326 -3.3397179 -2.062767 ]
[-2.2264786 -1.8008283 -2.8158407 -1.3424356]
[-1.1459817 -1.5388896 -1.8990552 -1.080497 ]
[-0.81855834 -1.2114663  -1.3424356  -0.491135  ]
[-0.81855834 -1.5388896  -1.4079204  -0.75307363]
[-0.81855834 -2.2919633  -1.9972823  -1.5716319 ]
[-2.2264786 -2.2919633 -2.8158407 -1.6043743]
[-2.5211596 -2.6193867 -3.3069756 -2.455675 ]
[-2.7176137 -2.848583  -3.6016567 -2.652129 ]
[-2.8158407 -2.94681   -3.7653682 -2.750356 ]
[-2.8158407 -2.9795523 -3.8635952 -2.8158407]
[-2.8813252 -3.0122945 -3.92908   -2.848583 ]
[-2.848583  -2.9795523 -3.8963375 -2.8158407]
[-2.8158407 -2.9795523 -3.8635952 -2.7830982]
[-2.750356  -2.8813252 -3.7981105 -2.750356 ]
[-2.7830982 -2.9140675 -3.7653682 -2.7176137]
[-2.750356  -2.8813252 -3.732626  -2.7830982]
[-2.750356  -2.9140675 -3.6998837 -2.750356 ]
[-2.7830982 -2.9140675 -3.6671412 -2.6848712]
[-2.750356  -2.848583  -3.6671412 -2.6848712]
[-2.7176137 -2.8813252 -3.6671412 -2.7176137]
[-2.750356  -2.8813252 -3.6671412 -2.7176137]
[-2.7830982 -2.8813252 -3.6998837 -2.7176137]
[-2.7176137 -2.848583  -3.6671412 -2.7176137]
[-2.553902  -2.750356  -3.4706872 -2.553902 ]
[-2.160994  -2.455675  -3.0777793 -2.2264786]
[-1.6371167 -1.9972823 -2.4884174 -1.8008283]
[-1.276951  -1.473405  -1.8990552 -1.3096933]
[-1.0477546 -1.1132393 -1.5061473 -1.080497 ]
[-0.9495276 -1.0150123 -1.3424356 -1.0150123]
[-0.9167853 -1.0477546 -1.3424356 -0.98227  ]
[-0.9167853 -1.0150123 -1.375178  -0.98227  ]
[-0.884043  -0.98227   -1.3424356 -0.98227  ]
[-0.85130066 -0.98227    -1.3424356  -0.9495276 ]
[-0.81855834 -0.9167853  -1.2442087  -0.85130066]
[-0.78581595 -0.81855834 -1.1132393  -0.78581595]
[-0.7203313  -0.75307363 -1.0477546  -0.75307363]
[-0.65484667 -0.7203313  -1.0150123  -0.687589  ]
[-0.65484667 -0.7203313  -1.080497   -0.687589  ]
[-1.1132393  -0.491135   -1.080497   -0.45839265]
[-0.9167853  -0.7203313  -1.1787239  -0.78581595]
[-0.75307363 -1.080497   -1.276951   -0.85130066]
[-0.65484667 -0.9495276  -1.1132393  -0.687589  ]
[-0.55661964 -0.75307363 -0.9167853  -0.65484667]
[-0.62210435 -0.62210435 -0.81855834 -0.58936197]
[-0.687589  -0.7203313 -0.884043  -0.687589 ]
[-0.85130066 -0.884043   -1.080497   -0.884043  ]
[-1.7353436  -0.65484667 -1.4406626  -0.55661964]
[-0.65484667 -1.4079204  -1.375178   -1.4079204 ]
[-0.45839265 -1.080497   -1.080497   -0.687589  ]
[-0.55661964 -0.75307363 -0.58936197 -0.19645399]
[-0.19645399 -0.42565033 -0.22919632 -0.13096933]
[-0.06548467 -0.26193866 -0.06548467  0.        ]
[-0.06548467 -0.22919632  0.03274233  0.03274233]
[-0.03274233 -0.19645399  0.06548467  0.03274233]
[ 0.         -0.19645399  0.03274233  0.03274233]
[ 0.         -0.16371167  0.06548467  0.06548467]
[ 0.03274233 -0.13096933  0.06548467  0.06548467]
[ 0.         -0.19645399  0.03274233  0.        ]
[-0.06548467 -0.26193866  0.         -0.06548467]
[-0.09822699 -0.32742333 -0.09822699 -0.09822699]
[-0.16371167 -0.39290798 -0.13096933 -0.13096933]
[-0.26193866 -0.39290798 -0.22919632 -0.16371167]
[-0.42565033 -0.42565033 -0.39290798 -0.19645399]
[-0.5238773  -0.491135   -0.45839265 -0.26193866]
[-0.32742333 -0.55661964 -0.491135   -0.29468098]
[-0.36016566 -0.62210435 -0.491135   -0.16371167]
[-0.26193866 -0.55661964 -0.42565033 -0.13096933]
[ 0.55661964 -0.9167853  -0.16371167 -0.45839265]
[-0.13096933 -0.45839265 -0.09822699 -0.5238773 ]
[-0.32742333 -0.687589   -0.29468098 -0.13096933]
[-0.45839265 -0.65484667 -0.39290798 -0.09822699]
[-0.7203313  -0.58936197 -0.55661964 -0.06548467]
[-0.85130066 -0.7203313  -0.78581595 -0.19645399]
[-0.7203313  -1.1459817  -1.0150123  -0.42565033]
[-0.85130066 -1.375178   -1.3096933  -0.45839265]
[-0.81855834 -1.7353436  -1.6698589  -0.884043  ]
[-1.3096933 -1.9317976 -2.062767  -1.0477546]
[-1.7026013 -2.160994  -2.5866442 -1.473405 ]
[-2.1282516 -2.455675  -3.045037  -1.866313 ]
[-2.3247056 -2.652129  -3.437945  -2.1937363]
[-2.5211596 -2.750356  -3.6671412 -2.3247056]
[-2.5866442 -2.7830982 -3.830853  -2.2919633]
[-2.5866442 -2.8158407 -3.92908   -2.3247056]
[-2.553902  -2.9140675 -4.0927916 -2.553902 ]
[-2.9140675 -3.1105216 -4.321988  -2.6848712]
[-3.1105216 -3.2414908 -4.5184417 -2.8813252]
[-3.1760063 -3.3069756 -4.5839267 -3.0122945]
[-3.1760063 -3.3724604 -4.5839267 -3.0777793]
[-3.1105216 -3.3724604 -4.551184  -3.1105216]
[-3.2087486 -3.3724604 -4.5184417 -3.0777793]
[-3.1760063 -3.4052026 -4.452957  -3.1105216]
[-3.2414908 -3.3724604 -4.4856997 -3.0777793]
[-3.2087486 -3.4052026 -4.5184417 -3.1432638]
[-3.2087486 -3.437945  -4.551184  -3.1432638]
[-3.1760063 -3.3724604 -4.5184417 -3.1105216]
[-3.1432638 -3.3069756 -4.4856997 -3.0777793]
[-3.1105216 -3.2742333 -4.420215  -3.0122945]
[-3.0777793 -3.2742333 -4.3874726 -3.0122945]
[-3.045037  -3.2414908 -4.3874726 -3.0122945]
[-3.0122945 -3.2087486 -4.321988  -2.94681  ]
[-2.94681   -3.1105216 -4.223761  -2.848583 ]
[-2.9140675 -3.0777793 -4.0927916 -2.8158407]
[-2.94681   -3.0122945 -4.027307  -2.8158407]
[-2.8813252 -3.045037  -3.92908   -2.8158407]
[-2.848583  -3.0122945 -3.8635952 -2.750356 ]
[-2.848583  -2.94681   -3.7981105 -2.7176137]
[-2.7830982 -2.9140675 -3.7981105 -2.6848712]
[-2.7176137 -2.8813252 -3.7653682 -2.6193867]
[-2.5866442 -2.750356  -3.6671412 -2.5211596]
[-2.455675  -2.652129  -3.5034297 -2.4229326]
[-2.3247056 -2.5211596 -3.3397179 -2.3247056]
[-2.3574479 -2.455675  -3.2414908 -2.2264786]
[-2.3574479 -2.455675  -3.2087486 -2.2919633]
[-2.3247056 -2.4884174 -3.2414908 -2.3247056]
[-2.3247056 -2.4884174 -3.2087486 -2.2919633]
[-2.2592208 -2.4229326 -3.1432638 -2.2592208]
[-2.2592208 -2.3901904 -3.0777793 -2.2264786]
[-2.2264786 -2.4229326 -3.045037  -2.2592208]
[-2.2592208 -2.3574479 -3.0122945 -2.1937363]
[-2.160994  -2.3574479 -2.9795523 -2.160994 ]
[-1.8990552 -2.1282516 -2.750356  -1.8990552]
[-1.7353436 -1.5388896 -2.3901904 -1.1132393]
[-1.7026013 -1.0477546 -1.96454   -0.687589 ]
[-0.26193866 -1.7026013  -1.96454    -1.4079204 ]
[-1.3096933 -2.1282516 -2.4229326 -1.0477546]
[-2.0300245 -1.9317976 -2.9795523 -1.6371167]
[-2.3247056 -2.553902  -3.437945  -2.2592208]
[-2.2592208 -2.4884174 -3.3397179 -2.0955093]
[-2.160994  -1.8335706 -2.7830982 -1.3424356]
[-1.276951  -1.4406626 -1.8990552 -0.9495276]
[-0.85130066 -1.1132393  -1.3424356  -0.5238773 ]
[-0.7203313  -1.5061473  -1.4406626  -0.81855834]
[-0.884043  -2.2592208 -2.0300245 -1.5388896]
[-2.160994  -2.2264786 -2.8158407 -1.6698589]
[-2.553902  -2.652129  -3.3397179 -2.455675 ]
[-2.7176137 -2.8813252 -3.634399  -2.7176137]
[-2.8158407 -2.94681   -3.830853  -2.7830982]
[-2.848583  -3.0122945 -3.8963375 -2.8158407]
[-2.848583  -2.9795523 -3.92908   -2.8158407]
[-2.8158407 -2.9795523 -3.92908   -2.8158407]
[-2.7830982 -2.9140675 -3.8635952 -2.750356 ]
[-2.750356  -2.9140675 -3.7981105 -2.750356 ]
[-2.7830982 -2.8813252 -3.7981105 -2.750356 ]
[-2.8158407 -2.9140675 -3.7981105 -2.750356 ]
[-2.7830982 -2.94681   -3.7653682 -2.7830982]
[-2.7830982 -2.9140675 -3.732626  -2.750356 ]
[-2.7830982 -2.94681   -3.732626  -2.750356 ]
[-2.7830982 -2.8813252 -3.6998837 -2.7176137]
[-2.7176137 -2.8813252 -3.6671412 -2.7176137]
[-2.750356  -2.848583  -3.6998837 -2.7176137]
[-2.6848712 -2.848583  -3.634399  -2.6848712]
[-2.455675  -2.6848712 -3.4052026 -2.4884174]
[-1.9972823 -2.3247056 -2.8813252 -2.0955093]
[-1.375178  -1.768086  -2.0955093 -1.5061473]
[-0.9495276 -1.080497  -1.3424356 -0.884043 ]
[-0.58936197 -0.687589   -0.81855834 -0.62210435]
[-0.45839265 -0.55661964 -0.62210435 -0.5238773 ]
[-0.45839265 -0.55661964 -0.58936197 -0.5238773 ]
[-0.491135   -0.55661964 -0.62210435 -0.45839265]
[-0.42565033 -0.5238773  -0.62210435 -0.45839265]
[-0.39290798 -0.491135   -0.58936197 -0.491135  ]
[-0.39290798 -0.491135   -0.5238773  -0.45839265]
[-0.36016566 -0.491135   -0.45839265 -0.42565033]
[-0.39290798 -0.491135   -0.42565033 -0.42565033]
[-0.36016566 -0.491135   -0.45839265 -0.42565033]
[-0.39290798 -0.55661964 -0.62210435 -0.45839265]
[-1.473405   -0.19645399 -0.78581595 -0.19645399]
[-0.9167853  -0.85130066 -1.1132393  -1.1787239 ]
[-1.0477546 -1.6698589 -1.3424356 -0.98227  ]
[-0.55661964 -1.473405   -1.1787239  -0.78581595]
[-0.55661964 -0.9167853  -0.81855834 -0.45839265]
[-0.36016566 -0.491135   -0.45839265 -0.42565033]
[-0.45839265 -0.58936197 -0.491135   -0.5238773 ]
[-0.75307363 -0.75307363 -0.75307363 -0.7203313 ]
[-1.6043743  -0.7203313  -1.2442087  -0.58936197]
[-0.85130066 -1.3096933  -1.375178   -1.276951  ]
[-0.42565033 -1.276951   -1.1459817  -0.85130066]
[-0.491135   -0.78581595 -0.7203313  -0.26193866]
[-0.22919632 -0.45839265 -0.32742333 -0.16371167]
[-0.06548467 -0.32742333 -0.09822699 -0.06548467]
[-0.03274233 -0.29468098  0.         -0.06548467]
[-0.03274233 -0.32742333  0.         -0.06548467]
[-0.09822699 -0.29468098  0.03274233  0.        ]
[-0.09822699 -0.22919632  0.03274233  0.03274233]
[-0.06548467 -0.19645399  0.03274233  0.        ]
[-0.06548467 -0.19645399  0.03274233  0.        ]
[-0.09822699 -0.26193866 -0.03274233 -0.03274233]
[-0.13096933 -0.29468098 -0.06548467 -0.06548467]
[-0.16371167 -0.36016566 -0.13096933 -0.13096933]
[-0.32742333 -0.39290798 -0.26193866 -0.16371167]
[-0.42565033 -0.45839265 -0.39290798 -0.22919632]
[-0.5238773  -0.5238773  -0.5238773  -0.22919632]
[-0.22919632 -0.58936197 -0.5238773  -0.32742333]
[-0.29468098 -0.5238773  -0.491135   -0.06548467]
[-0.16371167 -0.5238773  -0.42565033 -0.09822699]
[ 0.65484667 -0.81855834 -0.16371167 -0.42565033]
[-0.13096933 -0.45839265 -0.13096933 -0.55661964]
[-0.29468098 -0.687589   -0.29468098 -0.13096933]
[-0.42565033 -0.62210435 -0.36016566 -0.06548467]
[-0.62210435 -0.55661964 -0.5238773  -0.03274233]
[-0.75307363 -0.65484667 -0.7203313  -0.09822699]
[-0.62210435 -1.0150123  -0.98227    -0.39290798]
[-0.78581595 -1.3424356  -1.3096933  -0.491135  ]
[-0.884043   -1.768086   -1.7026013  -0.85130066]
[-1.276951  -1.9317976 -2.1282516 -1.080497 ]
[-1.6698589 -2.1937363 -2.6193867 -1.5388896]
[-2.1282516 -2.455675  -3.045037  -1.8335706]
[-2.3901904 -2.6193867 -3.4052026 -2.160994 ]
[-2.553902  -2.8158407 -3.6671412 -2.3574479]
[-2.5866442 -2.8813252 -3.8635952 -2.455675 ]
[-2.6848712 -2.94681   -3.9945645 -2.4884174]
[-2.652129  -3.045037  -4.0927916 -2.7176137]
[-2.9140675 -3.1105216 -4.1910186 -2.750356 ]
[-3.1105216 -3.1760063 -4.321988  -2.9140675]
[-3.1432638 -3.2742333 -4.3874726 -3.045037 ]
[-3.2087486 -3.3069756 -4.420215  -3.045037 ]
[-3.2087486 -3.3397179 -4.420215  -3.0777793]
[-3.2087486 -3.3069756 -4.3874726 -3.0122945]
[-3.1432638 -3.2742333 -4.321988  -3.0122945]
[-3.1105216 -3.2414908 -4.321988  -2.9795523]
[-3.1432638 -3.2087486 -4.2892456 -2.94681  ]
[-3.0777793 -3.2087486 -4.2892456 -2.9795523]
[-3.0122945 -3.1760063 -4.256503  -2.9140675]
[-2.94681   -3.1105216 -4.1910186 -2.848583 ]
[-2.848583  -3.0122945 -4.060049  -2.8158407]
[-2.848583  -2.9795523 -3.9945645 -2.750356 ]
[-2.8158407 -2.9795523 -3.9618223 -2.7176137]
[-2.7830982 -2.9140675 -3.92908   -2.6848712]
[-2.6848712 -2.8813252 -3.8635952 -2.652129 ]
[-2.652129  -2.8158407 -3.7653682 -2.6193867]
[-2.6193867 -2.750356  -3.6671412 -2.553902 ]
[-2.5211596 -2.7176137 -3.536172  -2.5211596]
[-2.455675 -2.652129 -3.437945 -2.455675]
[-2.455675  -2.5866442 -3.3724604 -2.3901904]
[-2.3247056 -2.6193867 -3.3397179 -2.4229326]
[-2.2592208 -2.553902  -3.3069756 -2.3247056]
[-2.062767  -2.4229326 -3.1432638 -2.2264786]
[-1.96454   -2.2264786 -2.9795523 -2.0300245]
[-1.8008283 -2.062767  -2.8158407 -1.8990552]
[-1.768086  -1.96454   -2.6848712 -1.8335706]
[-1.7353436 -1.96454   -2.652129  -1.8335706]
[-1.7026013 -1.96454   -2.5866442 -1.8335706]
[-1.7026013 -1.8990552 -2.553902  -1.7353436]
[-1.6043743 -1.866313  -2.4884174 -1.7353436]
[-1.6043743 -1.8008283 -2.4229326 -1.6698589]
[-1.6043743 -1.768086  -2.3574479 -1.6698589]
[-1.7026013 -1.768086  -2.3901904 -1.7026013]
[-1.8008283 -1.8335706 -2.4229326 -1.7353436]
[-1.6371167 -1.8335706 -2.3901904 -1.6698589]
[-1.5061473 -1.4406626 -2.0955093 -1.0477546]
[-1.96454    -0.75307363 -1.8335706  -0.42565033]
[-0.09822699 -1.8335706  -1.866313   -1.7353436 ]
[-1.6371167 -1.9972823 -2.455675  -0.9167853]
[-1.9972823 -2.0300245 -3.045037  -1.866313 ]
[-2.2264786 -2.5211596 -3.4052026 -2.2592208]
[-2.1937363 -2.3901904 -3.2414908 -1.9972823]
[-2.1282516 -1.8008283 -2.6848712 -1.375178 ]
[-1.4079204 -1.4079204 -1.866313  -1.0150123]
[-0.884043  -1.3096933 -1.4079204 -0.7203313]
[-0.7203313 -1.6371167 -1.5061473 -0.9167853]
[-1.0477546 -2.160994  -2.0300245 -1.4406626]
[-2.2264786 -2.2592208 -2.848583  -1.768086 ]
[-2.6193867 -2.7176137 -3.437945  -2.5211596]
[-2.8158407 -2.94681   -3.732626  -2.7830982]
[-2.8813252 -3.0122945 -3.8963375 -2.848583 ]
[-2.9140675 -3.045037  -3.9618223 -2.848583 ]
[-2.8813252 -3.0122945 -3.9618223 -2.848583 ]
[-2.848583  -2.9795523 -3.92908   -2.8158407]
[-2.7830982 -2.9140675 -3.8635952 -2.750356 ]
[-2.750356  -2.8813252 -3.7981105 -2.7176137]
[-2.750356  -2.8813252 -3.7981105 -2.750356 ]
[-2.8158407 -2.9140675 -3.7981105 -2.7830982]
[-2.8158407 -2.94681   -3.7981105 -2.7830982]
[-2.8158407 -2.94681   -3.7653682 -2.7830982]
[-2.7830982 -2.94681   -3.7653682 -2.7830982]
[-2.750356  -2.8813252 -3.732626  -2.7176137]
[-2.6848712 -2.848583  -3.6671412 -2.7176137]
[-2.7176137 -2.848583  -3.6671412 -2.6848712]
[-2.652129  -2.8158407 -3.6016567 -2.652129 ]
[-2.4229326 -2.652129  -3.3397179 -2.455675 ]
[-1.8990552 -2.2592208 -2.7176137 -2.0300245]
[-1.2442087 -1.6371167 -1.866313  -1.375178 ]
[-0.7203313 -0.884043  -0.98227   -0.687589 ]
[-0.32742333 -0.491135   -0.39290798 -0.32742333]
[-0.22919632 -0.32742333 -0.16371167 -0.19645399]
[-0.16371167 -0.32742333 -0.13096933 -0.22919632]
[-0.19645399 -0.32742333 -0.16371167 -0.19645399]
[-0.19645399 -0.32742333 -0.16371167 -0.19645399]
[-0.16371167 -0.32742333 -0.13096933 -0.19645399]
[-0.16371167 -0.29468098 -0.09822699 -0.19645399]
[-0.19645399 -0.32742333 -0.09822699 -0.19645399]
[-0.16371167 -0.39290798 -0.09822699 -0.22919632]
[-0.19645399 -0.39290798 -0.19645399 -0.22919632]
[-0.19645399 -0.39290798 -0.36016566 -0.26193866]
[-1.4079204  -0.03274233 -0.884043    0.06548467]
[-0.13096933 -1.0477546  -1.375178   -1.3424356 ]
[-0.36016566 -1.6698589  -1.6043743  -0.78581595]
[-0.06548467 -1.375178   -1.2442087  -0.5238773 ]
[-0.491135  -0.7203313 -0.687589   0.       ]
[-0.16371167 -0.29468098 -0.22919632 -0.22919632]
[-0.29468098 -0.39290798 -0.22919632 -0.26193866]
[-0.55661964 -0.62210435 -0.55661964 -0.58936197]
[-1.375178   -0.65484667 -1.1132393  -0.55661964]
[-1.0150123 -1.2114663 -1.375178  -1.1132393]
[-0.42565033 -1.276951   -1.2114663  -0.9167853 ]
[-0.5238773  -0.81855834 -0.81855834 -0.22919632]
[-0.22919632 -0.42565033 -0.36016566 -0.13096933]
[-0.06548467 -0.29468098 -0.13096933 -0.03274233]
[ 0.         -0.26193866 -0.03274233  0.        ]
[-0.03274233 -0.29468098 -0.03274233  0.        ]
[-0.09822699 -0.26193866 -0.03274233 -0.03274233]
[-0.09822699 -0.29468098 -0.03274233 -0.06548467]
[-0.09822699 -0.29468098 -0.03274233 -0.06548467]
[-0.06548467 -0.26193866  0.         -0.03274233]
[-0.09822699 -0.29468098 -0.03274233 -0.03274233]
[-0.16371167 -0.29468098 -0.06548467 -0.06548467]
[-0.16371167 -0.39290798 -0.13096933 -0.16371167]
[-0.42565033 -0.45839265 -0.26193866 -0.19645399]
[-0.45839265 -0.55661964 -0.42565033 -0.32742333]
[-0.58936197 -0.58936197 -0.58936197 -0.26193866]
[-0.29468098 -0.62210435 -0.55661964 -0.26193866]
[-0.32742333 -0.42565033 -0.491135   -0.03274233]
[-0.13096933 -0.42565033 -0.42565033 -0.06548467]
[ 0.62210435 -0.78581595 -0.16371167 -0.36016566]
[-0.13096933 -0.45839265 -0.13096933 -0.5238773 ]
[-0.32742333 -0.65484667 -0.32742333 -0.13096933]
[-0.42565033 -0.62210435 -0.36016566 -0.06548467]
[-0.55661964 -0.58936197 -0.491135   -0.03274233]
[-0.75307363 -0.62210435 -0.687589   -0.03274233]
[-0.65484667 -0.9167853  -0.9495276  -0.32742333]
[-0.75307363 -1.276951   -1.3096933  -0.491135  ]
[-0.9167853  -1.7353436  -1.7353436  -0.81855834]
[-1.276951  -1.8990552 -2.160994  -1.080497 ]
[-1.6371167 -2.1937363 -2.6193867 -1.5061473]
[-2.062767  -2.3574479 -3.045037  -1.8335706]
[-2.3247056 -2.652129  -3.4052026 -2.2264786]
[-2.553902  -2.8158407 -3.6998837 -2.3901904]
[-2.6193867 -2.94681   -3.8635952 -2.5211596]
[-2.7176137 -2.9140675 -3.9945645 -2.4884174]
[-2.5866442 -2.9795523 -3.92908   -2.5866442]
[-2.5866442 -2.8158407 -3.8635952 -2.553902 ]
[-2.6848712 -2.848583  -3.7981105 -2.5866442]
[-2.6848712 -2.848583  -3.7981105 -2.652129 ]
[-2.750356  -2.9140675 -3.8635952 -2.7176137]
[-2.7176137 -3.0122945 -3.92908   -2.7830982]
[-2.6848712 -2.9795523 -3.8963375 -2.7176137]
[-2.553902  -2.9140675 -3.7981105 -2.6848712]
[-2.5211596 -2.7830982 -3.6998837 -2.553902 ]
[-2.455675  -2.750356  -3.6671412 -2.5211596]
[-2.3574479 -2.750356  -3.6671412 -2.553902 ]
[-2.2919633 -2.6848712 -3.6016567 -2.455675 ]
[-2.2592208 -2.5866442 -3.5034297 -2.3247056]
[-2.160994  -2.455675  -3.4052026 -2.2592208]
[-2.0955093 -2.4229326 -3.3397179 -2.2592208]
[-2.160994  -2.3901904 -3.2742333 -2.1937363]
[-2.1282516 -2.3574479 -3.2414908 -2.2264786]
[-2.0300245 -2.3901904 -3.2087486 -2.1937363]
[-1.9972823 -2.2919633 -3.1105216 -2.062767 ]
[-1.8990552 -2.0955093 -2.94681   -1.9317976]
[-1.768086  -2.0300245 -2.7830982 -1.866313 ]
[-1.7353436 -1.9317976 -2.6848712 -1.768086 ]
[-1.7353436 -1.9317976 -2.652129  -1.768086 ]
[-1.6043743 -1.9972823 -2.652129  -1.8335706]
[-1.5716319 -1.8990552 -2.6193867 -1.6698589]
[-1.4079204 -1.7353436 -2.455675  -1.5716319]
[-1.375178  -1.5388896 -2.2919633 -1.375178 ]
[-1.276951  -1.4079204 -2.160994  -1.3096933]
[-1.2114663 -1.375178  -2.062767  -1.2442087]
[-1.1459817 -1.3424356 -1.9972823 -1.2114663]
[-1.080497  -1.276951  -1.9317976 -1.2114663]
[-1.0477546 -1.2442087 -1.866313  -1.1459817]
[-1.0477546 -1.2114663 -1.768086  -1.1132393]
[-1.0150123 -1.1459817 -1.7026013 -1.0477546]
[-1.080497  -1.1132393 -1.6698589 -1.080497 ]
[-1.2442087 -1.1787239 -1.7026013 -1.1459817]
[-1.4079204 -1.3424356 -1.8990552 -1.3424356]
[-1.3424356 -1.6043743 -1.9972823 -1.5061473]
[-1.4079204 -1.3424356 -1.8335706 -1.0477546]
[-1.96454    -0.78581595 -1.8008283  -0.45839265]
[-0.13096933 -2.062767   -1.8335706  -1.96454   ]
[-1.768086  -1.866313  -2.455675  -0.9167853]
[-2.062767  -2.2592208 -3.1105216 -1.9317976]
[-2.1937363 -2.4229326 -3.3069756 -2.0955093]
[-2.062767  -2.2264786 -3.1105216 -1.9317976]
[-2.1282516 -1.768086  -2.5866442 -1.375178 ]
[-1.3096933 -1.5061473 -1.866313  -1.1459817]
[-0.85130066 -1.4079204  -1.375178   -0.7203313 ]
[-0.78581595 -1.6043743  -1.4406626  -0.85130066]
[-1.2114663 -2.062767  -2.062767  -1.4406626]
[-2.2919633 -2.3247056 -2.94681   -1.9317976]
[-2.6848712 -2.848583  -3.536172  -2.652129 ]
[-2.9140675 -3.045037  -3.830853  -2.848583 ]
[-2.94681   -3.1105216 -3.9618223 -2.9140675]
[-2.9795523 -3.0777793 -4.027307  -2.9140675]
[-2.9140675 -3.0777793 -3.9945645 -2.9140675]
[-2.848583  -2.9795523 -3.92908   -2.8158407]
[-2.7830982 -2.9140675 -3.8635952 -2.750356 ]
[-2.750356  -2.848583  -3.7981105 -2.7176137]
[-2.750356  -2.8813252 -3.7653682 -2.7176137]
[-2.7830982 -2.9140675 -3.7981105 -2.750356 ]
[-2.8158407 -2.9140675 -3.7981105 -2.7830982]
[-2.8158407 -2.94681   -3.7653682 -2.7830982]
[-2.7830982 -2.9140675 -3.7653682 -2.750356 ]
[-2.750356  -2.848583  -3.732626  -2.6848712]
[-2.6848712 -2.848583  -3.6998837 -2.6848712]
[-2.6848712 -2.8158407 -3.6671412 -2.652129 ]
[-2.6193867 -2.7830982 -3.5689142 -2.6193867]
[-2.3901904 -2.6193867 -3.3069756 -2.4229326]
[-1.8335706 -2.2264786 -2.6848712 -2.0300245]
[-1.2442087 -1.5716319 -1.768086  -1.276951 ]
[-0.65484667 -0.85130066 -0.884043   -0.62210435]
[-0.22919632 -0.45839265 -0.26193866 -0.26193866]
[-0.16371167 -0.29468098  0.         -0.09822699]
[-0.09822699 -0.29468098  0.         -0.13096933]
[-0.13096933 -0.26193866  0.03274233 -0.09822699]
[-0.13096933 -0.22919632  0.03274233 -0.06548467]
[-0.09822699 -0.26193866  0.06548467 -0.09822699]
[-0.13096933 -0.29468098  0.03274233 -0.09822699]
[-0.16371167 -0.36016566  0.03274233 -0.16371167]
[-0.26193866 -0.32742333  0.03274233 -0.13096933]
[-0.26193866 -0.36016566 -0.09822699 -0.16371167]
[-0.13096933 -0.42565033 -0.29468098 -0.29468098]
[-1.5061473   0.19645399 -0.9495276   0.55661964]
[-0.09822699 -0.81855834 -1.4406626  -0.7203313 ]
[ 0.26193866 -1.0477546  -1.8008283  -0.19645399]
[ 0.36016566 -0.884043   -1.375178   -0.09822699]
[-0.16371167 -0.13096933 -0.65484667  0.26193866]
[-0.09822699 -0.22919632 -0.16371167 -0.13096933]
[-0.19645399 -0.26193866 -0.09822699 -0.19645399]
[-0.45839265 -0.55661964 -0.45839265 -0.491135  ]
[-1.1459817 -0.687589  -1.0477546 -0.5238773]
[-1.1787239 -1.0477546 -1.4079204 -0.9167853]
[-0.42565033 -1.276951   -1.276951   -1.0477546 ]
[-0.65484667 -0.9167853  -0.9167853  -0.29468098]
[-0.36016566 -0.491135   -0.45839265 -0.16371167]
[-0.13096933 -0.36016566 -0.16371167 -0.06548467]
[-0.06548467 -0.36016566 -0.09822699 -0.03274233]
[-0.13096933 -0.32742333 -0.09822699 -0.03274233]
[-0.16371167 -0.32742333 -0.09822699 -0.09822699]
[-0.13096933 -0.36016566 -0.09822699 -0.09822699]
[-0.13096933 -0.29468098 -0.06548467 -0.03274233]
[-0.09822699 -0.26193866 -0.03274233  0.        ]
[-0.06548467 -0.26193866 -0.03274233 -0.03274233]
[-0.09822699 -0.29468098 -0.09822699 -0.06548467]
[-0.13096933 -0.36016566 -0.13096933 -0.13096933]
[-0.42565033 -0.39290798 -0.29468098 -0.16371167]
[-0.42565033 -0.62210435 -0.45839265 -0.39290798]
[-0.58936197 -0.687589   -0.62210435 -0.29468098]
[-0.36016566 -0.687589   -0.58936197 -0.32742333]
[-0.42565033 -0.5238773  -0.5238773  -0.09822699]
[-0.13096933 -0.5238773  -0.45839265 -0.16371167]
[ 0.55661964 -0.81855834 -0.16371167 -0.36016566]
[-0.13096933 -0.42565033 -0.13096933 -0.55661964]
[-0.36016566 -0.687589   -0.32742333 -0.13096933]
[-0.45839265 -0.687589   -0.39290798 -0.13096933]
[-0.5238773  -0.7203313  -0.5238773  -0.13096933]
[-0.75307363 -0.7203313  -0.687589   -0.06548467]
[-0.75307363 -0.9167853  -0.9495276  -0.32742333]
[-0.7203313  -1.276951   -1.3096933  -0.55661964]
[-0.9167853  -1.6698589  -1.7353436  -0.81855834]
[-1.2442087 -1.8990552 -2.1937363 -1.1132393]
[-1.6698589 -2.1282516 -2.652129  -1.473405 ]
[-2.062767  -2.3574479 -3.0777793 -1.866313 ]
[-2.3901904 -2.6193867 -3.437945  -2.1937363]
[-2.5866442 -2.848583  -3.6998837 -2.4229326]
[-2.652129  -2.94681   -3.8963375 -2.553902 ]
[-2.652129  -2.8813252 -3.92908   -2.4884174]
[-2.3901904 -2.7830982 -3.732626  -2.4229326]
[-2.1937363 -2.5211596 -3.3397179 -2.160994 ]
[-2.0955093 -2.2592208 -3.045037  -1.9972823]
[-2.062767  -2.1937363 -2.9795523 -1.9972823]
[-2.0955093 -2.2592208 -3.0777793 -2.062767 ]
[-2.0955093 -2.3574479 -3.1105216 -2.0955093]
[-2.1282516 -2.2592208 -3.0777793 -1.96454  ]
[-1.96454   -2.0955093 -2.94681   -1.866313 ]
[-1.8335706 -1.9972823 -2.848583  -1.8008283]
[-1.7026013 -1.96454   -2.8158407 -1.768086 ]
[-1.6371167 -1.8990552 -2.750356  -1.6371167]
[-1.5388896 -1.768086  -2.6848712 -1.5716319]
[-1.5388896 -1.6698589 -2.6193867 -1.5388896]
[-1.473405  -1.6698589 -2.5866442 -1.5388896]
[-1.473405  -1.6371167 -2.5211596 -1.5061473]
[-1.6371167 -1.5388896 -2.4884174 -1.4406626]
[-1.5716319 -1.6371167 -2.455675  -1.5716319]
[-1.5061473 -1.7353436 -2.4229326 -1.5388896]
[-1.473405  -1.6043743 -2.2919633 -1.375178 ]
[-1.375178  -1.4406626 -2.1282516 -1.276951 ]
[-1.2442087 -1.3096933 -1.96454   -1.1787239]
[-1.2442087 -1.276951  -1.8990552 -1.1459817]
[-1.3096933 -1.3424356 -1.9317976 -1.2114663]
[-1.276951  -1.5061473 -1.9972823 -1.3096933]
[-1.2442087 -1.5061473 -2.062767  -1.2442087]
[-1.2114663 -1.375178  -1.96454   -1.1787239]
[-1.1132393 -1.2114663 -1.866313  -1.1132393]
[-1.0477546 -1.2442087 -1.8335706 -1.1132393]
[-1.0150123 -1.2114663 -1.768086  -1.0477546]
[-1.0150123 -1.1459817 -1.7026013 -0.98227  ]
[-0.98227   -1.1132393 -1.6371167 -0.9495276]
[-0.98227   -1.080497  -1.5716319 -0.9495276]
[-0.9495276 -1.080497  -1.5061473 -0.9167853]
[-0.85130066 -1.0150123  -1.375178   -0.9167853 ]
[-0.884043   -0.9495276  -1.276951   -0.81855834]
[-1.080497  -0.9495276 -1.3096933 -0.884043 ]
[-1.276951  -1.1787239 -1.5388896 -1.1459817]
[-1.276951  -1.5388896 -1.768086  -1.375178 ]
[-1.4079204 -1.375178  -1.7026013 -1.080497 ]
[-1.8335706 -0.884043  -1.768086  -0.5238773]
[-0.39290798 -2.0955093  -1.8335706  -1.8335706 ]
[-1.7026013 -1.7026013 -2.4884174 -1.080497 ]
[-2.1282516 -2.3247056 -3.1105216 -1.96454  ]
[-2.2264786 -2.3901904 -3.2742333 -2.062767 ]
[-1.9972823 -2.1937363 -2.9795523 -1.9317976]
[-2.1282516 -1.7026013 -2.455675  -1.276951 ]
[-1.080497  -1.5388896 -1.768086  -1.1459817]
[-0.81855834 -1.3424356  -1.276951   -0.58936197]
[-0.75307363 -1.4079204  -1.3424356  -0.85130066]
[-1.3096933 -1.9972823 -2.062767  -1.473405 ]
[-2.2919633 -2.4229326 -2.9795523 -2.0300245]
[-2.7176137 -2.848583  -3.5689142 -2.652129 ]
[-2.9140675 -3.045037  -3.8635952 -2.8813252]
[-2.94681   -3.1105216 -3.9945645 -2.94681  ]
[-2.94681   -3.0777793 -3.9945645 -2.9140675]
[-2.8813252 -3.045037  -3.9945645 -2.8813252]
[-2.8158407 -2.94681   -3.8963375 -2.7830982]
[-2.750356  -2.8813252 -3.7981105 -2.7176137]
[-2.7176137 -2.848583  -3.7653682 -2.6848712]
[-2.750356  -2.848583  -3.7653682 -2.6848712]
[-2.750356  -2.8813252 -3.7653682 -2.7176137]
[-2.7830982 -2.9140675 -3.7653682 -2.750356 ]
[-2.7830982 -2.9140675 -3.7653682 -2.750356 ]
[-2.750356  -2.9140675 -3.7653682 -2.750356 ]
[-2.7176137 -2.848583  -3.732626  -2.6848712]
[-2.6848712 -2.8158407 -3.6998837 -2.652129 ]
[-2.6848712 -2.8158407 -3.6671412 -2.652129 ]
[-2.6193867 -2.750356  -3.5689142 -2.5866442]
[-2.4229326 -2.5866442 -3.2742333 -2.3901904]
[-1.866313  -2.2592208 -2.6848712 -2.0300245]
[-1.3424356 -1.5716319 -1.768086  -1.276951 ]
[-0.687589  -0.9167853 -0.884043  -0.7203313]
[-0.26193866 -0.58936197 -0.26193866 -0.32742333]
[-0.19645399 -0.36016566 -0.03274233 -0.09822699]
[-0.13096933 -0.29468098  0.         -0.13096933]
[-0.16371167 -0.26193866  0.03274233 -0.09822699]
[-0.16371167 -0.22919632  0.06548467 -0.06548467]
[-0.09822699 -0.29468098  0.06548467 -0.09822699]
[-0.16371167 -0.32742333  0.03274233 -0.13096933]
[-0.16371167 -0.39290798  0.         -0.19645399]
[-0.29468098 -0.39290798  0.         -0.19645399]
[-0.29468098 -0.42565033 -0.09822699 -0.26193866]
[-0.16371167 -0.65484667 -0.32742333 -0.32742333]
[-1.473405    0.06548467 -0.98227     0.491135  ]
[-0.29468098 -0.78581595 -1.5061473  -0.7203313 ]
[ 0.32742333 -1.1787239  -1.8990552  -0.42565033]
[ 0.03274233 -0.9167853  -1.473405    0.06548467]
[-0.06548467 -0.19645399 -0.75307363  0.06548467]
[-0.09822699 -0.22919632 -0.16371167 -0.09822699]
[-0.13096933 -0.22919632 -0.06548467 -0.13096933]
[-0.42565033 -0.5238773  -0.42565033 -0.42565033]
[-1.0150123 -0.687589  -1.0150123 -0.5238773]
[-1.375178   -0.9167853  -1.4079204  -0.75307363]
[-0.39290798 -1.3424356  -1.3424356  -1.2442087 ]
[-0.7203313  -1.0150123  -1.0150123  -0.32742333]
[-0.491135   -0.58936197 -0.5238773  -0.22919632]
[-0.22919632 -0.45839265 -0.22919632 -0.16371167]
[-0.13096933 -0.5238773  -0.16371167 -0.09822699]
[-0.19645399 -0.491135   -0.19645399 -0.09822699]
[-0.19645399 -0.42565033 -0.19645399 -0.13096933]
[-0.19645399 -0.42565033 -0.19645399 -0.13096933]
[-0.16371167 -0.36016566 -0.13096933 -0.06548467]
[-0.22919632 -0.32742333 -0.06548467 -0.03274233]
[-0.06548467 -0.36016566 -0.06548467 -0.09822699]
[-0.16371167 -0.36016566 -0.13096933  0.        ]
[-0.22919632 -0.29468098 -0.13096933 -0.03274233]
[-0.42565033 -0.36016566 -0.32742333 -0.13096933]
[-0.36016566 -0.65484667 -0.5238773  -0.39290798]
[-0.55661964 -0.687589   -0.65484667 -0.29468098]
[-0.36016566 -0.687589   -0.62210435 -0.32742333]
[-0.39290798 -0.5238773  -0.55661964 -0.09822699]
[-0.09822699 -0.55661964 -0.45839265 -0.16371167]
[ 0.58936197 -0.75307363 -0.16371167 -0.32742333]
[-0.09822699 -0.42565033 -0.16371167 -0.55661964]
[-0.32742333 -0.687589   -0.36016566 -0.13096933]
[-0.39290798 -0.7203313  -0.42565033 -0.13096933]
[-0.42565033 -0.78581595 -0.5238773  -0.19645399]
[-0.7203313  -0.75307363 -0.687589   -0.06548467]
[-0.75307363 -0.884043   -0.9495276  -0.26193866]
[-0.687589   -1.2442087  -1.276951   -0.55661964]
[-0.884043   -1.5716319  -1.7026013  -0.78581595]
[-1.1459817 -1.8990552 -2.160994  -1.1132393]
[-1.7026013 -2.0955093 -2.652129  -1.4406626]
[-2.062767  -2.3247056 -3.0777793 -1.866313 ]
[-2.4884174 -2.652129  -3.4706872 -2.2264786]
[-2.5866442 -2.9140675 -3.732626  -2.553902 ]
[-2.7830982 -3.045037  -3.92908   -2.553902 ]
[-2.6193867 -2.9140675 -3.8635952 -2.5211596]
[-2.1937363 -2.6193867 -3.4706872 -2.2264786]
[-1.8335706 -2.0955093 -2.8158407 -1.7353436]
[-1.6371167 -1.7353436 -2.3247056 -1.4406626]
[-1.5716319 -1.7026013 -2.2264786 -1.4406626]
[-1.5716319 -1.8335706 -2.3247056 -1.5716319]
[-1.5388896 -1.8990552 -2.3901904 -1.6043743]
[-1.6043743 -1.768086  -2.3247056 -1.5061473]
[-1.4406626 -1.6371167 -2.1937363 -1.473405 ]
[-1.375178  -1.5388896 -2.062767  -1.3096933]
[-1.2442087 -1.5388896 -1.96454   -1.2442087]
[-1.2442087 -1.4079204 -1.9317976 -1.1787239]
[-1.1787239 -1.3424356 -1.9317976 -1.1787239]
[-1.1459817 -1.3424356 -1.9317976 -1.2114663]
[-1.2114663 -1.3424356 -1.9317976 -1.1787239]
[-1.276951  -1.3096933 -1.9317976 -1.1787239]
[-1.375178  -1.276951  -1.96454   -1.2442087]
[-1.3096933 -1.4079204 -1.9317976 -1.375178 ]
[-1.1787239 -1.473405  -1.8008283 -1.3096933]
[-1.1459817 -1.3424356 -1.6043743 -1.1132393]
[-1.0150123 -1.1787239 -1.4406626 -0.98227  ]
[-0.9495276 -1.080497  -1.3096933 -0.9167853]
[-0.9167853 -1.0477546 -1.3096933 -0.9167853]
[-1.080497  -1.1787239 -1.4406626 -1.0150123]
[-1.1132393 -1.4079204 -1.6371167 -1.2442087]
[-1.276951  -1.473405  -1.768086  -1.2114663]
[-1.473405  -1.375178  -1.8008283 -1.1459817]
[-1.4406626 -1.375178  -1.8335706 -1.2442087]
[-1.5388896 -1.473405  -1.866313  -1.2114663]
[-1.6371167 -1.4406626 -1.866313  -1.1787239]
[-1.6371167 -1.4406626 -1.8990552 -1.2442087]
[-1.6371167 -1.5716319 -1.8990552 -1.276951 ]
[-1.6371167 -1.5716319 -1.866313  -1.3096933]
[-1.5716319 -1.5388896 -1.7353436 -1.276951 ]
[-1.3424356 -1.5388896 -1.5716319 -1.2114663]
[-1.2442087 -1.3424356 -1.375178  -1.0150123]
[-1.2442087 -1.2114663 -1.3096933 -1.0150123]
[-1.3424356 -1.3424356 -1.5061473 -1.1787239]
[-1.2114663 -1.6043743 -1.7026013 -1.4079204]
[-1.4079204 -1.4406626 -1.7026013 -1.1132393]
[-1.6698589  -1.080497   -1.7353436  -0.75307363]
[-0.7203313 -1.96454   -1.866313  -1.6371167]
[-1.7026013 -1.768086  -2.4884174 -1.2442087]
[-2.0955093 -2.2592208 -3.0777793 -1.9972823]
[-2.2264786 -2.3247056 -3.2087486 -2.0300245]
[-1.9317976 -2.1937363 -2.8813252 -1.8990552]
[-2.0300245 -1.6043743 -2.3574479 -1.2114663]
[-0.9167853 -1.5061473 -1.6043743 -1.1459817]
[-0.81855834 -1.2114663  -1.1459817  -0.42565033]
[-0.75307363 -1.3096933  -1.2442087  -0.85130066]
[-1.276951  -1.9317976 -1.9972823 -1.473405 ]
[-2.2264786 -2.3901904 -2.9140675 -1.9972823]
[-2.652129  -2.7830982 -3.4706872 -2.5866442]
[-2.848583  -2.94681   -3.7981105 -2.8158407]
[-2.9140675 -3.0777793 -3.92908   -2.9140675]
[-2.9140675 -3.045037  -3.9618223 -2.8813252]
[-2.8813252 -3.0122945 -3.92908   -2.848583 ]
[-2.7830982 -2.9140675 -3.8635952 -2.7830982]
[-2.7176137 -2.8813252 -3.7653682 -2.7176137]
[-2.6848712 -2.8158407 -3.732626  -2.652129 ]
[-2.7176137 -2.848583  -3.732626  -2.6848712]
[-2.750356  -2.8813252 -3.7653682 -2.7176137]
[-2.7830982 -2.9140675 -3.7981105 -2.750356 ]
[-2.7830982 -2.9140675 -3.7981105 -2.750356 ]
[-2.750356  -2.9140675 -3.7981105 -2.7176137]
[-2.7176137 -2.8813252 -3.7653682 -2.7176137]
[-2.6848712 -2.848583  -3.7653682 -2.6848712]
[-2.6848712 -2.8158407 -3.6998837 -2.652129 ]
[-2.6193867 -2.7830982 -3.6016567 -2.6193867]
[-2.4229326 -2.5866442 -3.2742333 -2.3901904]
[-1.866313  -2.2919633 -2.6848712 -2.062767 ]
[-1.4079204 -1.6043743 -1.8008283 -1.276951 ]
[-0.7203313  -0.98227    -0.9167853  -0.78581595]
[-0.26193866 -0.65484667 -0.29468098 -0.39290798]
[-0.22919632 -0.39290798 -0.03274233 -0.09822699]
[-0.16371167 -0.32742333  0.         -0.16371167]
[-0.19645399 -0.26193866  0.         -0.09822699]
[-0.16371167 -0.22919632  0.03274233 -0.09822699]
[-0.06548467 -0.32742333  0.03274233 -0.09822699]
[-0.09822699 -0.36016566  0.03274233 -0.09822699]
[-0.13096933 -0.36016566  0.03274233 -0.09822699]
[-0.29468098 -0.29468098  0.         -0.06548467]
[-0.19645399 -0.39290798 -0.09822699 -0.26193866]
[-0.03274233 -0.58936197 -0.32742333 -0.32742333]
[-1.3424356  0.        -0.98227    0.491135 ]
[-0.36016566 -0.687589   -1.5388896  -0.62210435]
[ 0.491135   -1.276951   -1.8335706  -0.65484667]
[-0.09822699 -0.85130066 -1.5061473   0.09822699]
[-0.19645399 -0.32742333 -0.75307363  0.        ]
[-0.13096933 -0.22919632 -0.16371167 -0.06548467]
[-0.16371167 -0.22919632 -0.06548467 -0.13096933]
[-0.39290798 -0.491135   -0.39290798 -0.39290798]
[-0.9167853  -0.7203313  -0.9495276  -0.55661964]
[-1.5388896  -0.78581595 -1.4079204  -0.65484667]
[-0.36016566 -1.4406626  -1.4079204  -1.3424356 ]
[-0.75307363 -1.0477546  -1.1132393  -0.36016566]
[-0.5238773  -0.62210435 -0.65484667 -0.26193866]
[-0.22919632 -0.55661964 -0.36016566 -0.19645399]
[-0.09822699 -0.58936197 -0.22919632 -0.13096933]
[-0.22919632 -0.55661964 -0.26193866 -0.06548467]
[-0.22919632 -0.491135   -0.26193866 -0.13096933]
[-0.22919632 -0.491135   -0.26193866 -0.13096933]
[-0.13096933 -0.42565033 -0.19645399 -0.13096933]
[-0.32742333 -0.32742333 -0.13096933  0.        ]
[-0.06548467 -0.45839265 -0.13096933 -0.19645399]
[-0.22919632 -0.45839265 -0.16371167  0.        ]
[-0.32742333 -0.36016566 -0.19645399 -0.06548467]
[-0.42565033 -0.45839265 -0.39290798 -0.19645399]
[-0.36016566 -0.75307363 -0.55661964 -0.39290798]
[-0.5238773  -0.687589   -0.687589   -0.22919632]
[-0.36016566 -0.65484667 -0.65484667 -0.29468098]
[-0.36016566 -0.5238773  -0.58936197 -0.06548467]
[-0.09822699 -0.5238773  -0.491135   -0.09822699]
[ 0.58936197 -0.7203313  -0.19645399 -0.32742333]
[-0.09822699 -0.39290798 -0.16371167 -0.5238773 ]
[-0.32742333 -0.65484667 -0.39290798 -0.06548467]
[-0.32742333 -0.75307363 -0.45839265 -0.13096933]
[-0.39290798 -0.81855834 -0.55661964 -0.16371167]
[-0.687589   -0.687589   -0.687589   -0.06548467]
[-0.75307363 -0.85130066 -0.9495276  -0.26193866]
[-0.7203313 -1.1787239 -1.2442087 -0.5238773]
[-0.81855834 -1.5061473  -1.6698589  -0.78581595]
[-1.1132393 -1.8335706 -2.1282516 -1.080497 ]
[-1.7353436 -1.9972823 -2.6193867 -1.375178 ]
[-2.1282516 -2.2919633 -3.0777793 -1.8990552]
[-2.4229326 -2.750356  -3.536172  -2.3247056]
[-2.5866442 -3.0122945 -3.7653682 -2.553902 ]
[-2.750356  -2.94681   -3.8963375 -2.553902 ]
[-2.5866442 -2.8813252 -3.7981105 -2.4884174]
[-2.0955093 -2.5211596 -3.2742333 -2.062767 ]
[-1.6043743 -1.866313  -2.455675  -1.473405 ]
[-1.2442087 -1.473405  -1.866313  -1.1459817]
[-1.1787239 -1.4406626 -1.7026013 -1.1132393]
[-1.2442087 -1.5388896 -1.768086  -1.1787239]
[-1.3424356 -1.5388896 -1.8008283 -1.1787239]
[-1.5061473 -1.4079204 -1.7353436 -1.080497 ]
[-1.375178  -1.3424356 -1.6043743 -1.080497 ]
[-1.276951  -1.3096933 -1.473405  -1.0150123]
[-1.1459817 -1.3424356 -1.4406626 -1.0150123]
[-1.2114663 -1.3424356 -1.4406626 -0.98227  ]
[-1.2442087 -1.3424356 -1.473405  -1.0150123]
[-1.276951  -1.3424356 -1.5388896 -1.080497 ]
[-1.4079204 -1.3424356 -1.6043743 -1.1132393]
[-1.5061473 -1.4079204 -1.7026013 -1.2114663]
[-1.5061473 -1.5061473 -1.8008283 -1.276951 ]
[-1.2442087 -1.5716319 -1.7353436 -1.276951 ]
[-0.98227  -1.375178 -1.473405 -1.080497]
[-0.884043   -1.080497   -1.1787239  -0.81855834]
[-0.7203313 -0.9495276 -0.98227   -0.7203313]
[-0.7203313  -0.78581595 -0.884043   -0.55661964]
[-0.687589   -0.81855834 -0.9167853  -0.62210435]
[-0.884043   -0.98227    -1.1459817  -0.78581595]
[-0.9495276 -1.276951  -1.4079204 -1.080497 ]
[-1.3096933 -1.3424356 -1.6371167 -1.1132393]
[-1.5061473 -1.4079204 -1.8008283 -1.3096933]
[-1.473405  -1.7353436 -1.9972823 -1.5716319]
[-1.5388896 -1.8335706 -2.1282516 -1.5716319]
[-1.6043743 -1.866313  -2.1937363 -1.6043743]
[-1.473405  -1.9972823 -2.2264786 -1.7353436]
[-1.5061473 -2.0300245 -2.2264786 -1.6371167]
[-1.5388896 -1.9972823 -2.1937363 -1.6043743]
[-1.4406626 -1.9317976 -2.062767  -1.6043743]
[-1.3096933 -1.866313  -1.8008283 -1.473405 ]
[-1.2442087 -1.6698589 -1.5388896 -1.2114663]
[-1.2114663 -1.473405  -1.375178  -1.080497 ]
[-1.3424356 -1.4406626 -1.473405  -1.1459817]
[-1.2114663 -1.6043743 -1.6043743 -1.375178 ]
[-1.473405  -1.375178  -1.6371167 -1.0150123]
[-1.5716319  -1.1132393  -1.6371167  -0.85130066]
[-0.81855834 -1.8008283  -1.8008283  -1.5716319 ]
[-1.6698589 -1.7353436 -2.3901904 -1.276951 ]
[-1.96454   -2.0955093 -2.848583  -1.8990552]
[-2.062767  -2.1282516 -2.94681   -1.8990552]
[-1.866313  -2.0300245 -2.652129  -1.7353436]
[-1.768086  -1.5061473 -2.160994  -1.1132393]
[-0.81855834 -1.4079204  -1.4406626  -1.0150123 ]
[-0.75307363 -0.98227    -1.0150123  -0.36016566]
[-0.78581595 -1.3096933  -1.1787239  -0.78581595]
[-1.1787239 -1.866313  -1.8990552 -1.4079204]
[-2.1282516 -2.3247056 -2.7830982 -1.8990552]
[-2.5866442 -2.6848712 -3.3724604 -2.4884174]
[-2.8158407 -2.9140675 -3.732626  -2.7830982]
[-2.8813252 -3.045037  -3.8963375 -2.8813252]
[-2.8813252 -3.045037  -3.92908   -2.8813252]
[-2.8813252 -2.9795523 -3.8963375 -2.8158407]
[-2.7830982 -2.9140675 -3.830853  -2.7830982]
[-2.7176137 -2.8813252 -3.7653682 -2.6848712]
[-2.6848712 -2.8158407 -3.732626  -2.652129 ]
[-2.750356  -2.848583  -3.7653682 -2.6848712]
[-2.7830982 -2.9140675 -3.7981105 -2.750356 ]
[-2.8158407 -2.94681   -3.830853  -2.7830982]
[-2.8158407 -2.94681   -3.830853  -2.7830982]
[-2.7830982 -2.94681   -3.830853  -2.750356 ]
[-2.7830982 -2.9140675 -3.830853  -2.750356 ]
[-2.750356  -2.9140675 -3.830853  -2.7176137]
[-2.750356  -2.8813252 -3.7981105 -2.7176137]
[-2.6193867 -2.7830982 -3.634399  -2.6193867]
[-2.4229326 -2.5866442 -3.3069756 -2.3901904]
[-1.8335706 -2.2919633 -2.6848712 -2.062767 ]
[-1.4406626 -1.5388896 -1.8335706 -1.2442087]
[-0.65484667 -0.98227    -0.9167853  -0.78581595]
[-0.16371167 -0.62210435 -0.26193866 -0.36016566]
[-0.19645399 -0.32742333 -0.03274233 -0.06548467]
[-0.16371167 -0.29468098  0.         -0.13096933]
[-0.16371167 -0.22919632  0.         -0.06548467]
[-0.06548467 -0.22919632  0.         -0.06548467]
[ 0.03274233 -0.29468098  0.03274233 -0.06548467]
[ 0.         -0.26193866  0.03274233  0.        ]
[-0.06548467 -0.26193866  0.03274233 -0.03274233]
[-0.29468098 -0.16371167  0.          0.03274233]
[-0.13096933 -0.36016566 -0.09822699 -0.19645399]
[ 0.06548467 -0.58936197 -0.29468098 -0.29468098]
[-0.85130066 -0.03274233 -0.9167853   0.42565033]
[-0.13096933 -0.58936197 -1.4079204  -0.39290798]
[ 0.75307363 -0.9167853  -1.473405   -0.5238773 ]
[-0.06548467 -0.491135   -1.1787239   0.22919632]
[-0.19645399 -0.32742333 -0.65484667 -0.06548467]
[-0.19645399 -0.26193866 -0.19645399 -0.09822699]
[-0.22919632 -0.29468098 -0.06548467 -0.13096933]
[-0.36016566 -0.55661964 -0.39290798 -0.42565033]
[-0.884043   -0.75307363 -0.884043   -0.55661964]
[-1.6043743  -0.7203313  -1.375178   -0.55661964]
[-0.36016566 -1.5061473  -1.4079204  -1.4079204 ]
[-0.78581595 -1.0477546  -1.1459817  -0.29468098]
[-0.5238773  -0.62210435 -0.7203313  -0.22919632]
[-0.19645399 -0.5238773  -0.42565033 -0.16371167]
[-0.03274233 -0.55661964 -0.29468098 -0.06548467]
[-0.19645399 -0.5238773  -0.32742333 -0.03274233]
[-0.26193866 -0.55661964 -0.32742333 -0.13096933]
[-0.26193866 -0.55661964 -0.36016566 -0.13096933]
[-0.06548467 -0.5238773  -0.29468098 -0.13096933]
[-0.32742333 -0.26193866 -0.22919632  0.09822699]
[ 0.06548467 -0.42565033 -0.16371167 -0.19645399]
[-0.16371167 -0.42565033 -0.19645399  0.03274233]
[-0.29468098 -0.39290798 -0.26193866 -0.03274233]
[-0.36016566 -0.5238773  -0.39290798 -0.19645399]
[-0.32742333 -0.75307363 -0.55661964 -0.32742333]
[-0.491135   -0.687589   -0.687589   -0.22919632]
[-0.36016566 -0.65484667 -0.65484667 -0.26193866]
[-0.29468098 -0.5238773  -0.58936197 -0.09822699]
[-0.06548467 -0.5238773  -0.491135   -0.06548467]
[ 0.58936197 -0.7203313  -0.19645399 -0.29468098]
[-0.06548467 -0.39290798 -0.16371167 -0.5238773 ]
[-0.26193866 -0.687589   -0.39290798 -0.06548467]
[-0.29468098 -0.78581595 -0.491135   -0.09822699]
[-0.36016566 -0.81855834 -0.55661964 -0.16371167]
[-0.687589   -0.687589   -0.687589   -0.09822699]
[-0.78581595 -0.85130066 -0.9167853  -0.29468098]
[-0.78581595 -1.1459817  -1.2442087  -0.5238773 ]
[-0.78581595 -1.5061473  -1.6371167  -0.81855834]
[-1.1459817 -1.8008283 -2.0955093 -1.080497 ]
[-1.7353436 -1.96454   -2.6193867 -1.4079204]
[-2.1937363 -2.3574479 -3.1432638 -1.96454  ]
[-2.3901904 -2.7830982 -3.5689142 -2.3901904]
[-2.7176137 -2.9795523 -3.7653682 -2.455675 ]
[-2.7176137 -2.9140675 -3.8963375 -2.6193867]
[-2.553902  -2.8813252 -3.7653682 -2.5211596]
[-1.9972823 -2.4229326 -3.1432638 -1.9972823]
[-1.473405  -1.768086  -2.2592208 -1.3096933]
[-1.0477546 -1.3096933 -1.5716319 -0.9167853]
[-0.9495276  -1.2442087  -1.375178   -0.81855834]
[-1.0477546 -1.3424356 -1.473405  -0.9495276]
[-1.1459817 -1.4079204 -1.5388896 -1.080497 ]
[-1.2442087 -1.375178  -1.5388896 -1.080497 ]
[-0.98227   -1.4406626 -1.375178  -1.1132393]
[-0.85130066 -1.375178   -1.2442087  -0.9495276 ]
[-0.78581595 -1.3424356  -1.1459817  -0.884043  ]
[-0.85130066 -1.3096933  -1.1787239  -0.884043  ]
[-0.9495276 -1.3424356 -1.2442087 -0.9495276]
[-0.98227   -1.473405  -1.3424356 -1.080497 ]
[-1.080497  -1.5388896 -1.5061473 -1.1787239]
[-1.2114663 -1.5716319 -1.6371167 -1.276951 ]
[-1.2442087 -1.6043743 -1.6698589 -1.276951 ]
[-1.1787239 -1.5388896 -1.5388896 -1.080497 ]
[-0.9495276 -1.3096933 -1.276951  -0.9167853]
[-0.7203313 -1.0150123 -0.98227   -0.687589 ]
[-0.55661964 -0.81855834 -0.7203313  -0.5238773 ]
[-0.55661964 -0.62210435 -0.62210435 -0.39290798]
[-0.5238773 -0.687589  -0.687589  -0.491135 ]
[-0.75307363 -0.884043   -0.9495276  -0.65484667]
[-0.81855834 -1.1787239  -1.276951   -0.9495276 ]
[-1.0150123 -1.3096933 -1.5716319 -1.0477546]
[-0.9495276 -1.375178  -1.768086  -1.2114663]
[-0.9167853 -1.4406626 -1.8335706 -1.1459817]
[-0.98227   -1.3424356 -1.9317976 -1.0150123]
[-0.9167853 -1.276951  -1.9972823 -0.98227  ]
[-0.75307363 -1.276951   -1.9972823  -0.9495276 ]
[-0.81855834 -1.1459817  -1.96454    -0.85130066]
[-0.85130066 -1.1132393  -1.96454    -0.85130066]
[-0.78581595 -1.2114663  -1.8990552  -0.9167853 ]
[-0.75307363 -1.1459817  -1.6698589  -0.9167853 ]
[-0.81855834 -1.080497   -1.4079204  -0.81855834]
[-0.98227    -1.080497   -1.3096933  -0.81855834]
[-1.2114663 -1.1787239 -1.375178  -0.98227  ]
[-1.1132393 -1.5061473 -1.5061473 -1.3424356]
[-1.4406626 -1.3424356 -1.5388896 -1.0150123]
[-1.3424356 -1.2114663 -1.5061473 -0.98227  ]
[-0.85130066 -1.6698589  -1.6043743  -1.375178  ]
[-1.5388896 -1.5061473 -2.062767  -1.1132393]
[-1.7026013 -1.8335706 -2.5211596 -1.6371167]
[-1.8335706 -1.866313  -2.5866442 -1.6698589]
[-1.768086  -1.7353436 -2.2919633 -1.5061473]
[-1.5388896 -1.473405  -1.8990552 -1.0477546]
[-0.884043   -1.375178   -1.3096933  -0.85130066]
[-0.687589   -0.9167853  -0.9495276  -0.42565033]
[-0.81855834 -1.3096933  -1.1787239  -0.75307363]
[-1.1459817 -1.8990552 -1.8990552 -1.4079204]
[-2.0955093 -2.2592208 -2.750356  -1.8335706]
[-2.553902  -2.652129  -3.3397179 -2.4884174]
[-2.7830982 -2.94681   -3.6998837 -2.750356 ]
[-2.8813252 -3.0122945 -3.8635952 -2.848583 ]
[-2.848583  -3.0122945 -3.92908   -2.8813252]
[-2.8813252 -2.9795523 -3.92908   -2.8158407]
[-2.7830982 -2.94681   -3.8635952 -2.7830982]
[-2.750356  -2.8813252 -3.7981105 -2.6848712]
[-2.7176137 -2.848583  -3.7653682 -2.6848712]
[-2.750356  -2.8813252 -3.7981105 -2.7176137]
[-2.8158407 -2.94681   -3.8635952 -2.7830982]
[-2.848583  -2.9795523 -3.8963375 -2.8158407]
[-2.848583  -2.9795523 -3.8963375 -2.8158407]
[-2.8158407 -2.9795523 -3.8963375 -2.7830982]
[-2.8158407 -2.94681   -3.8963375 -2.7830982]
[-2.8158407 -2.94681   -3.8963375 -2.7830982]
[-2.7830982 -2.9140675 -3.830853  -2.750356 ]
[-2.652129  -2.8158407 -3.6671412 -2.6193867]
[-2.4229326 -2.553902  -3.3069756 -2.3901904]
[-1.8008283 -2.2919633 -2.6848712 -2.062767 ]
[-1.473405  -1.5061473 -1.8008283 -1.1787239]
[-0.58936197 -0.9495276  -0.884043   -0.75307363]
[-0.09822699 -0.55661964 -0.22919632 -0.26193866]
[-0.13096933 -0.26193866  0.03274233  0.        ]
[-0.06548467 -0.22919632  0.03274233 -0.06548467]
[-0.06548467 -0.19645399  0.          0.        ]
[ 0.         -0.19645399  0.          0.        ]
[ 0.09822699 -0.19645399  0.03274233  0.03274233]
[ 0.03274233 -0.16371167  0.03274233  0.06548467]
[ 0.         -0.16371167  0.06548467  0.03274233]
[-0.26193866 -0.09822699  0.          0.06548467]
[-0.09822699 -0.32742333 -0.06548467 -0.16371167]
[ 0.13096933 -0.58936197 -0.26193866 -0.26193866]
[-0.42565033 -0.13096933 -0.7203313   0.36016566]
[ 0.03274233 -0.36016566 -1.080497    0.06548467]
[ 0.7203313  -0.32742333 -1.0150123  -0.16371167]
[ 0.03274233  0.03274233 -0.78581595  0.22919632]
[-0.19645399 -0.26193866 -0.5238773  -0.13096933]
[-0.29468098 -0.29468098 -0.16371167 -0.13096933]
[-0.26193866 -0.29468098 -0.09822699 -0.22919632]
[-0.32742333 -0.65484667 -0.39290798 -0.45839265]
[-0.81855834 -0.78581595 -0.85130066 -0.55661964]
[-1.6371167 -0.687589  -1.3424356 -0.491135 ]
[-0.39290798 -1.5388896  -1.375178   -1.4406626 ]
[-0.85130066 -1.080497   -1.1787239  -0.32742333]
[-0.58936197 -0.687589   -0.78581595 -0.26193866]
[-0.26193866 -0.55661964 -0.491135   -0.13096933]
[-0.09822699 -0.5238773  -0.36016566 -0.06548467]
[-0.16371167 -0.5238773  -0.36016566 -0.03274233]
[-0.26193866 -0.55661964 -0.39290798 -0.09822699]
[-0.19645399 -0.58936197 -0.39290798 -0.16371167]
[-0.06548467 -0.58936197 -0.32742333 -0.09822699]
[-0.36016566 -0.19645399 -0.26193866  0.22919632]
[ 0.13096933 -0.39290798 -0.19645399 -0.16371167]
[-0.06548467 -0.36016566 -0.19645399  0.09822699]
[-0.22919632 -0.32742333 -0.26193866  0.06548467]
[-0.26193866 -0.42565033 -0.39290798 -0.09822699]
[-0.29468098 -0.62210435 -0.55661964 -0.26193866]
[-0.45839265 -0.65484667 -0.687589   -0.22919632]
[-0.39290798 -0.65484667 -0.687589   -0.22919632]
[-0.29468098 -0.5238773  -0.62210435 -0.09822699]
[-0.06548467 -0.5238773  -0.5238773  -0.06548467]
[ 0.58936197 -0.687589   -0.16371167 -0.26193866]
[-0.09822699 -0.42565033 -0.16371167 -0.5238773 ]
[-0.22919632 -0.687589   -0.39290798 -0.06548467]
[-0.19645399 -0.78581595 -0.45839265 -0.09822699]
[-0.32742333 -0.75307363 -0.5238773  -0.13096933]
[-0.687589   -0.65484667 -0.65484667 -0.09822699]
[-0.78581595 -0.85130066 -0.9167853  -0.36016566]
[-0.85130066 -1.2114663  -1.276951   -0.58936197]
[-0.85130066 -1.6043743  -1.7026013  -0.9167853 ]
[-1.276951  -1.8335706 -2.160994  -1.1132393]
[-1.8008283 -2.062767  -2.7176137 -1.5061473]
[-2.1937363 -2.455675  -3.2414908 -1.9972823]
[-2.3901904 -2.848583  -3.5689142 -2.455675 ]
[-2.7176137 -2.9140675 -3.7981105 -2.5211596]
[-2.7830982 -3.0122945 -3.8963375 -2.652129 ]
[-2.553902  -2.848583  -3.6998837 -2.455675 ]
[-1.96454   -2.3574479 -3.045037  -1.9317976]
[-1.4079204 -1.6698589 -2.160994  -1.2114663]
[-0.9167853  -1.2114663  -1.473405   -0.85130066]
[-0.85130066 -1.1459817  -1.2442087  -0.75307363]
[-0.98227  -1.276951 -1.375178 -0.884043]
[-1.0150123 -1.375178  -1.473405  -1.0150123]
[-1.080497   -1.2442087  -1.4406626  -0.81855834]
[-0.7203313 -1.1132393 -1.2114663 -0.7203313]
[-0.55661964 -0.9167853  -1.0150123  -0.42565033]
[-0.42565033 -0.81855834 -0.9495276  -0.36016566]
[-0.42565033 -0.81855834 -0.98227    -0.42565033]
[-0.45839265 -0.85130066 -1.0477546  -0.5238773 ]
[-0.55661964 -0.9167853  -1.1132393  -0.58936197]
[-0.687589   -0.9167853  -1.1787239  -0.58936197]
[-0.81855834 -0.98227    -1.3424356  -0.7203313 ]
[-0.85130066 -1.0477546  -1.4079204  -0.81855834]
[-0.9167853 -1.080497  -1.375178  -0.884043 ]
[-0.75307363 -1.1132393  -1.1787239  -0.884043  ]
[-0.687589   -0.98227    -0.9167853  -0.62210435]
[-0.5238773  -0.7203313  -0.65484667 -0.45839265]
[-0.491135   -0.58936197 -0.55661964 -0.32742333]
[-0.491135   -0.62210435 -0.62210435 -0.42565033]
[-0.7203313  -0.81855834 -0.85130066 -0.55661964]
[-0.75307363 -1.1132393  -1.1787239  -0.85130066]
[-0.9495276 -1.080497  -1.4079204 -0.7203313]
[-0.884043   -0.98227    -1.4079204  -0.65484667]
[-0.75307363 -0.78581595 -1.375178   -0.58936197]
[-0.75307363 -0.75307363 -1.473405   -0.58936197]
[-0.75307363 -0.75307363 -1.5061473  -0.55661964]
[-0.687589   -0.75307363 -1.473405   -0.5238773 ]
[-0.7203313  -0.687589   -1.473405   -0.55661964]
[-0.78581595 -0.75307363 -1.5061473  -0.62210435]
[-0.81855834 -0.81855834 -1.473405   -0.65484667]
[-0.75307363 -0.85130066 -1.375178   -0.687589  ]
[-0.7203313  -0.85130066 -1.2442087  -0.75307363]
[-0.9167853  -0.9167853  -1.1787239  -0.78581595]
[-1.1787239 -1.1459817 -1.3424356 -1.0150123]
[-1.2442087 -1.4406626 -1.4406626 -1.276951 ]
[-1.375178  -1.3424356 -1.4406626 -1.0477546]
[-1.2114663 -1.2442087 -1.3424356 -0.9167853]
[-0.884043  -1.4079204 -1.3096933 -1.080497 ]
[-1.276951  -1.3096933 -1.7026013 -1.0150123]
[-1.5061473 -1.6371167 -2.0955093 -1.4079204]
[-1.7026013 -1.5716319 -2.1282516 -1.3096933]
[-1.5388896 -1.5061473 -1.9317976 -1.3424356]
[-1.2442087 -1.4406626 -1.6371167 -1.080497 ]
[-0.9495276  -1.3096933  -1.1459817  -0.65484667]
[-0.687589  -1.0150123 -0.9167853 -0.491135 ]
[-0.81855834 -1.3096933  -1.1787239  -0.78581595]
[-1.1787239 -1.8990552 -1.866313  -1.4079204]
[-2.1282516 -2.2592208 -2.750356  -1.8335706]
[-2.5211596 -2.6848712 -3.3724604 -2.4884174]
[-2.7830982 -2.9140675 -3.6998837 -2.750356 ]
[-2.8813252 -2.9795523 -3.830853  -2.8158407]
[-2.848583  -3.0122945 -3.8963375 -2.848583 ]
[-2.8813252 -2.9795523 -3.8963375 -2.7830982]
[-2.7830982 -2.94681   -3.8635952 -2.8158407]
[-2.750356  -2.9140675 -3.830853  -2.750356 ]
[-2.7830982 -2.8813252 -3.7981105 -2.7176137]
[-2.7830982 -2.9140675 -3.830853  -2.750356 ]
[-2.8158407 -2.94681   -3.8635952 -2.7830982]
[-2.848583  -2.9795523 -3.8963375 -2.8158407]
[-2.848583  -2.9795523 -3.92908   -2.848583 ]
[-2.848583  -2.9795523 -3.8963375 -2.8158407]
[-2.8158407 -2.94681   -3.8963375 -2.8158407]
[-2.848583  -2.94681   -3.8963375 -2.8158407]
[-2.7830982 -2.9140675 -3.830853  -2.750356 ]
[-2.6193867 -2.8158407 -3.634399  -2.652129 ]
[-2.4229326 -2.5866442 -3.3069756 -2.3901904]
[-1.8008283 -2.2919633 -2.6848712 -2.062767 ]
[-1.5061473 -1.473405  -1.8335706 -1.1459817]
[-0.55661964 -0.9495276  -0.884043   -0.75307363]
[-0.06548467 -0.5238773  -0.19645399 -0.22919632]
[-0.06548467 -0.19645399  0.06548467  0.06548467]
[ 0.         -0.19645399  0.06548467 -0.03274233]
[-0.03274233 -0.16371167  0.03274233  0.03274233]
[ 0.         -0.19645399  0.          0.03274233]
[ 0.03274233 -0.19645399  0.          0.03274233]
[ 0.         -0.16371167  0.03274233  0.03274233]
[ 0.         -0.16371167  0.03274233  0.        ]
[-0.26193866 -0.09822699  0.          0.09822699]
[-0.06548467 -0.32742333 -0.06548467 -0.16371167]
[ 0.09822699 -0.55661964 -0.19645399 -0.22919632]
[-0.29468098 -0.26193866 -0.42565033  0.19645399]
[-0.26193866 -0.19645399 -0.62210435  0.16371167]
[ 0.13096933 -0.22919632 -0.62210435 -0.09822699]
[-0.09822699  0.         -0.55661964 -0.06548467]
[-0.13096933 -0.36016566 -0.36016566 -0.29468098]
[-0.32742333 -0.29468098 -0.16371167 -0.09822699]
[-0.22919632 -0.32742333 -0.09822699 -0.22919632]
[-0.32742333 -0.65484667 -0.36016566 -0.42565033]
[-0.78581595 -0.78581595 -0.81855834 -0.5238773 ]
[-1.6371167 -0.687589  -1.3424356 -0.491135 ]
[-0.39290798 -1.5388896  -1.4079204  -1.4406626 ]
[-0.85130066 -1.080497   -1.2442087  -0.36016566]
[-0.58936197 -0.7203313  -0.81855834 -0.29468098]
[-0.29468098 -0.55661964 -0.5238773  -0.13096933]
[-0.13096933 -0.5238773  -0.36016566 -0.06548467]
[-0.16371167 -0.5238773  -0.36016566 -0.03274233]
[-0.26193866 -0.5238773  -0.36016566 -0.03274233]
[-0.09822699 -0.58936197 -0.36016566 -0.16371167]
[-0.03274233 -0.55661964 -0.29468098 -0.06548467]
[-0.42565033 -0.19645399 -0.26193866  0.22919632]
[ 0.09822699 -0.42565033 -0.22919632 -0.19645399]
[-0.03274233 -0.36016566 -0.22919632  0.09822699]
[-0.22919632 -0.26193866 -0.22919632  0.13096933]
[-0.22919632 -0.39290798 -0.36016566 -0.06548467]
[-0.26193866 -0.58936197 -0.5238773  -0.22919632]
[-0.42565033 -0.65484667 -0.687589   -0.26193866]
[-0.491135   -0.65484667 -0.7203313  -0.22919632]
[-0.29468098 -0.62210435 -0.65484667 -0.19645399]
[-0.13096933 -0.58936197 -0.55661964 -0.06548467]
[ 0.58936197 -0.687589   -0.19645399 -0.26193866]
[-0.06548467 -0.45839265 -0.19645399 -0.55661964]
[-0.13096933 -0.75307363 -0.42565033 -0.09822699]
[-0.16371167 -0.75307363 -0.42565033 -0.03274233]
[-0.32742333 -0.65484667 -0.45839265 -0.03274233]
[-0.7203313  -0.58936197 -0.65484667 -0.09822699]
[-0.85130066 -0.85130066 -0.9167853  -0.39290798]
[-0.884043  -1.276951  -1.3096933 -0.687589 ]
[-0.98227   -1.7026013 -1.768086  -0.98227  ]
[-1.4079204 -1.8990552 -2.2592208 -1.2442087]
[-1.9317976 -2.1937363 -2.8158407 -1.6371167]
[-2.2592208 -2.4884174 -3.2742333 -2.062767 ]
[-2.4884174 -2.8158407 -3.634399  -2.3901904]
[-2.6848712 -2.848583  -3.830853  -2.553902 ]
[-2.7830982 -2.9795523 -3.8963375 -2.652129 ]
[-2.5211596 -2.8158407 -3.6671412 -2.455675 ]
[-1.96454   -2.3574479 -2.9795523 -1.9317976]
[-1.4079204 -1.6371167 -2.0955093 -1.2114663]
[-0.9495276  -1.2114663  -1.4079204  -0.78581595]
[-0.85130066 -1.1132393  -1.2114663  -0.7203313 ]
[-0.9495276 -1.2442087 -1.3424356 -0.884043 ]
[-1.0477546 -1.3424356 -1.4406626 -0.9167853]
[-1.1787239 -1.1459817 -1.375178  -0.7203313]
[-0.78581595 -1.0150123  -1.1459817  -0.687589  ]
[-0.65484667 -0.884043   -0.9495276  -0.45839265]
[-0.62210435 -0.81855834 -0.85130066 -0.39290798]
[-0.62210435 -0.81855834 -0.884043   -0.42565033]
[-0.55661964 -0.85130066 -0.9167853  -0.45839265]
[-0.55661964 -0.81855834 -0.9167853  -0.491135  ]
[-0.55661964 -0.75307363 -0.9495276  -0.5238773 ]
[-0.687589   -0.81855834 -1.0150123  -0.58936197]
[-0.85130066 -0.9167853  -1.1459817  -0.7203313 ]
[-0.884043   -0.98227    -1.2114663  -0.85130066]
[-0.75307363 -1.1132393  -1.1132393  -0.85130066]
[-0.687589   -0.9495276  -0.884043   -0.62210435]
[-0.5238773  -0.75307363 -0.687589   -0.491135  ]
[-0.491135   -0.58936197 -0.55661964 -0.36016566]
[-0.491135   -0.65484667 -0.62210435 -0.39290798]
[-0.687589   -0.78581595 -0.85130066 -0.58936197]
[-0.7203313  -1.1132393  -1.080497   -0.85130066]
[-0.884043   -1.1132393  -1.2114663  -0.78581595]
[-0.81855834 -0.9495276  -1.1132393  -0.75307363]
[-0.7203313  -0.85130066 -1.0150123  -0.7203313 ]
[-0.7203313 -0.884043  -1.0150123 -0.687589 ]
[-0.65484667 -0.884043   -1.0150123  -0.7203313 ]
[-0.687589   -0.85130066 -0.98227    -0.687589  ]
[-0.7203313  -0.81855834 -0.98227    -0.687589  ]
[-0.81855834 -0.9167853  -1.0150123  -0.75307363]
[-0.78581595 -0.9495276  -1.0150123  -0.78581595]
[-0.78581595 -0.9495276  -1.0150123  -0.75307363]
[-0.78581595 -0.9495276  -0.98227    -0.75307363]
[-0.9167853  -0.98227    -1.080497   -0.81855834]
[-1.2442087 -1.1787239 -1.3096933 -1.0150123]
[-1.4406626 -1.4079204 -1.4406626 -1.2114663]
[-1.276951  -1.4406626 -1.4406626 -1.2114663]
[-1.1787239 -1.375178  -1.2442087 -0.884043 ]
[-0.9167853 -1.2114663 -1.080497  -0.884043 ]
[-1.1459817 -1.276951  -1.375178  -0.98227  ]
[-1.3424356 -1.5716319 -1.7026013 -1.2114663]
[-1.5388896 -1.375178  -1.768086  -1.080497 ]
[-1.375178  -1.3096933 -1.6371167 -1.080497 ]
[-0.9495276 -1.375178  -1.3424356 -0.9167853]
[-0.75307363 -1.1132393  -0.98227    -0.491135  ]
[-0.687589   -1.0150123  -0.81855834 -0.39290798]
[-0.85130066 -1.3096933  -1.1459817  -0.75307363]
[-1.1459817 -1.9317976 -1.8990552 -1.473405 ]
[-2.160994  -2.3247056 -2.7830982 -1.866313 ]
[-2.5866442 -2.7176137 -3.3724604 -2.5211596]
[-2.7830982 -2.94681   -3.732626  -2.7830982]
[-2.848583  -2.9795523 -3.830853  -2.8158407]
[-2.8158407 -2.9795523 -3.830853  -2.8158407]
[-2.848583  -2.94681   -3.8635952 -2.7830982]
[-2.8158407 -2.9795523 -3.8963375 -2.8158407]
[-2.7830982 -2.94681   -3.8635952 -2.750356 ]
[-2.8158407 -2.9140675 -3.830853  -2.750356 ]
[-2.7830982 -2.9140675 -3.830853  -2.7830982]
[-2.848583  -2.94681   -3.8635952 -2.7830982]
[-2.848583  -2.9795523 -3.8963375 -2.848583 ]
[-2.848583  -3.0122945 -3.92908   -2.848583 ]
[-2.848583  -2.9795523 -3.8963375 -2.8158407]
[-2.8158407 -2.94681   -3.8635952 -2.8158407]
[-2.7830982 -2.94681   -3.830853  -2.7830982]
[-2.750356  -2.8813252 -3.7653682 -2.750356 ]
[-2.5866442 -2.7830982 -3.634399  -2.6193867]
[-2.3901904 -2.553902  -3.3069756 -2.3247056]
[-1.8008283 -2.2919633 -2.7176137 -2.062767 ]
[-1.5061473 -1.473405  -1.866313  -1.1459817]
[-0.5238773  -0.98227    -0.9167853  -0.78581595]
[-0.09822699 -0.55661964 -0.22919632 -0.19645399]
[-0.03274233 -0.19645399  0.06548467  0.06548467]
[ 0.         -0.19645399  0.06548467  0.        ]
[-0.03274233 -0.19645399  0.03274233  0.        ]
[-0.03274233 -0.22919632  0.         -0.03274233]
[-0.06548467 -0.22919632  0.         -0.03274233]
[-0.06548467 -0.19645399  0.          0.        ]
[-0.06548467 -0.19645399  0.03274233  0.        ]
[-0.26193866 -0.09822699 -0.03274233  0.09822699]
[-0.06548467 -0.32742333 -0.09822699 -0.16371167]
[ 0.09822699 -0.55661964 -0.16371167 -0.26193866]
[-0.19645399 -0.39290798 -0.29468098 -0.06548467]
[-0.29468098 -0.36016566 -0.39290798 -0.19645399]
[-0.19645399 -0.42565033 -0.39290798 -0.29468098]
[-0.32742333 -0.32742333 -0.32742333 -0.19645399]
[-0.09822699 -0.39290798 -0.19645399 -0.29468098]
[-0.36016566 -0.22919632 -0.09822699  0.        ]
[-0.19645399 -0.32742333 -0.09822699 -0.22919632]
[-0.32742333 -0.62210435 -0.36016566 -0.45839265]
[-0.75307363 -0.78581595 -0.81855834 -0.55661964]
[-1.7026013  -0.687589   -1.3424356  -0.42565033]
[-0.42565033 -1.5388896  -1.473405   -1.4406626 ]
[-0.85130066 -1.080497   -1.3096933  -0.36016566]
[-0.55661964 -0.7203313  -0.85130066 -0.26193866]
[-0.26193866 -0.5238773  -0.491135   -0.09822699]
[-0.13096933 -0.491135   -0.36016566 -0.03274233]
[-0.09822699 -0.5238773  -0.32742333  0.        ]
[-0.22919632 -0.491135   -0.32742333  0.03274233]
[ 0.         -0.58936197 -0.32742333 -0.13096933]
[-0.03274233 -0.55661964 -0.29468098 -0.03274233]
[-0.39290798 -0.22919632 -0.29468098  0.19645399]
[ 0.09822699 -0.491135   -0.22919632 -0.19645399]
[-0.09822699 -0.36016566 -0.22919632  0.13096933]
[-0.19645399 -0.29468098 -0.26193866  0.06548467]
[-0.26193866 -0.39290798 -0.36016566 -0.06548467]
[-0.22919632 -0.55661964 -0.491135   -0.22919632]
[-0.42565033 -0.687589   -0.65484667 -0.22919632]
[-0.55661964 -0.65484667 -0.75307363 -0.26193866]
[-0.32742333 -0.7203313  -0.7203313  -0.29468098]
[-0.16371167 -0.62210435 -0.58936197 -0.09822699]
[ 0.58936197 -0.7203313  -0.19645399 -0.29468098]
[-0.09822699 -0.491135   -0.22919632 -0.58936197]
[-0.13096933 -0.78581595 -0.42565033 -0.06548467]
[-0.22919632 -0.65484667 -0.36016566  0.03274233]
[-0.5238773  -0.55661964 -0.39290798 -0.03274233]
[-0.884043   -0.65484667 -0.62210435 -0.19645399]
[-0.9495276  -1.080497   -0.98227    -0.55661964]
[-0.9495276  -1.4406626  -1.375178   -0.81855834]
[-1.080497  -1.8008283 -1.8335706 -1.080497 ]
[-1.5061473 -2.0300245 -2.3574479 -1.375178 ]
[-1.9972823 -2.2592208 -2.8813252 -1.768086 ]
[-2.3247056 -2.5866442 -3.3397179 -2.1937363]
[-2.5866442 -2.8158407 -3.6671412 -2.455675 ]
[-2.750356  -2.94681   -3.8635952 -2.6193867]
[-2.7830982 -2.9795523 -3.8963375 -2.652129 ]
[-2.4884174 -2.8158407 -3.634399  -2.455675 ]
[-1.9317976 -2.2919633 -2.9140675 -1.866313 ]
[-1.3424356 -1.6043743 -2.0300245 -1.2114663]
[-0.9167853  -1.1787239  -1.3424356  -0.78581595]
[-0.81855834 -1.1132393  -1.2114663  -0.7203313 ]
[-0.9167853 -1.276951  -1.3096933 -0.884043 ]
[-0.98227   -1.3424356 -1.4079204 -0.9495276]
[-1.1787239  -1.1459817  -1.3424356  -0.78581595]
[-0.85130066 -1.1132393  -1.1132393  -0.85130066]
[-0.7203313  -1.0477546  -0.9495276  -0.65484667]
[-0.687589   -1.0477546  -0.85130066 -0.62210435]
[-0.687589   -1.0477546  -0.85130066 -0.65484667]
[-0.62210435 -1.080497   -0.85130066 -0.65484667]
[-0.62210435 -0.9495276  -0.81855834 -0.5238773 ]
[-0.58936197 -0.81855834 -0.75307363 -0.5238773 ]
[-0.65484667 -0.81855834 -0.81855834 -0.58936197]
[-0.884043   -0.884043   -0.9495276  -0.65484667]
[-0.884043   -1.0477546  -1.080497   -0.85130066]
[-0.7203313 -1.1787239 -1.0477546 -0.884043 ]
[-0.687589   -0.98227    -0.884043   -0.62210435]
[-0.58936197 -0.75307363 -0.7203313  -0.491135  ]
[-0.5238773  -0.58936197 -0.58936197 -0.39290798]
[-0.491135   -0.65484667 -0.62210435 -0.42565033]
[-0.78581595 -0.78581595 -0.85130066 -0.55661964]
[-0.7203313 -1.080497  -1.0477546 -0.884043 ]
[-0.884043   -1.080497   -1.1132393  -0.75307363]
[-0.81855834 -0.884043   -0.9167853  -0.65484667]
[-0.62210435 -0.78581595 -0.75307363 -0.58936197]
[-0.55661964 -0.78581595 -0.687589   -0.5238773 ]
[-0.491135   -0.75307363 -0.65484667 -0.491135  ]
[-0.5238773  -0.687589   -0.58936197 -0.45839265]
[-0.5238773  -0.687589   -0.58936197 -0.491135  ]
[-0.62210435 -0.75307363 -0.65484667 -0.55661964]
[-0.58936197 -0.81855834 -0.687589   -0.58936197]
[-0.65484667 -0.78581595 -0.687589   -0.55661964]
[-0.7203313  -0.85130066 -0.75307363 -0.62210435]
[-0.9167853  -0.98227    -0.98227    -0.75307363]
[-1.2442087 -1.2114663 -1.276951  -0.98227  ]
[-1.4406626 -1.4079204 -1.5061473 -1.2114663]
[-1.080497  -1.5061473 -1.4079204 -1.2442087]
[-1.2442087  -1.1787239  -1.080497   -0.62210435]
[-0.98227    -1.080497   -0.9167853  -0.75307363]
[-1.0477546 -1.3424356 -1.1459817 -0.9495276]
[-1.1787239 -1.5716319 -1.375178  -1.080497 ]
[-1.4406626  -1.3424356  -1.5061473  -0.85130066]
[-1.2114663  -1.2114663  -1.375178   -0.85130066]
[-0.687589  -1.2114663 -1.1132393 -0.7203313]
[-0.58936197 -0.98227    -0.75307363 -0.26193866]
[-0.55661964 -0.884043   -0.65484667 -0.29468098]
[-0.9167853 -1.2114663 -1.0150123 -0.687589 ]
[-1.1132393 -1.9972823 -1.8335706 -1.5061473]
[-2.1937363 -2.3901904 -2.7830982 -1.8335706]
[-2.5866442 -2.6848712 -3.3724604 -2.553902 ]
[-2.8158407 -2.94681   -3.732626  -2.7830982]
[-2.848583  -2.9795523 -3.830853  -2.7830982]
[-2.7830982 -2.94681   -3.830853  -2.7830982]
[-2.8158407 -2.9140675 -3.830853  -2.750356 ]
[-2.7830982 -2.94681   -3.8635952 -2.8158407]
[-2.8158407 -2.94681   -3.8635952 -2.7830982]
[-2.8158407 -2.9140675 -3.8635952 -2.750356 ]
[-2.8158407 -2.94681   -3.8635952 -2.7830982]
[-2.848583  -2.94681   -3.8635952 -2.8158407]
[-2.848583  -3.0122945 -3.8963375 -2.848583 ]
[-2.848583  -3.0122945 -3.92908   -2.848583 ]
[-2.848583  -2.94681   -3.8963375 -2.7830982]
[-2.8158407 -2.94681   -3.830853  -2.7830982]
[-2.7830982 -2.94681   -3.7981105 -2.7830982]
[-2.750356  -2.9140675 -3.7653682 -2.7176137]
[-2.6193867 -2.8158407 -3.634399  -2.6193867]
[-2.455675  -2.5866442 -3.3397179 -2.3901904]
[-1.8335706 -2.3247056 -2.750356  -2.0955093]
[-1.5388896 -1.5061473 -1.8990552 -1.1787239]
[-0.55661964 -1.0150123  -0.9495276  -0.81855834]
[-0.09822699 -0.5238773  -0.22919632 -0.19645399]
[-0.03274233 -0.22919632  0.03274233  0.06548467]
[-0.03274233 -0.16371167  0.09822699  0.        ]
[-0.03274233 -0.19645399  0.06548467 -0.03274233]
[-0.06548467 -0.22919632  0.03274233 -0.06548467]
[-0.09822699 -0.26193866  0.         -0.06548467]
[-0.09822699 -0.22919632  0.         -0.06548467]
[-0.09822699 -0.22919632  0.         -0.06548467]
[-0.29468098 -0.13096933 -0.06548467  0.06548467]
[-0.09822699 -0.36016566 -0.09822699 -0.16371167]
[ 0.06548467 -0.5238773  -0.16371167 -0.22919632]
[-0.16371167 -0.39290798 -0.22919632 -0.06548467]
[-0.22919632 -0.36016566 -0.26193866 -0.16371167]
[-0.13096933 -0.36016566 -0.22919632 -0.22919632]
[-0.26193866 -0.26193866 -0.16371167 -0.09822699]
[ 0.         -0.36016566 -0.06548467 -0.26193866]
[-0.29468098 -0.16371167 -0.03274233  0.06548467]
[-0.19645399 -0.29468098 -0.06548467 -0.19645399]
[-0.29468098 -0.58936197 -0.36016566 -0.42565033]
[-0.687589   -0.85130066 -0.78581595 -0.58936197]
[-1.7353436  -0.687589   -1.375178   -0.45839265]
[-0.5238773 -1.5716319 -1.5388896 -1.5061473]
[-0.9167853  -1.1459817  -1.4079204  -0.42565033]
[-0.58936197 -0.7203313  -0.9167853  -0.29468098]
[-0.26193866 -0.5238773  -0.491135   -0.09822699]
[-0.09822699 -0.491135   -0.36016566  0.03274233]
[-0.09822699 -0.491135   -0.32742333  0.03274233]
[-0.16371167 -0.45839265 -0.32742333  0.06548467]
[ 0.03274233 -0.62210435 -0.32742333 -0.09822699]
[-0.06548467 -0.55661964 -0.32742333  0.        ]
[-0.39290798 -0.26193866 -0.36016566  0.16371167]
[ 0.06548467 -0.5238773  -0.29468098 -0.19645399]
[-0.09822699 -0.39290798 -0.26193866  0.06548467]
[-0.09822699 -0.36016566 -0.29468098  0.        ]
[-0.32742333 -0.36016566 -0.36016566  0.03274233]
[-0.16371167 -0.5238773  -0.45839265 -0.22919632]
[-0.45839265 -0.687589   -0.65484667 -0.22919632]
[-0.62210435 -0.687589   -0.78581595 -0.26193866]
[-0.32742333 -0.78581595 -0.75307363 -0.36016566]
[-0.16371167 -0.62210435 -0.58936197 -0.06548467]
[ 0.62210435 -0.7203313  -0.16371167 -0.32742333]
[-0.13096933 -0.5238773  -0.26193866 -0.62210435]
[-0.32742333 -0.78581595 -0.42565033 -0.09822699]
[-0.491135   -0.687589   -0.39290798 -0.03274233]
[-0.7203313  -0.75307363 -0.491135   -0.22919632]
[-0.9495276  -0.9495276  -0.75307363 -0.45839265]
[-0.9167853 -1.375178  -1.0477546 -0.687589 ]
[-0.98227    -1.6371167  -1.375178   -0.78581595]
[-1.0477546 -1.8335706 -1.8335706 -1.1132393]
[-1.6043743 -2.062767  -2.3574479 -1.4079204]
[-2.062767  -2.2919633 -2.94681   -1.8335706]
[-2.3901904 -2.6193867 -3.4052026 -2.2592208]
[-2.652129  -2.848583  -3.732626  -2.5211596]
[-2.7830982 -2.9795523 -3.8963375 -2.6848712]
[-2.7830982 -3.0122945 -3.8963375 -2.6848712]
[-2.455675  -2.8158407 -3.6016567 -2.455675 ]
[-1.8990552 -2.2592208 -2.8813252 -1.8335706]
[-1.2442087 -1.5716319 -1.96454   -1.1787239]
[-0.85130066 -1.1132393  -1.3096933  -0.75307363]
[-0.78581595 -1.0477546  -1.1459817  -0.687589  ]
[-0.884043   -1.2114663  -1.276951   -0.85130066]
[-0.9495276 -1.3096933 -1.3424356 -0.9167853]
[-1.1132393 -1.1132393 -1.3096933 -0.7203313]
[-0.75307363 -1.0477546  -1.080497   -0.75307363]
[-0.62210435 -0.9495276  -0.9167853  -0.55661964]
[-0.62210435 -0.9495276  -0.81855834 -0.491135  ]
[-0.5238773  -0.98227    -0.81855834 -0.58936197]
[-0.491135   -0.98227    -0.78581595 -0.55661964]
[-0.55661964 -0.85130066 -0.7203313  -0.45839265]
[-0.55661964 -0.78581595 -0.7203313  -0.5238773 ]
[-0.62210435 -0.85130066 -0.78581595 -0.58936197]
[-0.884043   -0.85130066 -0.9167853  -0.65484667]
[-0.85130066 -1.0477546  -1.0150123  -0.85130066]
[-0.7203313  -1.1459817  -1.0150123  -0.85130066]
[-0.687589   -0.9495276  -0.884043   -0.62210435]
[-0.58936197 -0.75307363 -0.687589   -0.491135  ]
[-0.55661964 -0.58936197 -0.58936197 -0.39290798]
[-0.491135   -0.687589   -0.62210435 -0.491135  ]
[-0.85130066 -0.78581595 -0.85130066 -0.5238773 ]
[-0.65484667 -1.1132393  -1.0477546  -0.9495276 ]
[-0.884043  -1.080497  -1.080497  -0.7203313]
[-0.78581595 -0.85130066 -0.85130066 -0.58936197]
[-0.58936197 -0.78581595 -0.65484667 -0.5238773 ]
[-0.491135   -0.78581595 -0.55661964 -0.45839265]
[-0.45839265 -0.75307363 -0.5238773  -0.39290798]
[-0.491135   -0.65484667 -0.491135   -0.32742333]
[-0.5238773  -0.65484667 -0.491135   -0.42565033]
[-0.58936197 -0.7203313  -0.5238773  -0.45839265]
[-0.55661964 -0.78581595 -0.55661964 -0.491135  ]
[-0.58936197 -0.78581595 -0.58936197 -0.491135  ]
[-0.62210435 -0.85130066 -0.687589   -0.62210435]
[-0.884043   -1.0150123  -0.9167853  -0.75307363]
[-1.2442087 -1.1787239 -1.2442087 -0.9495276]
[-1.4079204 -1.375178  -1.5061473 -1.1132393]
[-1.0477546 -1.4079204 -1.3424356 -1.080497 ]
[-1.1787239 -0.884043  -0.98227   -0.5238773]
[-0.81855834 -1.080497   -0.81855834 -0.78581595]
[-0.884043   -1.4406626  -0.98227    -0.81855834]
[-0.85130066 -1.5388896  -1.1459817  -0.9167853 ]
[-1.1459817  -1.3096933  -1.2442087  -0.65484667]
[-0.98227    -1.080497   -1.1459817  -0.58936197]
[-0.491135  -1.0477546 -0.9167853 -0.5238773]
[-0.45839265 -0.78581595 -0.58936197 -0.09822699]
[-0.42565033 -0.78581595 -0.5238773  -0.19645399]
[-0.98227    -1.080497   -0.9495276  -0.55661964]
[-0.9495276 -2.062767  -1.8008283 -1.6371167]
[-2.2264786 -2.455675  -2.7830982 -1.768086 ]
[-2.5866442 -2.6848712 -3.3724604 -2.5211596]
[-2.7830982 -2.94681   -3.732626  -2.7830982]
[-2.8813252 -2.9795523 -3.830853  -2.7830982]
[-2.8158407 -2.9795523 -3.830853  -2.7830982]
[-2.8158407 -2.94681   -3.8635952 -2.7830982]
[-2.8158407 -2.94681   -3.8635952 -2.7830982]
[-2.7830982 -2.94681   -3.830853  -2.7830982]
[-2.7830982 -2.9140675 -3.830853  -2.750356 ]
[-2.7830982 -2.9140675 -3.7981105 -2.750356 ]
[-2.8158407 -2.94681   -3.8635952 -2.7830982]
[-2.848583  -2.9795523 -3.8963375 -2.8158407]
[-2.848583  -2.9795523 -3.8963375 -2.848583 ]
[-2.848583  -2.9795523 -3.8963375 -2.8158407]
[-2.848583  -2.94681   -3.8635952 -2.7830982]
[-2.8158407 -2.9795523 -3.830853  -2.8158407]
[-2.8158407 -2.9795523 -3.830853  -2.7830982]
[-2.7176137 -2.8813252 -3.6998837 -2.6848712]
[-2.4884174 -2.6193867 -3.4052026 -2.455675 ]
[-1.866313  -2.3574479 -2.7830982 -2.1282516]
[-1.5716319 -1.5061473 -1.8990552 -1.1787239]
[-0.55661964 -1.0150123  -0.9167853  -0.81855834]
[-0.09822699 -0.5238773  -0.22919632 -0.22919632]
[-0.06548467 -0.22919632  0.06548467  0.03274233]
[-0.03274233 -0.16371167  0.13096933  0.        ]
[-0.03274233 -0.19645399  0.13096933 -0.03274233]
[-0.03274233 -0.22919632  0.09822699 -0.06548467]
[-0.06548467 -0.22919632  0.06548467 -0.06548467]
[-0.13096933 -0.22919632  0.03274233 -0.06548467]
[-0.13096933 -0.22919632  0.         -0.06548467]
[-0.29468098 -0.16371167 -0.06548467  0.03274233]
[-0.09822699 -0.32742333 -0.09822699 -0.16371167]
[ 0.06548467 -0.5238773  -0.16371167 -0.22919632]
[-0.16371167 -0.39290798 -0.16371167 -0.06548467]
[-0.16371167 -0.32742333 -0.19645399 -0.13096933]
[-0.13096933 -0.32742333 -0.13096933 -0.16371167]
[-0.16371167 -0.22919632 -0.09822699 -0.06548467]
[ 0.06548467 -0.32742333 -0.03274233 -0.19645399]
[-0.26193866 -0.09822699  0.          0.13096933]
[-0.16371167 -0.26193866 -0.06548467 -0.16371167]
[-0.26193866 -0.58936197 -0.36016566 -0.39290798]
[-0.62210435 -0.85130066 -0.78581595 -0.58936197]
[-1.768086   -0.65484667 -1.375178   -0.42565033]
[-0.58936197 -1.5716319  -1.5716319  -1.5388896 ]
[-0.98227   -1.1787239 -1.4406626 -0.491135 ]
[-0.62210435 -0.78581595 -0.9167853  -0.32742333]
[-0.29468098 -0.55661964 -0.5238773  -0.09822699]
[-0.13096933 -0.491135   -0.39290798  0.03274233]
[-0.09822699 -0.491135   -0.42565033  0.03274233]
[-0.16371167 -0.491135   -0.42565033  0.06548467]
[ 0.06548467 -0.65484667 -0.42565033 -0.13096933]
[-0.13096933 -0.55661964 -0.42565033  0.        ]
[-0.36016566 -0.36016566 -0.42565033  0.06548467]
[ 0.         -0.58936197 -0.39290798 -0.22919632]
[-0.09822699 -0.39290798 -0.36016566  0.03274233]
[-0.06548467 -0.39290798 -0.32742333  0.        ]
[-0.36016566 -0.26193866 -0.39290798  0.13096933]
[-0.13096933 -0.45839265 -0.45839265 -0.26193866]
[-0.39290798 -0.65484667 -0.65484667 -0.22919632]
[-0.58936197 -0.65484667 -0.78581595 -0.26193866]
[-0.26193866 -0.75307363 -0.75307363 -0.32742333]
[-0.13096933 -0.55661964 -0.55661964 -0.03274233]
[ 0.65484667 -0.687589   -0.16371167 -0.26193866]
[-0.09822699 -0.55661964 -0.29468098 -0.687589  ]
[-0.32742333 -0.81855834 -0.491135   -0.16371167]
[-0.39290798 -0.81855834 -0.5238773  -0.19645399]
[-0.491135   -0.9495276  -0.62210435 -0.26193866]
[-0.62210435 -1.0150123  -0.75307363 -0.29468098]
[-0.65484667 -1.1459817  -0.9167853  -0.42565033]
[-0.9167853  -1.4079204  -1.276951   -0.58936197]
[-1.0150123 -1.8335706 -1.8008283 -1.1132393]
[-1.6371167 -2.0955093 -2.3901904 -1.4079204]
[-2.1282516 -2.3574479 -2.94681   -1.9317976]
[-2.455675  -2.6848712 -3.437945  -2.3247056]
[-2.750356  -2.9140675 -3.7981105 -2.5866442]
[-2.8158407 -3.0122945 -3.92908   -2.7176137]
[-2.750356  -3.0122945 -3.8963375 -2.6848712]
[-2.4229326 -2.7830982 -3.536172  -2.4229326]
[-1.768086  -2.2264786 -2.8158407 -1.8008283]
[-1.1459817 -1.5388896 -1.9317976 -1.1132393]
[-0.7203313  -1.0150123  -1.276951   -0.65484667]
[-0.687589   -0.884043   -1.080497   -0.58936197]
[-0.81855834 -1.080497   -1.2114663  -0.81855834]
[-0.85130066 -1.2442087  -1.276951   -0.9167853 ]
[-1.0150123 -1.080497  -1.2442087 -0.687589 ]
[-0.65484667 -0.98227    -1.0477546  -0.687589  ]
[-0.55661964 -0.81855834 -0.85130066 -0.45839265]
[-0.5238773  -0.81855834 -0.78581595 -0.45839265]
[-0.45839265 -0.9167853  -0.78581595 -0.5238773 ]
[-0.45839265 -0.884043   -0.7203313  -0.45839265]
[-0.55661964 -0.75307363 -0.687589   -0.45839265]
[-0.55661964 -0.75307363 -0.687589   -0.5238773 ]
[-0.58936197 -0.85130066 -0.75307363 -0.58936197]
[-0.884043   -0.81855834 -0.884043   -0.58936197]
[-0.78581595 -0.98227    -0.98227    -0.81855834]
[-0.7203313  -1.1132393  -0.98227    -0.85130066]
[-0.7203313  -0.9495276  -0.884043   -0.65484667]
[-0.55661964 -0.75307363 -0.687589   -0.5238773 ]
[-0.55661964 -0.58936197 -0.58936197 -0.39290798]
[-0.45839265 -0.687589   -0.62210435 -0.5238773 ]
[-0.884043   -0.75307363 -0.85130066 -0.5238773 ]
[-0.58936197 -1.1459817  -1.0150123  -0.98227   ]
[-0.78581595 -1.0477546  -1.0477546  -0.65484667]
[-0.62210435 -0.75307363 -0.81855834 -0.5238773 ]
[-0.42565033 -0.687589   -0.62210435 -0.45839265]
[-0.32742333 -0.687589   -0.5238773  -0.39290798]
[-0.36016566 -0.687589   -0.491135   -0.36016566]
[-0.45839265 -0.62210435 -0.45839265 -0.29468098]
[-0.491135   -0.65484667 -0.491135   -0.42565033]
[-0.5238773  -0.7203313  -0.5238773  -0.45839265]
[-0.5238773  -0.78581595 -0.5238773  -0.491135  ]
[-0.55661964 -0.78581595 -0.55661964 -0.45839265]
[-0.65484667 -0.85130066 -0.62210435 -0.55661964]
[-0.78581595 -0.98227    -0.85130066 -0.7203313 ]
[-1.2114663 -1.1787239 -1.1787239 -0.9167853]
[-1.3424356 -1.3096933 -1.4079204 -1.080497 ]
[-1.1459817 -1.3096933 -1.276951  -0.9495276]
[-1.1132393  -0.81855834 -0.9495276  -0.45839265]
[-0.58936197 -1.0150123  -0.7203313  -0.62210435]
[-0.62210435 -1.2442087  -0.81855834 -0.5238773 ]
[-0.491135   -1.375178   -0.9495276  -0.65484667]
[-0.9167853  -1.080497   -1.0150123  -0.36016566]
[-0.81855834 -0.884043   -0.98227    -0.39290798]
[-0.45839265 -0.884043   -0.81855834 -0.39290798]
[-0.39290798 -0.65484667 -0.55661964 -0.06548467]
[-0.39290798 -0.75307363 -0.491135   -0.16371167]
[-1.0477546  -1.0150123  -0.9495276  -0.45839265]
[-0.75307363 -2.1282516  -1.8008283  -1.7353436 ]
[-2.1937363 -2.4229326 -2.750356  -1.6371167]
[-2.553902  -2.652129  -3.3069756 -2.455675 ]
[-2.750356  -2.9140675 -3.6998837 -2.750356 ]
[-2.848583  -2.9795523 -3.8635952 -2.8158407]
[-2.8158407 -2.9795523 -3.8635952 -2.8158407]
[-2.8158407 -2.94681   -3.8635952 -2.750356 ]
[-2.7830982 -2.94681   -3.830853  -2.750356 ]
[-2.750356  -2.9140675 -3.7981105 -2.750356 ]
[-2.7830982 -2.848583  -3.732626  -2.6848712]
[-2.750356  -2.848583  -3.732626  -2.7176137]
[-2.8158407 -2.9140675 -3.7981105 -2.750356 ]
[-2.848583  -2.94681   -3.8635952 -2.8158407]
[-2.848583  -3.0122945 -3.8963375 -2.8813252]
[-2.848583  -2.9795523 -3.8635952 -2.8158407]
[-2.848583  -2.94681   -3.8635952 -2.8158407]
[-2.8158407 -3.0122945 -3.8635952 -2.848583 ]
[-2.848583  -2.9795523 -3.8963375 -2.8158407]
[-2.750356  -2.8813252 -3.7653682 -2.7176137]
[-2.4884174 -2.652129  -3.4052026 -2.455675 ]
[-1.8335706 -2.3247056 -2.750356  -2.1282516]
[-1.5388896 -1.473405  -1.8335706 -1.1459817]
[-0.55661964 -0.98227    -0.884043   -0.78581595]
[-0.06548467 -0.5238773  -0.16371167 -0.22919632]
[-0.06548467 -0.22919632  0.09822699  0.06548467]
[ 0.         -0.16371167  0.13096933  0.        ]
[ 0.         -0.16371167  0.16371167  0.        ]
[ 0.         -0.16371167  0.16371167  0.        ]
[-0.03274233 -0.19645399  0.13096933 -0.03274233]
[-0.13096933 -0.22919632  0.06548467 -0.06548467]
[-0.13096933 -0.26193866  0.         -0.09822699]
[-0.36016566 -0.19645399 -0.06548467  0.03274233]
[-0.13096933 -0.36016566 -0.09822699 -0.16371167]
[ 0.06548467 -0.5238773  -0.13096933 -0.19645399]
[-0.13096933 -0.39290798 -0.16371167 -0.03274233]
[-0.09822699 -0.32742333 -0.16371167 -0.09822699]
[-0.09822699 -0.29468098 -0.09822699 -0.09822699]
[-0.13096933 -0.22919632 -0.06548467 -0.03274233]
[ 0.09822699 -0.32742333  0.         -0.13096933]
[-0.22919632 -0.06548467  0.03274233  0.16371167]
[-0.13096933 -0.22919632 -0.06548467 -0.13096933]
[-0.22919632 -0.55661964 -0.32742333 -0.36016566]
[-0.58936197 -0.81855834 -0.75307363 -0.55661964]
[-1.768086   -0.62210435 -1.3424356  -0.39290798]
[-0.62210435 -1.5716319  -1.5716319  -1.5388896 ]
[-0.98227   -1.1787239 -1.4079204 -0.5238773]
[-0.58936197 -0.78581595 -0.9167853  -0.36016566]
[-0.26193866 -0.5238773  -0.491135   -0.06548467]
[-0.13096933 -0.491135   -0.42565033  0.03274233]
[-0.13096933 -0.491135   -0.45839265  0.06548467]
[-0.16371167 -0.491135   -0.491135    0.06548467]
[ 0.03274233 -0.65484667 -0.491135   -0.13096933]
[-0.19645399 -0.55661964 -0.491135   -0.03274233]
[-0.36016566 -0.45839265 -0.5238773  -0.03274233]
[-0.09822699 -0.62210435 -0.45839265 -0.22919632]
[-0.19645399 -0.45839265 -0.39290798 -0.03274233]
[-0.13096933 -0.42565033 -0.36016566 -0.06548467]
[-0.45839265 -0.26193866 -0.42565033  0.09822699]
[-0.19645399 -0.5238773  -0.491135   -0.29468098]
[-0.36016566 -0.65484667 -0.65484667 -0.22919632]
[-0.55661964 -0.62210435 -0.78581595 -0.19645399]
[-0.19645399 -0.65484667 -0.687589   -0.29468098]
[-0.06548467 -0.45839265 -0.5238773   0.03274233]
[ 0.65484667 -0.62210435 -0.13096933 -0.22919632]
[-0.09822699 -0.5238773  -0.29468098 -0.62210435]
[-0.29468098 -0.75307363 -0.5238773  -0.06548467]
[-0.29468098 -0.7203313  -0.5238773  -0.03274233]
[-0.32742333 -0.65484667 -0.5238773   0.06548467]
[-0.5238773  -0.62210435 -0.65484667  0.09822699]
[-0.5238773  -0.78581595 -0.85130066 -0.26193866]
[-0.7203313  -1.2114663  -1.276951   -0.62210435]
[-1.0150123 -1.8335706 -1.768086  -1.1132393]
[-1.6698589 -2.0955093 -2.3574479 -1.4406626]
[-2.1937363 -2.4229326 -3.0122945 -1.9972823]
[-2.5211596 -2.7176137 -3.5034297 -2.3901904]
[-2.7830982 -2.94681   -3.830853  -2.652129 ]
[-2.848583  -3.045037  -3.9618223 -2.750356 ]
[-2.750356  -3.0122945 -3.8963375 -2.6848712]
[-2.3901904 -2.7830982 -3.5034297 -2.4229326]
[-1.7353436 -2.2264786 -2.7830982 -1.8008283]
[-1.1787239 -1.473405  -1.866313  -1.0150123]
[-0.75307363 -0.9167853  -1.2442087  -0.62210435]
[-0.75307363 -0.78581595 -1.080497   -0.5238773 ]
[-0.81855834 -0.9495276  -1.1787239  -0.75307363]
[-0.78581595 -1.1787239  -1.2442087  -0.884043  ]
[-0.9495276  -1.0477546  -1.2114663  -0.65484667]
[-0.687589   -0.9167853  -1.0150123  -0.62210435]
[-0.55661964 -0.75307363 -0.85130066 -0.45839265]
[-0.491135   -0.78581595 -0.78581595 -0.491135  ]
[-0.42565033 -0.85130066 -0.75307363 -0.491135  ]
[-0.491135   -0.78581595 -0.687589   -0.45839265]
[-0.55661964 -0.7203313  -0.65484667 -0.491135  ]
[-0.55661964 -0.78581595 -0.65484667 -0.55661964]
[-0.58936197 -0.81855834 -0.7203313  -0.62210435]
[-0.9167853  -0.78581595 -0.81855834 -0.55661964]
[-0.78581595 -0.98227    -0.9495276  -0.85130066]
[-0.687589   -1.1459817  -0.98227    -0.85130066]
[-0.687589   -0.9495276  -0.884043   -0.65484667]
[-0.55661964 -0.75307363 -0.687589   -0.5238773 ]
[-0.55661964 -0.58936197 -0.58936197 -0.39290798]
[-0.45839265 -0.687589   -0.62210435 -0.5238773 ]
[-0.884043   -0.7203313  -0.85130066 -0.491135  ]
[-0.58936197 -1.1459817  -1.0150123  -0.9495276 ]
[-0.85130066 -0.9495276  -1.0150123  -0.55661964]
[-0.65484667 -0.687589   -0.78581595 -0.42565033]
[-0.42565033 -0.58936197 -0.58936197 -0.36016566]
[-0.29468098 -0.58936197 -0.491135   -0.29468098]
[-0.32742333 -0.58936197 -0.45839265 -0.29468098]
[-0.45839265 -0.55661964 -0.491135   -0.26193866]
[-0.45839265 -0.62210435 -0.491135   -0.36016566]
[-0.45839265 -0.65484667 -0.491135   -0.39290798]
[-0.45839265 -0.7203313  -0.5238773  -0.42565033]
[-0.5238773  -0.7203313  -0.5238773  -0.39290798]
[-0.62210435 -0.78581595 -0.58936197 -0.491135  ]
[-0.7203313  -0.9495276  -0.81855834 -0.7203313 ]
[-1.1787239  -1.1459817  -1.1132393  -0.81855834]
[-1.276951  -1.276951  -1.3424356 -1.080497 ]
[-1.1459817 -1.2114663 -1.2114663 -0.884043 ]
[-1.0150123  -0.85130066 -0.9495276  -0.39290798]
[-0.36016566 -0.9495276  -0.687589   -0.45839265]
[-0.29468098 -0.98227    -0.65484667 -0.26193866]
[-0.29468098 -1.1132393  -0.75307363 -0.39290798]
[-0.78581595 -0.85130066 -0.85130066 -0.19645399]
[-0.75307363 -0.85130066 -0.9167853  -0.39290798]
[-0.58936197 -0.9167853  -0.85130066 -0.39290798]
[-0.45839265 -0.75307363 -0.65484667 -0.16371167]
[-0.55661964 -0.81855834 -0.58936197 -0.19645399]
[-1.1132393  -1.0477546  -1.080497   -0.45839265]
[-0.687589  -2.2592208 -1.866313  -1.8008283]
[-2.160994  -2.2919633 -2.7176137 -1.5388896]
[-2.4884174 -2.5866442 -3.2742333 -2.4229326]
[-2.7176137 -2.8813252 -3.634399  -2.7176137]
[-2.848583  -2.94681   -3.830853  -2.7830982]
[-2.8158407 -2.9795523 -3.8635952 -2.8158407]
[-2.8158407 -2.94681   -3.8635952 -2.7830982]
[-2.750356  -2.9140675 -3.7981105 -2.750356 ]
[-2.652129  -2.8813252 -3.732626  -2.6848712]
[-2.6193867 -2.750356  -3.634399  -2.5866442]
[-2.5866442 -2.7176137 -3.5689142 -2.6193867]
[-2.6848712 -2.7830982 -3.634399  -2.652129 ]
[-2.8158407 -2.8813252 -3.7653682 -2.7830982]
[-2.8158407 -3.0122945 -3.8635952 -2.848583 ]
[-2.848583  -2.9795523 -3.8635952 -2.7830982]
[-2.8158407 -2.94681   -3.8635952 -2.8158407]
[-2.8158407 -2.9795523 -3.8963375 -2.8158407]
[-2.8158407 -2.94681   -3.8963375 -2.8158407]
[-2.7176137 -2.848583  -3.7653682 -2.7176137]
[-2.4884174 -2.652129  -3.4052026 -2.455675 ]
[-1.8008283 -2.3247056 -2.750356  -2.0955093]
[-1.5061473 -1.4406626 -1.8335706 -1.1132393]
[-0.5238773  -0.9495276  -0.85130066 -0.75307363]
[-0.03274233 -0.5238773  -0.16371167 -0.19645399]
[-0.03274233 -0.22919632  0.13096933  0.06548467]
[ 0.         -0.16371167  0.16371167  0.        ]
[ 0.         -0.16371167  0.16371167  0.03274233]
[ 0.         -0.16371167  0.16371167  0.03274233]
[ 0.         -0.16371167  0.13096933  0.        ]
[-0.06548467 -0.22919632  0.06548467 -0.03274233]
[-0.09822699 -0.26193866 -0.03274233 -0.09822699]
[-0.36016566 -0.16371167 -0.09822699  0.03274233]
[-0.13096933 -0.36016566 -0.13096933 -0.19645399]
[ 0.06548467 -0.55661964 -0.13096933 -0.19645399]
[-0.13096933 -0.36016566 -0.13096933  0.        ]
[-0.06548467 -0.32742333 -0.13096933 -0.09822699]
[-0.13096933 -0.29468098 -0.09822699 -0.06548467]
[-0.09822699 -0.26193866 -0.06548467 -0.06548467]
[ 0.06548467 -0.32742333  0.         -0.13096933]
[-0.26193866 -0.09822699  0.          0.13096933]
[-0.16371167 -0.22919632 -0.09822699 -0.13096933]
[-0.22919632 -0.5238773  -0.32742333 -0.36016566]
[-0.55661964 -0.78581595 -0.75307363 -0.55661964]
[-1.7353436  -0.62210435 -1.3424356  -0.39290798]
[-0.65484667 -1.5388896  -1.5388896  -1.5061473 ]
[-0.9495276 -1.1787239 -1.375178  -0.491135 ]
[-0.55661964 -0.75307363 -0.85130066 -0.29468098]
[-0.19645399 -0.45839265 -0.42565033  0.        ]
[-0.09822699 -0.45839265 -0.36016566  0.06548467]
[-0.13096933 -0.491135   -0.42565033  0.06548467]
[-0.16371167 -0.491135   -0.491135    0.06548467]
[ 0.03274233 -0.65484667 -0.491135   -0.13096933]
[-0.22919632 -0.55661964 -0.5238773  -0.03274233]
[-0.36016566 -0.491135   -0.5238773  -0.09822699]
[-0.16371167 -0.62210435 -0.491135   -0.26193866]
[-0.22919632 -0.5238773  -0.42565033 -0.09822699]
[-0.13096933 -0.491135   -0.39290798 -0.16371167]
[-0.5238773  -0.32742333 -0.42565033  0.03274233]
[-0.29468098 -0.55661964 -0.491135   -0.29468098]
[-0.32742333 -0.687589   -0.65484667 -0.29468098]
[-0.58936197 -0.62210435 -0.75307363 -0.16371167]
[-0.22919632 -0.65484667 -0.687589   -0.26193866]
[-0.06548467 -0.45839265 -0.491135    0.        ]
[ 0.62210435 -0.62210435 -0.13096933 -0.22919632]
[-0.13096933 -0.5238773  -0.26193866 -0.65484667]
[-0.19645399 -0.81855834 -0.55661964 -0.13096933]
[-0.29468098 -0.75307363 -0.5238773   0.03274233]
[-0.36016566 -0.55661964 -0.45839265  0.03274233]
[-0.62210435 -0.62210435 -0.62210435 -0.03274233]
[-0.7203313  -0.9495276  -0.9167853  -0.32742333]
[-0.75307363 -1.3096933  -1.276951   -0.65484667]
[-1.0477546 -1.8008283 -1.768086  -1.080497 ]
[-1.6371167 -2.0955093 -2.3901904 -1.473405 ]
[-2.2264786 -2.4884174 -3.045037  -2.0300245]
[-2.5866442 -2.7830982 -3.536172  -2.455675 ]
[-2.8158407 -2.9795523 -3.8635952 -2.6848712]
[-2.848583  -3.0777793 -3.9618223 -2.7830982]
[-2.750356  -3.0122945 -3.8635952 -2.6848712]
[-2.3901904 -2.750356  -3.5034297 -2.4229326]
[-1.7026013 -2.2592208 -2.750356  -1.866313 ]
[-1.1787239 -1.5061473 -1.866313  -1.1132393]
[-0.78581595 -1.0150123  -1.2114663  -0.7203313 ]
[-0.81855834 -0.85130066 -1.080497   -0.58936197]
[-0.85130066 -0.98227    -1.1787239  -0.78581595]
[-0.7203313 -1.2114663 -1.2114663 -0.98227  ]
[-0.9495276 -1.1132393 -1.1787239 -0.687589 ]
[-0.75307363 -0.9495276  -1.0150123  -0.687589  ]
[-0.687589   -0.78581595 -0.884043   -0.5238773 ]
[-0.62210435 -0.81855834 -0.81855834 -0.5238773 ]
[-0.5238773  -0.81855834 -0.75307363 -0.55661964]
[-0.55661964 -0.78581595 -0.7203313  -0.491135  ]
[-0.55661964 -0.75307363 -0.65484667 -0.5238773 ]
[-0.55661964 -0.78581595 -0.65484667 -0.5238773 ]
[-0.55661964 -0.81855834 -0.687589   -0.58936197]
[-0.85130066 -0.75307363 -0.78581595 -0.5238773 ]
[-0.7203313  -0.98227    -0.9167853  -0.85130066]
[-0.687589   -1.1132393  -0.98227    -0.81855834]
[-0.687589   -0.9495276  -0.884043   -0.62210435]
[-0.55661964 -0.75307363 -0.7203313  -0.5238773 ]
[-0.55661964 -0.62210435 -0.62210435 -0.39290798]
[-0.491135  -0.7203313 -0.687589  -0.5238773]
[-0.884043   -0.75307363 -0.884043   -0.5238773 ]
[-0.58936197 -1.1459817  -1.0150123  -0.98227   ]
[-0.81855834 -0.9495276  -1.0150123  -0.58936197]
[-0.62210435 -0.75307363 -0.78581595 -0.5238773 ]
[-0.42565033 -0.65484667 -0.58936197 -0.39290798]
[-0.32742333 -0.58936197 -0.491135   -0.32742333]
[-0.32742333 -0.62210435 -0.491135   -0.32742333]
[-0.45839265 -0.58936197 -0.491135   -0.29468098]
[-0.45839265 -0.62210435 -0.491135   -0.36016566]
[-0.42565033 -0.65484667 -0.491135   -0.36016566]
[-0.45839265 -0.65484667 -0.491135   -0.36016566]
[-0.491135   -0.687589   -0.491135   -0.39290798]
[-0.62210435 -0.7203313  -0.58936197 -0.45839265]
[-0.62210435 -0.98227    -0.75307363 -0.7203313 ]
[-1.1459817 -1.0477546 -1.0477546 -0.7203313]
[-1.2114663 -1.2114663 -1.2442087 -0.98227  ]
[-1.1132393  -1.1787239  -1.1787239  -0.81855834]
[-0.78581595 -0.884043   -0.9495276  -0.39290798]
[-0.19645399 -0.884043   -0.65484667 -0.26193866]
[-0.09822699 -0.7203313  -0.55661964 -0.03274233]
[-0.13096933 -0.81855834 -0.65484667 -0.22919632]
[-0.687589   -0.7203313  -0.85130066 -0.19645399]
[-0.75307363 -0.9167853  -0.98227    -0.491135  ]
[-0.7203313 -1.0477546 -0.98227   -0.491135 ]
[-0.62210435 -0.9495276  -0.884043   -0.36016566]
[-0.78581595 -0.98227    -0.85130066 -0.36016566]
[-1.1787239 -1.2442087 -1.3096933 -0.687589 ]
[-0.85130066 -2.3901904  -1.9972823  -1.8008283 ]
[-2.160994  -2.2592208 -2.750356  -1.5716319]
[-2.455675  -2.5866442 -3.2414908 -2.3901904]
[-2.6848712 -2.8158407 -3.5689142 -2.652129 ]
[-2.7830982 -2.9140675 -3.7653682 -2.750356 ]
[-2.8158407 -2.94681   -3.8635952 -2.7830982]
[-2.8158407 -2.94681   -3.8635952 -2.7830982]
[-2.7176137 -2.9140675 -3.7981105 -2.7176137]
[-2.553902  -2.8158407 -3.634399  -2.6193867]
[-2.3901904 -2.6193867 -3.4706872 -2.4229326]
[-2.3247056 -2.455675  -3.3069756 -2.3574479]
[-2.455675  -2.455675  -3.3397179 -2.4229326]
[-2.652129  -2.7176137 -3.6016567 -2.652129 ]
[-2.7830982 -2.94681   -3.7981105 -2.8158407]
[-2.848583  -2.94681   -3.8635952 -2.7830982]
[-2.8158407 -2.9795523 -3.8963375 -2.8158407]
[-2.8158407 -2.94681   -3.8963375 -2.7830982]
[-2.8158407 -2.94681   -3.8963375 -2.7830982]
[-2.7176137 -2.8813252 -3.7981105 -2.7176137]
[-2.4884174 -2.652129  -3.437945  -2.455675 ]
[-1.8335706 -2.3247056 -2.7830982 -2.0955093]
[-1.5061473 -1.4406626 -1.8335706 -1.1132393]
[-0.491135   -0.9495276  -0.85130066 -0.75307363]
[-0.03274233 -0.5238773  -0.16371167 -0.19645399]
[-0.06548467 -0.22919632  0.09822699  0.06548467]
[-0.03274233 -0.19645399  0.13096933 -0.03274233]
[ 0.         -0.19645399  0.13096933 -0.03274233]
[ 0.         -0.19645399  0.13096933  0.        ]
[ 0.         -0.19645399  0.13096933  0.        ]
[-0.03274233 -0.19645399  0.06548467  0.        ]
[-0.06548467 -0.22919632  0.         -0.03274233]
[-0.29468098 -0.13096933 -0.09822699  0.06548467]
[ 0.03274233 -0.36016566 -0.13096933 -0.19645399]
[ 0.13096933 -0.45839265 -0.09822699 -0.09822699]
[-0.06548467 -0.29468098 -0.13096933  0.03274233]
[-0.06548467 -0.29468098 -0.13096933 -0.09822699]
[-0.09822699 -0.29468098 -0.09822699 -0.06548467]
[-0.13096933 -0.29468098 -0.09822699 -0.09822699]
[ 0.03274233 -0.36016566 -0.06548467 -0.16371167]
[-0.29468098 -0.16371167 -0.06548467  0.09822699]
[-0.22919632 -0.26193866 -0.13096933 -0.16371167]
[-0.22919632 -0.55661964 -0.39290798 -0.39290798]
[-0.5238773  -0.85130066 -0.78581595 -0.58936197]
[-1.7026013  -0.65484667 -1.375178   -0.39290798]
[-0.687589  -1.5388896 -1.6043743 -1.473405 ]
[-0.884043  -1.1459817 -1.4079204 -0.491135 ]
[-0.5238773  -0.687589   -0.78581595 -0.19645399]
[-0.13096933 -0.42565033 -0.32742333  0.03274233]
[-0.03274233 -0.39290798 -0.26193866  0.13096933]
[-0.06548467 -0.42565033 -0.36016566  0.13096933]
[-0.13096933 -0.45839265 -0.39290798  0.09822699]
[ 0.03274233 -0.62210435 -0.42565033 -0.09822699]
[-0.19645399 -0.55661964 -0.45839265  0.        ]
[-0.32742333 -0.491135   -0.491135   -0.06548467]
[-0.13096933 -0.58936197 -0.42565033 -0.22919632]
[-0.16371167 -0.5238773  -0.39290798 -0.09822699]
[-0.09822699 -0.491135   -0.36016566 -0.13096933]
[-0.45839265 -0.26193866 -0.39290798  0.06548467]
[-0.29468098 -0.491135   -0.45839265 -0.29468098]
[-0.29468098 -0.7203313  -0.62210435 -0.32742333]
[-0.58936197 -0.65484667 -0.75307363 -0.16371167]
[-0.29468098 -0.65484667 -0.687589   -0.26193866]
[-0.06548467 -0.491135   -0.491135    0.        ]
[ 0.62210435 -0.62210435 -0.13096933 -0.22919632]
[-0.03274233 -0.55661964 -0.29468098 -0.7203313 ]
[-0.16371167 -0.884043   -0.491135   -0.09822699]
[-0.39290798 -0.62210435 -0.45839265  0.13096933]
[-0.45839265 -0.58936197 -0.491135   -0.06548467]
[-0.65484667 -0.7203313  -0.687589   -0.19645399]
[-0.78581595 -1.0150123  -0.9167853  -0.32742333]
[-0.85130066 -1.3424356  -1.2442087  -0.65484667]
[-1.0477546 -1.8335706 -1.768086  -1.1132393]
[-1.6698589 -2.2264786 -2.4229326 -1.5388896]
[-2.2592208 -2.553902  -3.045037  -2.0300245]
[-2.5866442 -2.8158407 -3.536172  -2.455675 ]
[-2.8158407 -3.0122945 -3.8635952 -2.6848712]
[-2.848583  -3.0777793 -3.9618223 -2.7830982]
[-2.750356  -2.9795523 -3.8635952 -2.6848712]
[-2.4229326 -2.750356  -3.5034297 -2.4229326]
[-1.7026013 -2.2919633 -2.750356  -1.8990552]
[-1.2114663 -1.5061473 -1.866313  -1.1132393]
[-0.78581595 -1.0150123  -1.2114663  -0.75307363]
[-0.81855834 -0.81855834 -1.0477546  -0.55661964]
[-0.884043   -0.9495276  -1.1132393  -0.75307363]
[-0.687589  -1.1787239 -1.1787239 -0.9495276]
[-0.884043  -1.080497  -1.1459817 -0.687589 ]
[-0.81855834 -0.9495276  -1.0150123  -0.687589  ]
[-0.7203313  -0.85130066 -0.884043   -0.62210435]
[-0.7203313  -0.884043   -0.85130066 -0.62210435]
[-0.58936197 -0.9167853  -0.81855834 -0.65484667]
[-0.62210435 -0.884043   -0.75307363 -0.58936197]
[-0.58936197 -0.81855834 -0.687589   -0.5238773 ]
[-0.62210435 -0.75307363 -0.65484667 -0.5238773 ]
[-0.58936197 -0.78581595 -0.687589   -0.58936197]
[-0.85130066 -0.75307363 -0.78581595 -0.5238773 ]
[-0.687589   -0.98227    -0.9167853  -0.81855834]
[-0.65484667 -1.080497   -0.98227    -0.78581595]
[-0.7203313  -0.9167853  -0.9167853  -0.58936197]
[-0.55661964 -0.75307363 -0.75307363 -0.55661964]
[-0.55661964 -0.65484667 -0.65484667 -0.42565033]
[-0.5238773  -0.75307363 -0.7203313  -0.55661964]
[-0.884043   -0.75307363 -0.9167853  -0.5238773 ]
[-0.58936197 -1.1132393  -1.0150123  -0.9495276 ]
[-0.78581595 -0.9495276  -1.0150123  -0.58936197]
[-0.55661964 -0.75307363 -0.78581595 -0.5238773 ]
[-0.39290798 -0.58936197 -0.55661964 -0.32742333]
[-0.29468098 -0.5238773  -0.491135   -0.26193866]
[-0.29468098 -0.55661964 -0.491135   -0.29468098]
[-0.45839265 -0.55661964 -0.491135   -0.26193866]
[-0.45839265 -0.58936197 -0.491135   -0.36016566]
[-0.42565033 -0.62210435 -0.491135   -0.36016566]
[-0.42565033 -0.65484667 -0.491135   -0.36016566]
[-0.42565033 -0.687589   -0.491135   -0.39290798]
[-0.78581595 -0.62210435 -0.5238773  -0.32742333]
[-0.491135   -0.98227    -0.687589   -0.75307363]
[-1.1132393  -1.1132393  -1.0150123  -0.65484667]
[-1.1459817 -1.1459817 -1.1787239 -0.9167853]
[-1.0477546  -1.1459817  -1.1787239  -0.78581595]
[-0.65484667 -0.9495276  -0.9167853  -0.42565033]
[-0.29468098 -0.75307363 -0.58936197 -0.09822699]
[-0.19645399 -0.55661964 -0.5238773   0.        ]
[-0.22919632 -0.7203313  -0.687589   -0.26193866]
[-0.687589   -0.78581595 -0.9167853  -0.29468098]
[-0.884043   -0.98227    -1.1132393  -0.58936197]
[-0.884043   -1.1132393  -1.2114663  -0.65484667]
[-0.81855834 -1.2114663  -1.1787239  -0.58936197]
[-0.98227    -1.1787239  -1.2114663  -0.58936197]
[-1.3096933 -1.4406626 -1.5716319 -0.884043 ]
[-1.0150123 -2.4229326 -2.1282516 -1.866313 ]
[-2.1937363 -2.3574479 -2.848583  -1.6698589]
[-2.4229326 -2.5866442 -3.2414908 -2.3901904]
[-2.6193867 -2.750356  -3.536172  -2.5866442]
[-2.7176137 -2.848583  -3.6998837 -2.6848712]
[-2.7830982 -2.9140675 -3.7981105 -2.750356 ]
[-2.7830982 -2.9140675 -3.830853  -2.750356 ]
[-2.6848712 -2.848583  -3.732626  -2.6848712]
[-2.4229326 -2.750356  -3.536172  -2.553902 ]
[-2.1282516 -2.455675  -3.2087486 -2.2264786]
[-2.1282516 -2.1282516 -2.9795523 -1.9972823]
[-2.2592208 -2.0955093 -3.0122945 -2.160994 ]
[-2.4884174 -2.553902  -3.3724604 -2.553902 ]
[-2.7830982 -2.8813252 -3.6998837 -2.750356 ]
[-2.8158407 -2.94681   -3.8635952 -2.848583 ]
[-2.848583  -3.0122945 -3.8963375 -2.8158407]
[-2.8158407 -2.94681   -3.8963375 -2.8158407]
[-2.848583  -2.94681   -3.92908   -2.8158407]
[-2.750356  -2.9140675 -3.830853  -2.750356 ]
[-2.5211596 -2.6848712 -3.5034297 -2.4884174]
[-1.866313  -2.3574479 -2.848583  -2.1282516]
[-1.5061473 -1.473405  -1.866313  -1.1459817]
[-0.45839265 -0.9495276  -0.85130066 -0.75307363]
[-0.06548467 -0.491135   -0.16371167 -0.16371167]
[-0.06548467 -0.19645399  0.09822699  0.03274233]
[-0.03274233 -0.22919632  0.06548467 -0.06548467]
[ 0.         -0.22919632  0.06548467 -0.03274233]
[ 0.03274233 -0.16371167  0.09822699  0.        ]
[ 0.03274233 -0.13096933  0.13096933  0.03274233]
[-0.03274233 -0.13096933  0.09822699  0.03274233]
[-0.13096933 -0.19645399  0.         -0.03274233]
[-0.16371167 -0.19645399 -0.13096933  0.        ]
[ 0.09822699 -0.32742333 -0.13096933 -0.09822699]
[ 0.19645399 -0.22919632 -0.03274233  0.03274233]
[ 0.03274233 -0.13096933 -0.06548467  0.06548467]
[-0.06548467 -0.22919632 -0.09822699 -0.03274233]
[-0.06548467 -0.22919632 -0.09822699 -0.09822699]
[-0.16371167 -0.29468098 -0.09822699 -0.09822699]
[ 0.         -0.39290798 -0.09822699 -0.22919632]
[-0.36016566 -0.22919632 -0.13096933  0.03274233]
[-0.32742333 -0.29468098 -0.19645399 -0.19645399]
[-0.26193866 -0.62210435 -0.45839265 -0.45839265]
[-0.55661964 -0.884043   -0.85130066 -0.62210435]
[-1.7026013  -0.687589   -1.4406626  -0.42565033]
[-0.78581595 -1.5061473  -1.6698589  -1.4406626 ]
[-0.9167853  -1.1459817  -1.473405   -0.55661964]
[-0.5238773  -0.65484667 -0.81855834 -0.19645399]
[-0.06548467 -0.39290798 -0.29468098  0.06548467]
[ 0.         -0.39290798 -0.19645399  0.19645399]
[-0.03274233 -0.42565033 -0.26193866  0.16371167]
[-0.09822699 -0.42565033 -0.32742333  0.13096933]
[ 0.03274233 -0.58936197 -0.36016566 -0.06548467]
[-0.13096933 -0.55661964 -0.39290798  0.        ]
[-0.29468098 -0.45839265 -0.42565033 -0.03274233]
[-0.06548467 -0.5238773  -0.36016566 -0.16371167]
[-0.13096933 -0.45839265 -0.32742333 -0.03274233]
[-0.06548467 -0.42565033 -0.26193866 -0.06548467]
[-0.45839265 -0.19645399 -0.32742333  0.13096933]
[-0.19645399 -0.45839265 -0.42565033 -0.26193866]
[-0.26193866 -0.7203313  -0.58936197 -0.29468098]
[-0.55661964 -0.62210435 -0.7203313  -0.16371167]
[-0.29468098 -0.65484667 -0.687589   -0.26193866]
[-0.09822699 -0.5238773  -0.5238773  -0.03274233]
[ 0.62210435 -0.65484667 -0.13096933 -0.22919632]
[-0.03274233 -0.5238773  -0.26193866 -0.65484667]
[-0.19645399 -0.85130066 -0.45839265 -0.09822699]
[-0.45839265 -0.65484667 -0.491135    0.        ]
[-0.55661964 -0.7203313  -0.58936197 -0.16371167]
[-0.687589   -0.85130066 -0.7203313  -0.22919632]
[-0.75307363 -1.0150123  -0.9495276  -0.36016566]
[-0.884043   -1.375178   -1.3096933  -0.65484667]
[-1.0150123 -1.866313  -1.8008283 -1.1787239]
[-1.7026013 -2.2592208 -2.455675  -1.5061473]
[-2.1937363 -2.553902  -3.0777793 -2.062767 ]
[-2.5866442 -2.8158407 -3.536172  -2.455675 ]
[-2.7830982 -2.9795523 -3.830853  -2.6848712]
[-2.848583  -3.045037  -3.9618223 -2.7830982]
[-2.7830982 -2.9795523 -3.8635952 -2.6848712]
[-2.455675  -2.7830982 -3.536172  -2.455675 ]
[-1.768086  -2.3247056 -2.7830982 -1.9317976]
[-1.2114663 -1.5716319 -1.8990552 -1.1459817]
[-0.75307363 -1.0150123  -1.2114663  -0.75307363]
[-0.75307363 -0.75307363 -0.98227    -0.5238773 ]
[-0.85130066 -0.85130066 -1.0477546  -0.65484667]
[-0.62210435 -1.1459817  -1.080497   -0.9167853 ]
[-0.85130066 -1.0477546  -1.080497   -0.687589  ]
[-0.75307363 -0.9495276  -0.9495276  -0.7203313 ]
[-0.687589   -0.884043   -0.85130066 -0.62210435]
[-0.687589   -0.85130066 -0.78581595 -0.62210435]
[-0.65484667 -0.884043   -0.78581595 -0.65484667]
[-0.62210435 -0.884043   -0.75307363 -0.62210435]
[-0.62210435 -0.85130066 -0.687589   -0.55661964]
[-0.62210435 -0.78581595 -0.687589   -0.55661964]
[-0.55661964 -0.81855834 -0.687589   -0.62210435]
[-0.884043   -0.75307363 -0.78581595 -0.5238773 ]
[-0.75307363 -1.0150123  -0.884043   -0.81855834]
[-0.65484667 -1.1132393  -0.98227    -0.81855834]
[-0.75307363 -0.9167853  -0.9167853  -0.62210435]
[-0.58936197 -0.75307363 -0.75307363 -0.55661964]
[-0.55661964 -0.687589   -0.687589   -0.491135  ]
[-0.55661964 -0.75307363 -0.7203313  -0.55661964]
[-0.9167853  -0.75307363 -0.9167853  -0.55661964]
[-0.62210435 -1.1132393  -1.0150123  -0.9495276 ]
[-0.78581595 -0.9495276  -0.98227    -0.58936197]
[-0.55661964 -0.75307363 -0.75307363 -0.491135  ]
[-0.39290798 -0.55661964 -0.5238773  -0.32742333]
[-0.32742333 -0.491135   -0.45839265 -0.26193866]
[-0.32742333 -0.5238773  -0.45839265 -0.29468098]
[-0.45839265 -0.5238773  -0.491135   -0.29468098]
[-0.45839265 -0.62210435 -0.5238773  -0.39290798]
[-0.42565033 -0.65484667 -0.491135   -0.39290798]
[-0.42565033 -0.65484667 -0.491135   -0.36016566]
[-0.491135   -0.65484667 -0.45839265 -0.32742333]
[-0.75307363 -0.62210435 -0.55661964 -0.36016566]
[-0.32742333 -1.0477546  -0.7203313  -0.85130066]
[-1.1459817 -1.0477546 -0.98227   -0.491135 ]
[-1.080497  -1.1459817 -1.1787239 -0.9167853]
[-0.9495276  -1.1787239  -1.2114663  -0.78581595]
[-0.62210435 -0.98227    -0.884043   -0.45839265]
[-0.36016566 -0.7203313  -0.58936197 -0.16371167]
[-0.36016566 -0.687589   -0.58936197 -0.19645399]
[-0.42565033 -0.9167853  -0.75307363 -0.42565033]
[-0.81855834 -0.98227    -1.0477546  -0.491135  ]
[-1.1132393 -1.1459817 -1.3096933 -0.7203313]
[-1.1132393 -1.3096933 -1.473405  -0.9167853]
[-1.1132393 -1.4406626 -1.473405  -0.884043 ]
[-1.3424356  -1.4079204  -1.5388896  -0.78581595]
[-1.5388896 -1.6043743 -1.8335706 -1.1132393]
[-1.080497  -2.5211596 -2.3247056 -2.0300245]
[-2.2592208 -2.4229326 -2.9140675 -1.7026013]
[-2.4229326 -2.5866442 -3.2414908 -2.3574479]
[-2.6193867 -2.7176137 -3.5034297 -2.5211596]
[-2.652129  -2.8158407 -3.6671412 -2.652129 ]
[-2.750356  -2.8813252 -3.7653682 -2.7176137]
[-2.750356  -2.8813252 -3.7981105 -2.7176137]
[-2.652129  -2.8158407 -3.6671412 -2.652129 ]
[-2.2919633 -2.6848712 -3.4052026 -2.4884174]
[-2.0955093 -2.2592208 -2.94681   -2.0300245]
[-2.0300245 -1.9317976 -2.6848712 -1.8008283]
[-2.1937363 -2.0300245 -2.8158407 -2.062767 ]
[-2.3574479 -2.4884174 -3.2414908 -2.4884174]
[-2.750356  -2.848583  -3.634399  -2.6848712]
[-2.8158407 -2.9795523 -3.830853  -2.848583 ]
[-2.8813252 -2.9795523 -3.8635952 -2.7830982]
[-2.8158407 -2.94681   -3.8963375 -2.8158407]
[-2.848583  -2.94681   -3.92908   -2.8158407]
[-2.7830982 -2.9140675 -3.8635952 -2.7830982]
[-2.5866442 -2.7176137 -3.536172  -2.5211596]
[-1.866313  -2.3901904 -2.848583  -2.1937363]
[-1.5061473 -1.473405  -1.8990552 -1.1459817]
[-0.42565033 -0.9495276  -0.85130066 -0.7203313 ]
[-0.03274233 -0.42565033 -0.13096933 -0.13096933]
[ 0.         -0.19645399  0.09822699  0.03274233]
[-0.03274233 -0.19645399  0.09822699 -0.03274233]
[-0.03274233 -0.19645399  0.09822699  0.        ]
[ 0.         -0.16371167  0.09822699  0.        ]
[ 0.         -0.13096933  0.13096933  0.03274233]
[-0.09822699 -0.13096933  0.06548467  0.        ]
[-0.22919632 -0.16371167  0.03274233 -0.06548467]
[-0.32742333 -0.22919632 -0.06548467 -0.03274233]
[-0.29468098 -0.36016566 -0.06548467  0.        ]
[-0.13096933 -0.29468098 -0.06548467 -0.06548467]
[-0.22919632 -0.26193866 -0.09822699 -0.06548467]
[-0.22919632 -0.32742333 -0.13096933 -0.16371167]
[-0.16371167 -0.39290798 -0.16371167 -0.19645399]
[-0.22919632 -0.36016566 -0.13096933 -0.16371167]
[-0.06548467 -0.42565033 -0.13096933 -0.29468098]
[-0.36016566 -0.26193866 -0.13096933 -0.03274233]
[-0.32742333 -0.32742333 -0.26193866 -0.22919632]
[-0.26193866 -0.62210435 -0.45839265 -0.45839265]
[-0.5238773  -0.884043   -0.85130066 -0.62210435]
[-1.6043743  -0.75307363 -1.5061473  -0.5238773 ]
[-0.75307363 -1.5061473  -1.8008283  -1.473405  ]
[-0.9167853  -1.080497   -1.5388896  -0.55661964]
[-0.5238773  -0.5238773  -0.85130066 -0.13096933]
[-0.03274233 -0.36016566 -0.29468098  0.09822699]
[ 0.03274233 -0.39290798 -0.19645399  0.19645399]
[-0.03274233 -0.42565033 -0.22919632  0.16371167]
[-0.09822699 -0.42565033 -0.29468098  0.16371167]
[ 0.06548467 -0.58936197 -0.32742333 -0.03274233]
[-0.09822699 -0.5238773  -0.36016566  0.03274233]
[-0.26193866 -0.42565033 -0.36016566  0.03274233]
[-0.03274233 -0.491135   -0.32742333 -0.13096933]
[-0.06548467 -0.42565033 -0.26193866 -0.03274233]
[-0.03274233 -0.39290798 -0.19645399 -0.03274233]
[-0.42565033 -0.16371167 -0.26193866  0.16371167]
[-0.19645399 -0.42565033 -0.39290798 -0.22919632]
[-0.22919632 -0.65484667 -0.55661964 -0.26193866]
[-0.5238773  -0.62210435 -0.687589   -0.16371167]
[-0.32742333 -0.65484667 -0.687589   -0.26193866]
[-0.09822699 -0.5238773  -0.5238773  -0.06548467]
[ 0.58936197 -0.687589   -0.16371167 -0.26193866]
[ 0.         -0.55661964 -0.22919632 -0.687589  ]
[-0.09822699 -0.85130066 -0.45839265 -0.16371167]
[-0.491135   -0.7203313  -0.491135    0.03274233]
[-0.491135   -0.75307363 -0.55661964 -0.16371167]
[-0.62210435 -0.81855834 -0.75307363 -0.19645399]
[-0.7203313  -0.9495276  -0.9495276  -0.32742333]
[-0.884043   -1.3096933  -1.3096933  -0.62210435]
[-0.9167853 -1.8990552 -1.8335706 -1.1787239]
[-1.6371167 -2.2264786 -2.455675  -1.473405 ]
[-2.160994  -2.5211596 -3.0777793 -2.0300245]
[-2.5866442 -2.7830982 -3.536172  -2.3901904]
[-2.750356  -2.94681   -3.830853  -2.6848712]
[-2.8158407 -3.045037  -3.92908   -2.750356 ]
[-2.7830982 -2.9795523 -3.8635952 -2.7176137]
[-2.4884174 -2.7830982 -3.5689142 -2.4884174]
[-1.8335706 -2.3901904 -2.848583  -2.0300245]
[-1.2442087 -1.6698589 -1.96454   -1.2442087]
[-0.85130066 -1.080497   -1.2114663  -0.7203313 ]
[-0.75307363 -0.7203313  -0.9495276  -0.5238773 ]
[-0.81855834 -0.81855834 -0.98227    -0.62210435]
[-0.55661964 -1.1459817  -1.0150123  -0.9167853 ]
[-0.85130066 -0.98227    -1.0150123  -0.62210435]
[-0.687589   -0.884043   -0.85130066 -0.65484667]
[-0.687589   -0.81855834 -0.75307363 -0.5238773 ]
[-0.62210435 -0.75307363 -0.7203313  -0.55661964]
[-0.58936197 -0.884043   -0.75307363 -0.65484667]
[-0.58936197 -0.884043   -0.75307363 -0.62210435]
[-0.65484667 -0.85130066 -0.687589   -0.55661964]
[-0.62210435 -0.78581595 -0.65484667 -0.55661964]
[-0.62210435 -0.85130066 -0.687589   -0.58936197]
[-0.85130066 -0.78581595 -0.78581595 -0.55661964]
[-0.7203313  -1.0150123  -0.9167853  -0.85130066]
[-0.65484667 -1.1459817  -0.98227    -0.85130066]
[-0.78581595 -0.9495276  -0.9167853  -0.62210435]
[-0.62210435 -0.78581595 -0.75307363 -0.58936197]
[-0.55661964 -0.7203313  -0.687589   -0.5238773 ]
[-0.58936197 -0.78581595 -0.7203313  -0.55661964]
[-0.9167853  -0.75307363 -0.884043   -0.58936197]
[-0.62210435 -1.1132393  -0.98227    -0.9495276 ]
[-0.75307363 -0.9495276  -0.9167853  -0.65484667]
[-0.55661964 -0.78581595 -0.7203313  -0.5238773 ]
[-0.42565033 -0.58936197 -0.5238773  -0.36016566]
[-0.36016566 -0.5238773  -0.42565033 -0.29468098]
[-0.39290798 -0.55661964 -0.45839265 -0.32742333]
[-0.491135   -0.55661964 -0.491135   -0.32742333]
[-0.45839265 -0.62210435 -0.491135   -0.39290798]
[-0.42565033 -0.65484667 -0.491135   -0.36016566]
[-0.45839265 -0.62210435 -0.45839265 -0.32742333]
[-0.491135   -0.65484667 -0.491135   -0.36016566]
[-0.7203313  -0.65484667 -0.62210435 -0.32742333]
[-0.36016566 -1.1132393  -0.7203313  -0.78581595]
[-1.0477546 -0.9167853 -1.0150123 -0.491135 ]
[-1.1459817 -1.2114663 -1.2114663 -0.9167853]
[-0.9495276  -1.2114663  -1.2114663  -0.81855834]
[-0.65484667 -1.0150123  -0.9167853  -0.491135  ]
[-0.42565033 -0.7203313  -0.62210435 -0.26193866]
[-0.42565033 -0.7203313  -0.62210435 -0.29468098]
[-0.5238773  -0.9495276  -0.81855834 -0.5238773 ]
[-0.98227    -1.080497   -1.1132393  -0.58936197]
[-1.3424356  -1.276951   -1.473405   -0.85130066]
[-1.3424356 -1.5388896 -1.7026013 -1.1459817]
[-1.3096933 -1.6698589 -1.7353436 -1.1787239]
[-1.6371167 -1.5716319 -1.768086  -1.0150123]
[-1.6371167 -1.8335706 -2.0300245 -1.375178 ]
[-1.2114663 -2.652129  -2.4229326 -2.0955093]
[-2.2919633 -2.3901904 -2.9140675 -1.7353436]
[-2.4229326 -2.5866442 -3.2742333 -2.4229326]
[-2.6193867 -2.750356  -3.536172  -2.5211596]
[-2.652129  -2.8158407 -3.6671412 -2.652129 ]
[-2.6848712 -2.848583  -3.732626  -2.6848712]
[-2.7176137 -2.848583  -3.732626  -2.6848712]
[-2.5866442 -2.750356  -3.6016567 -2.5866442]
[-2.1937363 -2.5866442 -3.2414908 -2.3901904]
[-2.2919633 -2.062767  -2.7176137 -1.866313 ]
[-1.9317976 -1.96454   -2.5211596 -1.9317976]
[-2.1937363 -2.2919633 -2.7176137 -2.0300245]
[-2.3247056 -2.553902  -3.1432638 -2.4229326]
[-2.7176137 -2.7830982 -3.5689142 -2.6193867]
[-2.7830982 -2.94681   -3.7981105 -2.8158407]
[-2.8158407 -2.94681   -3.8635952 -2.7830982]
[-2.8158407 -2.94681   -3.8635952 -2.8158407]
[-2.848583  -2.94681   -3.8963375 -2.8158407]
[-2.750356  -2.9140675 -3.830853  -2.7830982]
[-2.5866442 -2.7176137 -3.536172  -2.553902 ]
[-1.866313  -2.3901904 -2.848583  -2.1937363]
[-1.4406626 -1.473405  -1.866313  -1.1459817]
[-0.36016566 -0.9167853  -0.81855834 -0.687589  ]
[-0.03274233 -0.36016566 -0.06548467 -0.03274233]
[ 0.06548467 -0.13096933  0.16371167  0.06548467]
[ 0.         -0.16371167  0.13096933  0.        ]
[ 0.         -0.16371167  0.09822699 -0.03274233]
[-0.03274233 -0.16371167  0.13096933 -0.03274233]
[-0.06548467 -0.13096933  0.13096933  0.        ]
[-0.13096933 -0.16371167  0.09822699 -0.03274233]
[-0.22919632 -0.22919632  0.         -0.09822699]
[-0.16371167 -0.39290798 -0.09822699 -0.26193866]
[-0.19645399 -0.5238773  -0.13096933 -0.29468098]
[-0.19645399 -0.58936197 -0.13096933 -0.29468098]
[-0.26193866 -0.58936197 -0.16371167 -0.26193866]
[-0.26193866 -0.55661964 -0.16371167 -0.26193866]
[-0.19645399 -0.5238773  -0.09822699 -0.22919632]
[-0.22919632 -0.39290798 -0.09822699 -0.13096933]
[-0.06548467 -0.42565033 -0.06548467 -0.22919632]
[-0.29468098 -0.22919632 -0.09822699 -0.03274233]
[-0.29468098 -0.29468098 -0.19645399 -0.16371167]
[-0.22919632 -0.5238773  -0.39290798 -0.39290798]
[-0.491135   -0.81855834 -0.81855834 -0.62210435]
[-1.5716319  -0.78581595 -1.5388896  -0.55661964]
[-0.9495276 -1.473405  -1.8335706 -1.375178 ]
[-1.0477546 -0.98227   -1.6043743 -0.5238773]
[-0.491135   -0.55661964 -0.9495276  -0.22919632]
[ 0.03274233 -0.39290798 -0.36016566  0.03274233]
[ 0.03274233 -0.36016566 -0.19645399  0.22919632]
[-0.03274233 -0.42565033 -0.26193866  0.16371167]
[-0.09822699 -0.42565033 -0.29468098  0.16371167]
[ 0.06548467 -0.58936197 -0.32742333 -0.03274233]
[-0.09822699 -0.5238773  -0.36016566  0.03274233]
[-0.22919632 -0.39290798 -0.36016566  0.06548467]
[-0.03274233 -0.491135   -0.32742333 -0.09822699]
[ 0.         -0.39290798 -0.26193866  0.        ]
[ 0.03274233 -0.36016566 -0.19645399  0.        ]
[-0.39290798 -0.09822699 -0.22919632  0.22919632]
[-0.16371167 -0.39290798 -0.32742333 -0.19645399]
[-0.19645399 -0.65484667 -0.5238773  -0.26193866]
[-0.55661964 -0.58936197 -0.65484667 -0.13096933]
[-0.32742333 -0.65484667 -0.687589   -0.29468098]
[-0.13096933 -0.55661964 -0.55661964 -0.09822699]
[ 0.55661964 -0.7203313  -0.16371167 -0.26193866]
[ 0.06548467 -0.45839265 -0.22919632 -0.491135  ]
[ 0.03274233 -0.62210435 -0.36016566  0.        ]
[-0.39290798 -0.58936197 -0.45839265  0.13096933]
[-0.32742333 -0.687589   -0.55661964 -0.16371167]
[-0.58936197 -0.7203313  -0.7203313  -0.06548467]
[-0.75307363 -0.85130066 -0.9167853  -0.26193866]
[-0.78581595 -1.276951   -1.3424356  -0.65484667]
[-0.85130066 -1.9317976  -1.866313   -1.1787239 ]
[-1.6043743 -2.1282516 -2.455675  -1.4079204]
[-2.1282516 -2.4229326 -3.045037  -1.9972823]
[-2.553902  -2.7176137 -3.536172  -2.3901904]
[-2.750356  -2.94681   -3.7981105 -2.6848712]
[-2.8158407 -3.0122945 -3.92908   -2.750356 ]
[-2.8158407 -2.9795523 -3.8963375 -2.7176137]
[-2.5866442 -2.8158407 -3.6016567 -2.5211596]
[-1.9972823 -2.455675  -2.9795523 -2.0955093]
[-1.375178  -1.8335706 -2.1282516 -1.4406626]
[-0.98227    -1.2114663  -1.375178   -0.85130066]
[-0.78581595 -0.85130066 -1.0150123  -0.62210435]
[-0.884043   -0.85130066 -0.98227    -0.62210435]
[-0.58936197 -1.1459817  -1.0150123  -0.884043  ]
[-0.81855834 -1.0150123  -0.98227    -0.62210435]
[-0.62210435 -0.884043   -0.78581595 -0.65484667]
[-0.65484667 -0.75307363 -0.65484667 -0.491135  ]
[-0.62210435 -0.75307363 -0.65484667 -0.5238773 ]
[-0.65484667 -0.81855834 -0.687589   -0.55661964]
[-0.62210435 -0.85130066 -0.687589   -0.62210435]
[-0.65484667 -0.85130066 -0.687589   -0.58936197]
[-0.58936197 -0.85130066 -0.687589   -0.62210435]
[-0.65484667 -0.81855834 -0.687589   -0.58936197]
[-0.9167853  -0.78581595 -0.78581595 -0.55661964]
[-0.75307363 -1.080497   -0.9495276  -0.884043  ]
[-0.687589   -1.1459817  -0.98227    -0.85130066]
[-0.78581595 -0.9495276  -0.9167853  -0.65484667]
[-0.687589   -0.85130066 -0.78581595 -0.62210435]
[-0.58936197 -0.78581595 -0.687589   -0.58936197]
[-0.65484667 -0.81855834 -0.7203313  -0.58936197]
[-0.9167853  -0.78581595 -0.884043   -0.62210435]
[-0.65484667 -1.080497   -0.9495276  -0.9167853 ]
[-0.75307363 -0.9495276  -0.884043   -0.62210435]
[-0.58936197 -0.78581595 -0.7203313  -0.55661964]
[-0.45839265 -0.62210435 -0.5238773  -0.39290798]
[-0.39290798 -0.58936197 -0.45839265 -0.36016566]
[-0.42565033 -0.58936197 -0.45839265 -0.36016566]
[-0.5238773  -0.58936197 -0.491135   -0.36016566]
[-0.5238773  -0.65484667 -0.5238773  -0.39290798]
[-0.45839265 -0.65484667 -0.491135   -0.39290798]
[-0.491135   -0.65484667 -0.491135   -0.36016566]
[-0.5238773  -0.687589   -0.5238773  -0.39290798]
[-0.65484667 -0.75307363 -0.65484667 -0.39290798]
[-0.491135   -1.0477546  -0.78581595 -0.7203313 ]
[-1.0477546  -0.98227    -1.080497   -0.62210435]
[-1.1787239 -1.2442087 -1.276951  -0.9495276]
[-0.9167853 -1.2442087 -1.2114663 -0.884043 ]
[-0.7203313 -1.0150123 -0.9167853 -0.5238773]
[-0.45839265 -0.7203313  -0.58936197 -0.29468098]
[-0.42565033 -0.7203313  -0.58936197 -0.29468098]
[-0.55661964 -0.9167853  -0.78581595 -0.5238773 ]
[-1.0477546 -1.080497  -1.1459817 -0.687589 ]
[-1.375178  -1.375178  -1.5388896 -1.080497 ]
[-1.5061473 -1.6698589 -1.8008283 -1.276951 ]
[-1.375178  -1.7353436 -1.8008283 -1.3096933]
[-1.8008283 -1.5716319 -1.8008283 -1.0477546]
[-1.6371167 -1.8990552 -2.062767  -1.5061473]
[-1.3096933 -2.6848712 -2.455675  -2.062767 ]
[-2.2919633 -2.4229326 -2.94681   -1.8008283]
[-2.4884174 -2.652129  -3.3069756 -2.4229326]
[-2.652129  -2.7830982 -3.5689142 -2.5866442]
[-2.652129  -2.848583  -3.6671412 -2.652129 ]
[-2.7176137 -2.8158407 -3.6998837 -2.6193867]
[-2.652129  -2.7830982 -3.6671412 -2.6193867]
[-2.5211596 -2.6848712 -3.5034297 -2.4884174]
[-2.062767  -2.4884174 -3.1432638 -2.3247056]
[-2.0955093 -1.9972823 -2.7176137 -1.8335706]
[-1.6371167 -1.9972823 -2.455675  -2.0300245]
[-2.0955093 -2.2592208 -2.6193867 -1.8335706]
[-2.3574479 -2.553902  -3.0777793 -2.2919633]
[-2.652129  -2.750356  -3.5689142 -2.6193867]
[-2.7830982 -2.94681   -3.7653682 -2.7830982]
[-2.8158407 -2.9140675 -3.7981105 -2.7830982]
[-2.8158407 -2.94681   -3.830853  -2.7830982]
[-2.848583  -2.94681   -3.830853  -2.7830982]
[-2.7830982 -2.9140675 -3.7653682 -2.7830982]
[-2.5866442 -2.7176137 -3.5034297 -2.5211596]
[-1.866313  -2.3901904 -2.8158407 -2.160994 ]
[-1.4079204 -1.473405  -1.8008283 -1.1459817]
[-0.36016566 -0.884043   -0.75307363 -0.65484667]
[-0.03274233 -0.29468098 -0.03274233  0.        ]
[ 0.06548467 -0.09822699  0.22919632  0.06548467]
[ 0.03274233 -0.13096933  0.19645399  0.03274233]
[ 0.         -0.13096933  0.16371167  0.        ]
[ 0.         -0.13096933  0.16371167  0.        ]
[-0.03274233 -0.13096933  0.16371167 -0.03274233]
[-0.13096933 -0.16371167  0.09822699 -0.03274233]
[-0.19645399 -0.19645399  0.          0.        ]
[-0.13096933 -0.29468098 -0.06548467 -0.06548467]
[-0.09822699 -0.32742333 -0.13096933 -0.03274233]
[-0.03274233 -0.39290798 -0.16371167 -0.06548467]
[-0.09822699 -0.36016566 -0.16371167 -0.03274233]
[-0.06548467 -0.36016566 -0.13096933 -0.09822699]
[ 0.         -0.32742333 -0.06548467 -0.09822699]
[-0.06548467 -0.29468098  0.         -0.06548467]
[-0.03274233 -0.32742333  0.03274233 -0.13096933]
[-0.22919632 -0.16371167  0.          0.        ]
[-0.26193866 -0.22919632 -0.13096933 -0.09822699]
[-0.22919632 -0.491135   -0.36016566 -0.36016566]
[-0.45839265 -0.81855834 -0.81855834 -0.65484667]
[-1.5716319  -0.884043   -1.5061473  -0.65484667]
[-1.1459817 -1.5716319 -1.8990552 -1.473405 ]
[-1.1459817  -1.1787239  -1.7353436  -0.78581595]
[-0.491135   -0.7203313  -1.0150123  -0.29468098]
[-0.03274233 -0.32742333 -0.32742333  0.16371167]
[ 0.06548467 -0.22919632 -0.16371167  0.29468098]
[-0.03274233 -0.42565033 -0.26193866  0.16371167]
[-0.13096933 -0.45839265 -0.32742333  0.13096933]
[ 0.06548467 -0.62210435 -0.36016566 -0.06548467]
[-0.13096933 -0.55661964 -0.39290798  0.03274233]
[-0.22919632 -0.42565033 -0.39290798  0.        ]
[-0.03274233 -0.5238773  -0.36016566 -0.09822699]
[ 0.         -0.39290798 -0.26193866  0.        ]
[ 0.03274233 -0.32742333 -0.19645399  0.03274233]
[-0.39290798 -0.06548467 -0.22919632  0.26193866]
[-0.13096933 -0.36016566 -0.32742333 -0.19645399]
[-0.19645399 -0.65484667 -0.491135   -0.22919632]
[-0.55661964 -0.55661964 -0.65484667 -0.13096933]
[-0.36016566 -0.65484667 -0.687589   -0.29468098]
[-0.13096933 -0.62210435 -0.55661964 -0.13096933]
[ 0.55661964 -0.7203313  -0.16371167 -0.29468098]
[-0.06548467 -0.39290798 -0.19645399 -0.39290798]
[ 0.         -0.65484667 -0.39290798 -0.06548467]
[-0.26193866 -0.55661964 -0.45839265  0.06548467]
[-0.32742333 -0.687589   -0.491135   -0.06548467]
[-0.55661964 -0.58936197 -0.62210435 -0.03274233]
[-0.75307363 -0.81855834 -0.9167853  -0.29468098]
[-0.75307363 -1.3096933  -1.3424356  -0.687589  ]
[-0.884043  -1.9317976 -1.866313  -1.1459817]
[-1.6698589 -2.062767  -2.4884174 -1.375178 ]
[-2.160994  -2.3574479 -3.0777793 -2.0300245]
[-2.553902  -2.6848712 -3.536172  -2.4229326]
[-2.7176137 -2.9140675 -3.7981105 -2.6848712]
[-2.8158407 -3.0122945 -3.8963375 -2.7176137]
[-2.848583  -2.9795523 -3.8963375 -2.750356 ]
[-2.652129  -2.8813252 -3.6998837 -2.6193867]
[-2.160994  -2.5866442 -3.1432638 -2.2592208]
[-1.6043743 -2.062767  -2.3574479 -1.6698589]
[-1.2114663 -1.5061473 -1.6698589 -1.080497 ]
[-1.0150123  -1.1459817  -1.276951   -0.78581595]
[-1.080497   -0.98227    -1.1787239  -0.75307363]
[-0.7203313 -1.276951  -1.1459817 -1.0477546]
[-0.9495276 -1.1787239 -1.1132393 -0.7203313]
[-0.81855834 -0.98227    -0.884043   -0.687589  ]
[-0.7203313  -0.81855834 -0.75307363 -0.58936197]
[-0.65484667 -0.884043   -0.7203313  -0.62210435]
[-0.687589   -0.9167853  -0.75307363 -0.65484667]
[-0.687589   -0.9495276  -0.75307363 -0.7203313 ]
[-0.7203313  -0.9167853  -0.75307363 -0.62210435]
[-0.7203313  -0.9167853  -0.75307363 -0.62210435]
[-0.75307363 -0.9167853  -0.78581595 -0.65484667]
[-0.9167853 -0.9495276 -0.9495276 -0.7203313]
[-0.81855834 -1.1787239  -1.0477546  -0.9495276 ]
[-0.78581595 -1.2114663  -1.0477546  -0.9167853 ]
[-0.884043   -1.0477546  -1.0150123  -0.78581595]
[-0.78581595 -0.98227    -0.9167853  -0.75307363]
[-0.7203313  -0.9167853  -0.85130066 -0.7203313 ]
[-0.75307363 -0.9167853  -0.85130066 -0.7203313 ]
[-0.98227   -0.9167853 -0.98227   -0.7203313]
[-0.75307363 -1.1459817  -1.0150123  -0.98227   ]
[-0.81855834 -1.0477546  -0.98227    -0.7203313 ]
[-0.687589   -0.9167853  -0.81855834 -0.65484667]
[-0.58936197 -0.78581595 -0.65484667 -0.5238773 ]
[-0.5238773  -0.7203313  -0.58936197 -0.45839265]
[-0.5238773  -0.687589   -0.58936197 -0.45839265]
[-0.58936197 -0.687589   -0.62210435 -0.45839265]
[-0.58936197 -0.7203313  -0.62210435 -0.491135  ]
[-0.55661964 -0.75307363 -0.62210435 -0.491135  ]
[-0.55661964 -0.75307363 -0.62210435 -0.42565033]
[-0.55661964 -0.78581595 -0.62210435 -0.42565033]
[-0.62210435 -0.78581595 -0.7203313  -0.45839265]
[-0.65484667 -1.0150123  -0.884043   -0.687589  ]
[-1.0150123  -1.0150123  -1.1459817  -0.75307363]
[-1.1787239 -1.276951  -1.3096933 -0.9495276]
[-0.85130066 -1.2442087  -1.1787239  -0.884043  ]
[-0.687589 -0.98227  -0.884043 -0.491135]
[-0.42565033 -0.7203313  -0.55661964 -0.29468098]
[-0.42565033 -0.687589   -0.5238773  -0.29468098]
[-0.55661964 -0.884043   -0.75307363 -0.5238773 ]
[-1.080497  -1.0150123 -1.1132393 -0.687589 ]
[-1.276951  -1.375178  -1.5061473 -1.1132393]
[-1.473405  -1.6371167 -1.7353436 -1.1787239]
[-1.276951  -1.6371167 -1.7026013 -1.2442087]
[-1.6698589 -1.4406626 -1.7353436 -0.98227  ]
[-1.4079204 -1.866313  -1.96454   -1.5061473]
[-1.3096933 -2.553902  -2.3901904 -1.9317976]
[-2.2919633 -2.455675  -2.94681   -1.8335706]
[-2.5211596 -2.6848712 -3.3397179 -2.455675 ]
[-2.6848712 -2.8158407 -3.6016567 -2.6193867]
[-2.6848712 -2.848583  -3.6998837 -2.652129 ]
[-2.6848712 -2.7830982 -3.6998837 -2.6193867]
[-2.5866442 -2.750356  -3.634399  -2.6193867]
[-2.455675  -2.652129  -3.437945  -2.4229326]
[-2.1282516 -2.3901904 -3.045037  -2.1937363]
[-2.062767  -1.8990552 -2.7176137 -1.6043743]
[-1.5388896 -1.9972823 -2.4884174 -1.8008283]
[-1.8008283 -1.96454   -2.6193867 -1.8008283]
[-2.3574479 -2.455675  -3.0777793 -2.2592208]
[-2.652129  -2.7830982 -3.5689142 -2.6193867]
[-2.7830982 -2.9140675 -3.7653682 -2.750356 ]
[-2.7830982 -2.9140675 -3.7981105 -2.7830982]
[-2.8158407 -2.94681   -3.7981105 -2.8158407]
[-2.848583  -2.9795523 -3.7981105 -2.848583 ]
[-2.7830982 -2.94681   -3.732626  -2.7830982]
[-2.553902  -2.7176137 -3.437945  -2.5211596]
[-1.8990552 -2.3901904 -2.7830982 -2.160994 ]
[-1.4079204 -1.5061473 -1.8008283 -1.1787239]
[-0.42565033 -0.9495276  -0.78581595 -0.687589  ]
[-0.06548467 -0.32742333 -0.06548467 -0.06548467]
[ 0.06548467 -0.16371167  0.16371167  0.03274233]
[ 0.03274233 -0.13096933  0.16371167  0.03274233]
[ 0.         -0.16371167  0.16371167  0.        ]
[ 0.         -0.13096933  0.16371167  0.        ]
[-0.03274233 -0.09822699  0.16371167  0.03274233]
[-0.09822699 -0.09822699  0.13096933  0.03274233]
[-0.19645399 -0.16371167  0.03274233  0.03274233]
[-0.16371167 -0.29468098 -0.06548467 -0.06548467]
[-0.13096933 -0.36016566 -0.16371167 -0.06548467]
[-0.03274233 -0.39290798 -0.19645399 -0.06548467]
[-0.06548467 -0.36016566 -0.19645399 -0.03274233]
[-0.03274233 -0.32742333 -0.13096933 -0.03274233]
[ 0.03274233 -0.26193866 -0.03274233 -0.03274233]
[ 0.         -0.22919632  0.03274233  0.        ]
[ 0.         -0.22919632  0.06548467 -0.06548467]
[-0.16371167 -0.16371167  0.         -0.03274233]
[-0.22919632 -0.22919632 -0.09822699 -0.09822699]
[-0.32742333 -0.45839265 -0.32742333 -0.29468098]
[-0.45839265 -0.85130066 -0.81855834 -0.687589  ]
[-1.6043743  -0.98227    -1.5716319  -0.75307363]
[-1.276951  -1.6043743 -1.96454   -1.5716319]
[-1.2114663 -1.3424356 -1.8335706 -0.884043 ]
[-0.55661964 -0.75307363 -1.0150123  -0.26193866]
[-0.09822699 -0.22919632 -0.29468098  0.19645399]
[ 0.09822699 -0.22919632 -0.16371167  0.19645399]
[ 0.         -0.45839265 -0.26193866  0.13096933]
[-0.13096933 -0.45839265 -0.32742333  0.13096933]
[ 0.03274233 -0.62210435 -0.36016566 -0.06548467]
[-0.19645399 -0.5238773  -0.42565033  0.03274233]
[-0.22919632 -0.491135   -0.45839265 -0.06548467]
[-0.06548467 -0.5238773  -0.39290798 -0.09822699]
[ 0.         -0.39290798 -0.29468098  0.        ]
[ 0.03274233 -0.32742333 -0.22919632  0.03274233]
[-0.42565033 -0.06548467 -0.26193866  0.26193866]
[-0.09822699 -0.39290798 -0.32742333 -0.19645399]
[-0.19645399 -0.65484667 -0.491135   -0.19645399]
[-0.55661964 -0.55661964 -0.65484667 -0.13096933]
[-0.32742333 -0.65484667 -0.65484667 -0.29468098]
[-0.13096933 -0.62210435 -0.5238773  -0.13096933]
[ 0.55661964 -0.7203313  -0.16371167 -0.29468098]
[-0.03274233 -0.45839265 -0.22919632 -0.55661964]
[-0.13096933 -0.78581595 -0.39290798 -0.06548467]
[-0.19645399 -0.58936197 -0.39290798  0.03274233]
[-0.26193866 -0.62210435 -0.42565033  0.        ]
[-0.491135   -0.491135   -0.58936197 -0.03274233]
[-0.58936197 -0.78581595 -0.884043   -0.26193866]
[-0.55661964 -1.3096933  -1.3096933  -0.687589  ]
[-0.884043  -1.7353436 -1.8008283 -1.1132393]
[-1.768086  -1.96454   -2.455675  -1.4079204]
[-2.2919633 -2.4229326 -3.1105216 -2.1282516]
[-2.6193867 -2.750356  -3.5689142 -2.4884174]
[-2.750356  -2.94681   -3.7981105 -2.6848712]
[-2.848583  -3.0122945 -3.8963375 -2.750356 ]
[-2.8813252 -3.0122945 -3.92908   -2.750356 ]
[-2.750356  -2.94681   -3.7653682 -2.6848712]
[-2.3901904 -2.7176137 -3.3397179 -2.3901904]
[-1.9317976 -2.3247056 -2.7176137 -1.96454  ]
[-1.5716319 -1.866313  -2.0955093 -1.473405 ]
[-1.375178  -1.5388896 -1.7026013 -1.1459817]
[-1.4079204 -1.3424356 -1.6043743 -1.0150123]
[-0.98227   -1.5716319 -1.5388896 -1.3424356]
[-1.2114663 -1.4406626 -1.4406626 -0.98227  ]
[-1.2114663 -1.2442087 -1.2442087 -0.9495276]
[-1.080497  -1.2114663 -1.080497  -0.9167853]
[-1.0150123 -1.276951  -1.0477546 -0.884043 ]
[-1.0150123  -1.2442087  -1.0477546  -0.81855834]
[-0.98227    -1.2114663  -1.0477546  -0.85130066]
[-1.0150123  -1.1459817  -1.0477546  -0.85130066]
[-1.0477546 -1.1787239 -1.080497  -0.884043 ]
[-1.1132393 -1.2442087 -1.1132393 -0.9167853]
[-1.2114663 -1.3096933 -1.2442087 -0.9495276]
[-1.1132393 -1.4406626 -1.3424356 -1.1132393]
[-1.080497  -1.4079204 -1.3424356 -1.1132393]
[-1.1787239 -1.3096933 -1.3424356 -1.0150123]
[-1.1459817 -1.276951  -1.2442087 -1.0150123]
[-1.080497  -1.2114663 -1.1787239 -0.9495276]
[-1.080497  -1.2114663 -1.1787239 -0.9495276]
[-1.2442087 -1.1787239 -1.276951  -0.9495276]
[-1.0477546 -1.375178  -1.276951  -1.1459817]
[-1.080497  -1.276951  -1.2442087 -0.9495276]
[-0.98227   -1.1787239 -1.1132393 -0.884043 ]
[-0.9167853  -1.080497   -0.98227    -0.75307363]
[-0.85130066 -1.0150123  -0.9167853  -0.7203313 ]
[-0.85130066 -0.98227    -0.9167853  -0.687589  ]
[-0.85130066 -0.98227    -0.9495276  -0.687589  ]
[-0.884043  -0.98227   -0.9495276 -0.687589 ]
[-0.81855834 -1.0150123  -0.9495276  -0.7203313 ]
[-0.75307363 -1.0150123  -0.9167853  -0.65484667]
[-0.75307363 -0.98227    -0.884043   -0.58936197]
[-0.7203313  -0.98227    -0.9495276  -0.62210435]
[-0.85130066 -1.080497   -1.080497   -0.75307363]
[-1.1132393 -1.1459817 -1.276951  -0.884043 ]
[-1.2442087 -1.276951  -1.4079204 -0.9495276]
[-0.9167853 -1.276951  -1.2442087 -0.9167853]
[-0.7203313 -1.0150123 -0.9167853 -0.5238773]
[-0.45839265 -0.78581595 -0.62210435 -0.36016566]
[-0.45839265 -0.7203313  -0.55661964 -0.29468098]
[-0.55661964 -0.9167853  -0.75307363 -0.5238773 ]
[-1.080497   -0.98227    -1.080497   -0.62210435]
[-1.1459817 -1.3424356 -1.4079204 -1.080497 ]
[-1.3424356 -1.5061473 -1.6043743 -1.0477546]
[-1.2114663 -1.5388896 -1.5716319 -1.080497 ]
[-1.473405   -1.3096933  -1.6043743  -0.81855834]
[-1.2442087 -1.768086  -1.866313  -1.3424356]
[-1.2114663 -2.3247056 -2.2919633 -1.8008283]
[-2.2592208 -2.3901904 -2.9140675 -1.8335706]
[-2.5211596 -2.6848712 -3.3724604 -2.4884174]
[-2.6848712 -2.8158407 -3.634399  -2.652129 ]
[-2.6848712 -2.8158407 -3.6998837 -2.652129 ]
[-2.6848712 -2.8158407 -3.732626  -2.6193867]
[-2.5866442 -2.7830982 -3.634399  -2.5866442]
[-2.4229326 -2.5866442 -3.437945  -2.3901904]
[-2.1937363 -2.4229326 -3.0777793 -2.1937363]
[-2.062767  -2.0300245 -2.750356  -1.8008283]
[-1.8335706 -2.160994  -2.6193867 -1.8008283]
[-1.96454   -2.160994  -2.750356  -1.9317976]
[-2.3901904 -2.455675  -3.1760063 -2.2919633]
[-2.652129  -2.7830982 -3.6016567 -2.652129 ]
[-2.7830982 -2.8813252 -3.7653682 -2.7176137]
[-2.7830982 -2.8813252 -3.7653682 -2.750356 ]
[-2.8158407 -2.94681   -3.7653682 -2.7830982]
[-2.8158407 -2.94681   -3.7653682 -2.8158407]
[-2.750356  -2.8813252 -3.6671412 -2.7176137]
[-2.5211596 -2.652129  -3.3724604 -2.4884174]
[-1.8990552 -2.3574479 -2.750356  -2.1282516]
[-1.4079204 -1.5716319 -1.866313  -1.276951 ]
[-0.55661964 -1.0477546  -0.9167853  -0.78581595]
[-0.19645399 -0.45839265 -0.26193866 -0.16371167]
[-0.06548467 -0.26193866  0.         -0.03274233]
[-0.03274233 -0.19645399  0.03274233 -0.03274233]
[-0.03274233 -0.19645399  0.06548467 -0.03274233]
[-0.03274233 -0.16371167  0.09822699  0.        ]
[-0.03274233 -0.13096933  0.13096933  0.        ]
[-0.09822699 -0.13096933  0.09822699  0.        ]
[-0.16371167 -0.19645399  0.         -0.03274233]
[-0.16371167 -0.29468098 -0.09822699 -0.06548467]
[-0.09822699 -0.36016566 -0.16371167 -0.06548467]
[-0.03274233 -0.42565033 -0.19645399 -0.06548467]
[-0.03274233 -0.39290798 -0.19645399 -0.03274233]
[-0.03274233 -0.32742333 -0.13096933  0.        ]
[ 0.03274233 -0.26193866 -0.06548467 -0.03274233]
[ 0.         -0.22919632  0.          0.        ]
[ 0.         -0.26193866  0.         -0.06548467]
[-0.16371167 -0.16371167 -0.03274233  0.        ]
[-0.22919632 -0.22919632 -0.13096933 -0.09822699]
[-0.45839265 -0.39290798 -0.39290798 -0.26193866]
[-0.42565033 -0.9495276  -0.85130066 -0.81855834]
[-1.6371167  -1.1459817  -1.6371167  -0.81855834]
[-1.3424356 -1.6698589 -2.0300245 -1.6371167]
[-1.2442087 -1.4079204 -1.8008283 -0.98227  ]
[-0.58936197 -0.78581595 -0.9495276  -0.36016566]
[-0.16371167 -0.19645399 -0.19645399  0.19645399]
[ 0.06548467 -0.22919632  0.          0.22919632]
[ 0.         -0.36016566 -0.09822699  0.19645399]
[-0.09822699 -0.42565033 -0.22919632  0.16371167]
[ 0.03274233 -0.58936197 -0.29468098 -0.06548467]
[-0.22919632 -0.5238773  -0.39290798  0.        ]
[-0.19645399 -0.55661964 -0.45839265 -0.13096933]
[-0.13096933 -0.55661964 -0.42565033 -0.09822699]
[-0.06548467 -0.42565033 -0.32742333 -0.03274233]
[ 0.         -0.36016566 -0.26193866 -0.03274233]
[-0.491135   -0.09822699 -0.29468098  0.22919632]
[-0.09822699 -0.42565033 -0.36016566 -0.22919632]
[-0.19645399 -0.62210435 -0.491135   -0.19645399]
[-0.55661964 -0.55661964 -0.62210435 -0.13096933]
[-0.32742333 -0.65484667 -0.62210435 -0.29468098]
[-0.16371167 -0.62210435 -0.5238773  -0.13096933]
[ 0.55661964 -0.7203313  -0.13096933 -0.29468098]
[-0.06548467 -0.491135   -0.22919632 -0.58936197]
[-0.32742333 -0.687589   -0.39290798 -0.03274233]
[-0.62210435 -0.5238773  -0.32742333  0.06548467]
[-0.29468098 -0.7203313  -0.42565033 -0.22919632]
[-0.55661964 -0.78581595 -0.62210435 -0.06548467]
[-0.5238773  -0.687589   -0.78581595 -0.19645399]
[-0.58936197 -1.1459817  -1.2114663  -0.55661964]
[-0.98227   -1.6043743 -1.8008283 -1.080497 ]
[-1.8008283 -1.9317976 -2.5211596 -1.5716319]
[-2.3901904 -2.5211596 -3.2087486 -2.2592208]
[-2.6848712 -2.8158407 -3.634399  -2.553902 ]
[-2.7830982 -2.9795523 -3.830853  -2.7176137]
[-2.8813252 -3.0122945 -3.92908   -2.7830982]
[-2.9140675 -3.0122945 -3.92908   -2.7830982]
[-2.8158407 -3.0122945 -3.8635952 -2.7176137]
[-2.5866442 -2.848583  -3.5689142 -2.553902 ]
[-2.1937363 -2.6193867 -3.1432638 -2.2592208]
[-1.8990552 -2.2919633 -2.652129  -1.8990552]
[-1.768086  -1.96454   -2.2592208 -1.5716319]
[-1.768086  -1.8008283 -2.160994  -1.4406626]
[-1.4079204 -1.9972823 -2.062767  -1.6371167]
[-1.5716319 -1.768086  -1.9972823 -1.375178 ]
[-1.5716319 -1.7026013 -1.866313  -1.375178 ]
[-1.3424356 -1.7353436 -1.7353436 -1.4079204]
[-1.3096933 -1.7353436 -1.6698589 -1.3096933]
[-1.375178  -1.7026013 -1.6371167 -1.2442087]
[-1.375178  -1.6698589 -1.6371167 -1.276951 ]
[-1.3424356 -1.6698589 -1.6698589 -1.3096933]
[-1.3424356 -1.6698589 -1.6698589 -1.3096933]
[-1.375178  -1.7026013 -1.7026013 -1.3424356]
[-1.473405  -1.7353436 -1.768086  -1.3424356]
[-1.5061473 -1.8335706 -1.866313  -1.4406626]
[-1.5061473 -1.8335706 -1.8990552 -1.5061473]
[-1.6043743 -1.8008283 -1.866313  -1.473405 ]
[-1.5716319 -1.8008283 -1.8335706 -1.473405 ]
[-1.5388896 -1.7353436 -1.8008283 -1.4406626]
[-1.5061473 -1.7353436 -1.768086  -1.4406626]
[-1.6043743 -1.7026013 -1.8008283 -1.375178 ]
[-1.4079204 -1.8008283 -1.8008283 -1.5061473]
[-1.4079204 -1.7026013 -1.768086  -1.3424356]
[-1.3424356 -1.6371167 -1.6698589 -1.3096933]
[-1.276951  -1.5388896 -1.5716319 -1.2114663]
[-1.2442087 -1.473405  -1.5061473 -1.1459817]
[-1.2114663 -1.473405  -1.473405  -1.1459817]
[-1.2114663 -1.4406626 -1.473405  -1.1132393]
[-1.2114663 -1.4406626 -1.5061473 -1.1132393]
[-1.1459817 -1.4406626 -1.5061473 -1.1132393]
[-1.0477546 -1.4079204 -1.4079204 -1.0150123]
[-1.0150123 -1.3096933 -1.3424356 -0.9167853]
[-0.98227   -1.276951  -1.3424356 -0.9167853]
[-1.080497  -1.276951  -1.4406626 -0.9495276]
[-1.276951  -1.3424356 -1.5716319 -1.0477546]
[-1.3424356 -1.375178  -1.6371167 -1.1132393]
[-1.080497  -1.4406626 -1.473405  -1.0477546]
[-0.85130066 -1.2114663  -1.1787239  -0.7203313 ]
[-0.687589  -1.0150123 -0.884043  -0.491135 ]
[-0.687589   -0.9167853  -0.81855834 -0.45839265]
[-0.7203313  -1.0477546  -0.9167853  -0.65484667]
[-1.1787239  -1.080497   -1.2114663  -0.65484667]
[-1.1787239 -1.375178  -1.473405  -1.080497 ]
[-1.3096933 -1.4406626 -1.6043743 -1.0150123]
[-1.3424356 -1.4406626 -1.5388896 -0.98227  ]
[-1.5716319  -1.3424356  -1.6043743  -0.85130066]
[-1.4406626 -1.866313  -1.8990552 -1.3424356]
[-1.276951  -2.455675  -2.3901904 -1.8990552]
[-2.2592208 -2.4229326 -2.94681   -1.866313 ]
[-2.553902  -2.652129  -3.3397179 -2.455675 ]
[-2.6848712 -2.8158407 -3.6016567 -2.6193867]
[-2.6848712 -2.848583  -3.732626  -2.652129 ]
[-2.652129  -2.7830982 -3.6998837 -2.6193867]
[-2.6193867 -2.7830982 -3.6671412 -2.553902 ]
[-2.455675  -2.652129  -3.4706872 -2.455675 ]
[-2.2592208 -2.4884174 -3.2087486 -2.2592208]
[-2.062767  -2.2919633 -2.9140675 -2.062767 ]
[-1.9972823 -2.2264786 -2.7830982 -1.9972823]
[-2.2592208 -2.3574479 -2.94681   -2.0955093]
[-2.455675  -2.553902  -3.3069756 -2.4229326]
[-2.6848712 -2.848583  -3.6016567 -2.652129 ]
[-2.750356  -2.848583  -3.732626  -2.6848712]
[-2.7830982 -2.8813252 -3.7653682 -2.750356 ]
[-2.8158407 -2.9140675 -3.7653682 -2.7830982]
[-2.7830982 -2.9140675 -3.732626  -2.7830982]
[-2.7176137 -2.848583  -3.634399  -2.6848712]
[-2.4884174 -2.652129  -3.3724604 -2.455675 ]
[-1.96454   -2.3574479 -2.8158407 -2.160994 ]
[-1.5061473 -1.7353436 -2.062767  -1.4406626]
[-0.78581595 -1.2442087  -1.2114663  -0.9495276 ]
[-0.45839265 -0.75307363 -0.62210435 -0.45839265]
[-0.36016566 -0.55661964 -0.39290798 -0.32742333]
[-0.29468098 -0.491135   -0.32742333 -0.29468098]
[-0.22919632 -0.42565033 -0.26193866 -0.26193866]
[-0.19645399 -0.36016566 -0.19645399 -0.19645399]
[-0.19645399 -0.32742333 -0.13096933 -0.13096933]
[-0.19645399 -0.32742333 -0.16371167 -0.13096933]
[-0.19645399 -0.36016566 -0.26193866 -0.13096933]
[-0.09822699 -0.39290798 -0.32742333 -0.16371167]
[ 0.         -0.39290798 -0.36016566 -0.13096933]
[ 0.         -0.42565033 -0.36016566 -0.09822699]
[-0.06548467 -0.39290798 -0.32742333 -0.06548467]
[-0.13096933 -0.39290798 -0.32742333 -0.09822699]
[-0.13096933 -0.36016566 -0.26193866 -0.13096933]
[-0.16371167 -0.36016566 -0.22919632 -0.16371167]
[-0.19645399 -0.39290798 -0.26193866 -0.19645399]
[-0.26193866 -0.36016566 -0.29468098 -0.16371167]
[-0.26193866 -0.39290798 -0.36016566 -0.22919632]
[-0.491135   -0.491135   -0.55661964 -0.32742333]
[-0.36016566 -1.0150123  -0.9495276  -0.884043  ]
[-1.7026013  -1.080497   -1.6043743  -0.75307363]
[-1.4406626 -1.7026013 -2.0300245 -1.6371167]
[-1.1787239 -1.473405  -1.8008283 -1.080497 ]
[-0.5238773  -0.75307363 -0.85130066 -0.36016566]
[ 0.         -0.13096933  0.          0.26193866]
[ 0.26193866 -0.09822699  0.26193866  0.32742333]
[ 0.22919632 -0.19645399  0.19645399  0.29468098]
[ 0.13096933 -0.29468098  0.06548467  0.22919632]
[ 0.16371167 -0.491135   -0.09822699  0.03274233]
[-0.13096933 -0.42565033 -0.22919632  0.09822699]
[-0.13096933 -0.491135   -0.32742333 -0.09822699]
[-0.16371167 -0.491135   -0.32742333 -0.06548467]
[-0.06548467 -0.42565033 -0.29468098 -0.06548467]
[-0.03274233 -0.42565033 -0.26193866 -0.06548467]
[-0.491135   -0.13096933 -0.32742333  0.19645399]
[-0.13096933 -0.45839265 -0.36016566 -0.26193866]
[-0.19645399 -0.65484667 -0.5238773  -0.22919632]
[-0.58936197 -0.55661964 -0.65484667 -0.13096933]
[-0.32742333 -0.65484667 -0.62210435 -0.32742333]
[-0.16371167 -0.58936197 -0.491135   -0.13096933]
[ 0.58936197 -0.75307363 -0.13096933 -0.32742333]
[-0.03274233 -0.58936197 -0.26193866 -0.687589  ]
[-0.5238773  -0.687589   -0.42565033 -0.06548467]
[-1.1132393  -0.5238773  -0.36016566 -0.09822699]
[-0.32742333 -1.2442087  -0.491135   -0.78581595]
[-0.78581595 -1.375178   -0.687589   -0.13096933]
[-0.58936197 -0.9495276  -0.78581595 -0.26193866]
[-0.58936197 -1.1459817  -1.1459817  -0.687589  ]
[-1.1459817 -1.6371167 -1.8008283 -1.1459817]
[-1.9317976 -2.062767  -2.5866442 -1.7026013]
[-2.455675  -2.5866442 -3.2742333 -2.3247056]
[-2.7176137 -2.8813252 -3.6998837 -2.6193867]
[-2.848583  -3.0122945 -3.8963375 -2.750356 ]
[-2.8813252 -3.045037  -3.9618223 -2.7830982]
[-2.9140675 -3.045037  -3.9618223 -2.8158407]
[-2.8813252 -3.045037  -3.92908   -2.7830982]
[-2.750356  -2.9795523 -3.7981105 -2.6848712]
[-2.5211596 -2.848583  -3.536172  -2.4884174]
[-2.3247056 -2.5866442 -3.2087486 -2.2264786]
[-2.1937363 -2.3574479 -2.9140675 -2.0300245]
[-2.1937363 -2.2592208 -2.7830982 -1.8990552]
[-2.062767  -2.4229326 -2.7176137 -2.0300245]
[-2.160994  -2.2592208 -2.7176137 -1.8990552]
[-2.1282516 -2.2919633 -2.652129  -1.8990552]
[-2.0300245 -2.2592208 -2.553902  -1.8335706]
[-1.9317976 -2.1937363 -2.455675  -1.768086 ]
[-1.96454  -2.160994 -2.455675 -1.768086]
[-1.96454  -2.160994 -2.455675 -1.768086]
[-1.96454  -2.160994 -2.455675 -1.768086]
[-1.96454   -2.1282516 -2.455675  -1.7026013]
[-1.9317976 -2.1282516 -2.4884174 -1.7353436]
[-1.96454   -2.160994  -2.5211596 -1.8008283]
[-1.9972823 -2.2264786 -2.5866442 -1.866313 ]
[-2.062767  -2.2592208 -2.5866442 -1.9317976]
[-2.1282516 -2.2592208 -2.5866442 -1.96454  ]
[-2.0955093 -2.2919633 -2.553902  -1.96454  ]
[-2.0955093 -2.2592208 -2.5211596 -1.8990552]
[-2.0300245 -2.2264786 -2.5211596 -1.8990552]
[-2.062767  -2.160994  -2.4884174 -1.8008283]
[-1.9317976 -2.1937363 -2.455675  -1.866313 ]
[-1.9317976 -2.1282516 -2.4229326 -1.768086 ]
[-1.8990552 -2.062767  -2.3574479 -1.7353436]
[-1.8335706 -2.0300245 -2.2919633 -1.6698589]
[-1.768086  -1.96454   -2.2264786 -1.6371167]
[-1.7353436 -1.9317976 -2.1937363 -1.5716319]
[-1.7353436 -1.8990552 -2.1937363 -1.5388896]
[-1.7353436 -1.8990552 -2.1937363 -1.5388896]
[-1.7026013 -1.8990552 -2.1937363 -1.5388896]
[-1.6043743 -1.866313  -2.1282516 -1.473405 ]
[-1.5388896 -1.7353436 -2.0300245 -1.375178 ]
[-1.473405  -1.7026013 -1.96454   -1.3424356]
[-1.5388896 -1.6698589 -1.96454   -1.3424356]
[-1.6371167 -1.6698589 -2.062767  -1.375178 ]
[-1.6043743 -1.7026013 -2.062767  -1.375178 ]
[-1.3424356 -1.7026013 -1.8990552 -1.3096933]
[-1.1459817 -1.5061473 -1.6371167 -1.0150123]
[-1.0477546  -1.3424356  -1.375178   -0.85130066]
[-1.0150123  -1.3096933  -1.3096933  -0.85130066]
[-1.0477546 -1.4079204 -1.375178  -0.98227  ]
[-1.3424356 -1.4079204 -1.5716319 -0.9495276]
[-1.276951  -1.5716319 -1.7353436 -1.1787239]
[-1.3096933 -1.5716319 -1.8008283 -1.1459817]
[-1.4079204 -1.5388896 -1.768086  -1.1132393]
[-1.473405  -1.6371167 -1.866313  -1.1787239]
[-1.4406626 -2.1282516 -2.1282516 -1.5388896]
[-1.4079204 -2.5866442 -2.455675  -1.9317976]
[-2.3247056 -2.455675  -2.94681   -1.8335706]
[-2.4884174 -2.6193867 -3.3069756 -2.455675 ]
[-2.5866442 -2.7830982 -3.5689142 -2.6193867]
[-2.6848712 -2.8158407 -3.6671412 -2.5866442]
[-2.652129  -2.7830982 -3.6998837 -2.652129 ]
[-2.652129  -2.7830982 -3.6998837 -2.6193867]
[-2.5211596 -2.750356  -3.5689142 -2.5211596]
[-2.3574479 -2.553902  -3.3069756 -2.3247056]
[-2.2592208 -2.4229326 -3.0777793 -2.1282516]
[-2.1937363 -2.3901904 -3.045037  -2.1937363]
[-2.3574479 -2.455675  -3.1432638 -2.2919633]
[-2.5211596 -2.6848712 -3.4052026 -2.5211596]
[-2.6848712 -2.7830982 -3.6016567 -2.6193867]
[-2.750356  -2.848583  -3.732626  -2.7176137]
[-2.750356  -2.9140675 -3.7981105 -2.750356 ]
[-2.7830982 -2.9140675 -3.7653682 -2.7830982]
[-2.750356  -2.9140675 -3.732626  -2.750356 ]
[-2.652129  -2.8158407 -3.634399  -2.652129 ]
[-2.4884174 -2.652129  -3.437945  -2.455675 ]
[-2.0955093 -2.455675  -3.0122945 -2.2264786]
[-1.7353436 -1.9972823 -2.3901904 -1.7026013]
[-1.2442087 -1.6043743 -1.7353436 -1.276951 ]
[-0.98227   -1.2442087 -1.276951  -0.9495276]
[-0.9167853  -1.080497   -1.080497   -0.81855834]
[-0.85130066 -1.0150123  -1.0150123  -0.78581595]
[-0.75307363 -0.9495276  -0.9167853  -0.687589  ]
[-0.7203313  -0.85130066 -0.78581595 -0.58936197]
[-0.65484667 -0.81855834 -0.75307363 -0.55661964]
[-0.687589   -0.81855834 -0.75307363 -0.55661964]
[-0.687589   -0.81855834 -0.81855834 -0.491135  ]
[-0.62210435 -0.78581595 -0.85130066 -0.45839265]
[-0.5238773  -0.7203313  -0.81855834 -0.39290798]
[-0.45839265 -0.687589   -0.81855834 -0.39290798]
[-0.491135   -0.687589   -0.85130066 -0.45839265]
[-0.5238773  -0.75307363 -0.85130066 -0.491135  ]
[-0.55661964 -0.78581595 -0.78581595 -0.5238773 ]
[-0.58936197 -0.81855834 -0.78581595 -0.58936197]
[-0.62210435 -0.85130066 -0.81855834 -0.62210435]
[-0.58936197 -0.81855834 -0.81855834 -0.55661964]
[-0.5238773  -0.75307363 -0.81855834 -0.491135  ]
[-0.55661964 -0.65484667 -0.9167853  -0.42565033]
[-0.5238773 -1.0150123 -1.1132393 -0.884043 ]
[-1.7026013 -1.0150123 -1.7026013 -0.884043 ]
[-1.5388896 -1.8008283 -2.0955093 -1.768086 ]
[-1.2114663 -1.5716319 -1.768086  -1.1459817]
[-0.491135   -0.75307363 -0.687589   -0.26193866]
[0.22919632 0.         0.26193866 0.39290798]
[0.5238773  0.13096933 0.62210435 0.58936197]
[0.5238773  0.16371167 0.62210435 0.62210435]
[0.42565033 0.06548467 0.491135   0.5238773 ]
[ 0.32742333 -0.13096933  0.29468098  0.32742333]
[ 0.         -0.16371167  0.06548467  0.26193866]
[-0.03274233 -0.36016566 -0.13096933 -0.03274233]
[-0.13096933 -0.39290798 -0.22919632 -0.03274233]
[-0.06548467 -0.45839265 -0.26193866 -0.09822699]
[-0.06548467 -0.42565033 -0.22919632 -0.06548467]
[-0.45839265 -0.16371167 -0.32742333  0.16371167]
[-0.16371167 -0.45839265 -0.39290798 -0.22919632]
[-0.19645399 -0.65484667 -0.5238773  -0.26193866]
[-0.58936197 -0.58936197 -0.65484667 -0.09822699]
[-0.32742333 -0.65484667 -0.65484667 -0.29468098]
[-0.13096933 -0.58936197 -0.491135   -0.09822699]
[ 0.58936197 -0.75307363 -0.13096933 -0.32742333]
[ 0.03274233 -0.58936197 -0.26193866 -0.65484667]
[-0.5238773  -0.58936197 -0.45839265  0.06548467]
[-0.884043   -0.45839265 -0.5238773  -0.09822699]
[ 0.19645399 -1.4406626  -0.491135   -0.98227   ]
[-0.5238773  -1.3096933  -0.5238773   0.03274233]
[-0.7203313  -0.98227    -0.687589   -0.09822699]
[-0.65484667 -1.1459817  -1.080497   -0.687589  ]
[-1.2442087 -1.6371167 -1.8008283 -1.1787239]
[-1.9972823 -2.0955093 -2.6193867 -1.768086 ]
[-2.4884174 -2.6193867 -3.3069756 -2.3901904]
[-2.750356  -2.9140675 -3.6998837 -2.652129 ]
[-2.8158407 -3.0122945 -3.8635952 -2.750356 ]
[-2.848583  -3.0122945 -3.92908   -2.750356 ]
[-2.848583  -3.0122945 -3.92908   -2.7830982]
[-2.848583  -3.045037  -3.92908   -2.7830982]
[-2.8158407 -3.045037  -3.92908   -2.750356 ]
[-2.750356  -3.0122945 -3.830853  -2.6848712]
[-2.6193867 -2.8813252 -3.6671412 -2.553902 ]
[-2.5211596 -2.750356  -3.4706872 -2.4229326]
[-2.4884174 -2.7176137 -3.3724604 -2.3901904]
[-2.4884174 -2.8158407 -3.3724604 -2.455675 ]
[-2.553902  -2.7830982 -3.3724604 -2.455675 ]
[-2.6193867 -2.848583  -3.3397179 -2.455675 ]
[-2.553902  -2.8158407 -3.2742333 -2.4229326]
[-2.5211596 -2.7830982 -3.2414908 -2.4229326]
[-2.5211596 -2.7830982 -3.2087486 -2.4229326]
[-2.5211596 -2.7830982 -3.2087486 -2.3901904]
[-2.4884174 -2.7830982 -3.2414908 -2.3901904]
[-2.5211596 -2.750356  -3.2414908 -2.3901904]
[-2.5211596 -2.750356  -3.2742333 -2.3901904]
[-2.4884174 -2.7830982 -3.2742333 -2.3901904]
[-2.5211596 -2.7830982 -3.2742333 -2.3901904]
[-2.5211596 -2.750356  -3.2742333 -2.4229326]
[-2.5211596 -2.7830982 -3.2414908 -2.455675 ]
[-2.5211596 -2.7830982 -3.2414908 -2.455675 ]
[-2.4884174 -2.750356  -3.2087486 -2.3901904]
[-2.455675  -2.7176137 -3.1760063 -2.3901904]
[-2.455675  -2.652129  -3.1760063 -2.2919633]
[-2.3901904 -2.652129  -3.1105216 -2.3247056]
[-2.3574479 -2.5866442 -3.0777793 -2.2592208]
[-2.3574479 -2.5866442 -3.045037  -2.2592208]
[-2.3247056 -2.553902  -3.0122945 -2.2264786]
[-2.2264786 -2.5211596 -2.94681   -2.160994 ]
[-2.1937363 -2.455675  -2.8813252 -2.0955093]
[-2.1937363 -2.4229326 -2.848583  -2.062767 ]
[-2.1937363 -2.4229326 -2.848583  -2.0955093]
[-2.160994  -2.4229326 -2.8158407 -2.0955093]
[-2.160994  -2.3574479 -2.7830982 -1.9972823]
[-2.062767  -2.2919633 -2.652129  -1.96454  ]
[-2.0300245 -2.2592208 -2.5866442 -1.8990552]
[-2.0300245 -2.1937363 -2.5866442 -1.866313 ]
[-2.0300245 -2.1937363 -2.652129  -1.8335706]
[-1.9317976 -2.1282516 -2.6193867 -1.768086 ]
[-1.6698589 -2.062767  -2.455675  -1.6371167]
[-1.5061473 -1.866313  -2.1937363 -1.4406626]
[-1.4079204 -1.7353436 -1.9972823 -1.3096933]
[-1.4079204 -1.7353436 -1.9317976 -1.276951 ]
[-1.375178  -1.768086  -1.9317976 -1.3424356]
[-1.5388896 -1.7026013 -2.0300245 -1.276951 ]
[-1.5061473 -1.8008283 -2.0955093 -1.375178 ]
[-1.4406626 -1.768086  -2.160994  -1.3096933]
[-1.4079204 -1.7026013 -2.1937363 -1.2442087]
[-1.276951  -1.7353436 -2.2264786 -1.276951 ]
[-1.276951  -1.96454   -2.3574479 -1.4406626]
[-1.4406626 -2.2264786 -2.5211596 -1.768086 ]
[-2.2592208 -2.2264786 -2.94681   -1.866313 ]
[-2.4229326 -2.652129  -3.3069756 -2.455675 ]
[-2.553902  -2.7176137 -3.5034297 -2.5211596]
[-2.652129  -2.6848712 -3.6016567 -2.5211596]
[-2.652129  -2.8158407 -3.6998837 -2.652129 ]
[-2.6848712 -2.848583  -3.732626  -2.652129 ]
[-2.6193867 -2.7830982 -3.6016567 -2.553902 ]
[-2.4884174 -2.7176137 -3.437945  -2.4884174]
[-2.4229326 -2.5866442 -3.2742333 -2.3574479]
[-2.455675  -2.5866442 -3.2414908 -2.3901904]
[-2.5211596 -2.5866442 -3.3397179 -2.455675 ]
[-2.6193867 -2.7176137 -3.4706872 -2.553902 ]
[-2.6848712 -2.8158407 -3.634399  -2.6848712]
[-2.750356  -2.8813252 -3.7653682 -2.7176137]
[-2.7830982 -2.9140675 -3.7981105 -2.750356 ]
[-2.7830982 -2.9140675 -3.7981105 -2.750356 ]
[-2.7176137 -2.8813252 -3.7653682 -2.7176137]
[-2.6848712 -2.8158407 -3.6998837 -2.652129 ]
[-2.5866442 -2.7176137 -3.5689142 -2.5211596]
[-2.3574479 -2.5866442 -3.2742333 -2.3901904]
[-2.1282516 -2.2919633 -2.848583  -2.062767 ]
[-1.8008283 -2.062767  -2.3574479 -1.768086 ]
[-1.7026013 -1.8335706 -2.0300245 -1.5716319]
[-1.7026013 -1.768086  -1.9317976 -1.5061473]
[-1.6698589 -1.768086  -1.8990552 -1.473405 ]
[-1.5388896 -1.7026013 -1.8008283 -1.4079204]
[-1.5061473 -1.6043743 -1.7026013 -1.3424356]
[-1.4406626 -1.6043743 -1.6371167 -1.3096933]
[-1.4406626 -1.6043743 -1.6371167 -1.3096933]
[-1.5061473 -1.6043743 -1.6698589 -1.276951 ]
[-1.5061473 -1.6043743 -1.7026013 -1.3096933]
[-1.4406626 -1.5716319 -1.6698589 -1.276951 ]
[-1.4079204 -1.5716319 -1.6371167 -1.2442087]
[-1.375178  -1.5388896 -1.6698589 -1.2442087]
[-1.375178  -1.5061473 -1.6698589 -1.2114663]
[-1.4079204 -1.5061473 -1.6043743 -1.2114663]
[-1.4079204 -1.5061473 -1.6043743 -1.2442087]
[-1.375178  -1.5388896 -1.6043743 -1.2442087]
[-1.3424356 -1.4406626 -1.5388896 -1.1459817]
[-1.276951  -1.3096933 -1.473405  -1.0150123]
[-1.2442087 -1.2114663 -1.473405  -0.9167853]
[-1.3096933 -1.375178  -1.6043743 -1.1787239]
[-1.96454   -1.4079204 -2.1282516 -1.375178 ]
[-1.768086  -2.0955093 -2.3247056 -1.96454  ]
[-1.3424356 -1.6371167 -1.768086  -1.2114663]
[-0.55661964 -0.7203313  -0.55661964 -0.29468098]
[0.19645399 0.03274233 0.55661964 0.45839265]
[0.5238773  0.32742333 1.0477546  0.78581595]
[0.5238773  0.36016566 1.080497   0.78581595]
[0.42565033 0.29468098 0.9495276  0.65484667]
[0.26193866 0.06548467 0.687589   0.42565033]
[-0.03274233 -0.09822699  0.32742333  0.22919632]
[-0.03274233 -0.39290798  0.03274233 -0.03274233]
[-0.13096933 -0.42565033 -0.13096933 -0.03274233]
[-0.03274233 -0.45839265 -0.16371167 -0.09822699]
[-0.06548467 -0.39290798 -0.19645399 -0.03274233]
[-0.42565033 -0.16371167 -0.29468098  0.13096933]
[-0.22919632 -0.45839265 -0.39290798 -0.22919632]
[-0.16371167 -0.687589   -0.55661964 -0.29468098]
[-0.62210435 -0.58936197 -0.687589   -0.09822699]
[-0.32742333 -0.65484667 -0.687589   -0.29468098]
[-0.13096933 -0.55661964 -0.5238773  -0.09822699]
[ 0.62210435 -0.7203313  -0.13096933 -0.29468098]
[ 0.09822699 -0.55661964 -0.19645399 -0.62210435]
[-0.42565033 -0.45839265 -0.42565033  0.19645399]
[-0.45839265 -0.32742333 -0.55661964  0.22919632]
[ 0.55661964 -0.98227    -0.36016566 -0.36016566]
[ 0.         -0.55661964 -0.32742333  0.32742333]
[-0.58936197 -0.687589   -0.5238773   0.        ]
[-0.687589  -1.1787239 -1.0150123 -0.7203313]
[-1.2442087 -1.7026013 -1.768086  -1.2442087]
[-1.9972823 -2.1937363 -2.5866442 -1.8008283]
[-2.4229326 -2.5866442 -3.2742333 -2.3574479]
[-2.6848712 -2.8158407 -3.6016567 -2.5866442]
[-2.750356  -2.8813252 -3.732626  -2.652129 ]
[-2.7830982 -2.8813252 -3.7653682 -2.652129 ]
[-2.7830982 -2.9140675 -3.7981105 -2.6848712]
[-2.8158407 -2.9795523 -3.8635952 -2.7176137]
[-2.848583  -3.0122945 -3.92908   -2.750356 ]
[-2.8813252 -3.0122945 -3.92908   -2.750356 ]
[-2.7830982 -3.0122945 -3.8963375 -2.750356 ]
[-2.7830982 -2.94681   -3.830853  -2.6193867]
[-2.7176137 -2.9140675 -3.7981105 -2.6193867]
[-2.750356  -2.94681   -3.7981105 -2.652129 ]
[-2.8158407 -2.9795523 -3.830853  -2.7176137]
[-2.848583  -3.045037  -3.7981105 -2.750356 ]
[-2.8158407 -3.0122945 -3.7653682 -2.750356 ]
[-2.8158407 -2.9795523 -3.6998837 -2.6848712]
[-2.8158407 -2.9795523 -3.6998837 -2.7176137]
[-2.8158407 -3.045037  -3.732626  -2.750356 ]
[-2.8813252 -3.045037  -3.7653682 -2.7176137]
[-2.848583  -3.0122945 -3.7653682 -2.7176137]
[-2.8158407 -3.045037  -3.7981105 -2.750356 ]
[-2.8158407 -3.0122945 -3.7981105 -2.7176137]
[-2.8158407 -2.9795523 -3.7653682 -2.7176137]
[-2.7830982 -2.9795523 -3.732626  -2.7176137]
[-2.750356  -2.9795523 -3.6998837 -2.6848712]
[-2.750356  -2.94681   -3.6671412 -2.652129 ]
[-2.7176137 -2.9140675 -3.634399  -2.6193867]
[-2.7176137 -2.8813252 -3.634399  -2.6193867]
[-2.6848712 -2.848583  -3.6016567 -2.5866442]
[-2.6193867 -2.848583  -3.5689142 -2.553902 ]
[-2.6193867 -2.8158407 -3.536172  -2.5211596]
[-2.5866442 -2.8158407 -3.536172  -2.5211596]
[-2.553902  -2.7830982 -3.5034297 -2.4884174]
[-2.5211596 -2.750356  -3.437945  -2.4229326]
[-2.4884174 -2.6848712 -3.3397179 -2.3901904]
[-2.455675  -2.6193867 -3.3069756 -2.3574479]
[-2.4229326 -2.6193867 -3.2414908 -2.3247056]
[-2.3247056 -2.5866442 -3.1760063 -2.3247056]
[-2.3247056 -2.5211596 -3.1105216 -2.2592208]
[-2.2592208 -2.4884174 -3.045037  -2.2592208]
[-2.2919633 -2.455675  -3.0122945 -2.1937363]
[-2.2919633 -2.4884174 -3.045037  -2.2264786]
[-2.3247056 -2.4884174 -3.0777793 -2.160994 ]
[-2.2592208 -2.4229326 -3.045037  -2.0955093]
[-2.0955093 -2.3247056 -2.94681   -1.9972823]
[-1.9317976 -2.1937363 -2.7830982 -1.8335706]
[-1.8335706 -2.1282516 -2.652129  -1.768086 ]
[-1.8335706 -2.0300245 -2.553902  -1.7026013]
[-1.8008283 -2.0300245 -2.5211596 -1.7026013]
[-1.866313  -1.9972823 -2.5211596 -1.6698589]
[-1.8335706 -2.062767  -2.5866442 -1.7353436]
[-1.8335706 -2.0300245 -2.5866442 -1.6371167]
[-1.8008283 -1.9317976 -2.5866442 -1.5061473]
[-1.7026013 -1.8990552 -2.5866442 -1.4406626]
[-1.6371167 -1.8990552 -2.652129  -1.5388896]
[-1.768086  -2.0955093 -2.8158407 -1.8990552]
[-2.2264786 -2.2592208 -3.1105216 -2.160994 ]
[-2.5211596 -2.652129  -3.3397179 -2.4229326]
[-2.5866442 -2.7176137 -3.4706872 -2.4884174]
[-2.5866442 -2.7176137 -3.6016567 -2.5866442]
[-2.652129  -2.8158407 -3.634399  -2.6193867]
[-2.6848712 -2.848583  -3.6671412 -2.652129 ]
[-2.652129  -2.8158407 -3.6671412 -2.652129 ]
[-2.5866442 -2.7830982 -3.5689142 -2.5866442]
[-2.553902  -2.7176137 -3.437945  -2.5211596]
[-2.553902  -2.6848712 -3.4052026 -2.5211596]
[-2.5866442 -2.7176137 -3.437945  -2.553902 ]
[-2.652129  -2.750356  -3.536172  -2.6193867]
[-2.7176137 -2.8158407 -3.634399  -2.6848712]
[-2.750356  -2.9140675 -3.7653682 -2.7176137]
[-2.750356  -2.9140675 -3.7981105 -2.750356 ]
[-2.7830982 -2.8813252 -3.7981105 -2.750356 ]
[-2.750356  -2.8813252 -3.7653682 -2.7176137]
[-2.7176137 -2.848583  -3.732626  -2.6848712]
[-2.652129  -2.8158407 -3.6998837 -2.652129 ]
[-2.5866442 -2.750356  -3.5034297 -2.5866442]
[-2.4229326 -2.6193867 -3.2414908 -2.4229326]
[-2.2264786 -2.455675  -2.9140675 -2.2264786]
[-2.1282516 -2.3574479 -2.7176137 -2.0955093]
[-2.1282516 -2.3574479 -2.6848712 -2.1282516]
[-2.1282516 -2.3574479 -2.6848712 -2.0955093]
[-2.0955093 -2.3247056 -2.6193867 -2.062767 ]
[-2.0300245 -2.2919633 -2.553902  -1.9972823]
[-2.0300245 -2.2592208 -2.4884174 -1.96454  ]
[-2.062767  -2.2919633 -2.5211596 -2.0300245]
[-2.1282516 -2.3247056 -2.5866442 -2.0300245]
[-2.0955093 -2.3247056 -2.5866442 -2.062767 ]
[-2.0300245 -2.2919633 -2.5211596 -2.0300245]
[-2.062767  -2.2919633 -2.4884174 -1.9972823]
[-2.062767  -2.2919633 -2.5211596 -1.9972823]
[-2.062767  -2.2592208 -2.553902  -1.9972823]
[-2.062767  -2.2919633 -2.553902  -1.9972823]
[-2.0300245 -2.2919633 -2.553902  -2.0300245]
[-2.0300245 -2.2919633 -2.5211596 -1.9972823]
[-1.96454   -2.2264786 -2.4229326 -1.9317976]
[-1.8990552 -2.160994  -2.3247056 -1.866313 ]
[-1.9317976 -2.1282516 -2.3247056 -1.8008283]
[-2.0300245 -2.1937363 -2.455675  -1.9317976]
[-2.3574479 -2.2264786 -2.750356  -1.9972823]
[-2.0955093 -2.3901904 -2.6193867 -2.062767 ]
[-1.4406626 -1.7026013 -1.8335706 -1.3424356]
[-0.62210435 -0.78581595 -0.45839265 -0.36016566]
[ 0.19645399 -0.06548467  0.81855834  0.36016566]
[0.55661964 0.26193866 1.4079204  0.687589  ]
[0.55661964 0.29468098 1.5061473  0.75307363]
[0.491135   0.22919632 1.375178   0.62210435]
[0.32742333 0.03274233 1.0150123  0.45839265]
[ 0.16371167 -0.19645399  0.62210435  0.22919632]
[ 0.06548467 -0.42565033  0.26193866  0.03274233]
[-0.09822699 -0.39290798  0.06548467  0.09822699]
[ 0.         -0.42565033 -0.06548467 -0.03274233]
[-0.06548467 -0.36016566 -0.13096933  0.        ]
[-0.39290798 -0.19645399 -0.22919632  0.13096933]
[-0.26193866 -0.42565033 -0.36016566 -0.16371167]
[-0.16371167 -0.687589   -0.55661964 -0.36016566]
[-0.65484667 -0.62210435 -0.75307363 -0.13096933]
[-0.32742333 -0.687589   -0.75307363 -0.36016566]
[-0.16371167 -0.55661964 -0.55661964 -0.09822699]
[ 0.62210435 -0.687589   -0.13096933 -0.29468098]
[ 0.09822699 -0.58936197 -0.09822699 -0.7203313 ]
[-0.45839265 -0.62210435 -0.39290798  0.16371167]
[-0.26193866 -0.36016566 -0.42565033  0.32742333]
[ 0.491135   -0.62210435 -0.29468098  0.06548467]
[-0.16371167  0.03274233 -0.16371167  0.491135  ]
[-0.58936197 -0.39290798 -0.39290798 -0.06548467]
[-0.81855834 -1.375178   -0.98227    -0.78581595]
[-1.1787239 -1.8990552 -1.7353436 -1.3096933]
[-1.96454   -2.1937363 -2.5211596 -1.7026013]
[-2.3247056 -2.4884174 -3.1432638 -2.2264786]
[-2.4884174 -2.6193867 -3.4052026 -2.4229326]
[-2.5211596 -2.652129  -3.4706872 -2.4884174]
[-2.553902  -2.7176137 -3.5034297 -2.4884174]
[-2.6193867 -2.750356  -3.5689142 -2.553902 ]
[-2.7176137 -2.848583  -3.6998837 -2.6193867]
[-2.7830982 -2.94681   -3.7981105 -2.7176137]
[-2.8813252 -2.9795523 -3.8963375 -2.750356 ]
[-2.8158407 -3.045037  -3.92908   -2.7830982]
[-2.848583  -3.045037  -3.9618223 -2.750356 ]
[-2.848583  -3.045037  -3.9618223 -2.7830982]
[-2.8813252 -3.0777793 -3.9945645 -2.7830982]
[-2.94681   -3.0777793 -3.9618223 -2.8158407]
[-2.8813252 -3.045037  -3.8963375 -2.8158407]
[-2.848583  -3.0122945 -3.7981105 -2.750356 ]
[-2.8158407 -2.94681   -3.6998837 -2.7176137]
[-2.8158407 -2.9795523 -3.732626  -2.7830982]
[-2.9140675 -3.045037  -3.830853  -2.8158407]
[-3.0122945 -3.1105216 -3.9618223 -2.8813252]
[-3.0122945 -3.1432638 -4.027307  -2.9140675]
[-2.9795523 -3.1760063 -4.027307  -2.9140675]
[-3.0122945 -3.1432638 -3.9945645 -2.848583 ]
[-2.94681   -3.1105216 -3.9945645 -2.9140675]
[-2.94681   -3.1105216 -3.9618223 -2.848583 ]
[-2.8813252 -3.045037  -3.92908   -2.8158407]
[-2.848583  -3.0122945 -3.8635952 -2.7830982]
[-2.848583  -3.0122945 -3.8635952 -2.750356 ]
[-2.8158407 -2.9795523 -3.830853  -2.750356 ]
[-2.7830982 -2.9795523 -3.830853  -2.7176137]
[-2.750356  -2.94681   -3.7981105 -2.6848712]
[-2.7176137 -2.9140675 -3.7653682 -2.652129 ]
[-2.7176137 -2.8813252 -3.732626  -2.6193867]
[-2.652129  -2.848583  -3.6998837 -2.6193867]
[-2.652129  -2.848583  -3.6671412 -2.5866442]
[-2.6193867 -2.7830982 -3.6016567 -2.553902 ]
[-2.553902  -2.7176137 -3.4706872 -2.455675 ]
[-2.4884174 -2.6193867 -3.3069756 -2.3574479]
[-2.5211596 -2.4229326 -3.1105216 -2.1937363]
[-2.3901904 -2.455675  -3.045037  -2.2264786]
[-2.2919633 -2.5866442 -3.0777793 -2.2592208]
[-2.3247056 -2.553902  -3.1432638 -2.2592208]
[-2.3901904 -2.5866442 -3.2414908 -2.3247056]
[-2.4884174 -2.6193867 -3.3069756 -2.3901904]
[-2.4884174 -2.6848712 -3.3724604 -2.3901904]
[-2.4229326 -2.652129  -3.3069756 -2.3574479]
[-2.3574479 -2.553902  -3.2087486 -2.2592208]
[-2.3247056 -2.455675  -3.0777793 -2.160994 ]
[-2.2592208 -2.3901904 -3.0122945 -2.1282516]
[-2.2264786 -2.3574479 -2.94681   -2.1282516]
[-2.2592208 -2.3574479 -2.94681   -2.0955093]
[-2.2919633 -2.4229326 -2.9795523 -2.1282516]
[-2.2919633 -2.4229326 -3.045037  -2.160994 ]
[-2.2592208 -2.4229326 -3.0122945 -2.1282516]
[-2.2592208 -2.3901904 -2.9795523 -2.0955093]
[-2.2592208 -2.3901904 -3.0122945 -2.1282516]
[-2.3247056 -2.455675  -3.1432638 -2.2592208]
[-2.455675  -2.5866442 -3.3069756 -2.4229326]
[-2.5211596 -2.7176137 -3.437945  -2.5211596]
[-2.6193867 -2.7176137 -3.5034297 -2.553902 ]
[-2.652129  -2.7830982 -3.5689142 -2.553902 ]
[-2.652129  -2.7830982 -3.6016567 -2.6193867]
[-2.652129  -2.7830982 -3.6016567 -2.652129 ]
[-2.6848712 -2.848583  -3.634399  -2.652129 ]
[-2.6193867 -2.8158407 -3.6016567 -2.652129 ]
[-2.652129 -2.750356 -3.536172 -2.553902]
[-2.5866442 -2.7176137 -3.5034297 -2.5866442]
[-2.5866442 -2.6848712 -3.4706872 -2.553902 ]
[-2.652129  -2.7176137 -3.536172  -2.553902 ]
[-2.652129  -2.8158407 -3.6671412 -2.6848712]
[-2.750356  -2.8813252 -3.732626  -2.7176137]
[-2.7830982 -2.8813252 -3.7981105 -2.7176137]
[-2.7176137 -2.8813252 -3.7981105 -2.750356 ]
[-2.7176137 -2.8813252 -3.7981105 -2.7176137]
[-2.6848712 -2.848583  -3.7653682 -2.7176137]
[-2.750356  -2.848583  -3.732626  -2.6848712]
[-2.750356  -2.8158407 -3.634399  -2.652129 ]
[-2.7830982 -2.6848712 -3.437945  -2.4884174]
[-2.3901904 -2.7176137 -3.3069756 -2.5211596]
[-2.3574479 -2.652129  -3.2087486 -2.3247056]
[-2.2592208 -2.4884174 -3.1105216 -2.2592208]
[-2.2919633 -2.4229326 -3.1105216 -2.2264786]
[-2.2264786 -2.455675  -3.0777793 -2.2592208]
[-2.2592208 -2.455675  -3.045037  -2.1937363]
[-2.2919633 -2.455675  -3.0122945 -2.2264786]
[-2.3574479 -2.5211596 -3.0777793 -2.3247056]
[-2.4229326 -2.5866442 -3.1760063 -2.3574479]
[-2.4229326 -2.6193867 -3.2087486 -2.3574479]
[-2.3574479 -2.553902  -3.1432638 -2.3247056]
[-2.3574479 -2.553902  -3.1432638 -2.3247056]
[-2.3901904 -2.5866442 -3.1760063 -2.3574479]
[-2.4229326 -2.6193867 -3.2087486 -2.3901904]
[-2.455675  -2.6193867 -3.2087486 -2.3901904]
[-2.4229326 -2.6193867 -3.2087486 -2.3574479]
[-2.3574479 -2.5866442 -3.1760063 -2.3247056]
[-2.3247056 -2.5211596 -3.1105216 -2.2919633]
[-2.2919633 -2.5211596 -3.0777793 -2.2592208]
[-2.3574479 -2.553902  -3.0777793 -2.2919633]
[-2.4884174 -2.6193867 -3.1760063 -2.3247056]
[-2.652129  -2.652129  -3.3069756 -2.3574479]
[-2.2919633 -2.5211596 -3.0122945 -2.2264786]
[-1.5388896 -1.866313  -2.062767  -1.5061473]
[-0.62210435 -0.9495276  -0.58936197 -0.5238773 ]
[ 0.16371167 -0.16371167  0.78581595  0.29468098]
[0.5238773  0.19645399 1.5388896  0.7203313 ]
[0.62210435 0.32742333 1.7353436  0.81855834]
[0.65484667 0.26193866 1.6371167  0.78581595]
[0.5238773  0.19645399 1.3096933  0.687589  ]
[0.42565033 0.03274233 0.9167853  0.491135  ]
[ 0.26193866 -0.16371167  0.55661964  0.29468098]
[ 0.03274233 -0.16371167  0.29468098  0.22919632]
[ 0.06548467 -0.29468098  0.13096933  0.03274233]
[-0.03274233 -0.36016566  0.          0.03274233]
[-0.36016566 -0.19645399 -0.16371167  0.09822699]
[-0.36016566 -0.42565033 -0.36016566 -0.16371167]
[-0.22919632 -0.78581595 -0.58936197 -0.42565033]
[-0.687589   -0.75307363 -0.85130066 -0.22919632]
[-0.36016566 -0.78581595 -0.85130066 -0.42565033]
[-0.22919632 -0.55661964 -0.58936197 -0.09822699]
[ 0.58936197 -0.687589   -0.16371167 -0.32742333]
[ 0.29468098 -0.75307363 -0.09822699 -1.0477546 ]
[-0.85130066 -0.78581595 -0.26193866  0.26193866]
[-0.26193866 -0.65484667 -0.29468098 -0.09822699]
[-0.22919632 -0.687589   -0.26193866  0.16371167]
[-0.58936197 -0.09822699 -0.22919632  0.26193866]
[-0.491135   -0.62210435 -0.491135   -0.5238773 ]
[-0.75307363 -1.5716319  -0.98227    -0.85130066]
[-1.080497  -2.0955093 -1.6698589 -1.276951 ]
[-1.8990552 -2.160994  -2.3901904 -1.5061473]
[-2.1282516 -2.3247056 -2.94681   -2.062767 ]
[-2.2264786 -2.3901904 -3.1432638 -2.160994 ]
[-2.2264786 -2.3574479 -3.1105216 -2.160994 ]
[-2.2592208 -2.3901904 -3.1432638 -2.1937363]
[-2.3901904 -2.4884174 -3.2742333 -2.2919633]
[-2.553902  -2.652129  -3.4706872 -2.455675 ]
[-2.6848712 -2.8158407 -3.6671412 -2.6193867]
[-2.7830982 -2.9140675 -3.7981105 -2.652129 ]
[-2.8158407 -3.0122945 -3.8635952 -2.750356 ]
[-2.848583 -3.045037 -3.92908  -2.750356]
[-2.848583  -3.0777793 -3.9945645 -2.8158407]
[-2.8813252 -3.0122945 -3.9618223 -2.7830982]
[-2.848583  -2.94681   -3.8635952 -2.7176137]
[-2.6848712 -2.9140675 -3.6998837 -2.6848712]
[-2.5866442 -2.750356  -3.4706872 -2.5211596]
[-2.5211596 -2.652129  -3.3397179 -2.4884174]
[-2.6193867 -2.7176137 -3.4052026 -2.5211596]
[-2.750356  -2.848583  -3.6016567 -2.6848712]
[-2.9140675 -3.045037  -3.8635952 -2.848583 ]
[-3.0122945 -3.1432638 -3.9945645 -2.9140675]
[-2.9795523 -3.1760063 -4.027307  -2.94681  ]
[-3.0122945 -3.1432638 -4.027307  -2.9140675]
[-2.9795523 -3.1760063 -4.027307  -2.94681  ]
[-2.94681   -3.1105216 -3.9945645 -2.8813252]
[-2.9140675 -3.0777793 -3.9618223 -2.848583 ]
[-2.8813252 -3.045037  -3.92908   -2.8158407]
[-2.8813252 -3.045037  -3.92908   -2.8158407]
[-2.848583  -3.0122945 -3.8963375 -2.7830982]
[-2.8158407 -2.9795523 -3.8635952 -2.750356 ]
[-2.7830982 -2.94681   -3.830853  -2.7176137]
[-2.750356  -2.9140675 -3.7981105 -2.652129 ]
[-2.7176137 -2.8813252 -3.7981105 -2.652129 ]
[-2.750356  -2.9140675 -3.7981105 -2.6848712]
[-2.7830982 -2.8813252 -3.7653682 -2.652129 ]
[-2.6848712 -2.8813252 -3.6998837 -2.652129 ]
[-2.553902  -2.750356  -3.5034297 -2.455675 ]
[-2.750356  -2.3574479 -3.1432638 -2.0955093]
[-2.7830982 -2.1937363 -2.9140675 -2.1282516]
[-2.5866442 -2.5866442 -2.9140675 -2.3901904]
[-2.1937363 -3.0777793 -3.045037  -2.4884174]
[-2.3901904 -2.9140675 -3.1760063 -2.2264786]
[-2.4229326 -2.5866442 -3.2087486 -2.2919633]
[-2.5211596 -2.652129  -3.4052026 -2.4884174]
[-2.5866442 -2.7830982 -3.5034297 -2.5866442]
[-2.6193867 -2.7830982 -3.5034297 -2.5211596]
[-2.6193867 -2.750356  -3.437945  -2.4884174]
[-2.5211596 -2.6848712 -3.3724604 -2.4884174]
[-2.4884174 -2.652129  -3.3069756 -2.4229326]
[-2.455675  -2.6193867 -3.2414908 -2.3901904]
[-2.4884174 -2.6193867 -3.2414908 -2.3901904]
[-2.5211596 -2.6848712 -3.2742333 -2.455675 ]
[-2.553902  -2.7176137 -3.3397179 -2.4884174]
[-2.553902  -2.7176137 -3.3069756 -2.4884174]
[-2.5211596 -2.6848712 -3.2742333 -2.455675 ]
[-2.5211596 -2.652129  -3.2742333 -2.4229326]
[-2.553902  -2.7176137 -3.3397179 -2.4884174]
[-2.5866442 -2.750356  -3.437945  -2.553902 ]
[-2.6193867 -2.750356  -3.5034297 -2.553902 ]
[-2.6193867 -2.750356  -3.536172  -2.5866442]
[-2.6193867 -2.750356  -3.536172  -2.5866442]
[-2.652129  -2.750356  -3.5689142 -2.5866442]
[-2.5866442 -2.7830982 -3.5689142 -2.6193867]
[-2.6193867 -2.7830982 -3.5689142 -2.6193867]
[-2.6193867 -2.7830982 -3.536172  -2.6193867]
[-2.6193867 -2.7176137 -3.5034297 -2.5866442]
[-2.553902  -2.7176137 -3.437945  -2.553902 ]
[-2.553902  -2.652129  -3.437945  -2.5211596]
[-2.6193867 -2.6848712 -3.5034297 -2.553902 ]
[-2.6848712 -2.7830982 -3.6016567 -2.652129 ]
[-2.7830982 -2.848583  -3.6998837 -2.7176137]
[-2.7830982 -2.9140675 -3.7981105 -2.7830982]
[-2.8158407 -2.94681   -3.830853  -2.750356 ]
[-2.7830982 -2.8813252 -3.830853  -2.7176137]
[-2.750356  -2.8813252 -3.830853  -2.7176137]
[-2.750356  -2.8813252 -3.7981105 -2.7176137]
[-2.7176137 -2.848583  -3.732626  -2.7176137]
[-2.9795523 -2.652129  -3.5689142 -2.553902 ]
[-2.455675 -2.848583 -3.437945 -2.750356]
[-2.5211596 -2.9140675 -3.4052026 -2.3574479]
[-2.2919633 -2.6193867 -3.3069756 -2.3247056]
[-2.160994  -2.455675  -3.2414908 -2.2592208]
[-2.1282516 -2.3247056 -3.1432638 -2.1937363]
[-2.2592208 -2.3247056 -3.1105216 -2.1937363]
[-2.3574479 -2.4229326 -3.2087486 -2.3574479]
[-2.5211596 -2.652129  -3.3397179 -2.455675 ]
[-2.553902  -2.7176137 -3.4706872 -2.5866442]
[-2.6193867 -2.750356  -3.536172  -2.5211596]
[-2.5866442 -2.7176137 -3.536172  -2.553902 ]
[-2.553902  -2.7176137 -3.5034297 -2.5211596]
[-2.5866442 -2.7176137 -3.536172  -2.553902 ]
[-2.6193867 -2.7176137 -3.536172  -2.553902 ]
[-2.6193867 -2.750356  -3.536172  -2.5866442]
[-2.5866442 -2.750356  -3.5689142 -2.5866442]
[-2.5866442 -2.7176137 -3.5689142 -2.553902 ]
[-2.553902  -2.6848712 -3.536172  -2.4884174]
[-2.553902  -2.7176137 -3.4706872 -2.5211596]
[-2.652129  -2.750356  -3.536172  -2.5866442]
[-2.750356  -2.848583  -3.634399  -2.6848712]
[-2.8813252 -2.8813252 -3.6998837 -2.6848712]
[-2.5866442 -2.750356  -3.4052026 -2.5211596]
[-1.8990552 -2.2264786 -2.553902  -1.8335706]
[-0.98227    -1.375178   -1.2114663  -0.85130066]
[-0.22919632 -0.5238773   0.16371167  0.        ]
[ 0.32742333 -0.03274233  1.080497    0.45839265]
[0.55661964 0.13096933 1.5061473  0.7203313 ]
[0.58936197 0.26193866 1.6043743  0.85130066]
[0.5238773  0.26193866 1.4406626  0.78581595]
[0.491135   0.09822699 1.1459817  0.58936197]
[ 0.36016566 -0.03274233  0.81855834  0.42565033]
[0.03274233 0.         0.55661964 0.36016566]
[ 0.06548467 -0.22919632  0.36016566  0.06548467]
[-0.09822699 -0.36016566  0.13096933  0.03274233]
[-0.39290798 -0.32742333 -0.13096933  0.03274233]
[-0.42565033 -0.5238773  -0.42565033 -0.22919632]
[-0.36016566 -0.9167853  -0.75307363 -0.55661964]
[-0.75307363 -0.884043   -1.0150123  -0.36016566]
[-0.491135   -0.9167853  -0.9495276  -0.45839265]
[-0.22919632 -0.55661964 -0.65484667 -0.16371167]
[ 0.55661964 -0.65484667 -0.16371167 -0.36016566]
[ 0.32742333 -0.75307363 -0.03274233 -1.0150123 ]
[-0.75307363 -0.687589   -0.26193866  0.19645399]
[-0.26193866 -0.98227    -0.26193866 -0.491135  ]
[-0.75307363 -0.884043   -0.19645399  0.03274233]
[-0.9495276  -0.491135   -0.36016566  0.03274233]
[-0.58936197 -1.080497   -0.58936197 -0.491135  ]
[-0.39290798 -1.5061473  -0.98227    -0.7203313 ]
[-0.85130066 -1.96454    -1.5716319  -1.080497  ]
[-1.7353436 -1.96454   -2.2592208 -1.3096933]
[-1.9317976 -2.160994  -2.7176137 -1.866313 ]
[-1.9972823 -2.160994  -2.848583  -1.8990552]
[-1.9317976 -2.062767  -2.7830982 -1.866313 ]
[-1.9972823 -2.1282516 -2.8158407 -1.9317976]
[-2.1937363 -2.2592208 -3.0122945 -2.0955093]
[-2.4229326 -2.4884174 -3.3069756 -2.2919633]
[-2.553902  -2.7176137 -3.536172  -2.4884174]
[-2.6848712 -2.848583  -3.6671412 -2.5866442]
[-2.750356  -2.94681   -3.7653682 -2.6848712]
[-2.8158407 -2.9795523 -3.8635952 -2.7176137]
[-2.8158407 -3.0122945 -3.8963375 -2.750356 ]
[-2.7830982 -2.9140675 -3.7981105 -2.652129 ]
[-2.553902  -2.7830982 -3.5689142 -2.553902 ]
[-2.2592208 -2.6193867 -3.2742333 -2.3901904]
[-2.0300245 -2.3247056 -2.94681   -2.0955093]
[-1.8990552 -2.160994  -2.750356  -1.9972823]
[-2.160994  -2.160994  -2.8158407 -2.0300245]
[-2.3901904 -2.4229326 -3.1432638 -2.3901904]
[-2.750356  -2.848583  -3.5689142 -2.6848712]
[-2.94681   -3.045037  -3.8635952 -2.8158407]
[-2.9795523 -3.1432638 -3.9945645 -2.9140675]
[-2.9795523 -3.1105216 -3.9945645 -2.8813252]
[-2.9140675 -3.1105216 -3.9618223 -2.8813252]
[-2.94681   -3.0777793 -3.9618223 -2.848583 ]
[-2.9140675 -3.0777793 -3.9945645 -2.848583 ]
[-2.9140675 -3.0777793 -3.9618223 -2.848583 ]
[-2.9140675 -3.0777793 -3.9618223 -2.848583 ]
[-2.8813252 -3.045037  -3.92908   -2.8158407]
[-2.8158407 -3.0122945 -3.8963375 -2.750356 ]
[-2.750356  -2.9140675 -3.830853  -2.6848712]
[-2.7176137 -2.8813252 -3.7653682 -2.652129 ]
[-2.750356  -2.8813252 -3.7981105 -2.652129 ]
[-2.7830982 -2.94681   -3.830853  -2.7176137]
[-2.750356 -2.94681  -3.830853 -2.750356]
[-2.6848712 -2.9140675 -3.732626  -2.6193867]
[-2.553902  -2.652129  -3.437945  -2.3574479]
[-2.94681   -2.0955093 -3.045037  -1.9317976]
[-2.160994  -2.3574479 -2.9140675 -2.4229326]
[-2.2264786 -2.848583  -2.8158407 -2.2592208]
[-1.768086  -2.94681   -2.7176137 -2.2919633]
[-2.3901904 -2.94681   -2.9795523 -1.8990552]
[-2.4229326 -2.6193867 -3.2087486 -2.2592208]
[-2.5211596 -2.6848712 -3.4052026 -2.4884174]
[-2.6193867 -2.7830982 -3.5034297 -2.5866442]
[-2.652129  -2.7830982 -3.536172  -2.5866442]
[-2.652129  -2.7830982 -3.536172  -2.5866442]
[-2.5866442 -2.7830982 -3.4706872 -2.553902 ]
[-2.553902  -2.7176137 -3.4052026 -2.4884174]
[-2.5211596 -2.6848712 -3.3724604 -2.455675 ]
[-2.553902  -2.6848712 -3.3724604 -2.4884174]
[-2.5866442 -2.7176137 -3.4052026 -2.5211596]
[-2.6193867 -2.7830982 -3.4706872 -2.553902 ]
[-2.5866442 -2.7830982 -3.437945  -2.553902 ]
[-2.553902  -2.750356  -3.4052026 -2.5211596]
[-2.553902  -2.7176137 -3.3724604 -2.4884174]
[-2.553902  -2.7176137 -3.4052026 -2.5211596]
[-2.5866442 -2.750356  -3.4706872 -2.553902 ]
[-2.6193867 -2.750356  -3.5034297 -2.553902 ]
[-2.6193867 -2.750356  -3.536172  -2.5866442]
[-2.5866442 -2.7830982 -3.536172  -2.5866442]
[-2.6193867 -2.750356  -3.536172  -2.553902 ]
[-2.553902  -2.750356  -3.536172  -2.5866442]
[-2.553902  -2.7176137 -3.4706872 -2.5211596]
[-2.4884174 -2.652129  -3.4052026 -2.4884174]
[-2.455675  -2.553902  -3.3069756 -2.455675 ]
[-2.4229326 -2.553902  -3.2414908 -2.4229326]
[-2.455675  -2.5211596 -3.2087486 -2.3901904]
[-2.4884174 -2.553902  -3.2742333 -2.455675 ]
[-2.5866442 -2.6848712 -3.4052026 -2.553902 ]
[-2.7176137 -2.8158407 -3.6016567 -2.6848712]
[-2.7830982 -2.94681   -3.7653682 -2.7830982]
[-2.848583  -2.9795523 -3.8635952 -2.7830982]
[-2.7830982 -2.94681   -3.8963375 -2.8158407]
[-2.8158407 -2.94681   -3.8635952 -2.750356 ]
[-2.7830982 -2.8813252 -3.830853  -2.7176137]
[-2.7176137 -2.848583  -3.732626  -2.6193867]
[-2.8813252 -2.5866442 -3.6671412 -2.4229326]
[-2.2264786 -2.8158407 -3.4706872 -2.8158407]
[-2.3901904 -2.7830982 -3.3724604 -2.3574479]
[-2.4229326 -2.6848712 -3.3069756 -2.2592208]
[-2.2592208 -2.3574479 -3.1760063 -2.1282516]
[-2.1937363 -2.1937363 -3.045037  -2.0300245]
[-2.160994 -2.160994 -3.045037 -2.160994]
[-2.3247056 -2.455675  -3.2414908 -2.3901904]
[-2.5211596 -2.6193867 -3.437945  -2.4884174]
[-2.6193867 -2.750356  -3.5689142 -2.5866442]
[-2.652129  -2.750356  -3.634399  -2.6193867]
[-2.6848712 -2.8158407 -3.6998837 -2.652129 ]
[-2.652129  -2.7830982 -3.6671412 -2.652129 ]
[-2.652129  -2.7830982 -3.6671412 -2.6193867]
[-2.652129  -2.750356  -3.634399  -2.6193867]
[-2.652129  -2.7830982 -3.6671412 -2.6193867]
[-2.6193867 -2.7830982 -3.6671412 -2.6193867]
[-2.6193867 -2.750356  -3.6671412 -2.6193867]
[-2.6193867 -2.7176137 -3.634399  -2.5866442]
[-2.6193867 -2.750356  -3.6016567 -2.5866442]
[-2.6848712 -2.7830982 -3.634399  -2.6848712]
[-2.7830982 -2.8813252 -3.732626  -2.7830982]
[-3.0122945 -2.94681   -3.8635952 -2.8158407]
[-2.848583  -2.9795523 -3.732626  -2.7830982]
[-2.3901904 -2.7176137 -3.2087486 -2.3247056]
[-1.768086  -2.0955093 -2.2264786 -1.5716319]
[-0.9167853  -1.375178   -1.0477546  -0.78581595]
[-0.26193866 -0.687589    0.         -0.13096933]
[ 0.16371167 -0.19645399  0.75307363  0.32742333]
[ 0.32742333 -0.03274233  1.0150123   0.5238773 ]
[ 0.39290798 -0.03274233  1.0150123   0.491135  ]
[ 0.32742333 -0.09822699  0.98227     0.42565033]
[ 0.26193866 -0.13096933  0.85130066  0.36016566]
[ 0.         -0.13096933  0.62210435  0.29468098]
[ 0.         -0.32742333  0.39290798 -0.03274233]
[-0.19645399 -0.5238773   0.09822699 -0.13096933]
[-0.5238773  -0.65484667 -0.32742333 -0.19645399]
[-0.58936197 -0.85130066 -0.75307363 -0.42565033]
[-0.62210435 -1.1132393  -1.080497   -0.7203313 ]
[-0.9495276  -1.0477546  -1.276951   -0.62210435]
[-0.75307363 -1.0477546  -1.1132393  -0.62210435]
[-0.45839265 -0.7203313  -0.7203313  -0.22919632]
[ 0.45839265 -0.75307363 -0.16371167 -0.39290798]
[ 0.         -0.687589   -0.03274233 -0.9495276 ]
[-0.81855834 -0.7203313  -0.32742333  0.13096933]
[-0.55661964 -1.276951   -0.29468098 -0.45839265]
[-0.85130066 -0.9167853  -0.29468098 -0.16371167]
[-0.9495276  -1.0477546  -0.491135   -0.22919632]
[-0.687589   -1.276951   -0.65484667 -0.32742333]
[-0.29468098 -1.5388896  -0.9495276  -0.65484667]
[-0.7203313 -1.8335706 -1.5061473 -0.9167853]
[-1.5716319 -1.8008283 -2.1282516 -1.2114663]
[-1.768086  -1.9972823 -2.5211596 -1.7026013]
[-1.768086  -1.9317976 -2.553902  -1.7026013]
[-1.7026013 -1.8335706 -2.455675  -1.6371167]
[-1.8008283 -1.8990552 -2.5211596 -1.7026013]
[-2.062767  -2.0955093 -2.7830982 -1.8990552]
[-2.3247056 -2.3574479 -3.1432638 -2.1937363]
[-2.4884174 -2.652129  -3.437945  -2.4229326]
[-2.5866442 -2.7830982 -3.6016567 -2.5211596]
[-2.6848712 -2.8813252 -3.6998837 -2.5866442]
[-2.7176137 -2.9140675 -3.7653682 -2.652129 ]
[-2.7176137 -2.9140675 -3.732626  -2.6193867]
[-2.553902  -2.750356  -3.536172  -2.4884174]
[-2.1282516 -2.553902  -3.1760063 -2.2592208]
[-1.6698589 -2.2264786 -2.6848712 -1.8990552]
[-1.375178  -1.7353436 -2.2264786 -1.473405 ]
[-1.276951  -1.473405  -1.9972823 -1.3096933]
[-1.5716319 -1.4406626 -2.1282516 -1.4079204]
[-1.8990552 -1.8335706 -2.553902  -1.9317976]
[-2.4229326 -2.455675  -3.1432638 -2.3574479]
[-2.7830982 -2.9140675 -3.634399  -2.7176137]
[-2.9140675 -3.1105216 -3.8963375 -2.848583 ]
[-2.9140675 -3.0777793 -3.92908   -2.848583 ]
[-2.8813252 -3.045037  -3.8963375 -2.8158407]
[-2.8813252 -3.045037  -3.92908   -2.8158407]
[-2.9140675 -3.0777793 -3.9618223 -2.848583 ]
[-2.9140675 -3.0777793 -3.9945645 -2.848583 ]
[-2.9140675 -3.0777793 -3.9945645 -2.848583 ]
[-2.8813252 -3.045037  -3.9618223 -2.8158407]
[-2.8158407 -2.9795523 -3.8635952 -2.750356 ]
[-2.750356  -2.9140675 -3.7981105 -2.6848712]
[-2.6848712 -2.8813252 -3.7653682 -2.652129 ]
[-2.6848712 -2.848583  -3.732626  -2.6193867]
[-2.7176137 -2.8813252 -3.7653682 -2.6848712]
[-2.7176137 -2.9140675 -3.7653682 -2.652129 ]
[-2.652129  -2.7830982 -3.6016567 -2.5211596]
[-2.553902  -2.455675  -3.3069756 -2.2592208]
[-2.848583 -1.96454  -3.045037 -1.768086]
[-1.1459817 -2.455675  -2.8158407 -2.1937363]
[-1.6043743 -2.1937363 -2.5211596 -1.0477546]
[-1.1132393 -1.866313  -2.2919633 -1.6371167]
[-1.768086  -2.3574479 -2.6848712 -1.768086 ]
[-2.4229326 -2.750356  -3.1432638 -2.1282516]
[-2.4884174 -2.652129  -3.3069756 -2.4229326]
[-2.6193867 -2.750356  -3.4706872 -2.553902 ]
[-2.6193867 -2.7830982 -3.536172  -2.5866442]
[-2.6193867 -2.7830982 -3.5034297 -2.553902 ]
[-2.5866442 -2.750356  -3.437945  -2.5211596]
[-2.553902  -2.7176137 -3.4052026 -2.4884174]
[-2.553902  -2.7176137 -3.4052026 -2.4884174]
[-2.5866442 -2.7176137 -3.4052026 -2.4884174]
[-2.6193867 -2.750356  -3.4706872 -2.553902 ]
[-2.6193867 -2.7830982 -3.5034297 -2.553902 ]
[-2.6193867 -2.7830982 -3.4706872 -2.553902 ]
[-2.553902  -2.7176137 -3.437945  -2.5211596]
[-2.5211596 -2.6848712 -3.4052026 -2.4884174]
[-2.553902  -2.7176137 -3.4052026 -2.5211596]
[-2.553902  -2.7176137 -3.4706872 -2.553902 ]
[-2.6193867 -2.750356  -3.5034297 -2.553902 ]
[-2.5866442 -2.750356  -3.536172  -2.553902 ]
[-2.5866442 -2.750356  -3.536172  -2.553902 ]
[-2.6193867 -2.7176137 -3.536172  -2.5211596]
[-2.5211596 -2.7176137 -3.4706872 -2.553902 ]
[-2.3901904 -2.6193867 -3.3069756 -2.4229326]
[-2.2592208 -2.4229326 -3.0777793 -2.2592208]
[-2.1282516 -2.2592208 -2.8813252 -2.160994 ]
[-2.062767  -2.1937363 -2.7830982 -2.1282516]
[-2.0955093 -2.1937363 -2.7830982 -2.0955093]
[-2.160994  -2.1937363 -2.848583  -2.1282516]
[-2.2919633 -2.3574479 -3.0122945 -2.2919633]
[-2.5211596 -2.5866442 -3.3069756 -2.4884174]
[-2.7176137 -2.8158407 -3.6016567 -2.6848712]
[-2.8158407 -2.8813252 -3.7981105 -2.750356 ]
[-2.7830982 -2.94681   -3.8635952 -2.7830982]
[-2.750356  -2.8813252 -3.8635952 -2.7176137]
[-2.652129  -2.848583  -3.830853  -2.7176137]
[-2.6848712 -2.7176137 -3.6998837 -2.553902 ]
[-2.652129  -2.4884174 -3.634399  -2.2592208]
[-1.9972823 -2.7176137 -3.437945  -2.4884174]
[-1.9972823 -2.3901904 -3.2414908 -2.1937363]
[-2.2919633 -2.4229326 -3.1760063 -2.160994 ]
[-2.2919633 -2.3901904 -3.1105216 -2.2264786]
[-2.2592208 -2.3247056 -3.0122945 -2.1282516]
[-2.2919633 -2.3901904 -3.045037  -2.2264786]
[-2.455675  -2.553902  -3.2742333 -2.3574479]
[-2.5866442 -2.6848712 -3.5034297 -2.5211596]
[-2.5866442 -2.7830982 -3.634399  -2.6193867]
[-2.652129  -2.7830982 -3.6671412 -2.652129 ]
[-2.7176137 -2.8158407 -3.6998837 -2.652129 ]
[-2.7176137 -2.8158407 -3.732626  -2.6848712]
[-2.7176137 -2.848583  -3.6998837 -2.6848712]
[-2.6848712 -2.8158407 -3.6998837 -2.652129 ]
[-2.6848712 -2.8158407 -3.6671412 -2.652129 ]
[-2.652129  -2.8158407 -3.6998837 -2.652129 ]
[-2.6193867 -2.7830982 -3.6998837 -2.5866442]
[-2.5866442 -2.7176137 -3.6671412 -2.553902 ]
[-2.553902  -2.6848712 -3.6016567 -2.553902 ]
[-2.6193867 -2.7176137 -3.5689142 -2.5866442]
[-2.7176137 -2.8158407 -3.6671412 -2.7176137]
[-3.0122945 -2.94681   -3.8963375 -2.8158407]
[-3.0122945 -3.1105216 -3.9945645 -2.9795523]
[-2.9140675 -3.1432638 -3.8635952 -2.8813252]
[-2.5866442 -2.848583  -3.3397179 -2.4229326]
[-2.0300245 -2.2264786 -2.4229326 -1.7026013]
[-1.276951  -1.6371167 -1.473405  -1.0150123]
[-0.45839265 -1.0477546  -0.687589   -0.55661964]
[-0.19645399 -0.62210435 -0.16371167 -0.09822699]
[-0.03274233 -0.45839265  0.13096933  0.06548467]
[ 0.03274233 -0.39290798  0.26193866  0.13096933]
[ 0.03274233 -0.45839265  0.29468098  0.03274233]
[-0.22919632 -0.42565033  0.19645399  0.09822699]
[-0.22919632 -0.65484667 -0.03274233 -0.22919632]
[-0.36016566 -0.81855834 -0.39290798 -0.42565033]
[-0.81855834 -1.0150123  -0.85130066 -0.5238773 ]
[-1.0150123  -1.2442087  -1.3096933  -0.78581595]
[-1.1132393 -1.4406626 -1.6698589 -1.0150123]
[-1.2442087 -1.3424356 -1.7353436 -1.0150123]
[-0.9495276 -1.276951  -1.4079204 -0.9167853]
[-0.55661964 -0.9167853  -0.85130066 -0.45839265]
[ 0.39290798 -0.884043   -0.19645399 -0.45839265]
[ 0.03274233 -0.687589   -0.16371167 -0.9495276 ]
[-0.491135   -0.9167853  -0.39290798 -0.06548467]
[-0.45839265 -1.2442087  -0.36016566 -0.29468098]
[-0.55661964 -1.0477546  -0.39290798 -0.16371167]
[-0.62210435 -1.1459817  -0.42565033 -0.09822699]
[-0.62210435 -1.1787239  -0.58936197 -0.09822699]
[-0.22919632 -1.5388896  -0.9167853  -0.58936197]
[-0.7203313  -1.768086   -1.473405   -0.85130066]
[-1.5061473 -1.7353436 -2.0300245 -1.1459817]
[-1.6371167 -1.866313  -2.3574479 -1.5716319]
[-1.6043743 -1.768086  -2.3247056 -1.5061473]
[-1.5061473 -1.6698589 -2.1937363 -1.4406626]
[-1.6371167 -1.7353436 -2.2919633 -1.5388896]
[-1.9317976 -1.9972823 -2.6193867 -1.8008283]
[-2.2264786 -2.3247056 -3.045037  -2.1282516]
[-2.455675  -2.6193867 -3.3724604 -2.3574479]
[-2.553902  -2.750356  -3.536172  -2.4884174]
[-2.652129  -2.848583  -3.6016567 -2.553902 ]
[-2.652129  -2.848583  -3.6671412 -2.5866442]
[-2.5866442 -2.7830982 -3.536172  -2.4884174]
[-2.2919633 -2.553902  -3.2414908 -2.2919633]
[-1.7353436 -2.2592208 -2.7176137 -1.9317976]
[-1.276951  -1.768086  -2.0955093 -1.4079204]
[-1.0477546 -1.1787239 -1.5388896 -0.9495276]
[-0.98227    -0.9495276  -1.3424356  -0.85130066]
[-1.1787239 -1.0150123 -1.5388896 -1.0150123]
[-1.6043743 -1.4406626 -1.9972823 -1.473405 ]
[-2.062767  -1.9972823 -2.6848712 -2.0955093]
[-2.553902  -2.7176137 -3.3724604 -2.5866442]
[-2.8813252 -3.0122945 -3.7653682 -2.7830982]
[-2.8813252 -3.045037  -3.8963375 -2.8158407]
[-2.8813252 -3.045037  -3.8963375 -2.7830982]
[-2.8813252 -3.045037  -3.92908   -2.8158407]
[-2.9140675 -3.0777793 -3.9945645 -2.848583 ]
[-2.9140675 -3.0777793 -3.9945645 -2.848583 ]
[-2.9140675 -3.0777793 -3.9945645 -2.848583 ]
[-2.8813252 -3.045037  -3.92908   -2.8158407]
[-2.8158407 -2.9795523 -3.8635952 -2.750356 ]
[-2.7176137 -2.9140675 -3.7981105 -2.652129 ]
[-2.6848712 -2.848583  -3.732626  -2.5866442]
[-2.652129  -2.8158407 -3.6998837 -2.553902 ]
[-2.652129  -2.8158407 -3.6998837 -2.5866442]
[-2.652129  -2.7830982 -3.634399  -2.553902 ]
[-2.5211596 -2.6848712 -3.5034297 -2.455675 ]
[-2.750356  -2.2919633 -3.1432638 -2.062767 ]
[-2.5866442 -1.8990552 -2.94681   -1.6371167]
[-1.1459817 -2.4884174 -2.4884174 -1.8008283]
[-1.8008283  -1.375178   -2.1937363  -0.26193866]
[-1.4079204 -1.6043743 -2.2264786 -1.375178 ]
[-1.1787239 -2.2592208 -2.6193867 -2.062767 ]
[-2.3901904 -2.7830982 -3.045037  -1.866313 ]
[-2.455675  -2.5866442 -3.2742333 -2.3574479]
[-2.553902  -2.7176137 -3.437945  -2.5211596]
[-2.6193867 -2.7830982 -3.5034297 -2.553902 ]
[-2.5866442 -2.750356  -3.4706872 -2.5211596]
[-2.553902  -2.7176137 -3.437945  -2.5211596]
[-2.553902  -2.7176137 -3.437945  -2.5211596]
[-2.5866442 -2.750356  -3.437945  -2.5211596]
[-2.5866442 -2.750356  -3.4706872 -2.5211596]
[-2.6193867 -2.7830982 -3.4706872 -2.553902 ]
[-2.6193867 -2.7830982 -3.5034297 -2.5866442]
[-2.5866442 -2.7830982 -3.4706872 -2.553902 ]
[-2.553902  -2.750356  -3.437945  -2.5211596]
[-2.5211596 -2.6848712 -3.4052026 -2.4884174]
[-2.553902  -2.6848712 -3.4052026 -2.4884174]
[-2.553902  -2.7176137 -3.437945  -2.5211596]
[-2.5866442 -2.7176137 -3.5034297 -2.5211596]
[-2.553902 -2.750356 -3.536172 -2.553902]
[-2.5866442 -2.7176137 -3.536172  -2.5211596]
[-2.5866442 -2.6848712 -3.4706872 -2.5211596]
[-2.4229326 -2.6193867 -3.3397179 -2.455675 ]
[-2.1282516 -2.4229326 -3.0122945 -2.2264786]
[-1.768086  -2.0955093 -2.5866442 -1.8990552]
[-1.6043743 -1.768086  -2.2592208 -1.6371167]
[-1.4406626 -1.6698589 -2.0955093 -1.6043743]
[-1.4406626 -1.6043743 -2.0955093 -1.5716319]
[-1.5716319 -1.6043743 -2.160994  -1.5716319]
[-1.8008283 -1.8008283 -2.3901904 -1.8008283]
[-2.1282516 -2.160994  -2.8158407 -2.1282516]
[-2.4884174 -2.553902  -3.2414908 -2.455675 ]
[-2.652129  -2.750356  -3.6016567 -2.652129 ]
[-2.7176137 -2.848583  -3.732626  -2.6848712]
[-2.7176137 -2.8158407 -3.7981105 -2.652129 ]
[-2.652129  -2.7830982 -3.7653682 -2.5866442]
[-2.8813252 -2.553902  -3.6671412 -2.4229326]
[-2.8813252 -2.3901904 -3.5034297 -2.2592208]
[-2.2592208 -2.7176137 -3.4052026 -2.3574479]
[-2.1282516 -2.5211596 -3.2742333 -2.1282516]
[-2.2264786 -2.2264786 -3.1432638 -2.1282516]
[-2.2919633 -2.3574479 -3.0777793 -2.2264786]
[-2.2592208 -2.4229326 -3.045037  -2.1937363]
[-2.3247056 -2.5866442 -3.1432638 -2.2919633]
[-2.4884174 -2.6848712 -3.3724604 -2.455675 ]
[-2.6193867 -2.8158407 -3.6016567 -2.6193867]
[-2.652129  -2.7830982 -3.634399  -2.6193867]
[-2.6848712 -2.7830982 -3.634399  -2.6193867]
[-2.7176137 -2.7830982 -3.6998837 -2.6848712]
[-2.7830982 -2.8813252 -3.732626  -2.750356 ]
[-2.7830982 -2.9140675 -3.7653682 -2.750356 ]
[-2.7830982 -2.9140675 -3.732626  -2.750356 ]
[-2.750356  -2.8813252 -3.732626  -2.7176137]
[-2.6848712 -2.848583  -3.6998837 -2.6848712]
[-2.652129  -2.7830982 -3.6998837 -2.6193867]
[-2.5866442 -2.750356  -3.6671412 -2.553902 ]
[-2.553902  -2.652129  -3.5689142 -2.5211596]
[-2.5866442 -2.6848712 -3.5689142 -2.553902 ]
[-2.7176137 -2.8158407 -3.6671412 -2.6848712]
[-3.045037  -2.94681   -3.9618223 -2.8158407]
[-3.1105216 -3.2087486 -4.1910186 -3.1105216]
[-3.1760063 -3.4052026 -4.321988  -3.1760063]
[-3.1105216 -3.3069756 -4.158276  -3.0122945]
[-2.750356  -3.045037  -3.6016567 -2.6848712]
[-2.2592208 -2.553902  -2.848583  -2.062767 ]
[-1.8008283 -2.062767  -2.0955093 -1.4406626]
[-1.375178  -1.5388896 -1.6043743 -0.98227  ]
[-0.9167853  -1.276951   -1.276951   -0.81855834]
[-0.7203313  -1.080497   -1.0150123  -0.58936197]
[-0.65484667 -0.98227    -0.78581595 -0.55661964]
[-0.85130066 -0.9167853  -0.78581595 -0.45839265]
[-0.85130066 -1.1459817  -0.9495276  -0.7203313 ]
[-1.0477546 -1.375178  -1.2442087 -0.884043 ]
[-1.375178  -1.473405  -1.6698589 -1.1132393]
[-1.6371167 -1.768086  -2.1282516 -1.4079204]
[-1.768086  -1.9317976 -2.3901904 -1.5388896]
[-1.6698589 -1.768086  -2.2919633 -1.4079204]
[-1.080497  -1.5061473 -1.768086  -1.1132393]
[-0.55661964 -0.98227    -1.0150123  -0.491135  ]
[ 0.491135   -0.884043   -0.22919632 -0.45839265]
[ 0.         -0.5238773  -0.16371167 -0.687589  ]
[-0.26193866 -0.75307363 -0.32742333  0.19645399]
[-0.26193866 -0.75307363 -0.29468098  0.19645399]
[-0.22919632 -0.78581595 -0.29468098  0.19645399]
[-0.29468098 -0.81855834 -0.36016566  0.16371167]
[-0.42565033 -0.9167853  -0.55661964  0.03274233]
[-0.13096933 -1.473405   -0.9167853  -0.58936197]
[-0.7203313  -1.7026013  -1.4406626  -0.78581595]
[-1.4406626 -1.7026013 -1.96454   -1.1132393]
[-1.5388896 -1.8008283 -2.2264786 -1.473405 ]
[-1.473405  -1.6698589 -2.1937363 -1.4079204]
[-1.4079204 -1.5716319 -2.062767  -1.3096933]
[-1.5388896 -1.6698589 -2.160994  -1.4406626]
[-1.8990552 -1.9317976 -2.5211596 -1.7026013]
[-2.2264786 -2.2919633 -2.9795523 -2.062767 ]
[-2.4229326 -2.6193867 -3.3397179 -2.3574479]
[-2.5211596 -2.750356  -3.5034297 -2.455675 ]
[-2.6193867 -2.7830982 -3.5689142 -2.5211596]
[-2.5866442 -2.8158407 -3.5689142 -2.5211596]
[-2.455675  -2.652129  -3.3724604 -2.3574479]
[-1.9972823 -2.3901904 -2.94681   -2.062767 ]
[-1.4079204 -1.9972823 -2.2919633 -1.6043743]
[-1.0477546 -1.4079204 -1.6043743 -1.080497 ]
[-0.9167853  -0.9167853  -1.0477546  -0.75307363]
[-0.85130066 -0.81855834 -0.884043   -0.78581595]
[-0.98227  -0.98227  -1.080497 -0.884043]
[-1.473405  -1.2442087 -1.5716319 -1.1132393]
[-1.8008283 -1.768086  -2.2919633 -1.8335706]
[-2.3574479 -2.455675  -3.0777793 -2.3574479]
[-2.7830982 -2.8813252 -3.634399  -2.6848712]
[-2.8813252 -3.045037  -3.8635952 -2.8158407]
[-2.8813252 -3.0777793 -3.92908   -2.8158407]
[-2.9140675 -3.0777793 -3.9618223 -2.848583 ]
[-2.9140675 -3.0777793 -3.9945645 -2.848583 ]
[-2.9140675 -3.0777793 -3.9945645 -2.848583 ]
[-2.9140675 -3.0777793 -3.9618223 -2.848583 ]
[-2.8813252 -3.045037  -3.92908   -2.8158407]
[-2.7830982 -2.9795523 -3.8635952 -2.750356 ]
[-2.7176137 -2.9140675 -3.7653682 -2.652129 ]
[-2.652129  -2.8158407 -3.6998837 -2.5866442]
[-2.5866442 -2.750356  -3.634399  -2.5211596]
[-2.5866442 -2.750356  -3.6016567 -2.5211596]
[-2.5211596 -2.6848712 -3.536172  -2.455675 ]
[-2.4229326 -2.553902  -3.3724604 -2.2919633]
[-2.9795523 -2.0300245 -3.0122945 -1.768086 ]
[-2.2919633 -1.96454   -2.750356  -1.866313 ]
[-1.6371167 -2.652129  -2.3247056 -1.8008283]
[-2.062767  -1.7353436 -2.2264786 -1.0150123]
[-2.062767  -2.2592208 -2.3901904 -1.5388896]
[-1.1787239 -2.9140675 -2.6193867 -2.3247056]
[-2.3247056 -2.6848712 -2.94681   -1.7026013]
[-2.4884174 -2.652129  -3.2742333 -2.3247056]
[-2.553902  -2.7176137 -3.437945  -2.5211596]
[-2.6193867 -2.750356  -3.4706872 -2.5211596]
[-2.553902  -2.750356  -3.4706872 -2.5211596]
[-2.553902  -2.7176137 -3.437945  -2.4884174]
[-2.553902  -2.7176137 -3.437945  -2.4884174]
[-2.553902  -2.7176137 -3.4706872 -2.5211596]
[-2.5866442 -2.750356  -3.4706872 -2.5211596]
[-2.5866442 -2.750356  -3.5034297 -2.553902 ]
[-2.5866442 -2.750356  -3.5034297 -2.553902 ]
[-2.553902  -2.750356  -3.4706872 -2.5211596]
[-2.5211596 -2.7176137 -3.437945  -2.4884174]
[-2.5211596 -2.6848712 -3.4052026 -2.455675 ]
[-2.5211596 -2.652129  -3.4052026 -2.455675 ]
[-2.5211596 -2.6848712 -3.437945  -2.4884174]
[-2.5866442 -2.7176137 -3.5034297 -2.4884174]
[-2.5866442 -2.750356  -3.536172  -2.553902 ]
[-2.553902  -2.7176137 -3.5034297 -2.5211596]
[-2.4884174 -2.652129  -3.4052026 -2.455675 ]
[-2.1937363 -2.4884174 -3.1105216 -2.2919633]
[-1.7026013 -2.160994  -2.6193867 -1.9317976]
[-1.2442087 -1.6371167 -1.9972823 -1.375178 ]
[-0.98227   -1.1459817 -1.5061473 -1.0150123]
[-0.81855834 -0.98227    -1.3096933  -0.9495276 ]
[-0.81855834 -0.9167853  -1.276951   -0.9167853 ]
[-0.9495276 -0.9167853 -1.375178  -0.9167853]
[-1.2114663 -1.1132393 -1.6698589 -1.2114663]
[-1.6371167 -1.5716319 -2.1282516 -1.6371167]
[-2.1282516 -2.0955093 -2.7830982 -2.0955093]
[-2.4884174 -2.5866442 -3.3069756 -2.455675 ]
[-2.6193867 -2.750356  -3.6016567 -2.6193867]
[-2.6193867 -2.7830982 -3.6998837 -2.652129 ]
[-2.6193867 -2.750356  -3.6998837 -2.5866442]
[-2.9140675 -2.553902  -3.6998837 -2.4229326]
[-2.652129  -2.6193867 -3.6016567 -2.652129 ]
[-2.062767  -2.94681   -3.3397179 -2.6193867]
[-2.2919633 -2.750356  -3.0777793 -1.9972823]
[-2.1937363 -2.3574479 -2.9795523 -2.062767 ]
[-2.1282516 -2.3247056 -2.9795523 -2.160994 ]
[-2.062767  -2.3901904 -2.9795523 -2.2264786]
[-2.2592208 -2.5211596 -3.1105216 -2.2264786]
[-2.5211596 -2.6193867 -3.3724604 -2.3901904]
[-2.5866442 -2.7176137 -3.5689142 -2.553902 ]
[-2.5866442 -2.750356  -3.6016567 -2.5866442]
[-2.6193867 -2.7176137 -3.5689142 -2.6193867]
[-2.7176137 -2.7830982 -3.6016567 -2.652129 ]
[-2.750356  -2.8813252 -3.6671412 -2.750356 ]
[-2.8158407 -2.9140675 -3.732626  -2.7830982]
[-2.7830982 -2.94681   -3.7653682 -2.7830982]
[-2.750356  -2.8813252 -3.732626  -2.750356 ]
[-2.7176137 -2.848583  -3.6998837 -2.7176137]
[-2.6848712 -2.8158407 -3.6998837 -2.652129 ]
[-2.6193867 -2.750356  -3.6671412 -2.5866442]
[-2.553902  -2.6848712 -3.6016567 -2.5211596]
[-2.5866442 -2.6848712 -3.6016567 -2.553902 ]
[-2.750356  -2.848583  -3.732626  -2.7176137]
[-3.1105216 -2.9795523 -4.027307  -2.848583 ]
[-3.2414908 -3.2742333 -4.321988  -3.1760063]
[-3.3397179 -3.5034297 -4.551184  -3.3069756]
[-3.3724604 -3.536172  -4.5839267 -3.3069756]
[-3.2087486 -3.3724604 -4.321988  -3.1105216]
[-2.8813252 -3.1760063 -3.8635952 -2.848583 ]
[-2.5866442 -2.8813252 -3.3724604 -2.5211596]
[-2.455675  -2.5866442 -3.0122945 -2.1937363]
[-2.1937363 -2.4229326 -2.7176137 -1.9317976]
[-1.96454   -2.1282516 -2.4229326 -1.6043743]
[-1.8990552 -1.866313  -2.160994  -1.473405 ]
[-2.160994  -1.7353436 -2.0300245 -1.4079204]
[-1.8008283 -2.1937363 -2.1282516 -1.8335706]
[-2.0300245 -2.3901904 -2.3901904 -1.8008283]
[-2.160994  -2.2919633 -2.652129  -1.9317976]
[-2.1937363 -2.4229326 -2.94681   -2.1282516]
[-2.2264786 -2.3901904 -3.045037  -2.0300245]
[-1.9972823 -2.0955093 -2.7176137 -1.7026013]
[-1.2442087 -1.6698589 -1.9972823 -1.2442087]
[-0.687589  -1.0150123 -1.1459817 -0.491135 ]
[ 0.5238773  -0.884043   -0.29468098 -0.491135  ]
[ 0.         -0.491135   -0.09822699 -0.65484667]
[-0.22919632 -0.7203313  -0.26193866  0.22919632]
[-0.19645399 -0.7203313  -0.22919632  0.22919632]
[-0.16371167 -0.7203313  -0.22919632  0.26193866]
[-0.29468098 -0.78581595 -0.29468098  0.22919632]
[-0.42565033 -0.884043   -0.5238773   0.06548467]
[-0.09822699 -1.5061473  -0.884043   -0.58936197]
[-0.7203313 -1.6698589 -1.4079204 -0.7203313]
[-1.4079204 -1.6371167 -1.8990552 -1.080497 ]
[-1.5061473 -1.768086  -2.1937363 -1.4406626]
[-1.4406626 -1.6371167 -2.1282516 -1.3424356]
[-1.375178  -1.5716319 -2.0300245 -1.276951 ]
[-1.5388896 -1.6698589 -2.1282516 -1.4079204]
[-1.8990552 -1.9317976 -2.5211596 -1.7026013]
[-2.2264786 -2.2919633 -2.9795523 -2.0955093]
[-2.455675  -2.6193867 -3.3397179 -2.3574479]
[-2.553902  -2.750356  -3.4706872 -2.4229326]
[-2.5866442 -2.750356  -3.536172  -2.4884174]
[-2.5211596 -2.750356  -3.4706872 -2.455675 ]
[-2.2919633 -2.553902  -3.2087486 -2.2592208]
[-1.768086  -2.2592208 -2.6848712 -1.8990552]
[-1.2114663 -1.768086  -1.9317976 -1.375178 ]
[-0.9167853 -1.1459817 -1.276951  -0.884043 ]
[-0.7203313  -0.78581595 -0.81855834 -0.687589  ]
[-0.65484667 -0.81855834 -0.65484667 -0.687589  ]
[-0.78581595 -0.9167853  -0.75307363 -0.7203313 ]
[-1.1787239 -1.080497  -1.2114663 -0.884043 ]
[-1.6698589 -1.6371167 -1.96454   -1.5388896]
[-2.1937363 -2.1937363 -2.750356  -2.1282516]
[-2.6848712 -2.7830982 -3.5034297 -2.6193867]
[-2.8813252 -3.045037  -3.830853  -2.8158407]
[-2.9140675 -3.1105216 -3.9618223 -2.848583 ]
[-2.94681   -3.0777793 -3.9945645 -2.848583 ]
[-2.9140675 -3.0777793 -3.9945645 -2.848583 ]
[-2.9140675 -3.0777793 -3.9618223 -2.848583 ]
[-2.8813252 -3.045037  -3.9618223 -2.8158407]
[-2.848583  -3.0122945 -3.92908   -2.7830982]
[-2.7830982 -2.9795523 -3.8635952 -2.750356 ]
[-2.7176137 -2.8813252 -3.7653682 -2.652129 ]
[-2.652129  -2.7830982 -3.6671412 -2.553902 ]
[-2.553902  -2.750356  -3.6016567 -2.5211596]
[-2.553902  -2.7176137 -3.5689142 -2.455675 ]
[-2.455675  -2.652129  -3.4706872 -2.4229326]
[-2.3574479 -2.5211596 -3.3069756 -2.2592208]
[-2.7176137 -1.96454   -3.1105216 -1.7026013]
[-1.7026013 -2.1937363 -2.750356  -2.0300245]
[-1.1459817 -2.3901904 -2.3574479 -1.6043743]
[-1.4406626 -1.9317976 -2.2264786 -1.1459817]
[-1.768086  -1.96454   -2.1937363 -1.1459817]
[-0.98227   -2.848583  -2.4229326 -2.0955093]
[-2.062767  -2.553902  -2.8813252 -1.6371167]
[-2.4884174 -2.652129  -3.2414908 -2.2592208]
[-2.553902  -2.7176137 -3.4052026 -2.4884174]
[-2.6193867 -2.750356  -3.4706872 -2.5211596]
[-2.553902  -2.750356  -3.4706872 -2.5211596]
[-2.553902  -2.7176137 -3.437945  -2.4884174]
[-2.553902  -2.7176137 -3.437945  -2.4884174]
[-2.5866442 -2.7176137 -3.4706872 -2.5211596]
[-2.5866442 -2.7176137 -3.4706872 -2.5211596]
[-2.5866442 -2.7176137 -3.4706872 -2.5211596]
[-2.553902  -2.7176137 -3.4706872 -2.5211596]
[-2.5211596 -2.6848712 -3.437945  -2.4884174]
[-2.5211596 -2.6848712 -3.4052026 -2.455675 ]
[-2.4884174 -2.652129  -3.4052026 -2.455675 ]
[-2.5211596 -2.652129  -3.4052026 -2.455675 ]
[-2.5211596 -2.6848712 -3.437945  -2.4884174]
[-2.553902  -2.7176137 -3.4706872 -2.4884174]
[-2.553902  -2.7176137 -3.5034297 -2.5211596]
[-2.5211596 -2.652129  -3.437945  -2.455675 ]
[-2.3247056 -2.553902  -3.2414908 -2.3247056]
[-1.9317976 -2.2592208 -2.8158407 -2.0300245]
[-1.2442087 -1.8008283 -2.160994  -1.5388896]
[-0.81855834 -1.1459817  -1.4079204  -0.884043  ]
[-0.55661964 -0.62210435 -0.85130066 -0.55661964]
[-0.45839265 -0.5238773  -0.65484667 -0.491135  ]
[-0.42565033 -0.491135   -0.62210435 -0.491135  ]
[-0.5238773 -0.5238773 -0.7203313 -0.5238773]
[-0.78581595 -0.687589   -1.0150123  -0.7203313 ]
[-1.2114663 -1.0477546 -1.5388896 -1.1459817]
[-1.7026013 -1.6698589 -2.2592208 -1.768086 ]
[-2.2264786 -2.2919633 -2.9795523 -2.2592208]
[-2.553902  -2.652129  -3.437945  -2.4884174]
[-2.6193867 -2.750356  -3.6016567 -2.553902 ]
[-2.5866442 -2.7176137 -3.6671412 -2.5866442]
[-2.6848712 -2.553902  -3.7653682 -2.3247056]
[-2.0300245 -2.5866442 -3.6671412 -2.3574479]
[-1.6043743 -2.3247056 -3.0777793 -1.9972823]
[-1.7353436 -1.9317976 -2.652129  -1.6043743]
[-1.96454   -2.0955093 -2.6193867 -1.7353436]
[-2.062767  -2.062767  -2.6193867 -1.8008283]
[-1.866313  -2.2264786 -2.7176137 -2.0300245]
[-2.1282516 -2.3247056 -2.94681   -2.062767 ]
[-2.2919633 -2.3901904 -3.1432638 -2.2919633]
[-2.4229326 -2.553902  -3.3069756 -2.4229326]
[-2.455675  -2.553902  -3.3397179 -2.4229326]
[-2.4884174 -2.5866442 -3.3069756 -2.455675 ]
[-2.553902  -2.6193867 -3.3724604 -2.5211596]
[-2.6193867 -2.7176137 -3.4706872 -2.6193867]
[-2.6848712 -2.7830982 -3.5689142 -2.6848712]
[-2.6848712 -2.7830982 -3.6016567 -2.6848712]
[-2.652129  -2.750356  -3.536172  -2.6193867]
[-2.6193867 -2.750356  -3.536172  -2.6193867]
[-2.652129  -2.750356  -3.6016567 -2.652129 ]
[-2.6193867 -2.750356  -3.6016567 -2.6193867]
[-2.5866442 -2.7176137 -3.634399  -2.5866442]
[-2.652129  -2.750356  -3.6671412 -2.5866442]
[-2.8158407 -2.8813252 -3.830853  -2.750356 ]
[-3.1760063 -3.045037  -4.0927916 -2.9140675]
[-3.3069756 -3.3397179 -4.3874726 -3.2414908]
[-3.4052026 -3.5689142 -4.649411  -3.4052026]
[-3.4706872 -3.6016567 -4.7148957 -3.3724604]
[-3.3724604 -3.5034297 -4.6166687 -3.3069756]
[-3.2087486 -3.3724604 -4.35473   -3.1760063]
[-3.0777793 -3.2742333 -4.125534  -3.0122945]
[-2.9140675 -3.1760063 -3.9618223 -2.8813252]
[-2.7176137 -3.0777793 -3.7653682 -2.7176137]
[-2.5866442 -2.848583  -3.5034297 -2.4884174]
[-2.5866442 -2.6193867 -3.2414908 -2.2592208]
[-2.7176137 -2.4884174 -3.0777793 -2.2592208]
[-2.0955093 -3.045037  -3.0122945 -2.6848712]
[-2.553902  -3.1105216 -3.1105216 -2.2264786]
[-2.553902  -2.8158407 -3.2742333 -2.3574479]
[-2.5211596 -2.7830982 -3.437945  -2.4229326]
[-2.3901904 -2.553902  -3.3724604 -2.2264786]
[-2.0955093 -2.160994  -2.94681   -1.8008283]
[-1.2442087 -1.7353436 -2.1282516 -1.3424356]
[-0.7203313  -1.1132393  -1.2442087  -0.55661964]
[ 0.45839265 -0.98227    -0.32742333 -0.55661964]
[ 0.03274233 -0.491135   -0.06548467 -0.62210435]
[-0.19645399 -0.687589   -0.19645399  0.29468098]
[-0.19645399 -0.687589   -0.16371167  0.32742333]
[-0.13096933 -0.687589   -0.16371167  0.26193866]
[-0.22919632 -0.7203313  -0.26193866  0.22919632]
[-0.39290798 -0.9167853  -0.5238773   0.03274233]
[ 0.         -1.5061473  -0.85130066 -0.62210435]
[-0.75307363 -1.6043743  -1.375178   -0.62210435]
[-1.3424356 -1.5716319 -1.866313  -1.080497 ]
[-1.473405  -1.768086  -2.160994  -1.4079204]
[-1.4406626 -1.6698589 -2.160994  -1.375178 ]
[-1.4079204 -1.5716319 -2.0300245 -1.3096933]
[-1.5716319 -1.7026013 -2.160994  -1.4406626]
[-1.9317976 -1.96454   -2.5211596 -1.7353436]
[-2.2264786 -2.3247056 -2.94681   -2.0955093]
[-2.4229326 -2.5866442 -3.3069756 -2.3247056]
[-2.5211596 -2.6848712 -3.437945  -2.3901904]
[-2.553902  -2.7176137 -3.4706872 -2.455675 ]
[-2.4884174 -2.6848712 -3.3724604 -2.3901904]
[-2.160994  -2.4884174 -3.045037  -2.1282516]
[-1.5716319 -2.1282516 -2.455675  -1.7353436]
[-1.080497  -1.5388896 -1.6698589 -1.1459817]
[-0.81855834 -0.98227    -1.0477546  -0.7203313 ]
[-0.58936197 -0.75307363 -0.687589   -0.55661964]
[-0.491135  -0.7203313 -0.5238773 -0.491135 ]
[-0.5238773  -0.75307363 -0.58936197 -0.55661964]
[-0.85130066 -0.9167853  -0.9495276  -0.75307363]
[-1.5061473 -1.4079204 -1.6043743 -1.1787239]
[-1.96454   -1.9972823 -2.4884174 -1.9972823]
[-2.5211596 -2.652129  -3.3069756 -2.4884174]
[-2.848583  -2.9795523 -3.7653682 -2.750356 ]
[-2.9140675 -3.0777793 -3.9618223 -2.848583 ]
[-2.94681   -3.0777793 -3.9945645 -2.848583 ]
[-2.9140675 -3.045037  -3.9618223 -2.848583 ]
[-2.8813252 -3.045037  -3.9618223 -2.8158407]
[-2.8813252 -3.045037  -3.9618223 -2.8158407]
[-2.848583  -3.0122945 -3.92908   -2.7830982]
[-2.7830982 -2.9795523 -3.8635952 -2.7176137]
[-2.7176137 -2.8813252 -3.7653682 -2.652129 ]
[-2.6848712 -2.8158407 -3.6998837 -2.5866442]
[-2.5866442 -2.8158407 -3.634399  -2.553902 ]
[-2.6193867 -2.7830982 -3.6016567 -2.4884174]
[-2.553902  -2.7176137 -3.536172  -2.455675 ]
[-2.3901904 -2.5866442 -3.3724604 -2.2919633]
[-2.4884174 -1.9972823 -3.1760063 -1.5388896]
[-1.7353436 -1.9317976 -2.652129  -1.4079204]
[-0.55661964 -1.7026013  -2.2264786  -1.080497  ]
[-1.1132393  -1.4079204  -2.0955093  -0.39290798]
[-1.1459817 -1.1132393 -2.062767  -0.687589 ]
[-0.55661964 -2.2919633  -2.3901904  -1.866313  ]
[-1.9317976 -2.3247056 -2.7830982 -1.4406626]
[-2.455675  -2.455675  -3.2087486 -2.160994 ]
[-2.5211596 -2.7176137 -3.4052026 -2.5211596]
[-2.6193867 -2.750356  -3.4706872 -2.5211596]
[-2.5866442 -2.750356  -3.437945  -2.5211596]
[-2.553902  -2.7176137 -3.437945  -2.4884174]
[-2.5866442 -2.7176137 -3.4706872 -2.4884174]
[-2.5866442 -2.7176137 -3.4706872 -2.5211596]
[-2.553902  -2.7176137 -3.4706872 -2.5211596]
[-2.553902  -2.6848712 -3.437945  -2.4884174]
[-2.5211596 -2.6848712 -3.4052026 -2.455675 ]
[-2.4884174 -2.6848712 -3.4052026 -2.455675 ]
[-2.4884174 -2.652129  -3.3724604 -2.4229326]
[-2.4884174 -2.652129  -3.3724604 -2.4229326]
[-2.5211596 -2.652129  -3.4052026 -2.455675 ]
[-2.4884174 -2.6848712 -3.437945  -2.4884174]
[-2.553902  -2.6848712 -3.437945  -2.455675 ]
[-2.4884174 -2.652129  -3.437945  -2.455675 ]
[-2.3901904 -2.5866442 -3.3069756 -2.3901904]
[-2.0955093 -2.3574479 -2.9795523 -2.1282516]
[-1.5388896 -2.0300245 -2.455675  -1.768086 ]
[-0.9167853 -1.4406626 -1.6698589 -1.1787239]
[-0.58936197 -0.75307363 -0.9167853  -0.55661964]
[-0.32742333 -0.39290798 -0.42565033 -0.36016566]
[-0.26193866 -0.36016566 -0.26193866 -0.32742333]
[-0.26193866 -0.36016566 -0.22919632 -0.32742333]
[-0.32742333 -0.36016566 -0.29468098 -0.29468098]
[-0.491135   -0.45839265 -0.5238773  -0.39290798]
[-0.884043   -0.75307363 -1.0477546  -0.75307363]
[-1.4079204 -1.3096933 -1.8008283 -1.375178 ]
[-2.0300245 -1.96454   -2.5866442 -1.96454  ]
[-2.4229326 -2.5211596 -3.2414908 -2.4229326]
[-2.5866442 -2.750356  -3.5689142 -2.5866442]
[-2.6193867 -2.7830982 -3.6671412 -2.5866442]
[-2.652129  -2.5866442 -3.732626  -2.2919633]
[-2.2264786 -2.3574479 -3.4706872 -1.8990552]
[-2.0300245 -1.8008283 -2.9140675 -1.473405 ]
[-1.4079204 -1.6043743 -2.4884174 -1.7353436]
[-1.6698589 -1.9972823 -2.2919633 -1.5716319]
[-2.2919633 -1.7353436 -2.160994  -1.4406626]
[-2.160994  -2.0300245 -2.2592208 -1.96454  ]
[-2.2264786 -2.553902  -2.652129  -2.0955093]
[-2.2264786 -2.455675  -2.8158407 -2.1282516]
[-2.2264786 -2.2592208 -2.8158407 -2.0955093]
[-2.1937363 -2.2592208 -2.848583  -2.160994 ]
[-2.2264786 -2.3247056 -2.848583  -2.160994 ]
[-2.2592208 -2.3574479 -2.9140675 -2.2264786]
[-2.2919633 -2.3901904 -3.0122945 -2.2919633]
[-2.4229326 -2.4229326 -3.1105216 -2.3247056]
[-2.4884174 -2.4229326 -3.1432638 -2.3574479]
[-2.3901904 -2.5211596 -3.2087486 -2.4229326]
[-2.4229326 -2.6193867 -3.2742333 -2.4884174]
[-2.553902  -2.6848712 -3.4052026 -2.5211596]
[-2.5866442 -2.750356  -3.536172  -2.6193867]
[-2.6193867 -2.7830982 -3.634399  -2.6193867]
[-2.750356  -2.8158407 -3.7653682 -2.652129 ]
[-2.8813252 -2.94681   -3.92908   -2.848583 ]
[-3.2087486 -3.1105216 -4.1910186 -2.9795523]
[-3.2742333 -3.3397179 -4.420215  -3.2742333]
[-3.2742333 -3.536172  -4.5839267 -3.3724604]
[-3.3397179 -3.5034297 -4.649411  -3.2742333]
[-3.3069756 -3.4052026 -4.5839267 -3.2414908]
[-3.2414908 -3.4052026 -4.4856997 -3.2087486]
[-3.2742333 -3.3724604 -4.420215  -3.1432638]
[-3.2087486 -3.3397179 -4.321988  -3.0777793]
[-3.045037  -3.2414908 -4.223761  -2.94681  ]
[-2.9140675 -2.94681   -3.9618223 -2.652129 ]
[-2.6848712 -2.652129  -3.6998837 -2.3901904]
[-2.3901904 -2.5866442 -3.5689142 -2.2592208]
[-1.7353436 -2.8158407 -3.2742333 -2.455675 ]
[-2.3247056 -2.4884174 -3.2087486 -1.96454  ]
[-2.4884174 -2.6848712 -3.437945  -2.3574479]
[-2.5211596 -2.7830982 -3.6016567 -2.4229326]
[-2.3901904 -2.4884174 -3.4706872 -2.1937363]
[-1.9972823 -2.0955093 -2.9795523 -1.8008283]
[-1.1132393 -1.7026013 -2.160994  -1.3096933]
[-0.75307363 -1.0477546  -1.2442087  -0.491135  ]
[ 0.45839265 -0.9495276  -0.36016566 -0.58936197]
[ 0.03274233 -0.45839265 -0.06548467 -0.62210435]
[-0.16371167 -0.687589   -0.16371167  0.26193866]
[-0.19645399 -0.687589   -0.16371167  0.29468098]
[-0.16371167 -0.7203313  -0.16371167  0.26193866]
[-0.19645399 -0.7203313  -0.26193866  0.22919632]
[-0.36016566 -0.884043   -0.491135    0.09822699]
[ 0.09822699 -1.473405   -0.78581595 -0.58936197]
[-0.81855834 -1.473405   -1.3096933  -0.5238773 ]
[-1.3096933 -1.5388896 -1.8335706 -1.1132393]
[-1.473405  -1.768086  -2.160994  -1.4406626]
[-1.473405  -1.7026013 -2.160994  -1.375178 ]
[-1.473405  -1.6043743 -2.062767  -1.3424356]
[-1.5716319 -1.7353436 -2.1937363 -1.5061473]
[-1.9317976 -1.96454   -2.5211596 -1.7353436]
[-2.1937363 -2.2592208 -2.8813252 -2.062767 ]
[-2.3574479 -2.5211596 -3.2087486 -2.2592208]
[-2.4884174 -2.6193867 -3.3397179 -2.3247056]
[-2.4884174 -2.6848712 -3.4052026 -2.3901904]
[-2.4229326 -2.652129  -3.2742333 -2.3247056]
[-1.9972823 -2.4229326 -2.9140675 -2.062767 ]
[-1.4079204 -1.9972823 -2.2592208 -1.6043743]
[-0.98227   -1.375178  -1.5061473 -0.98227  ]
[-0.78581595 -0.85130066 -0.9167853  -0.58936197]
[-0.62210435 -0.687589   -0.58936197 -0.491135  ]
[-0.62210435 -0.65484667 -0.45839265 -0.39290798]
[-0.5238773  -0.78581595 -0.55661964 -0.491135  ]
[-0.65484667 -0.9495276  -0.81855834 -0.687589  ]
[-1.2442087 -1.1459817 -1.375178  -0.98227  ]
[-1.866313  -1.768086  -2.2264786 -1.7026013]
[-2.3901904 -2.455675  -3.0777793 -2.3574479]
[-2.7830982 -2.8813252 -3.6998837 -2.6848712]
[-2.9140675 -3.0777793 -3.92908   -2.848583 ]
[-2.9140675 -3.0777793 -3.9618223 -2.848583 ]
[-2.8813252 -3.045037  -3.92908   -2.8158407]
[-2.848583  -3.0122945 -3.8963375 -2.7830982]
[-2.848583  -3.0122945 -3.92908   -2.7830982]
[-2.848583  -3.0122945 -3.8963375 -2.750356 ]
[-2.7830982 -2.94681   -3.830853  -2.7176137]
[-2.7176137 -2.8813252 -3.7653682 -2.652129 ]
[-2.6848712 -2.848583  -3.732626  -2.6193867]
[-2.6193867 -2.8813252 -3.6998837 -2.6193867]
[-2.6848712 -2.8158407 -3.6998837 -2.553902 ]
[-2.652129 -2.848583 -3.634399 -2.553902]
[-2.4884174 -2.7176137 -3.5034297 -2.4229326]
[-2.3574479 -2.2919633 -3.2414908 -1.8008283]
[-2.3574479 -1.7353436 -2.7176137 -1.2442087]
[-0.687589  -1.8008283 -2.2264786 -1.5388896]
[-2.0300245  -1.375178   -2.062767   -0.22919632]
[-1.1787239 -1.473405  -2.2264786 -1.1787239]
[-0.85130066 -2.5211596  -2.5866442  -1.8335706 ]
[-1.96454   -2.0300245 -2.7830982 -1.4406626]
[-2.4229326 -2.4229326 -3.2414908 -2.2592208]
[-2.5211596 -2.750356  -3.437945  -2.553902 ]
[-2.6193867 -2.750356  -3.4706872 -2.4884174]
[-2.5211596 -2.7176137 -3.437945  -2.5211596]
[-2.553902  -2.7176137 -3.437945  -2.4884174]
[-2.6193867 -2.6848712 -3.437945  -2.455675 ]
[-2.5866442 -2.7176137 -3.4706872 -2.5211596]
[-2.5866442 -2.7176137 -3.437945  -2.4884174]
[-2.553902  -2.6848712 -3.4052026 -2.455675 ]
[-2.4884174 -2.6848712 -3.3724604 -2.4229326]
[-2.4229326 -2.652129  -3.3397179 -2.3901904]
[-2.4229326 -2.6193867 -3.3069756 -2.3574479]
[-2.4229326 -2.6193867 -3.3069756 -2.3901904]
[-2.4884174 -2.652129  -3.3724604 -2.4229326]
[-2.4884174 -2.6848712 -3.4052026 -2.455675 ]
[-2.4884174 -2.6193867 -3.3724604 -2.4229326]
[-2.4229326 -2.5866442 -3.3069756 -2.3901904]
[-2.2592208 -2.455675  -3.1105216 -2.2264786]
[-1.8008283 -2.1937363 -2.7176137 -1.9317976]
[-1.1787239 -1.7353436 -2.0300245 -1.4406626]
[-0.7203313  -1.080497   -1.2114663  -0.81855834]
[-0.39290798 -0.491135   -0.58936197 -0.39290798]
[-0.22919632 -0.32742333 -0.19645399 -0.26193866]
[-0.19645399 -0.29468098 -0.06548467 -0.22919632]
[-0.19645399 -0.32742333 -0.06548467 -0.22919632]
[-0.19645399 -0.32742333 -0.09822699 -0.22919632]
[-0.32742333 -0.39290798 -0.26193866 -0.29468098]
[-0.687589   -0.62210435 -0.687589   -0.5238773 ]
[-1.276951  -1.0477546 -1.375178  -1.0477546]
[-1.8008283 -1.7026013 -2.2592208 -1.8008283]
[-2.2919633 -2.3901904 -3.045037  -2.3247056]
[-2.553902  -2.7176137 -3.437945  -2.553902 ]
[-2.652129  -2.8158407 -3.6671412 -2.6193867]
[-2.6193867 -2.750356  -3.732626  -2.5211596]
[-2.3574479 -2.553902  -3.4706872 -2.3247056]
[-2.553902  -1.8990552 -3.0122945 -1.7026013]
[-1.4079204 -2.0955093 -2.455675  -2.0300245]
[-1.4079204 -1.96454   -2.0300245 -1.375178 ]
[-1.9972823 -1.5061473 -1.866313  -1.1787239]
[-1.7353436 -1.9972823 -1.9972823 -2.062767 ]
[-2.2264786 -2.4229326 -2.1937363 -1.8990552]
[-2.5866442 -2.455675  -2.2592208 -1.7353436]
[-2.4884174 -2.2919633 -2.3247056 -1.8990552]
[-2.5211596 -2.3901904 -2.3901904 -1.9972823]
[-2.553902  -2.4229326 -2.4229326 -2.0300245]
[-2.5211596 -2.455675  -2.4884174 -2.062767 ]
[-2.553902  -2.4229326 -2.553902  -2.062767 ]
[-2.6193867 -2.3901904 -2.6848712 -2.0955093]
[-2.652129  -2.4229326 -2.750356  -2.1937363]
[-2.4884174 -2.6193867 -2.848583  -2.3574479]
[-2.2592208 -2.9140675 -3.045037  -2.455675 ]
[-2.5211596 -2.8158407 -3.3069756 -2.4229326]
[-2.553902  -2.6848712 -3.4706872 -2.5866442]
[-2.6848712 -2.8158407 -3.6671412 -2.652129 ]
[-2.8158407 -2.8813252 -3.830853  -2.750356 ]
[-2.9140675 -3.0122945 -3.9945645 -2.8813252]
[-3.2414908 -3.0777793 -4.223761  -2.94681  ]
[-3.2414908 -3.2742333 -4.420215  -3.1760063]
[-3.3069756 -3.3397179 -4.5184417 -3.1432638]
[-3.1432638 -3.3724604 -4.551184  -3.1760063]
[-3.1432638 -3.3397179 -4.551184  -3.0777793]
[-3.1105216 -3.2742333 -4.4856997 -3.1105216]
[-3.2414908 -3.3397179 -4.4856997 -3.1432638]
[-3.1432638 -3.3397179 -4.420215  -3.2087486]
[-3.2087486 -3.1760063 -4.223761  -2.94681  ]
[-3.1105216 -2.8813252 -3.92908   -2.6848712]
[-2.8813252 -2.652129  -3.6016567 -2.3901904]
[-2.553902  -2.553902  -3.3724604 -1.9972823]
[-2.1937363 -2.5211596 -3.1105216 -1.9972823]
[-2.455675  -2.2264786 -3.1760063 -1.9972823]
[-2.3901904 -2.8813252 -3.536172  -2.5866442]
[-2.553902  -2.9140675 -3.6671412 -2.3901904]
[-2.8158407 -2.2592208 -3.4052026 -1.9317976]
[-1.6698589 -2.2264786 -3.0122945 -1.9972823]
[-1.1459817 -1.8990552 -2.1937363 -1.1787239]
[-0.62210435 -0.85130066 -1.1459817  -0.42565033]
[ 0.491135   -0.9495276  -0.36016566 -0.58936197]
[ 0.06548467 -0.491135   -0.06548467 -0.65484667]
[-0.16371167 -0.7203313  -0.16371167  0.26193866]
[-0.16371167 -0.687589   -0.16371167  0.29468098]
[-0.16371167 -0.687589   -0.16371167  0.29468098]
[-0.22919632 -0.7203313  -0.22919632  0.26193866]
[-0.39290798 -0.81855834 -0.42565033  0.13096933]
[ 0.06548467 -1.473405   -0.75307363 -0.62210435]
[-0.85130066 -1.473405   -1.3096933  -0.5238773 ]
[-1.3096933 -1.6043743 -1.8008283 -1.1459817]
[-1.473405  -1.768086  -2.1282516 -1.4079204]
[-1.473405  -1.7026013 -2.160994  -1.375178 ]
[-1.473405  -1.6371167 -2.0955093 -1.3424356]
[-1.5716319 -1.768086  -2.1937363 -1.5061473]
[-1.8990552 -1.9317976 -2.455675  -1.6698589]
[-2.0955093 -2.1937363 -2.7830982 -1.96454  ]
[-2.2592208 -2.4229326 -3.0777793 -2.160994 ]
[-2.3574479 -2.5211596 -3.2087486 -2.2264786]
[-2.3901904 -2.5866442 -3.2742333 -2.2919633]
[-2.3247056 -2.5866442 -3.1760063 -2.2264786]
[-1.8335706 -2.3901904 -2.7830982 -1.9972823]
[-1.3096933 -1.866313  -2.0955093 -1.4079204]
[-0.9495276  -1.1787239  -1.3424356  -0.81855834]
[-0.78581595 -0.75307363 -0.85130066 -0.5238773 ]
[-0.45839265 -0.75307363 -0.62210435 -0.58936197]
[-0.65484667 -0.75307363 -0.55661964 -0.45839265]
[-0.491135   -0.85130066 -0.5238773  -0.58936197]
[-0.65484667 -1.0477546  -0.7203313  -0.58936197]
[-1.1459817  -1.080497   -1.2114663  -0.81855834]
[-1.6698589 -1.5716319 -1.9972823 -1.5061473]
[-2.160994  -2.2919633 -2.8813252 -2.2264786]
[-2.6848712 -2.7830982 -3.536172  -2.5866442]
[-2.848583  -3.0122945 -3.8635952 -2.7830982]
[-2.8813252 -3.0122945 -3.92908   -2.7830982]
[-2.848583  -2.9795523 -3.8963375 -2.750356 ]
[-2.8158407 -2.9795523 -3.8635952 -2.750356 ]
[-2.848583  -3.0122945 -3.8963375 -2.7830982]
[-2.8158407 -2.9795523 -3.8635952 -2.750356 ]
[-2.750356  -2.94681   -3.7981105 -2.6848712]
[-2.7176137 -2.8813252 -3.7653682 -2.6193867]
[-2.6848712 -2.848583  -3.732626  -2.5866442]
[-2.6848712 -2.848583  -3.732626  -2.6193867]
[-2.7176137 -2.8813252 -3.7653682 -2.652129 ]
[-2.6848712 -2.9140675 -3.7653682 -2.652129 ]
[-2.5866442 -2.7830982 -3.5689142 -2.4884174]
[-2.3574479 -2.455675  -3.2742333 -2.0955093]
[-2.652129  -1.8008283 -2.94681   -1.375178 ]
[-1.375178  -2.0300245 -2.2919633 -1.9972823]
[-2.2919633 -1.8008283 -2.2592208 -1.0477546]
[-1.2114663 -2.7176137 -2.6193867 -2.062767 ]
[-1.5716319 -2.7830982 -2.6193867 -1.6043743]
[-2.1282516 -1.9972823 -2.8813252 -1.7353436]
[-2.4884174 -2.5866442 -3.3069756 -2.3901904]
[-2.5866442 -2.7830982 -3.4706872 -2.553902 ]
[-2.652129  -2.6848712 -3.4706872 -2.4884174]
[-2.5211596 -2.7176137 -3.437945  -2.5211596]
[-2.553902  -2.7176137 -3.4052026 -2.455675 ]
[-2.5866442 -2.652129  -3.437945  -2.455675 ]
[-2.553902  -2.6848712 -3.437945  -2.4884174]
[-2.5211596 -2.6848712 -3.3724604 -2.455675 ]
[-2.4884174 -2.652129  -3.3397179 -2.3901904]
[-2.4229326 -2.652129  -3.3069756 -2.3574479]
[-2.3574479 -2.6193867 -3.2414908 -2.3247056]
[-2.3574479 -2.553902  -3.2414908 -2.2919633]
[-2.3901904 -2.553902  -3.2742333 -2.3247056]
[-2.4229326 -2.5866442 -3.3069756 -2.3574479]
[-2.455675  -2.6193867 -3.3397179 -2.3901904]
[-2.4229326 -2.553902  -3.3069756 -2.3574479]
[-2.3247056 -2.4884174 -3.2087486 -2.2919633]
[-2.0955093 -2.3247056 -2.9140675 -2.0955093]
[-1.5388896 -1.9972823 -2.4229326 -1.7353436]
[-0.9167853 -1.473405  -1.6698589 -1.1787239]
[-0.55661964 -0.75307363 -0.884043   -0.55661964]
[-0.36016566 -0.39290798 -0.36016566 -0.29468098]
[-0.22919632 -0.29468098 -0.09822699 -0.22919632]
[-0.19645399 -0.32742333 -0.03274233 -0.19645399]
[-0.16371167 -0.32742333 -0.03274233 -0.19645399]
[-0.16371167 -0.36016566 -0.06548467 -0.19645399]
[-0.22919632 -0.39290798 -0.13096933 -0.22919632]
[-0.491135   -0.5238773  -0.45839265 -0.42565033]
[-1.1132393  -0.884043   -1.080497   -0.85130066]
[-1.5716319 -1.5388896 -1.96454   -1.6371167]
[-2.160994  -2.2264786 -2.7830982 -2.160994 ]
[-2.4884174 -2.6193867 -3.3397179 -2.4884174]
[-2.652129  -2.8158407 -3.634399  -2.652129 ]
[-2.652129  -2.7830982 -3.6998837 -2.5866442]
[-2.4229326 -2.553902  -3.4706872 -2.3574479]
[-2.652129  -1.8990552 -3.045037  -1.7026013]
[-1.3096933 -2.0955093 -2.3901904 -1.9317976]
[-1.1787239 -1.768086  -1.8335706 -1.080497 ]
[-1.8335706  -1.080497   -1.6698589  -0.58936197]
[-1.3424356 -1.6371167 -1.768086  -1.4406626]
[-1.276951  -2.062767  -1.9972823 -1.6371167]
[-1.6043743 -2.1282516 -2.0300245 -1.6043743]
[-1.8008283 -2.3901904 -2.0300245 -1.768086 ]
[-1.7353436 -2.6193867 -2.1282516 -1.9317976]
[-1.7353436 -2.652129  -2.160994  -1.96454  ]
[-1.9972823 -2.4229326 -2.062767  -1.8008283]
[-1.9972823 -2.455675  -2.0955093 -1.8990552]
[-2.2592208 -2.553902  -2.2919633 -1.96454  ]
[-2.1282516 -2.6848712 -2.455675  -2.0955093]
[-2.2264786 -2.8158407 -2.553902  -2.160994 ]
[-1.8008283 -3.0777793 -2.750356  -2.4229326]
[-2.6193867 -2.9795523 -3.1432638 -2.0955093]
[-2.5211596 -2.7176137 -3.4052026 -2.553902 ]
[-2.750356  -2.8158407 -3.6671412 -2.6848712]
[-2.8158407 -2.9140675 -3.8635952 -2.8158407]
[-2.9795523 -3.045037  -4.027307  -2.9140675]
[-3.2087486 -3.0777793 -4.223761  -2.9795523]
[-3.1760063 -3.2742333 -4.420215  -3.1432638]
[-3.536172  -3.0122945 -4.35473   -2.8158407]
[-2.7830982 -3.2414908 -4.3874726 -3.2414908]
[-3.045037  -3.4706872 -4.4856997 -2.848583 ]
[-3.045037  -3.2087486 -4.4856997 -2.9795523]
[-3.1760063 -3.2414908 -4.452957  -3.045037 ]
[-3.1105216 -3.2742333 -4.35473   -3.045037 ]
[-3.0777793 -3.045037  -4.0927916 -2.8158407]
[-2.8813252 -2.7830982 -3.7981105 -2.6193867]
[-2.7176137 -2.6193867 -3.4052026 -2.3574479]
[-2.4884174 -2.5866442 -3.045037  -2.160994 ]
[-2.5211596 -2.7176137 -2.94681   -2.0955093]
[-2.5211596 -2.9140675 -3.2087486 -2.4229326]
[-2.2592208 -3.3724604 -3.536172  -2.7176137]
[-2.5211596 -3.045037  -3.634399  -2.1937363]
[-2.5211596 -2.3574479 -3.536172  -1.9972823]
[-1.2442087 -2.2919633 -2.9140675 -2.062767 ]
[-1.276951  -1.7026013 -1.9317976 -0.687589 ]
[-0.491135   -0.81855834 -1.1132393  -0.42565033]
[ 0.491135   -0.9495276  -0.32742333 -0.5238773 ]
[ 0.06548467 -0.491135   -0.06548467 -0.62210435]
[-0.19645399 -0.687589   -0.19645399  0.29468098]
[-0.19645399 -0.687589   -0.19645399  0.29468098]
[-0.16371167 -0.687589   -0.19645399  0.26193866]
[-0.22919632 -0.75307363 -0.26193866  0.22919632]
[-0.36016566 -0.884043   -0.45839265  0.06548467]
[ 0.19645399 -1.5388896  -0.75307363 -0.687589  ]
[-0.81855834 -1.4406626  -1.2442087  -0.45839265]
[-1.276951  -1.5388896 -1.7353436 -1.0477546]
[-1.4406626 -1.7026013 -2.0955093 -1.375178 ]
[-1.473405  -1.6698589 -2.1282516 -1.375178 ]
[-1.5061473 -1.6371167 -2.062767  -1.3424356]
[-1.5716319 -1.768086  -2.160994  -1.5061473]
[-1.866313  -1.866313  -2.3901904 -1.6371167]
[-2.0300245 -2.0955093 -2.6848712 -1.8990552]
[-2.160994  -2.2919633 -2.9140675 -2.0300245]
[-2.2592208 -2.3901904 -3.0777793 -2.0955093]
[-2.2919633 -2.4884174 -3.1760063 -2.1937363]
[-2.1937363 -2.4884174 -3.0777793 -2.1282516]
[-1.7026013 -2.2919633 -2.652129  -1.8990552]
[-1.2442087 -1.7353436 -1.96454   -1.276951 ]
[-0.884043   -1.080497   -1.2442087  -0.75307363]
[-0.65484667 -0.75307363 -0.81855834 -0.5238773 ]
[-0.22919632 -0.81855834 -0.62210435 -0.55661964]
[-0.36016566 -0.687589   -0.58936197 -0.22919632]
[-0.42565033 -0.491135   -0.45839265 -0.36016566]
[-0.39290798 -0.78581595 -0.58936197 -0.58936197]
[-1.1132393  -1.1787239  -1.1459817  -0.75307363]
[-1.6043743 -1.4406626 -1.8335706 -1.3424356]
[-2.1282516 -2.1282516 -2.6848712 -2.0300245]
[-2.5866442 -2.652129  -3.4052026 -2.4884174]
[-2.7830982 -2.9795523 -3.830853  -2.750356 ]
[-2.848583  -3.0122945 -3.92908   -2.7830982]
[-2.8158407 -2.9795523 -3.8635952 -2.750356 ]
[-2.7830982 -2.94681   -3.830853  -2.7176137]
[-2.7830982 -2.94681   -3.830853  -2.7176137]
[-2.7830982 -2.94681   -3.7981105 -2.6848712]
[-2.750356  -2.9140675 -3.7981105 -2.652129 ]
[-2.7176137 -2.8813252 -3.732626  -2.6193867]
[-2.6848712 -2.848583  -3.732626  -2.6193867]
[-2.652129  -2.8813252 -3.732626  -2.652129 ]
[-2.7176137 -2.8813252 -3.7653682 -2.6193867]
[-2.750356  -2.848583  -3.732626  -2.6193867]
[-2.5866442 -2.8158407 -3.634399  -2.553902 ]
[-2.3901904 -2.6193867 -3.3724604 -2.3247056]
[-2.455675  -2.062767  -3.2087486 -1.6043743]
[-1.5388896 -2.3247056 -2.750356  -2.0955093]
[-1.473405  -1.8008283 -2.6193867 -1.5061473]
[-1.1459817 -2.9795523 -2.5866442 -1.8008283]
[-1.866313  -2.1937363 -2.6848712 -1.3096933]
[-2.2264786 -2.1937363 -3.045037  -2.062767 ]
[-2.553902  -2.6848712 -3.3724604 -2.4884174]
[-2.652129  -2.7830982 -3.4706872 -2.553902 ]
[-2.652129  -2.750356  -3.4706872 -2.5211596]
[-2.553902  -2.7830982 -3.437945  -2.553902 ]
[-2.5211596 -2.7176137 -3.4052026 -2.455675 ]
[-2.5866442 -2.652129  -3.4052026 -2.3901904]
[-2.4884174 -2.6193867 -3.3724604 -2.3901904]
[-2.4229326 -2.6193867 -3.3397179 -2.3574479]
[-2.3574479 -2.5866442 -3.2742333 -2.3247056]
[-2.2919633 -2.5866442 -3.2087486 -2.2919633]
[-2.2919633 -2.5211596 -3.1760063 -2.2264786]
[-2.2919633 -2.4884174 -3.1432638 -2.2264786]
[-2.3247056 -2.5211596 -3.2087486 -2.2592208]
[-2.3574479 -2.553902  -3.2742333 -2.3247056]
[-2.4229326 -2.553902  -3.3069756 -2.3247056]
[-2.3574479 -2.5211596 -3.2414908 -2.3247056]
[-2.2592208 -2.4229326 -3.0777793 -2.1937363]
[-1.9317976 -2.2264786 -2.750356  -1.9972823]
[-1.3096933 -1.866313  -2.1282516 -1.5716319]
[-0.75307363 -1.2442087  -1.3424356  -0.9167853 ]
[-0.45839265 -0.55661964 -0.62210435 -0.42565033]
[-0.26193866 -0.32742333 -0.22919632 -0.26193866]
[-0.16371167 -0.32742333 -0.09822699 -0.22919632]
[-0.13096933 -0.32742333 -0.03274233 -0.16371167]
[-0.13096933 -0.32742333 -0.03274233 -0.16371167]
[-0.13096933 -0.32742333 -0.06548467 -0.16371167]
[-0.16371167 -0.32742333 -0.09822699 -0.16371167]
[-0.32742333 -0.45839265 -0.29468098 -0.36016566]
[-0.9167853  -0.7203313  -0.85130066 -0.62210435]
[-1.4406626 -1.3096933 -1.6371167 -1.3424356]
[-1.96454   -1.9317976 -2.4884174 -1.96454  ]
[-2.455675  -2.4884174 -3.1760063 -2.3901904]
[-2.6193867 -2.750356  -3.5689142 -2.6193867]
[-2.6193867 -2.750356  -3.634399  -2.553902 ]
[-2.3901904 -2.553902  -3.4052026 -2.3574479]
[-2.5211596 -1.96454   -3.0777793 -1.7353436]
[-1.2114663 -2.1282516 -2.3901904 -1.8990552]
[-1.0477546 -1.6371167 -1.8008283 -1.0150123]
[-1.5388896  -1.1787239  -1.6698589  -0.62210435]
[-1.0150123 -1.5388896 -1.8008283 -1.1787239]
[-1.0150123 -1.6043743 -1.8990552 -0.9167853]
[-1.1787239 -1.375178  -1.8335706 -0.687589 ]
[-0.9167853 -1.5716319 -1.866313  -0.9495276]
[-0.78581595 -1.8008283  -1.96454    -0.98227   ]
[-0.98227   -1.5716319 -1.8335706 -0.687589 ]
[-1.080497   -1.3096933  -1.8008283  -0.75307363]
[-0.98227   -1.5388896 -1.8990552 -1.1132393]
[-1.2442087 -1.8008283 -2.062767  -1.1459817]
[-1.276951  -1.9317976 -2.1937363 -1.2442087]
[-1.4079204 -2.0955093 -2.3247056 -1.4079204]
[-1.080497  -2.5866442 -2.553902  -2.062767 ]
[-2.3574479 -2.455675  -2.94681   -1.7026013]
[-2.5211596 -2.652129  -3.3724604 -2.4884174]
[-2.7176137 -2.8158407 -3.6671412 -2.6848712]
[-2.8158407 -2.9140675 -3.8635952 -2.8158407]
[-2.94681   -3.0122945 -3.9945645 -2.9140675]
[-3.1432638 -3.0777793 -4.1910186 -2.9795523]
[-3.1105216 -3.2414908 -4.3874726 -3.0777793]
[-3.3724604 -2.9140675 -4.452957  -2.7176137]
[-2.2919633 -3.2742333 -4.420215  -3.3069756]
[-2.848583  -3.3069756 -4.3874726 -2.5211596]
[-3.0777793 -3.2087486 -4.5184417 -2.848583 ]
[-3.0777793 -3.2414908 -4.4856997 -3.0777793]
[-3.0777793 -3.2742333 -4.35473   -3.045037 ]
[-3.045037  -2.94681   -4.060049  -2.6848712]
[-2.8158407 -2.6848712 -3.7653682 -2.3901904]
[-2.2919633 -2.553902  -3.437945  -2.160994 ]
[-1.8335706 -2.5866442 -3.1760063 -2.1282516]
[-1.7353436 -2.652129  -3.0777793 -1.9972823]
[-1.9317976 -2.8813252 -3.2414908 -1.9972823]
[-1.9317976 -2.94681   -3.4052026 -2.160994 ]
[-2.2919633 -2.5866442 -3.5689142 -1.9317976]
[-2.2592208 -2.160994  -3.536172  -1.6043743]
[-1.0150123 -2.0955093 -2.750356  -1.6698589]
[-0.884043  -0.9495276 -1.8008283 -0.5238773]
[-0.55661964 -0.884043   -1.0150123  -0.39290798]
[ 0.491135   -0.9495276  -0.29468098 -0.5238773 ]
[ 0.03274233 -0.5238773  -0.09822699 -0.687589  ]
[-0.26193866 -0.75307363 -0.22919632  0.22919632]
[-0.26193866 -0.75307363 -0.22919632  0.22919632]
[-0.22919632 -0.78581595 -0.22919632  0.19645399]
[-0.32742333 -0.81855834 -0.29468098  0.19645399]
[-0.42565033 -0.9167853  -0.5238773   0.06548467]
[ 0.16371167 -1.5388896  -0.78581595 -0.58936197]
[-0.85130066 -1.3424356  -1.276951   -0.36016566]
[-1.2442087 -1.4406626 -1.768086  -1.080497 ]
[-1.4406626 -1.7026013 -2.0955093 -1.375178 ]
[-1.473405  -1.7026013 -2.1282516 -1.4079204]
[-1.5061473 -1.6371167 -2.062767  -1.375178 ]
[-1.5716319 -1.7353436 -2.1282516 -1.5061473]
[-1.8335706 -1.866313  -2.2919633 -1.5716319]
[-1.9972823 -2.062767  -2.553902  -1.8335706]
[-2.062767  -2.2592208 -2.8158407 -1.96454  ]
[-2.1937363 -2.3574479 -2.9795523 -2.0300245]
[-2.2264786 -2.455675  -3.045037  -2.0955093]
[-2.1282516 -2.4229326 -2.94681   -2.0300245]
[-1.5716319 -2.2264786 -2.5211596 -1.8008283]
[-1.1787239 -1.6043743 -1.8335706 -1.1459817]
[-0.884043   -0.9495276  -1.1459817  -0.65484667]
[-0.58936197 -0.687589   -0.78581595 -0.45839265]
[-0.16371167 -0.75307363 -0.55661964 -0.42565033]
[-0.39290798 -0.39290798 -0.491135    0.06548467]
[-0.62210435 -0.26193866 -0.45839265 -0.09822699]
[ 0.         -0.687589   -0.62210435 -0.81855834]
[-1.080497   -1.080497   -1.0477546  -0.55661964]
[-1.473405  -1.4079204 -1.7026013 -1.276951 ]
[-2.0300245 -2.0300245 -2.5866442 -1.96454  ]
[-2.455675  -2.6193867 -3.3069756 -2.4884174]
[-2.7830982 -2.9795523 -3.7653682 -2.7176137]
[-2.8813252 -3.045037  -3.8963375 -2.750356 ]
[-2.8158407 -2.9795523 -3.8635952 -2.750356 ]
[-2.7830982 -2.94681   -3.7981105 -2.7176137]
[-2.750356  -2.9140675 -3.7653682 -2.6848712]
[-2.750356  -2.9140675 -3.7653682 -2.652129 ]
[-2.7176137 -2.8813252 -3.7653682 -2.652129 ]
[-2.7176137 -2.8813252 -3.7653682 -2.6193867]
[-2.6848712 -2.848583  -3.732626  -2.5866442]
[-2.652129  -2.848583  -3.732626  -2.5866442]
[-2.652129  -2.8158407 -3.6998837 -2.5866442]
[-2.652129  -2.8158407 -3.6998837 -2.5866442]
[-2.5866442 -2.7830982 -3.6016567 -2.5211596]
[-2.4884174 -2.6848712 -3.437945  -2.4229326]
[-2.455675  -2.2592208 -3.2742333 -1.8008283]
[-1.96454   -2.2264786 -3.0777793 -1.5388896]
[-1.1132393 -1.866313  -2.8813252 -1.473405 ]
[-1.1459817 -2.062767  -2.6193867 -1.5061473]
[-1.9972823 -1.866313  -2.848583  -1.5716319]
[-2.4229326 -2.4884174 -3.2087486 -2.2919633]
[-2.5866442 -2.7176137 -3.4052026 -2.4884174]
[-2.652129  -2.750356  -3.4706872 -2.553902 ]
[-2.6193867 -2.7830982 -3.4706872 -2.553902 ]
[-2.553902  -2.8158407 -3.437945  -2.5211596]
[-2.4884174 -2.6848712 -3.3724604 -2.4229326]
[-2.5211596 -2.6193867 -3.3397179 -2.3574479]
[-2.455675  -2.553902  -3.3069756 -2.3247056]
[-2.3574479 -2.5211596 -3.2414908 -2.2592208]
[-2.2919633 -2.5211596 -3.1760063 -2.1937363]
[-2.2592208 -2.4884174 -3.1432638 -2.1937363]
[-2.2592208 -2.455675  -3.1105216 -2.1937363]
[-2.2919633 -2.4884174 -3.1105216 -2.1937363]
[-2.2919633 -2.5211596 -3.1760063 -2.2592208]
[-2.3247056 -2.5211596 -3.2087486 -2.2592208]
[-2.3574479 -2.4884174 -3.2414908 -2.2919633]
[-2.2919633 -2.4884174 -3.1760063 -2.2919633]
[-2.1937363 -2.3901904 -2.9795523 -2.1282516]
[-1.8008283 -2.160994  -2.5866442 -1.8990552]
[-1.1132393 -1.7353436 -1.8990552 -1.4079204]
[-0.687589  -1.0150123 -1.1132393 -0.7203313]
[-0.39290798 -0.45839265 -0.45839265 -0.32742333]
[-0.22919632 -0.32742333 -0.16371167 -0.19645399]
[-0.13096933 -0.29468098 -0.06548467 -0.16371167]
[-0.13096933 -0.26193866 -0.03274233 -0.09822699]
[-0.13096933 -0.29468098 -0.03274233 -0.13096933]
[-0.13096933 -0.32742333 -0.06548467 -0.13096933]
[-0.16371167 -0.29468098 -0.06548467 -0.13096933]
[-0.22919632 -0.42565033 -0.22919632 -0.32742333]
[-0.65484667 -0.62210435 -0.62210435 -0.5238773 ]
[-1.2442087 -1.0477546 -1.3096933 -1.0477546]
[-1.7026013 -1.7026013 -2.1937363 -1.8008283]
[-2.2919633 -2.3574479 -2.9795523 -2.2592208]
[-2.5211596 -2.6848712 -3.437945  -2.553902 ]
[-2.5211596 -2.6848712 -3.536172  -2.5211596]
[-2.3247056 -2.553902  -3.3397179 -2.3574479]
[-2.2919633 -2.0955093 -3.0777793 -1.768086 ]
[-1.375178  -2.062767  -2.4884174 -1.7353436]
[-0.98227   -1.5716319 -1.96454   -1.1787239]
[-1.3424356  -1.3096933  -1.8990552  -0.78581595]
[-0.9495276 -1.5716319 -1.9972823 -1.0477546]
[-0.884043   -1.3096933  -2.0300245  -0.81855834]
[-1.0477546 -1.1132393 -1.9972823 -0.7203313]
[-0.58936197 -1.4079204  -1.9972823  -0.98227   ]
[-0.78581595 -1.5061473  -1.8990552  -0.687589  ]
[-0.85130066 -1.1787239  -1.866313   -0.62210435]
[-0.884043  -1.1459817 -1.96454   -0.7203313]
[-0.7203313 -1.375178  -1.9972823 -0.884043 ]
[-0.85130066 -1.3096933  -2.0955093  -0.75307363]
[-0.9167853 -1.4406626 -2.160994  -0.9167853]
[-1.0150123 -1.473405  -2.3901904 -1.0150123]
[-1.0477546 -2.0955093 -2.4884174 -1.6698589]
[-2.1282516 -1.9317976 -2.9140675 -1.6698589]
[-2.5211596 -2.6193867 -3.3724604 -2.5211596]
[-2.6848712 -2.8158407 -3.6671412 -2.7176137]
[-2.848583  -2.9140675 -3.7981105 -2.7830982]
[-2.9140675 -2.9795523 -3.9618223 -2.8813252]
[-3.1432638 -3.0777793 -4.1910186 -2.94681  ]
[-3.1760063 -3.1760063 -4.3874726 -3.045037 ]
[-3.0777793 -2.9140675 -4.551184  -2.553902 ]
[-2.1282516 -3.2742333 -4.452957  -2.9140675]
[-2.455675  -2.6193867 -4.223761  -2.2919633]
[-2.94681  -3.045037 -4.452957 -2.750356]
[-3.045037  -3.2087486 -4.452957  -3.0122945]
[-3.045037  -3.1760063 -4.321988  -2.9140675]
[-2.9140675 -2.9795523 -4.125534  -2.7176137]
[-2.652129  -2.750356  -3.8963375 -2.4229326]
[-2.0955093 -2.553902  -3.634399  -2.062767 ]
[-1.7026013 -2.3901904 -3.3397179 -1.6043743]
[-1.4079204 -2.1282516 -3.1760063 -1.4079204]
[-1.6698589 -2.0955093 -3.2087486 -1.4406626]
[-1.8990552 -2.2592208 -3.4052026 -1.9317976]
[-2.2264786 -2.3247056 -3.6016567 -2.0955093]
[-2.455675  -2.160994  -3.3724604 -1.6698589]
[-1.6371167 -1.9317976 -2.652129  -1.473405 ]
[-1.1132393  -1.1787239  -1.8335706  -0.85130066]
[-0.78581595 -1.0477546  -1.080497   -0.55661964]
[ 0.42565033 -1.2114663  -0.39290798 -0.7203313 ]
[ 0.03274233 -0.5238773  -0.09822699 -0.687589  ]
[-0.19645399 -0.75307363 -0.22919632  0.22919632]
[-0.19645399 -0.78581595 -0.26193866  0.22919632]
[-0.19645399 -0.78581595 -0.26193866  0.19645399]
[-0.29468098 -0.81855834 -0.36016566  0.16371167]
[-0.42565033 -0.98227    -0.55661964 -0.03274233]
[ 0.09822699 -1.6371167  -0.81855834 -0.7203313 ]
[-0.98227    -1.4406626  -1.3424356  -0.45839265]
[-1.3424356 -1.6043743 -1.8335706 -1.1787239]
[-1.5061473 -1.7353436 -2.1282516 -1.4079204]
[-1.5061473 -1.7353436 -2.160994  -1.4079204]
[-1.5388896 -1.6698589 -2.062767  -1.375178 ]
[-1.5716319 -1.768086  -2.1282516 -1.5061473]
[-1.8335706 -1.8335706 -2.2919633 -1.5716319]
[-1.96454   -2.0300245 -2.5211596 -1.8008283]
[-2.0300245 -2.2592208 -2.7830982 -1.9317976]
[-2.160994  -2.3574479 -2.9140675 -1.96454  ]
[-2.1937363 -2.3901904 -2.9795523 -2.062767 ]
[-2.062767  -2.3901904 -2.848583  -1.9972823]
[-1.473405  -2.1937363 -2.3901904 -1.768086 ]
[-1.1459817 -1.5388896 -1.7353436 -1.080497 ]
[-0.9495276  -0.884043   -1.080497   -0.58936197]
[-0.5238773  -0.75307363 -0.75307363 -0.5238773 ]
[-0.22919632 -0.884043   -0.58936197 -0.491135  ]
[-0.36016566 -0.55661964 -0.491135   -0.22919632]
[-0.81855834 -0.32742333 -0.55661964 -0.06548467]
[-0.06548467 -0.884043   -0.58936197 -0.85130066]
[-0.85130066 -0.9167853  -0.98227    -0.5238773 ]
[-1.5061473 -1.3096933 -1.6371167 -1.1459817]
[-1.9972823 -1.9317976 -2.455675  -1.8335706]
[-2.3901904 -2.5866442 -3.2414908 -2.3901904]
[-2.750356  -2.9140675 -3.6998837 -2.6848712]
[-2.8813252 -3.0122945 -3.8963375 -2.7830982]
[-2.848583  -3.0122945 -3.8635952 -2.7830982]
[-2.7830982 -2.94681   -3.7981105 -2.7176137]
[-2.7176137 -2.8813252 -3.732626  -2.652129 ]
[-2.7176137 -2.8813252 -3.732626  -2.652129 ]
[-2.7176137 -2.8813252 -3.7653682 -2.652129 ]
[-2.7176137 -2.8813252 -3.7653682 -2.652129 ]
[-2.6848712 -2.8813252 -3.732626  -2.6193867]
[-2.652129  -2.848583  -3.6998837 -2.5866442]
[-2.6193867 -2.8158407 -3.6671412 -2.553902 ]
[-2.6193867 -2.7830982 -3.634399  -2.5211596]
[-2.5866442 -2.750356  -3.5689142 -2.5211596]
[-2.5211596 -2.7176137 -3.5034297 -2.455675 ]
[-2.455675  -2.652129  -3.4052026 -2.3247056]
[-2.455675  -2.3574479 -3.3069756 -1.866313 ]
[-2.0300245 -2.3901904 -3.1105216 -1.866313 ]
[-1.866313 -2.160994 -3.045037 -1.96454 ]
[-2.2592208 -2.2592208 -3.2087486 -2.160994 ]
[-2.553902  -2.6848712 -3.3397179 -2.4229326]
[-2.6193867 -2.750356  -3.4706872 -2.5211596]
[-2.6193867 -2.7830982 -3.5034297 -2.553902 ]
[-2.5866442 -2.7830982 -3.4706872 -2.553902 ]
[-2.5211596 -2.7830982 -3.4052026 -2.4884174]
[-2.4884174 -2.7176137 -3.3724604 -2.4229326]
[-2.455675  -2.5866442 -3.3069756 -2.3247056]
[-2.3901904 -2.5211596 -3.2414908 -2.2919633]
[-2.2919633 -2.4884174 -3.1760063 -2.2264786]
[-2.2592208 -2.455675  -3.1432638 -2.160994 ]
[-2.2592208 -2.455675  -3.1105216 -2.160994 ]
[-2.2592208 -2.4884174 -3.0777793 -2.1937363]
[-2.2592208 -2.4884174 -3.1105216 -2.1937363]
[-2.2592208 -2.5211596 -3.1432638 -2.2264786]
[-2.3247056 -2.5211596 -3.1760063 -2.2264786]
[-2.3574479 -2.4884174 -3.2414908 -2.2592208]
[-2.2592208 -2.4884174 -3.1432638 -2.2592208]
[-2.1282516 -2.3247056 -2.8813252 -2.062767 ]
[-1.6698589 -2.0955093 -2.4229326 -1.8335706]
[-1.0150123 -1.6043743 -1.7026013 -1.276951 ]
[-0.65484667 -0.884043   -0.9167853  -0.58936197]
[-0.36016566 -0.42565033 -0.36016566 -0.29468098]
[-0.22919632 -0.32742333 -0.13096933 -0.19645399]
[-0.16371167 -0.32742333 -0.09822699 -0.16371167]
[-0.16371167 -0.29468098 -0.06548467 -0.13096933]
[-0.09822699 -0.32742333 -0.06548467 -0.16371167]
[-0.13096933 -0.36016566 -0.06548467 -0.13096933]
[-0.13096933 -0.32742333 -0.06548467 -0.13096933]
[-0.22919632 -0.42565033 -0.16371167 -0.26193866]
[-0.491135   -0.5238773  -0.45839265 -0.42565033]
[-1.1132393  -0.81855834 -1.0477546  -0.75307363]
[-1.473405  -1.473405  -1.866313  -1.5388896]
[-2.062767  -2.0955093 -2.7176137 -2.0300245]
[-2.3901904 -2.5211596 -3.3069756 -2.3901904]
[-2.4884174 -2.5866442 -3.437945  -2.4229326]
[-2.3901904 -2.5211596 -3.3069756 -2.3247056]
[-2.3574479 -2.2592208 -3.1105216 -1.9317976]
[-1.866313  -2.1937363 -2.7176137 -1.8335706]
[-1.473405  -1.8335706 -2.3574479 -1.5716319]
[-1.8008283 -1.6698589 -2.2919633 -1.2442087]
[-1.7026013 -1.8008283 -2.3247056 -1.375178 ]
[-1.6043743 -1.6371167 -2.455675  -1.3096933]
[-1.5061473 -1.473405  -2.455675  -1.1459817]
[-1.080497  -1.6043743 -2.2919633 -1.276951 ]
[-1.2442087 -1.4079204 -2.160994  -1.0477546]
[-1.375178  -1.4079204 -2.2264786 -1.1459817]
[-1.473405  -1.5388896 -2.2919633 -1.1132393]
[-1.375178  -1.5061473 -2.2919633 -1.1132393]
[-1.3424356 -1.473405  -2.3901904 -1.1132393]
[-1.375178  -1.5061473 -2.5211596 -1.2114663]
[-1.4079204 -1.6371167 -2.6193867 -1.3424356]
[-1.5716319 -1.866313  -2.750356  -1.7353436]
[-2.160994  -2.0300245 -3.0777793 -2.062767 ]
[-2.4884174 -2.6193867 -3.4052026 -2.553902 ]
[-2.750356  -2.8158407 -3.6016567 -2.652129 ]
[-2.7830982 -2.8813252 -3.7653682 -2.7830982]
[-2.94681   -3.0122945 -3.92908   -2.8813252]
[-3.2087486 -3.045037  -4.125534  -2.94681  ]
[-3.2087486 -3.3069756 -4.420215  -3.1760063]
[-3.1432638 -3.1432638 -4.5839267 -2.7830982]
[-3.1105216 -3.0122945 -4.420215  -2.5211596]
[-2.7176137 -2.7176137 -4.35473   -2.7176137]
[-2.9140675 -3.2414908 -4.4856997 -2.94681  ]
[-3.045037  -3.3069756 -4.3874726 -2.9795523]
[-2.94681   -3.1105216 -4.2892456 -2.94681  ]
[-2.9140675 -3.045037  -4.1910186 -2.750356 ]
[-2.7176137 -2.8813252 -4.060049  -2.4884174]
[-2.2919633 -2.6848712 -3.830853  -2.2264786]
[-2.2264786 -2.3901904 -3.634399  -1.866313 ]
[-2.160994  -2.2919633 -3.536172  -1.9317976]
[-2.2919633 -2.3247056 -3.6016567 -2.062767 ]
[-2.4884174 -2.553902  -3.732626  -2.3574479]
[-2.4229326 -2.6193867 -3.6671412 -2.4229326]
[-2.3574479 -2.4229326 -3.3397179 -2.0955093]
[-1.8990552 -2.0300245 -2.652129  -1.7353436]
[-1.4079204 -1.6371167 -1.8008283 -1.1459817]
[-1.0477546  -1.375178   -1.1787239  -0.75307363]
[ 0.45839265 -1.5716319  -0.491135   -0.9495276 ]
[ 0.03274233 -0.5238773  -0.09822699 -0.65484667]
[-0.22919632 -0.7203313  -0.22919632  0.26193866]
[-0.22919632 -0.7203313  -0.26193866  0.26193866]
[-0.26193866 -0.75307363 -0.29468098  0.22919632]
[-0.36016566 -0.81855834 -0.42565033  0.13096933]
[-0.45839265 -1.0150123  -0.65484667 -0.06548467]
[ 0.03274233 -1.6698589  -0.9167853  -0.78581595]
[-1.0477546  -1.5061473  -1.4079204  -0.55661964]
[-1.4079204 -1.6698589 -1.8990552 -1.2442087]
[-1.5716319 -1.8008283 -2.1937363 -1.473405 ]
[-1.5716319 -1.768086  -2.1937363 -1.473405 ]
[-1.5716319 -1.7353436 -2.1282516 -1.4406626]
[-1.6043743 -1.8008283 -2.160994  -1.5388896]
[-1.866313  -1.8990552 -2.3247056 -1.6043743]
[-1.96454   -2.062767  -2.553902  -1.8008283]
[-2.062767  -2.2592208 -2.7830982 -1.96454  ]
[-2.1937363 -2.3574479 -2.94681   -1.96454  ]
[-2.160994  -2.4229326 -2.9795523 -2.062767 ]
[-1.96454   -2.3574479 -2.7830982 -1.96454  ]
[-1.375178  -2.1282516 -2.2919633 -1.6698589]
[-1.080497  -1.4406626 -1.6043743 -0.98227  ]
[-0.98227    -0.78581595 -1.0477546  -0.5238773 ]
[-0.45839265 -0.81855834 -0.75307363 -0.65484667]
[-0.26193866 -0.9495276  -0.65484667 -0.5238773 ]
[-0.5238773  -0.58936197 -0.491135   -0.22919632]
[-0.687589   -0.39290798 -0.55661964 -0.16371167]
[-0.26193866 -0.9167853  -0.62210435 -0.7203313 ]
[-0.75307363 -0.78581595 -0.9167853  -0.55661964]
[-1.5061473 -1.3424356 -1.5716319 -1.1132393]
[-1.9317976 -1.9317976 -2.4229326 -1.8990552]
[-2.455675  -2.6193867 -3.1760063 -2.3901904]
[-2.7830982 -2.9140675 -3.6998837 -2.6848712]
[-2.8813252 -3.045037  -3.8963375 -2.8158407]
[-2.848583  -3.0122945 -3.8635952 -2.7830982]
[-2.750356  -2.94681   -3.7653682 -2.6848712]
[-2.7176137 -2.8813252 -3.6998837 -2.652129 ]
[-2.7176137 -2.848583  -3.6998837 -2.6193867]
[-2.7176137 -2.8813252 -3.732626  -2.6193867]
[-2.7176137 -2.8813252 -3.7653682 -2.652129 ]
[-2.6848712 -2.8813252 -3.732626  -2.6193867]
[-2.652129  -2.848583  -3.732626  -2.5866442]
[-2.6193867 -2.8158407 -3.6671412 -2.553902 ]
[-2.6193867 -2.7830982 -3.6671412 -2.5211596]
[-2.6193867 -2.848583  -3.634399  -2.553902 ]
[-2.6193867 -2.7830982 -3.6016567 -2.5211596]
[-2.5866442 -2.7830982 -3.5034297 -2.4884174]
[-2.5866442 -2.6848712 -3.437945  -2.3901904]
[-2.4884174 -2.652129  -3.3397179 -2.3901904]
[-2.455675  -2.6848712 -3.3724604 -2.4229326]
[-2.553902  -2.7176137 -3.4052026 -2.455675 ]
[-2.6193867 -2.750356  -3.4706872 -2.5211596]
[-2.5866442 -2.7830982 -3.5034297 -2.5211596]
[-2.5211596 -2.750356  -3.5034297 -2.4884174]
[-2.4884174 -2.6848712 -3.437945  -2.455675 ]
[-2.4229326 -2.6848712 -3.3724604 -2.455675 ]
[-2.4884174 -2.652129  -3.3397179 -2.3574479]
[-2.4229326 -2.553902  -3.2742333 -2.3247056]
[-2.3574479 -2.4884174 -3.2087486 -2.2264786]
[-2.2592208 -2.455675  -3.1105216 -2.160994 ]
[-2.2264786 -2.4229326 -3.0777793 -2.160994 ]
[-2.2592208 -2.455675  -3.0777793 -2.160994 ]
[-2.2919633 -2.4884174 -3.0777793 -2.1937363]
[-2.2592208 -2.5211596 -3.1105216 -2.2264786]
[-2.2592208 -2.553902  -3.1432638 -2.2264786]
[-2.2919633 -2.5211596 -3.2087486 -2.2592208]
[-2.3574479 -2.5211596 -3.2414908 -2.2592208]
[-2.2592208 -2.4884174 -3.1105216 -2.2592208]
[-2.0955093 -2.2919633 -2.8158407 -2.0300245]
[-1.5716319 -2.0300245 -2.2919633 -1.7353436]
[-0.9495276 -1.473405  -1.5061473 -1.1787239]
[-0.58936197 -0.78581595 -0.78581595 -0.5238773 ]
[-0.32742333 -0.42565033 -0.32742333 -0.29468098]
[-0.26193866 -0.36016566 -0.19645399 -0.22919632]
[-0.29468098 -0.39290798 -0.16371167 -0.22919632]
[-0.36016566 -0.36016566 -0.16371167 -0.16371167]
[-0.29468098 -0.39290798 -0.13096933 -0.19645399]
[-0.32742333 -0.42565033 -0.13096933 -0.19645399]
[-0.19645399 -0.491135   -0.16371167 -0.22919632]
[-0.22919632 -0.5238773  -0.22919632 -0.26193866]
[-0.36016566 -0.5238773  -0.36016566 -0.39290798]
[-0.884043   -0.7203313  -0.85130066 -0.62210435]
[-1.3424356 -1.3096933 -1.6043743 -1.3096933]
[-1.8990552 -1.8990552 -2.4884174 -1.866313 ]
[-2.2919633 -2.455675  -3.1760063 -2.3247056]
[-2.455675  -2.6193867 -3.4052026 -2.455675 ]
[-2.4884174 -2.6193867 -3.3724604 -2.4884174]
[-2.5211596 -2.5866442 -3.2414908 -2.3574479]
[-2.3901904 -2.553902  -3.0777793 -2.2592208]
[-2.1937363 -2.455675  -2.9140675 -2.1937363]
[-2.2264786 -2.3574479 -2.8813252 -2.160994 ]
[-2.2592208 -2.455675  -2.9140675 -2.2592208]
[-2.2919633 -2.3901904 -2.9140675 -2.160994 ]
[-2.2919633 -2.2592208 -2.8813252 -1.866313 ]
[-1.9972823 -2.2592208 -2.750356  -1.9317976]
[-1.9972823 -2.0300245 -2.750356  -1.8990552]
[-2.1282516 -2.2264786 -2.750356  -1.9972823]
[-2.1282516 -2.2264786 -2.7830982 -1.9972823]
[-2.160994  -2.2592208 -2.8158407 -2.0300245]
[-2.160994  -2.2264786 -2.848583  -2.0300245]
[-2.2592208 -2.2592208 -2.9140675 -1.9972823]
[-2.1937363 -2.2592208 -2.9795523 -2.062767 ]
[-2.2592208 -2.3247056 -3.1105216 -2.1937363]
[-2.4229326 -2.3901904 -3.2742333 -2.3574479]
[-2.5866442 -2.652129  -3.4052026 -2.553902 ]
[-2.6848712 -2.7830982 -3.6016567 -2.6848712]
[-2.750356  -2.8813252 -3.7653682 -2.7830982]
[-2.94681   -2.9795523 -3.8963375 -2.848583 ]
[-3.1105216 -3.0777793 -4.158276  -3.045037 ]
[-3.2742333 -3.3069756 -4.3874726 -3.1760063]
[-3.1760063 -3.3724604 -4.4856997 -3.1432638]
[-3.2087486 -3.2087486 -4.551184  -3.0122945]
[-2.9140675 -3.2742333 -4.452957  -3.2414908]
[-3.0122945 -3.4706872 -4.321988  -3.0122945]
[-3.1432638 -3.3724604 -4.321988  -2.8813252]
[-3.0122945 -3.2087486 -4.2892456 -2.94681  ]
[-3.045037  -3.0777793 -4.256503  -2.8813252]
[-3.045037  -3.045037  -4.1910186 -2.750356 ]
[-2.8813252 -3.045037  -4.0927916 -2.750356 ]
[-2.8813252 -2.94681   -4.060049  -2.6848712]
[-2.848583  -3.0122945 -3.9945645 -2.7830982]
[-2.8813252 -2.94681   -3.9618223 -2.750356 ]
[-2.8813252 -2.9795523 -3.92908   -2.7176137]
[-2.652129  -2.8813252 -3.7653682 -2.5866442]
[-2.4229326 -2.3901904 -3.3069756 -2.0300245]
[-1.8990552 -1.9317976 -2.553902  -1.5716319]
[-1.2442087 -1.5061473 -1.8008283 -1.1459817]
[-0.9167853 -1.375178  -1.2114663 -0.7203313]
[ 0.65484667 -1.6698589  -0.5238773  -0.98227   ]
[ 0.39290798 -0.5238773  -0.13096933 -0.5238773 ]
[ 0.19645399 -0.45839265 -0.16371167  0.39290798]
[ 0.09822699 -0.491135   -0.19645399  0.36016566]
[-0.03274233 -0.58936197 -0.26193866  0.26193866]
[-0.19645399 -0.7203313  -0.39290798  0.16371167]
[-0.42565033 -0.9167853  -0.65484667 -0.03274233]
[ 0.         -1.6043743  -0.9495276  -0.78581595]
[-1.080497   -1.5061473  -1.473405   -0.62210435]
[-1.5061473 -1.7026013 -1.9317976 -1.276951 ]
[-1.6698589 -1.866313  -2.2592208 -1.5388896]
[-1.7026013 -1.8990552 -2.2919633 -1.5716319]
[-1.7026013 -1.866313  -2.1937363 -1.5388896]
[-1.7353436 -1.9317976 -2.2592208 -1.6371167]
[-1.96454   -1.9972823 -2.4229326 -1.6698589]
[-2.0300245 -2.160994  -2.652129  -1.866313 ]
[-2.1282516 -2.3247056 -2.848583  -1.9972823]
[-2.1937363 -2.3901904 -2.9795523 -2.062767 ]
[-2.1937363 -2.455675  -2.9795523 -2.062767 ]
[-1.96454   -2.3247056 -2.750356  -1.8990552]
[-1.3424356 -2.0300245 -2.1937363 -1.6043743]
[-1.080497  -1.3424356 -1.5716319 -0.9167853]
[-1.080497   -0.7203313  -1.0477546  -0.45839265]
[-0.42565033 -0.884043   -0.81855834 -0.75307363]
[-0.29468098 -1.0150123  -0.687589   -0.491135  ]
[-0.58936197 -0.65484667 -0.55661964 -0.26193866]
[-0.491135   -0.491135   -0.55661964 -0.36016566]
[-0.5238773  -0.85130066 -0.62210435 -0.491135  ]
[-0.65484667 -0.85130066 -0.9167853  -0.75307363]
[-1.5388896 -1.276951  -1.5716319 -1.080497 ]
[-1.96454   -1.9972823 -2.3901904 -1.8990552]
[-2.455675  -2.5866442 -3.1760063 -2.3901904]
[-2.7830982 -2.94681   -3.6998837 -2.7176137]
[-2.8813252 -3.045037  -3.8635952 -2.8158407]
[-2.8158407 -3.0122945 -3.830853  -2.750356 ]
[-2.750356  -2.9140675 -3.7653682 -2.6848712]
[-2.6848712 -2.8813252 -3.6998837 -2.6193867]
[-2.6848712 -2.848583  -3.6998837 -2.6193867]
[-2.6848712 -2.8813252 -3.732626  -2.6193867]
[-2.7176137 -2.8813252 -3.732626  -2.6193867]
[-2.6848712 -2.8813252 -3.7653682 -2.6193867]
[-2.6848712 -2.848583  -3.732626  -2.5866442]
[-2.652129  -2.848583  -3.6998837 -2.5866442]
[-2.6193867 -2.848583  -3.6998837 -2.6193867]
[-2.6848712 -2.848583  -3.6998837 -2.553902 ]
[-2.6848712 -2.848583  -3.6671412 -2.5866442]
[-2.6193867 -2.7830982 -3.6016567 -2.5866442]
[-2.652129  -2.8158407 -3.536172  -2.5211596]
[-2.553902  -2.7830982 -3.5034297 -2.553902 ]
[-2.6193867 -2.7830982 -3.5034297 -2.5211596]
[-2.652129  -2.8158407 -3.536172  -2.5211596]
[-2.6193867 -2.7830982 -3.5689142 -2.553902 ]
[-2.553902  -2.750356  -3.5034297 -2.4884174]
[-2.5211596 -2.652129  -3.437945  -2.3901904]
[-2.4884174 -2.6193867 -3.4052026 -2.3574479]
[-2.3901904 -2.6193867 -3.3724604 -2.4229326]
[-2.455675  -2.5866442 -3.3397179 -2.3247056]
[-2.3901904 -2.5211596 -3.2414908 -2.2919633]
[-2.3247056 -2.4884174 -3.1760063 -2.2264786]
[-2.2592208 -2.4229326 -3.0777793 -2.160994 ]
[-2.2264786 -2.4229326 -3.045037  -2.1282516]
[-2.2919633 -2.4229326 -3.0777793 -2.1282516]
[-2.2919633 -2.4884174 -3.0777793 -2.1937363]
[-2.2264786 -2.5211596 -3.0777793 -2.2264786]
[-2.2592208 -2.553902  -3.1432638 -2.2264786]
[-2.2919633 -2.553902  -3.2087486 -2.2592208]
[-2.3574479 -2.5211596 -3.2414908 -2.2592208]
[-2.2592208 -2.455675  -3.0777793 -2.2264786]
[-2.0300245 -2.2592208 -2.750356  -2.0300245]
[-1.473405  -1.96454   -2.1282516 -1.6698589]
[-0.85130066 -1.375178   -1.3424356  -1.0477546 ]
[-0.5238773  -0.7203313  -0.65484667 -0.45839265]
[-0.32742333 -0.39290798 -0.26193866 -0.26193866]
[-0.39290798 -0.36016566 -0.19645399 -0.22919632]
[-0.491135   -0.42565033 -0.26193866 -0.29468098]
[-0.687589   -0.491135   -0.29468098 -0.29468098]
[-0.687589   -0.65484667 -0.29468098 -0.42565033]
[-0.687589   -0.81855834 -0.32742333 -0.45839265]
[-0.39290798 -0.98227    -0.36016566 -0.55661964]
[-0.36016566 -0.85130066 -0.32742333 -0.32742333]
[-0.39290798 -0.62210435 -0.39290798 -0.36016566]
[-0.75307363 -0.65484667 -0.75307363 -0.5238773 ]
[-1.375178  -1.1132393 -1.4406626 -1.080497 ]
[-1.8335706 -1.8008283 -2.3247056 -1.8008283]
[-2.2592208 -2.455675  -3.1105216 -2.2919633]
[-2.4884174 -2.652129  -3.4052026 -2.455675 ]
[-2.5866442 -2.6848712 -3.4706872 -2.5211596]
[-2.553902  -2.750356  -3.437945  -2.6193867]
[-2.6193867 -2.7830982 -3.3724604 -2.553902 ]
[-2.553902  -2.7830982 -3.3397179 -2.5866442]
[-2.5866442 -2.7176137 -3.3397179 -2.4884174]
[-2.553902  -2.7176137 -3.3069756 -2.4884174]
[-2.4229326 -2.652129  -3.3069756 -2.4884174]
[-2.455675  -2.6193867 -3.2414908 -2.4229326]
[-2.455675  -2.6193867 -3.2087486 -2.4229326]
[-2.4884174 -2.652129  -3.2087486 -2.455675 ]
[-2.455675  -2.6848712 -3.2414908 -2.4884174]
[-2.4884174 -2.652129  -3.2087486 -2.455675 ]
[-2.4884174 -2.6193867 -3.1760063 -2.4229326]
[-2.455675  -2.6848712 -3.1760063 -2.4884174]
[-2.5211596 -2.652129  -3.2414908 -2.4884174]
[-2.5211596 -2.6848712 -3.2742333 -2.5211596]
[-2.553902  -2.6848712 -3.3397179 -2.5211596]
[-2.5866442 -2.6848712 -3.3724604 -2.5211596]
[-2.5866442 -2.7176137 -3.437945  -2.6193867]
[-2.6848712 -2.7830982 -3.5689142 -2.652129 ]
[-2.7830982 -2.9140675 -3.732626  -2.750356 ]
[-2.9140675 -2.9140675 -3.8963375 -2.8158407]
[-3.1432638 -3.1105216 -4.125534  -2.9795523]
[-3.2414908 -3.2742333 -4.321988  -3.1432638]
[-3.2087486 -3.4052026 -4.452957  -3.2414908]
[-3.3069756 -3.2087486 -4.5184417 -2.9140675]
[-3.1432638 -3.2414908 -4.3874726 -2.9140675]
[-2.94681   -3.1432638 -4.2892456 -3.045037 ]
[-3.0777793 -3.3724604 -4.35473   -3.045037 ]
[-3.1760063 -3.437945  -4.3874726 -3.0122945]
[-3.1105216 -3.2742333 -4.35473   -3.045037 ]
[-3.1432638 -3.2742333 -4.35473   -3.1105216]
[-3.2087486 -3.3724604 -4.321988  -3.1760063]
[-3.2742333 -3.3724604 -4.321988  -3.1432638]
[-3.2414908 -3.3724604 -4.256503  -3.0777793]
[-3.0777793 -3.2742333 -4.158276  -3.0122945]
[-2.94681   -3.1105216 -4.027307  -2.848583 ]
[-2.750356  -2.9140675 -3.732626  -2.5866442]
[-2.455675  -2.4229326 -3.2414908 -2.062767 ]
[-1.9972823 -1.866313  -2.5211596 -1.473405 ]
[-1.1787239 -1.5061473 -1.7353436 -1.0477546]
[-0.75307363 -1.2114663  -1.1787239  -0.5238773 ]
[ 0.81855834 -1.5716319  -0.45839265 -0.884043  ]
[ 0.36016566 -0.29468098 -0.03274233 -0.06548467]
[ 0.491135    0.03274233 -0.03274233  0.65484667]
[ 0.491135    0.         -0.06548467  0.62210435]
[ 0.491135   -0.09822699 -0.16371167  0.5238773 ]
[ 0.32742333 -0.22919632 -0.29468098  0.39290798]
[ 0.09822699 -0.491135   -0.58936197  0.13096933]
[ 0.03274233 -1.080497   -0.85130066 -0.5238773 ]
[-1.0150123  -1.1787239  -1.375178   -0.62210435]
[-1.5716319 -1.7026013 -1.96454   -1.3424356]
[-1.768086  -1.96454   -2.2919633 -1.6698589]
[-1.8335706 -2.0300245 -2.3901904 -1.7026013]
[-1.8008283 -2.0300245 -2.3574479 -1.7026013]
[-1.866313  -2.0955093 -2.4229326 -1.7353436]
[-2.062767  -2.0955093 -2.553902  -1.768086 ]
[-2.1282516 -2.2592208 -2.7176137 -1.96454  ]
[-2.1937363 -2.3574479 -2.8813252 -2.0300245]
[-2.2264786 -2.4229326 -2.9795523 -2.0955093]
[-2.160994  -2.4229326 -2.94681   -2.062767 ]
[-1.96454   -2.3247056 -2.750356  -1.8990552]
[-1.3096933 -2.0300245 -2.1937363 -1.6043743]
[-1.0150123 -1.375178  -1.5716319 -0.9167853]
[-1.276951   -0.65484667 -1.0477546  -0.36016566]
[-0.55661964 -0.9167853  -0.78581595 -0.81855834]
[-0.26193866 -1.2114663  -0.75307363 -0.65484667]
[-0.62210435 -0.78581595 -0.687589   -0.22919632]
[-0.39290798 -0.58936197 -0.491135   -0.39290798]
[-0.491135   -0.65484667 -0.58936197 -0.39290798]
[-0.7203313  -0.9495276  -0.9167853  -0.78581595]
[-1.5061473 -1.276951  -1.5716319 -1.080497 ]
[-1.9972823 -2.0300245 -2.4229326 -1.9317976]
[-2.5211596 -2.6193867 -3.2087486 -2.4229326]
[-2.7830982 -2.9795523 -3.6998837 -2.750356 ]
[-2.848583  -3.045037  -3.8635952 -2.7830982]
[-2.7830982 -2.94681   -3.7981105 -2.7176137]
[-2.7176137 -2.8813252 -3.732626  -2.652129 ]
[-2.6848712 -2.848583  -3.6998837 -2.5866442]
[-2.6848712 -2.848583  -3.6998837 -2.5866442]
[-2.6848712 -2.8813252 -3.732626  -2.6193867]
[-2.7176137 -2.8813252 -3.7653682 -2.652129 ]
[-2.7176137 -2.8813252 -3.7653682 -2.6193867]
[-2.7176137 -2.8813252 -3.7653682 -2.6193867]
[-2.7176137 -2.848583  -3.7653682 -2.6193867]
[-2.6848712 -2.9140675 -3.732626  -2.652129 ]
[-2.7176137 -2.848583  -3.732626  -2.6193867]
[-2.7176137 -2.848583  -3.6998837 -2.6193867]
[-2.652129  -2.848583  -3.634399  -2.6193867]
[-2.6193867 -2.7830982 -3.5689142 -2.5211596]
[-2.6193867 -2.7830982 -3.536172  -2.4884174]
[-2.5866442 -2.7830982 -3.5689142 -2.553902 ]
[-2.6193867 -2.7830982 -3.5689142 -2.553902 ]
[-2.5866442 -2.7830982 -3.5689142 -2.5211596]
[-2.5211596 -2.7176137 -3.5034297 -2.4884174]
[-2.4884174 -2.652129  -3.437945  -2.4229326]
[-2.5211596 -2.6193867 -3.4052026 -2.3901904]
[-2.455675  -2.652129  -3.3724604 -2.4229326]
[-2.455675  -2.5866442 -3.3397179 -2.3574479]
[-2.3901904 -2.553902  -3.2742333 -2.3247056]
[-2.3574479 -2.4884174 -3.1760063 -2.2264786]
[-2.2919633 -2.455675  -3.1105216 -2.160994 ]
[-2.2592208 -2.4229326 -3.045037  -2.1282516]
[-2.2919633 -2.4229326 -3.045037  -2.1282516]
[-2.2592208 -2.455675  -3.045037  -2.160994 ]
[-2.2592208 -2.4884174 -3.045037  -2.160994 ]
[-2.2592208 -2.5211596 -3.0777793 -2.1937363]
[-2.3247056 -2.553902  -3.1760063 -2.2592208]
[-2.3574479 -2.553902  -3.2087486 -2.2919633]
[-2.3247056 -2.4884174 -3.0777793 -2.2264786]
[-1.9972823 -2.2592208 -2.7176137 -1.9972823]
[-1.4406626 -1.8990552 -2.062767  -1.6043743]
[-0.78581595 -1.3424356  -1.2442087  -0.98227   ]
[-0.491135   -0.687589   -0.58936197 -0.39290798]
[-0.32742333 -0.36016566 -0.22919632 -0.22919632]
[-0.491135   -0.29468098 -0.19645399 -0.22919632]
[-0.55661964 -0.5238773  -0.36016566 -0.42565033]
[-0.65484667 -0.7203313  -0.491135   -0.491135  ]
[-0.5238773  -0.884043   -0.55661964 -0.62210435]
[-0.75307363 -0.884043   -0.491135   -0.45839265]
[-0.22919632 -1.1787239  -0.39290798 -0.687589  ]
[-0.36016566 -1.1132393  -0.42565033 -0.32742333]
[-0.45839265 -0.687589   -0.39290798 -0.26193866]
[-0.687589   -0.65484667 -0.687589   -0.55661964]
[-1.3096933 -1.080497  -1.4079204 -1.0477546]
[-1.6698589 -1.8008283 -2.2919633 -1.8335706]
[-2.1937363 -2.3901904 -3.0122945 -2.1937363]
[-2.5211596 -2.652129  -3.4052026 -2.4229326]
[-2.652129  -2.750356  -3.5689142 -2.553902 ]
[-2.652129  -2.8158407 -3.5689142 -2.652129 ]
[-2.7176137 -2.8158407 -3.5689142 -2.652129 ]
[-2.7176137 -2.848583  -3.5689142 -2.7176137]
[-2.7176137 -2.848583  -3.5689142 -2.6848712]
[-2.652129  -2.7830982 -3.5689142 -2.652129 ]
[-2.6193867 -2.7830982 -3.5034297 -2.5866442]
[-2.6193867 -2.7176137 -3.5034297 -2.5211596]
[-2.6193867 -2.750356  -3.5034297 -2.5866442]
[-2.652129  -2.7830982 -3.5034297 -2.6193867]
[-2.652129  -2.7830982 -3.4706872 -2.5866442]
[-2.6193867 -2.750356  -3.437945  -2.5866442]
[-2.5866442 -2.7176137 -3.4052026 -2.5866442]
[-2.6193867 -2.750356  -3.4052026 -2.5866442]
[-2.6193867 -2.750356  -3.437945  -2.5866442]
[-2.5866442 -2.750356  -3.4706872 -2.5866442]
[-2.553902  -2.7176137 -3.437945  -2.553902 ]
[-2.5866442 -2.6848712 -3.437945  -2.5211596]
[-2.5866442 -2.7176137 -3.4706872 -2.5866442]
[-2.652129  -2.7830982 -3.536172  -2.652129 ]
[-2.750356 -2.848583 -3.732626 -2.750356]
[-2.9140675 -2.9795523 -3.8963375 -2.848583 ]
[-3.1105216 -3.0777793 -4.0927916 -2.9795523]
[-3.2414908 -3.2742333 -4.2892456 -3.1432638]
[-3.2414908 -3.437945  -4.420215  -3.2742333]
[-3.2742333 -3.3724604 -4.452957  -3.1105216]
[-3.2742333 -3.3397179 -4.4856997 -3.045037 ]
[-3.1105216 -3.3724604 -4.452957  -3.2414908]
[-2.9795523 -3.4706872 -4.420215  -3.2087486]
[-3.2414908 -3.4706872 -4.420215  -3.0122945]
[-3.1432638 -3.3397179 -4.420215  -3.0777793]
[-3.2087486 -3.3397179 -4.420215  -3.0777793]
[-3.2414908 -3.3397179 -4.3874726 -3.1760063]
[-3.2414908 -3.4052026 -4.3874726 -3.2087486]
[-3.2087486 -3.4052026 -4.35473   -3.1760063]
[-3.1432638 -3.2742333 -4.223761  -2.9795523]
[-2.9795523 -3.1105216 -4.027307  -2.848583 ]
[-2.652129  -2.8813252 -3.732626  -2.6193867]
[-2.3901904 -2.3901904 -3.1760063 -2.0300245]
[-1.9972823 -1.8008283 -2.4229326 -1.375178 ]
[-1.1459817 -1.4406626 -1.6698589 -0.98227  ]
[-0.687589   -1.2114663  -1.1132393  -0.45839265]
[ 0.9495276  -1.5388896  -0.45839265 -0.85130066]
[-0.16371167 -0.19645399  0.09822699 -0.16371167]
[-0.19645399 -0.26193866 -0.03274233  0.36016566]
[-0.16371167 -0.19645399 -0.03274233  0.42565033]
[-0.09822699 -0.16371167 -0.06548467  0.45839265]
[-0.16371167 -0.19645399 -0.22919632  0.39290798]
[-0.26193866 -0.36016566 -0.55661964  0.16371167]
[-0.29468098 -0.85130066 -0.884043   -0.45839265]
[-0.9495276  -1.0477546  -1.375178   -0.85130066]
[-1.5061473 -1.6698589 -1.866313  -1.375178 ]
[-1.7353436 -1.96454   -2.2264786 -1.6698589]
[-1.8335706 -2.0300245 -2.3574479 -1.7026013]
[-1.8990552 -2.062767  -2.3901904 -1.7353436]
[-1.8990552 -2.1282516 -2.455675  -1.8008283]
[-2.0300245 -2.160994  -2.5866442 -1.8335706]
[-2.062767  -2.2264786 -2.652129  -1.9317976]
[-2.160994  -2.2592208 -2.750356  -1.8990552]
[-2.1282516 -2.3574479 -2.848583  -2.0300245]
[-2.0955093 -2.3901904 -2.848583  -2.0300245]
[-1.9317976 -2.2592208 -2.6848712 -1.866313 ]
[-1.276951  -1.9972823 -2.1937363 -1.5716319]
[-0.98227    -1.3096933  -1.5716319  -0.85130066]
[-1.1787239  -0.62210435 -1.1132393  -0.32742333]
[-0.36016566 -0.9495276  -0.884043   -0.884043  ]
[-0.13096933 -1.2442087  -0.7203313  -0.65484667]
[-0.62210435 -0.81855834 -0.62210435 -0.09822699]
[-0.491135   -0.5238773  -0.491135   -0.29468098]
[-0.39290798 -0.55661964 -0.55661964 -0.45839265]
[-0.75307363 -0.98227    -0.9167853  -0.7203313 ]
[-1.5061473 -1.2442087 -1.5716319 -1.1132393]
[-2.0300245 -2.062767  -2.455675  -1.96454  ]
[-2.553902  -2.652129  -3.2414908 -2.455675 ]
[-2.8158407 -2.94681   -3.6671412 -2.750356 ]
[-2.848583  -3.0122945 -3.7981105 -2.750356 ]
[-2.7830982 -2.9140675 -3.7653682 -2.6848712]
[-2.7176137 -2.8813252 -3.732626  -2.652129 ]
[-2.6848712 -2.8813252 -3.6998837 -2.6193867]
[-2.6848712 -2.8813252 -3.6998837 -2.6193867]
[-2.7176137 -2.8813252 -3.732626  -2.6193867]
[-2.750356  -2.8813252 -3.732626  -2.6193867]
[-2.6848712 -2.9140675 -3.7653682 -2.652129 ]
[-2.7176137 -2.8813252 -3.7653682 -2.652129 ]
[-2.7176137 -2.8813252 -3.732626  -2.6193867]
[-2.6848712 -2.8813252 -3.732626  -2.652129 ]
[-2.7176137 -2.848583  -3.732626  -2.6193867]
[-2.652129  -2.848583  -3.6998837 -2.6193867]
[-2.652129  -2.8158407 -3.6671412 -2.553902 ]
[-2.5866442 -2.7830982 -3.6016567 -2.553902 ]
[-2.6193867 -2.7830982 -3.5689142 -2.5211596]
[-2.5866442 -2.7830982 -3.5689142 -2.553902 ]
[-2.6193867 -2.7830982 -3.5689142 -2.5211596]
[-2.553902  -2.750356  -3.5689142 -2.5211596]
[-2.5211596 -2.7176137 -3.5034297 -2.455675 ]
[-2.4884174 -2.652129  -3.4706872 -2.4229326]
[-2.4884174 -2.6193867 -3.4052026 -2.4229326]
[-2.4229326 -2.652129  -3.3724604 -2.4229326]
[-2.455675  -2.5866442 -3.3397179 -2.3574479]
[-2.4229326 -2.5866442 -3.2742333 -2.3247056]
[-2.3901904 -2.5211596 -3.2087486 -2.2592208]
[-2.3574479 -2.4884174 -3.1432638 -2.2264786]
[-2.2919633 -2.455675  -3.0777793 -2.1937363]
[-2.2592208 -2.4229326 -3.0122945 -2.1282516]
[-2.2264786 -2.4229326 -2.9795523 -2.1282516]
[-2.1937363 -2.455675  -2.9795523 -2.1282516]
[-2.1937363 -2.4884174 -3.045037  -2.1937363]
[-2.2592208 -2.553902  -3.1105216 -2.2264786]
[-2.3574479 -2.5866442 -3.1760063 -2.2919633]
[-2.3247056 -2.4884174 -3.0777793 -2.2264786]
[-1.9972823 -2.2592208 -2.6848712 -1.9972823]
[-1.4079204 -1.8990552 -2.0300245 -1.6043743]
[-0.78581595 -1.3096933  -1.1787239  -0.98227   ]
[-0.5238773  -0.65484667 -0.5238773  -0.36016566]
[-0.32742333 -0.29468098 -0.16371167 -0.19645399]
[-0.45839265 -0.26193866 -0.16371167 -0.16371167]
[-0.39290798 -0.5238773  -0.36016566 -0.42565033]
[-0.39290798 -0.7203313  -0.5238773  -0.29468098]
[-0.42565033 -0.58936197 -0.5238773  -0.13096933]
[-0.62210435 -0.36016566 -0.45839265 -0.03274233]
[-0.16371167 -0.81855834 -0.39290798 -0.55661964]
[-0.22919632 -1.1132393  -0.42565033 -0.36016566]
[-0.491135   -0.9167853  -0.491135   -0.29468098]
[-0.65484667 -0.75307363 -0.687589   -0.58936197]
[-1.3096933 -1.0477546 -1.375178  -0.9495276]
[-1.6698589 -1.768086  -2.2264786 -1.7026013]
[-2.160994  -2.2592208 -3.0122945 -2.1282516]
[-2.455675  -2.5866442 -3.437945  -2.4884174]
[-2.652129  -2.750356  -3.634399  -2.5866442]
[-2.6848712 -2.8158407 -3.634399  -2.6848712]
[-2.750356  -2.848583  -3.634399  -2.7176137]
[-2.750356  -2.9140675 -3.634399  -2.7830982]
[-2.750356  -2.8813252 -3.6671412 -2.7176137]
[-2.7176137 -2.8813252 -3.634399  -2.6848712]
[-2.6848712 -2.8158407 -3.634399  -2.6848712]
[-2.7176137 -2.848583  -3.6671412 -2.6848712]
[-2.750356  -2.848583  -3.6671412 -2.7176137]
[-2.750356  -2.8813252 -3.634399  -2.7176137]
[-2.7176137 -2.848583  -3.6016567 -2.7176137]
[-2.7176137 -2.8158407 -3.6016567 -2.6848712]
[-2.7176137 -2.848583  -3.5689142 -2.6848712]
[-2.6848712 -2.8158407 -3.5689142 -2.6848712]
[-2.7176137 -2.848583  -3.6016567 -2.6848712]
[-2.6848712 -2.8158407 -3.5689142 -2.6193867]
[-2.5866442 -2.7830982 -3.536172  -2.6193867]
[-2.5866442 -2.6848712 -3.4706872 -2.553902 ]
[-2.5866442 -2.7176137 -3.4706872 -2.553902 ]
[-2.652129  -2.750356  -3.536172  -2.6193867]
[-2.750356  -2.848583  -3.6998837 -2.7176137]
[-2.9140675 -2.94681   -3.8635952 -2.8158407]
[-3.1105216 -3.0777793 -4.0927916 -2.9795523]
[-3.2414908 -3.2742333 -4.321988  -3.1432638]
[-3.3069756 -3.437945  -4.452957  -3.2742333]
[-3.3069756 -3.4706872 -4.5184417 -3.2742333]
[-3.3397179 -3.4052026 -4.5839267 -3.1432638]
[-3.2742333 -3.4052026 -4.5839267 -3.1105216]
[-2.9140675 -3.3724604 -4.4856997 -3.2087486]
[-3.1105216 -3.2742333 -4.452957  -2.9795523]
[-3.1760063 -3.3069756 -4.420215  -3.045037 ]
[-3.2087486 -3.3069756 -4.452957  -3.0777793]
[-3.2087486 -3.3724604 -4.452957  -3.1760063]
[-3.2087486 -3.3724604 -4.420215  -3.1432638]
[-3.1760063 -3.3397179 -4.35473   -3.0777793]
[-3.045037  -3.2414908 -4.223761  -3.0122945]
[-2.94681   -3.0777793 -4.060049  -2.8158407]
[-2.7176137 -2.8158407 -3.6998837 -2.5211596]
[-2.3574479 -2.3247056 -3.1432638 -1.96454  ]
[-1.8990552 -1.7353436 -2.3901904 -1.3424356]
[-1.0477546 -1.4406626 -1.6371167 -0.9495276]
[-0.687589   -1.1132393  -1.0477546  -0.39290798]
[ 0.9495276  -1.5716319  -0.39290798 -0.85130066]
[-0.32742333 -0.45839265 -0.03274233 -0.75307363]
[-0.65484667 -0.98227    -0.22919632 -0.29468098]
[-0.65484667 -0.9495276  -0.16371167 -0.26193866]
[-0.62210435 -0.9495276  -0.16371167 -0.26193866]
[-0.75307363 -0.98227    -0.32742333 -0.29468098]
[-0.9167853  -1.1132393  -0.55661964 -0.45839265]
[-1.080497  -1.3096933 -0.884043  -0.7203313]
[-1.3096933 -1.5061473 -1.276951  -1.0150123]
[-1.4406626 -1.7353436 -1.6698589 -1.3424356]
[-1.6371167 -1.8990552 -1.9317976 -1.473405 ]
[-1.6371167 -1.8990552 -2.0955093 -1.5716319]
[-1.7353436 -1.8990552 -2.1937363 -1.6043743]
[-1.7353436 -1.9317976 -2.2592208 -1.6698589]
[-1.866313  -1.9317976 -2.3247056 -1.6043743]
[-1.866313  -1.96454   -2.3901904 -1.7026013]
[-1.8990552 -2.062767  -2.4884174 -1.768086 ]
[-1.8990552 -2.1937363 -2.5866442 -1.8335706]
[-1.9317976 -2.2264786 -2.6193867 -1.8335706]
[-1.768086  -2.0955093 -2.4884174 -1.7353436]
[-1.2442087 -1.8990552 -2.0955093 -1.473405 ]
[-0.9495276  -1.276951   -1.5061473  -0.85130066]
[-0.9495276  -0.58936197 -1.1132393  -0.26193866]
[-0.32742333 -0.78581595 -0.85130066 -0.5238773 ]
[ 0.03274233 -0.884043   -0.62210435 -0.491135  ]
[-0.45839265 -0.687589   -0.58936197 -0.16371167]
[-0.7203313  -0.58936197 -0.5238773  -0.26193866]
[-0.32742333 -0.7203313  -0.58936197 -0.62210435]
[-0.81855834 -1.0477546  -0.9495276  -0.687589  ]
[-1.5061473 -1.276951  -1.6043743 -1.1459817]
[-2.0300245 -2.0300245 -2.455675  -1.96454  ]
[-2.5211596 -2.6193867 -3.2087486 -2.455675 ]
[-2.750356  -2.9140675 -3.634399  -2.7176137]
[-2.7830982 -2.9795523 -3.732626  -2.7176137]
[-2.750356  -2.9140675 -3.6998837 -2.652129 ]
[-2.7176137 -2.8813252 -3.6671412 -2.6193867]
[-2.7176137 -2.8813252 -3.6671412 -2.6193867]
[-2.6848712 -2.8813252 -3.6998837 -2.6193867]
[-2.7176137 -2.8813252 -3.6998837 -2.6193867]
[-2.7176137 -2.8813252 -3.732626  -2.652129 ]
[-2.6848712 -2.9140675 -3.732626  -2.652129 ]
[-2.750356  -2.8813252 -3.732626  -2.6193867]
[-2.7176137 -2.8813252 -3.732626  -2.652129 ]
[-2.6848712 -2.8813252 -3.732626  -2.652129 ]
[-2.7176137 -2.8813252 -3.732626  -2.6193867]
[-2.652129  -2.8813252 -3.6998837 -2.6193867]
[-2.6848712 -2.8158407 -3.6671412 -2.553902 ]
[-2.6193867 -2.8158407 -3.634399  -2.5866442]
[-2.652129  -2.7830982 -3.634399  -2.553902 ]
[-2.6193867 -2.8158407 -3.6016567 -2.5866442]
[-2.652129  -2.8158407 -3.6016567 -2.553902 ]
[-2.5866442 -2.7830982 -3.5689142 -2.5211596]
[-2.5211596 -2.750356  -3.536172  -2.4884174]
[-2.5211596 -2.6848712 -3.5034297 -2.4229326]
[-2.4884174 -2.6193867 -3.437945  -2.3901904]
[-2.455675  -2.6193867 -3.3724604 -2.3901904]
[-2.455675  -2.5866442 -3.3397179 -2.3574479]
[-2.4229326 -2.5866442 -3.2742333 -2.3574479]
[-2.4229326 -2.5211596 -3.2414908 -2.2919633]
[-2.3574479 -2.5211596 -3.1760063 -2.2592208]
[-2.2919633 -2.4884174 -3.0777793 -2.1937363]
[-2.2264786 -2.4229326 -3.0122945 -2.1282516]
[-2.1937363 -2.3901904 -2.9795523 -2.062767 ]
[-2.1282516 -2.3901904 -2.94681   -2.062767 ]
[-2.1282516 -2.4229326 -2.9795523 -2.0955093]
[-2.1937363 -2.455675  -3.045037  -2.160994 ]
[-2.2592208 -2.4884174 -3.1105216 -2.2264786]
[-2.2592208 -2.455675  -3.0122945 -2.1937363]
[-1.96454   -2.2264786 -2.652129  -1.9972823]
[-1.375178  -1.866313  -1.9972823 -1.5716319]
[-0.7203313 -1.276951  -1.1459817 -0.98227  ]
[-0.491135   -0.58936197 -0.491135   -0.32742333]
[-0.26193866 -0.26193866 -0.09822699 -0.16371167]
[-0.5238773  -0.13096933 -0.06548467  0.        ]
[-0.16371167 -0.55661964 -0.29468098 -0.39290798]
[-0.26193866 -0.65484667 -0.45839265 -0.16371167]
[-0.39290798 -0.39290798 -0.45839265  0.03274233]
[-0.687589   -0.09822699 -0.5238773   0.09822699]
[-0.22919632 -0.75307363 -0.45839265 -0.58936197]
[ 0.03274233 -1.2114663  -0.491135   -0.65484667]
[-0.58936197 -1.2442087  -0.55661964 -0.26193866]
[-0.75307363 -0.9167853  -0.75307363 -0.55661964]
[-1.3096933 -1.080497  -1.375178  -1.0150123]
[-1.7353436 -1.8008283 -2.2264786 -1.768086 ]
[-2.2592208 -2.2919633 -3.0122945 -2.160994 ]
[-2.4884174 -2.6193867 -3.4706872 -2.5211596]
[-2.652129  -2.750356  -3.6671412 -2.5866442]
[-2.7176137 -2.8158407 -3.6671412 -2.6848712]
[-2.7176137 -2.848583  -3.634399  -2.6848712]
[-2.750356  -2.848583  -3.634399  -2.7176137]
[-2.7176137 -2.8813252 -3.6671412 -2.7176137]
[-2.7176137 -2.848583  -3.6671412 -2.7176137]
[-2.750356  -2.8813252 -3.732626  -2.7176137]
[-2.750356  -2.8813252 -3.7653682 -2.750356 ]
[-2.7830982 -2.9140675 -3.732626  -2.750356 ]
[-2.7830982 -2.8813252 -3.6998837 -2.750356 ]
[-2.7830982 -2.8813252 -3.6671412 -2.750356 ]
[-2.750356  -2.8813252 -3.634399  -2.750356 ]
[-2.750356  -2.8813252 -3.6671412 -2.750356 ]
[-2.750356  -2.8813252 -3.6671412 -2.7176137]
[-2.750356  -2.8813252 -3.6671412 -2.7176137]
[-2.6848712 -2.8158407 -3.6016567 -2.6848712]
[-2.6193867 -2.7830982 -3.5689142 -2.6193867]
[-2.5866442 -2.7176137 -3.5034297 -2.553902 ]
[-2.5866442 -2.7176137 -3.5034297 -2.553902 ]
[-2.652129  -2.750356  -3.536172  -2.6193867]
[-2.750356  -2.848583  -3.6671412 -2.750356 ]
[-2.94681   -2.9795523 -3.8963375 -2.8813252]
[-3.1760063 -3.1432638 -4.125534  -3.045037 ]
[-3.2742333 -3.3397179 -4.35473   -3.2087486]
[-3.3724604 -3.5034297 -4.5184417 -3.3069756]
[-3.4052026 -3.5689142 -4.6166687 -3.3724604]
[-3.437945  -3.5689142 -4.649411  -3.3397179]
[-3.437945  -3.4706872 -4.6821537 -3.1760063]
[-3.1760063 -3.437945  -4.5839267 -3.2414908]
[-3.1105216 -3.2414908 -4.5184417 -3.045037 ]
[-3.1432638 -3.3069756 -4.452957  -3.0777793]
[-3.1432638 -3.3069756 -4.452957  -3.1105216]
[-3.2087486 -3.3724604 -4.452957  -3.0777793]
[-3.1760063 -3.3397179 -4.420215  -3.1105216]
[-3.1432638 -3.3069756 -4.35473   -3.0777793]
[-3.0122945 -3.2414908 -4.223761  -2.9795523]
[-2.94681   -3.045037  -4.027307  -2.7830982]
[-2.6848712 -2.7830982 -3.6998837 -2.5211596]
[-2.2919633 -2.3247056 -3.1105216 -1.9972823]
[-1.866313  -1.7353436 -2.3574479 -1.2442087]
[-1.0150123  -1.375178   -1.5388896  -0.81855834]
[-0.62210435 -1.080497   -1.0150123  -0.32742333]
[ 1.0150123  -1.5388896  -0.36016566 -0.85130066]
[-0.13096933 -0.62210435 -0.19645399 -0.884043  ]
[-0.491135   -1.0477546  -0.36016566 -0.26193866]
[-0.45839265 -0.98227    -0.29468098 -0.19645399]
[-0.42565033 -0.98227    -0.29468098 -0.22919632]
[-0.55661964 -1.0477546  -0.36016566 -0.29468098]
[-0.7203313 -1.1787239 -0.5238773 -0.491135 ]
[-0.9167853  -1.375178   -0.75307363 -0.75307363]
[-1.2442087 -1.5388896 -1.0150123 -0.9167853]
[-1.4406626 -1.7353436 -1.2442087 -1.1132393]
[-1.6698589 -1.7353436 -1.473405  -1.1787239]
[-1.7026013 -1.768086  -1.6043743 -1.3096933]
[-1.768086  -1.8008283 -1.768086  -1.3424356]
[-1.6371167 -1.8335706 -1.866313  -1.473405 ]
[-1.6371167 -1.8335706 -1.96454   -1.4406626]
[-1.5388896 -1.866313  -2.0300245 -1.5061473]
[-1.5716319 -1.8335706 -2.0955093 -1.4406626]
[-1.6371167 -1.866313  -2.160994  -1.473405 ]
[-1.6371167 -1.8990552 -2.2592208 -1.5716319]
[-1.5388896 -1.8990552 -2.1937363 -1.5388896]
[-1.1132393 -1.7026013 -1.8335706 -1.3096933]
[-0.884043   -1.1787239  -1.3424356  -0.78581595]
[-0.78581595 -0.65484667 -0.98227    -0.26193866]
[-0.62210435 -0.55661964 -0.7203313  -0.22919632]
[ 0.06548467 -0.75307363 -0.62210435 -0.62210435]
[-0.39290798 -0.81855834 -0.65484667 -0.32742333]
[-0.81855834 -0.58936197 -0.58936197 -0.22919632]
[-0.32742333 -0.884043   -0.65484667 -0.75307363]
[-0.85130066 -1.0150123  -0.98227    -0.62210435]
[-1.473405  -1.2442087 -1.5716319 -1.1132393]
[-1.9317976 -1.9317976 -2.3574479 -1.866313 ]
[-2.3901904 -2.4884174 -3.045037  -2.2919633]
[-2.6193867 -2.750356  -3.437945  -2.553902 ]
[-2.6848712 -2.8158407 -3.536172  -2.5866442]
[-2.652129  -2.7830982 -3.536172  -2.553902 ]
[-2.6193867 -2.7830982 -3.536172  -2.553902 ]
[-2.652129  -2.7830982 -3.536172  -2.553902 ]
[-2.652129  -2.8158407 -3.5689142 -2.553902 ]
[-2.6848712 -2.8158407 -3.6016567 -2.5866442]
[-2.6848712 -2.848583  -3.634399  -2.5866442]
[-2.6848712 -2.848583  -3.634399  -2.6193867]
[-2.6848712 -2.8158407 -3.6671412 -2.6193867]
[-2.7176137 -2.8813252 -3.6998837 -2.6193867]
[-2.6848712 -2.8813252 -3.6998837 -2.652129 ]
[-2.7176137 -2.848583  -3.6998837 -2.6193867]
[-2.6848712 -2.8813252 -3.6671412 -2.652129 ]
[-2.7176137 -2.848583  -3.6671412 -2.5866442]
[-2.6848712 -2.848583  -3.634399  -2.6193867]
[-2.6848712 -2.848583  -3.634399  -2.6193867]
[-2.652129  -2.8813252 -3.634399  -2.652129 ]
[-2.6848712 -2.848583  -3.634399  -2.6193867]
[-2.652129  -2.8158407 -3.6016567 -2.5866442]
[-2.5866442 -2.7830982 -3.5689142 -2.553902 ]
[-2.553902  -2.7176137 -3.5034297 -2.455675 ]
[-2.5211596 -2.652129  -3.437945  -2.4229326]
[-2.455675  -2.6193867 -3.4052026 -2.4229326]
[-2.455675  -2.5866442 -3.3397179 -2.3901904]
[-2.4229326 -2.5866442 -3.2742333 -2.3574479]
[-2.4229326 -2.5211596 -3.2414908 -2.2919633]
[-2.3574479 -2.4884174 -3.1760063 -2.2592208]
[-2.2592208 -2.4884174 -3.1105216 -2.1937363]
[-2.2264786 -2.4229326 -3.045037  -2.1282516]
[-2.160994  -2.3574479 -2.9795523 -2.062767 ]
[-2.1282516 -2.3247056 -2.94681   -2.0300245]
[-2.1282516 -2.3574479 -2.9795523 -2.062767 ]
[-2.1282516 -2.3901904 -3.0122945 -2.0955093]
[-2.2264786 -2.455675  -3.045037  -2.1937363]
[-2.1937363 -2.3901904 -2.94681   -2.1282516]
[-1.9317976 -2.1937363 -2.5866442 -1.9317976]
[-1.3424356 -1.8335706 -1.9317976 -1.5388896]
[-0.7203313 -1.276951  -1.1459817 -0.9495276]
[-0.45839265 -0.58936197 -0.45839265 -0.29468098]
[-0.22919632 -0.22919632 -0.09822699 -0.09822699]
[-0.36016566 -0.16371167 -0.09822699 -0.03274233]
[ 0.         -0.55661964 -0.26193866 -0.39290798]
[-0.32742333 -0.55661964 -0.32742333 -0.06548467]
[-0.45839265 -0.32742333 -0.42565033 -0.03274233]
[-0.85130066 -0.16371167 -0.55661964  0.13096933]
[-0.32742333 -0.55661964 -0.55661964 -0.36016566]
[ 0.39290798 -1.2442087  -0.5238773  -0.7203313 ]
[-0.32742333 -1.1132393  -0.58936197 -0.16371167]
[-0.81855834 -0.9167853  -0.75307363 -0.45839265]
[-1.3424356 -1.1132393 -1.375178  -1.0477546]
[-1.8008283 -1.8335706 -2.2264786 -1.8008283]
[-2.2919633 -2.3247056 -3.045037  -2.2264786]
[-2.5211596 -2.652129  -3.5034297 -2.553902 ]
[-2.6848712 -2.750356  -3.6671412 -2.6193867]
[-2.6848712 -2.8158407 -3.6998837 -2.6848712]
[-2.7176137 -2.848583  -3.634399  -2.6848712]
[-2.7176137 -2.848583  -3.634399  -2.6848712]
[-2.7176137 -2.848583  -3.634399  -2.6848712]
[-2.750356  -2.848583  -3.6998837 -2.7176137]
[-2.750356  -2.8813252 -3.7653682 -2.750356 ]
[-2.7830982 -2.9140675 -3.7981105 -2.7830982]
[-2.8158407 -2.9140675 -3.7981105 -2.7830982]
[-2.7830982 -2.9140675 -3.732626  -2.7830982]
[-2.7830982 -2.9140675 -3.6998837 -2.750356 ]
[-2.750356  -2.8813252 -3.6671412 -2.750356 ]
[-2.750356  -2.8813252 -3.6671412 -2.750356 ]
[-2.750356  -2.8813252 -3.6671412 -2.750356 ]
[-2.750356  -2.8813252 -3.6671412 -2.7176137]
[-2.6848712 -2.8158407 -3.634399  -2.6848712]
[-2.6193867 -2.750356  -3.5689142 -2.6193867]
[-2.5866442 -2.7176137 -3.5034297 -2.5866442]
[-2.5866442 -2.7176137 -3.5034297 -2.5866442]
[-2.652129  -2.750356  -3.536172  -2.6193867]
[-2.7830982 -2.8813252 -3.6998837 -2.750356 ]
[-2.9795523 -3.0122945 -3.92908   -2.9140675]
[-3.2087486 -3.1760063 -4.158276  -3.0777793]
[-3.3397179 -3.3724604 -4.3874726 -3.2414908]
[-3.4052026 -3.536172  -4.5839267 -3.3724604]
[-3.4706872 -3.634399  -4.7148957 -3.437945 ]
[-3.4706872 -3.6671412 -4.747638  -3.4706872]
[-3.5034297 -3.5689142 -4.7148957 -3.3397179]
[-3.3397179 -3.5034297 -4.6166687 -3.2742333]
[-3.1760063 -3.3397179 -4.5184417 -3.1432638]
[-3.1105216 -3.2742333 -4.452957  -3.0777793]
[-3.0777793 -3.2742333 -4.452957  -3.0777793]
[-3.1105216 -3.2742333 -4.420215  -3.0777793]
[-3.1105216 -3.3069756 -4.420215  -3.1105216]
[-3.0777793 -3.2742333 -4.35473   -3.045037 ]
[-3.045037  -3.1760063 -4.1910186 -2.94681  ]
[-2.9795523 -3.0122945 -4.027307  -2.7830982]
[-2.6848712 -2.7830982 -3.6671412 -2.5211596]
[-2.2592208 -2.2919633 -3.0777793 -1.9317976]
[-1.8008283 -1.6698589 -2.2919633 -1.2114663]
[-0.98227    -1.3424356  -1.5061473  -0.81855834]
[-0.62210435 -1.080497   -0.98227    -0.29468098]
[ 1.0477546  -1.5716319  -0.36016566 -0.85130066]
[-0.13096933 -0.62210435 -0.22919632 -0.7203313 ]
[-0.39290798 -0.85130066 -0.42565033 -0.03274233]
[-0.36016566 -0.78581595 -0.36016566  0.03274233]
[-0.29468098 -0.75307363 -0.32742333  0.03274233]
[-0.32742333 -0.78581595 -0.36016566  0.        ]
[-0.42565033 -0.85130066 -0.42565033 -0.09822699]
[-0.491135   -1.0150123  -0.55661964 -0.29468098]
[-0.687589  -1.1459817 -0.7203313 -0.491135 ]
[-0.81855834 -1.3424356  -0.85130066 -0.75307363]
[-1.1132393 -1.473405  -1.0150123 -0.884043 ]
[-1.2442087 -1.6698589 -1.1459817 -1.1132393]
[-1.4079204 -1.7353436 -1.276951  -1.1132393]
[-1.473405  -1.8008283 -1.3424356 -1.1787239]
[-1.5716319 -1.768086  -1.4406626 -1.1459817]
[-1.6043743 -1.768086  -1.5061473 -1.1132393]
[-1.5716319 -1.7353436 -1.6043743 -1.1787239]
[-1.5716319 -1.7353436 -1.7353436 -1.276951 ]
[-1.5061473 -1.768086  -1.8008283 -1.3424356]
[-1.4406626 -1.7353436 -1.768086  -1.276951 ]
[-1.0150123 -1.5388896 -1.5061473 -1.1132393]
[-0.687589   -1.1787239  -1.1459817  -0.75307363]
[-0.687589   -0.7203313  -0.81855834 -0.29468098]
[-0.85130066 -0.45839265 -0.65484667 -0.19645399]
[-0.36016566 -0.75307363 -0.58936197 -0.65484667]
[-0.687589   -0.98227    -0.62210435 -0.42565033]
[-0.78581595 -0.9167853  -0.78581595 -0.45839265]
[-0.32742333 -1.1132393  -0.78581595 -0.78581595]
[-0.78581595 -0.884043   -0.9495276  -0.55661964]
[-1.375178  -1.1132393 -1.473405  -1.0150123]
[-1.7026013 -1.7353436 -2.1282516 -1.7026013]
[-2.0955093 -2.1937363 -2.6848712 -2.0300245]
[-2.3247056 -2.455675  -3.045037  -2.2919633]
[-2.4229326 -2.553902  -3.1760063 -2.3574479]
[-2.4229326 -2.5866442 -3.2087486 -2.3574479]
[-2.4229326 -2.5866442 -3.2087486 -2.3574479]
[-2.455675  -2.5866442 -3.2742333 -2.3901904]
[-2.4884174 -2.652129  -3.3069756 -2.4229326]
[-2.553902  -2.6848712 -3.3724604 -2.455675 ]
[-2.553902  -2.7176137 -3.437945  -2.4884174]
[-2.5866442 -2.750356  -3.4706872 -2.5211596]
[-2.6193867 -2.7830982 -3.5034297 -2.553902 ]
[-2.652129  -2.7830982 -3.536172  -2.553902 ]
[-2.6193867 -2.8158407 -3.5689142 -2.5866442]
[-2.6848712 -2.8158407 -3.5689142 -2.5866442]
[-2.652129  -2.848583  -3.6016567 -2.652129 ]
[-2.6848712 -2.848583  -3.6016567 -2.6193867]
[-2.652129  -2.848583  -3.6016567 -2.6193867]
[-2.6848712 -2.848583  -3.6016567 -2.6193867]
[-2.652129  -2.848583  -3.6016567 -2.6193867]
[-2.652129  -2.8158407 -3.5689142 -2.5866442]
[-2.6193867 -2.7830982 -3.5689142 -2.5866442]
[-2.5866442 -2.750356  -3.5034297 -2.553902 ]
[-2.553902  -2.7176137 -3.4706872 -2.4884174]
[-2.553902  -2.6848712 -3.437945  -2.455675 ]
[-2.5211596 -2.652129  -3.4052026 -2.4229326]
[-2.4884174 -2.6193867 -3.3397179 -2.4229326]
[-2.455675  -2.6193867 -3.3069756 -2.3574479]
[-2.4229326 -2.553902  -3.2742333 -2.3247056]
[-2.3574479 -2.5211596 -3.2087486 -2.2592208]
[-2.2919633 -2.4884174 -3.1432638 -2.1937363]
[-2.2264786 -2.4229326 -3.0777793 -2.1282516]
[-2.160994  -2.3574479 -3.0122945 -2.062767 ]
[-2.0955093 -2.3247056 -2.9795523 -2.0300245]
[-2.1282516 -2.3247056 -2.9795523 -2.0300245]
[-2.1282516 -2.3574479 -3.0122945 -2.0955093]
[-2.1937363 -2.4229326 -3.0122945 -2.160994 ]
[-2.160994  -2.3901904 -2.9140675 -2.0955093]
[-1.8990552 -2.1937363 -2.553902  -1.8990552]
[-1.3424356 -1.8335706 -1.9317976 -1.5061473]
[-0.7203313 -1.276951  -1.1459817 -0.9495276]
[-0.45839265 -0.58936197 -0.491135   -0.29468098]
[-0.22919632 -0.26193866 -0.09822699 -0.13096933]
[-0.491135   -0.06548467 -0.09822699  0.13096933]
[ 0.06548467 -0.58936197 -0.19645399 -0.39290798]
[-0.29468098 -0.45839265 -0.32742333 -0.13096933]
[-0.39290798 -0.39290798 -0.39290798 -0.19645399]
[-0.75307363 -0.29468098 -0.5238773   0.06548467]
[-0.491135   -0.39290798 -0.5238773  -0.13096933]
[ 0.58936197 -1.080497   -0.45839265 -0.65484667]
[-0.09822699 -0.98227    -0.5238773  -0.06548467]
[-0.687589   -0.7203313  -0.7203313  -0.36016566]
[-1.3096933 -1.1132393 -1.375178  -1.080497 ]
[-1.8335706 -1.8335706 -2.2592208 -1.8008283]
[-2.3247056 -2.3901904 -3.0777793 -2.2919633]
[-2.5211596 -2.6848712 -3.5034297 -2.5211596]
[-2.652129  -2.750356  -3.634399  -2.5866442]
[-2.652129  -2.8158407 -3.6671412 -2.652129 ]
[-2.6848712 -2.8158407 -3.634399  -2.652129 ]
[-2.652129  -2.8158407 -3.6016567 -2.652129 ]
[-2.6848712 -2.8158407 -3.6016567 -2.6848712]
[-2.6848712 -2.8158407 -3.6671412 -2.6848712]
[-2.7176137 -2.848583  -3.732626  -2.7176137]
[-2.750356  -2.8813252 -3.7653682 -2.750356 ]
[-2.7830982 -2.8813252 -3.7653682 -2.750356 ]
[-2.7830982 -2.8813252 -3.732626  -2.750356 ]
[-2.750356  -2.8813252 -3.6671412 -2.750356 ]
[-2.7176137 -2.848583  -3.634399  -2.7176137]
[-2.7176137 -2.848583  -3.634399  -2.7176137]
[-2.7176137 -2.848583  -3.634399  -2.7176137]
[-2.6848712 -2.848583  -3.634399  -2.6848712]
[-2.652129  -2.7830982 -3.6016567 -2.652129 ]
[-2.6193867 -2.750356  -3.536172  -2.6193867]
[-2.5866442 -2.7176137 -3.5034297 -2.553902 ]
[-2.5866442 -2.7176137 -3.5034297 -2.553902 ]
[-2.652129  -2.750356  -3.5689142 -2.6193867]
[-2.7830982 -2.8813252 -3.732626  -2.750356 ]
[-2.9795523 -3.045037  -3.92908   -2.9140675]
[-3.2087486 -3.1760063 -4.1910186 -3.0777793]
[-3.3397179 -3.3724604 -4.420215  -3.2742333]
[-3.4052026 -3.536172  -4.5839267 -3.3724604]
[-3.4706872 -3.634399  -4.7148957 -3.437945 ]
[-3.5034297 -3.634399  -4.747638  -3.4706872]
[-3.4706872 -3.5689142 -4.7148957 -3.3724604]
[-3.3724604 -3.4706872 -4.649411  -3.2742333]
[-3.2414908 -3.3724604 -4.5184417 -3.1432638]
[-3.1105216 -3.2742333 -4.420215  -3.045037 ]
[-3.1105216 -3.2087486 -4.321988  -2.9795523]
[-3.0777793 -3.1432638 -4.2892456 -2.9795523]
[-3.0777793 -3.1760063 -4.256503  -2.9795523]
[-3.045037  -3.1432638 -4.223761  -2.9795523]
[-3.0122945 -3.0777793 -4.125534  -2.9140675]
[-2.94681   -2.9795523 -3.9618223 -2.7830982]
[-2.7176137 -2.7830982 -3.634399  -2.4884174]
[-2.2919633 -2.2592208 -3.0122945 -1.8990552]
[-1.7026013 -1.6698589 -2.2592208 -1.2114663]
[-0.9167853  -1.375178   -1.5061473  -0.78581595]
[-0.55661964 -1.0150123  -0.9495276  -0.26193866]
[ 1.0477546  -1.5388896  -0.32742333 -0.81855834]
[-0.16371167 -0.62210435 -0.29468098 -0.78581595]
[-0.42565033 -0.884043   -0.491135   -0.09822699]
[-0.42565033 -0.85130066 -0.45839265 -0.03274233]
[-0.36016566 -0.81855834 -0.39290798  0.        ]
[-0.32742333 -0.78581595 -0.39290798  0.        ]
[-0.36016566 -0.78581595 -0.39290798  0.03274233]
[-0.36016566 -0.81855834 -0.45839265 -0.03274233]
[-0.42565033 -0.85130066 -0.491135   -0.06548467]
[-0.45839265 -0.9167853  -0.58936197 -0.19645399]
[-0.5238773  -0.9495276  -0.65484667 -0.26193866]
[-0.55661964 -1.1132393  -0.7203313  -0.42565033]
[-0.687589   -1.1459817  -0.81855834 -0.45839265]
[-0.85130066 -1.276951   -0.9167853  -0.62210435]
[-0.9167853  -1.4406626  -1.0477546  -0.85130066]
[-1.080497  -1.6371167 -1.1787239 -0.98227  ]
[-1.2114663 -1.6698589 -1.2442087 -1.0477546]
[-1.3096933 -1.7026013 -1.3096933 -1.0477546]
[-1.3096933 -1.6698589 -1.3424356 -1.080497 ]
[-1.276951  -1.6043743 -1.3096933 -1.0477546]
[-1.0150123 -1.5716319 -1.1787239 -0.98227  ]
[-0.55661964 -1.3424356  -0.9495276  -0.75307363]
[-0.58936197 -0.884043   -0.7203313  -0.29468098]
[-0.58936197 -0.491135   -0.687589   -0.19645399]
[-0.22919632 -0.85130066 -0.62210435 -0.687589  ]
[-0.32742333 -0.884043   -0.65484667 -0.62210435]
[-0.62210435 -1.080497   -0.7203313  -0.45839265]
[-0.45839265 -1.080497   -0.687589   -0.491135  ]
[-0.62210435 -0.75307363 -0.85130066 -0.491135  ]
[-0.9495276  -0.98227    -1.276951   -0.85130066]
[-1.1459817 -1.375178  -1.7026013 -1.3096933]
[-1.473405  -1.6043743 -2.0955093 -1.5061473]
[-1.7353436 -1.8335706 -2.3901904 -1.7026013]
[-1.8990552 -1.9972823 -2.5866442 -1.8990552]
[-1.9972823 -2.0955093 -2.652129  -1.96454  ]
[-2.062767  -2.1937363 -2.7176137 -1.9972823]
[-2.1282516 -2.2592208 -2.7830982 -2.062767 ]
[-2.160994  -2.3247056 -2.8813252 -2.1282516]
[-2.1937363 -2.3901904 -2.94681   -2.160994 ]
[-2.2592208 -2.4229326 -3.0122945 -2.2264786]
[-2.3247056 -2.455675  -3.0777793 -2.2592208]
[-2.3574479 -2.5211596 -3.1432638 -2.2919633]
[-2.4229326 -2.553902  -3.2087486 -2.3247056]
[-2.4229326 -2.5866442 -3.2414908 -2.3901904]
[-2.5211596 -2.6193867 -3.2742333 -2.4229326]
[-2.5211596 -2.6848712 -3.3069756 -2.4884174]
[-2.553902  -2.7176137 -3.3724604 -2.4884174]
[-2.553902  -2.7176137 -3.3724604 -2.4884174]
[-2.553902  -2.6848712 -3.3724604 -2.4884174]
[-2.5211596 -2.6848712 -3.3724604 -2.4884174]
[-2.5211596 -2.652129  -3.3397179 -2.4884174]
[-2.5211596 -2.652129  -3.3397179 -2.455675 ]
[-2.5211596 -2.652129  -3.3397179 -2.455675 ]
[-2.4884174 -2.6193867 -3.3069756 -2.455675 ]
[-2.4884174 -2.652129  -3.3069756 -2.4229326]
[-2.4884174 -2.6193867 -3.3069756 -2.4229326]
[-2.455675  -2.6193867 -3.3069756 -2.4229326]
[-2.455675  -2.6193867 -3.2742333 -2.3901904]
[-2.4229326 -2.553902  -3.2414908 -2.3247056]
[-2.3901904 -2.5211596 -3.2087486 -2.2592208]
[-2.2919633 -2.455675  -3.1432638 -2.2264786]
[-2.2264786 -2.4229326 -3.0777793 -2.1282516]
[-2.160994  -2.3574479 -3.0122945 -2.062767 ]
[-2.1282516 -2.3247056 -2.9795523 -2.0300245]
[-2.160994  -2.3247056 -2.9795523 -2.0300245]
[-2.160994  -2.3901904 -3.0122945 -2.0955093]
[-2.2264786 -2.4229326 -3.045037  -2.160994 ]
[-2.1937363 -2.3901904 -2.9140675 -2.1282516]
[-1.8990552 -2.2264786 -2.553902  -1.8990552]
[-1.3424356 -1.866313  -1.9317976 -1.5388896]
[-0.75307363 -1.3096933  -1.1787239  -0.9495276 ]
[-0.491135   -0.62210435 -0.55661964 -0.32742333]
[-0.29468098 -0.29468098 -0.16371167 -0.16371167]
[-0.58936197 -0.09822699 -0.09822699  0.        ]
[ 0.06548467 -0.65484667 -0.22919632 -0.55661964]
[-0.42565033 -0.58936197 -0.32742333 -0.06548467]
[-0.32742333 -0.36016566 -0.32742333 -0.19645399]
[-0.491135   -0.26193866 -0.42565033  0.09822699]
[-0.62210435 -0.22919632 -0.45839265  0.16371167]
[ 0.78581595 -0.85130066 -0.36016566 -0.65484667]
[ 0.         -0.81855834 -0.42565033  0.06548467]
[-0.62210435 -0.62210435 -0.62210435 -0.26193866]
[-1.2442087 -1.0477546 -1.3096933 -1.0477546]
[-1.8335706 -1.8008283 -2.2592208 -1.8008283]
[-2.2919633 -2.3901904 -3.045037  -2.2919633]
[-2.5211596 -2.652129  -3.4706872 -2.4884174]
[-2.6193867 -2.7176137 -3.6016567 -2.553902 ]
[-2.652129  -2.7830982 -3.634399  -2.6193867]
[-2.652129  -2.7830982 -3.634399  -2.6193867]
[-2.6193867 -2.7830982 -3.6016567 -2.6193867]
[-2.652129  -2.7830982 -3.6016567 -2.6193867]
[-2.652129  -2.7830982 -3.634399  -2.652129 ]
[-2.6848712 -2.8158407 -3.6998837 -2.6848712]
[-2.6848712 -2.8158407 -3.6998837 -2.6848712]
[-2.7176137 -2.8158407 -3.6998837 -2.6848712]
[-2.6848712 -2.8158407 -3.6671412 -2.6848712]
[-2.6848712 -2.8158407 -3.634399  -2.6848712]
[-2.6848712 -2.8158407 -3.6016567 -2.6848712]
[-2.6848712 -2.8158407 -3.6016567 -2.6848712]
[-2.6848712 -2.8158407 -3.634399  -2.6848712]
[-2.6848712 -2.8158407 -3.634399  -2.652129 ]
[-2.652129  -2.7830982 -3.6016567 -2.6193867]
[-2.6193867 -2.750356  -3.5689142 -2.5866442]
[-2.553902  -2.7176137 -3.5034297 -2.553902 ]
[-2.5866442 -2.6848712 -3.5034297 -2.553902 ]
[-2.652129  -2.750356  -3.5689142 -2.6193867]
[-2.8158407 -2.8813252 -3.732626  -2.7830982]
[-3.0122945 -3.045037  -3.9618223 -2.9140675]
[-3.2087486 -3.1760063 -4.1910186 -3.0777793]
[-3.3069756 -3.3724604 -4.420215  -3.2414908]
[-3.3724604 -3.5034297 -4.5839267 -3.3724604]
[-3.437945  -3.5689142 -4.7148957 -3.4052026]
[-3.4706872 -3.6016567 -4.747638  -3.437945 ]
[-3.4052026 -3.5689142 -4.747638  -3.3724604]
[-3.3069756 -3.5034297 -4.649411  -3.3069756]
[-3.1760063 -3.3724604 -4.5184417 -3.1760063]
[-3.0122945 -3.2742333 -4.35473   -3.045037 ]
[-2.94681   -3.1105216 -4.1910186 -2.8813252]
[-2.8813252 -3.045037  -4.060049  -2.848583 ]
[-2.848583  -2.9795523 -3.9618223 -2.8158407]
[-2.8813252 -3.0122945 -3.92908   -2.8158407]
[-2.94681   -2.9795523 -3.92908   -2.750356 ]
[-2.8813252 -2.94681   -3.8635952 -2.750356 ]
[-2.6848712 -2.7830982 -3.5689142 -2.455675 ]
[-2.3247056 -2.2919633 -2.9795523 -1.8990552]
[-1.6698589 -1.7353436 -2.2264786 -1.2114663]
[-0.9495276 -1.3424356 -1.4406626 -0.687589 ]
[-0.5238773  -0.98227    -0.9167853  -0.22919632]
[ 1.080497   -1.473405   -0.32742333 -0.78581595]
[-0.16371167 -0.62210435 -0.29468098 -0.75307363]
[-0.42565033 -0.884043   -0.55661964 -0.09822699]
[-0.42565033 -0.884043   -0.5238773  -0.06548467]
[-0.39290798 -0.85130066 -0.491135   -0.03274233]
[-0.36016566 -0.81855834 -0.491135   -0.03274233]
[-0.39290798 -0.78581595 -0.45839265  0.03274233]
[-0.36016566 -0.81855834 -0.45839265  0.        ]
[-0.36016566 -0.78581595 -0.45839265  0.        ]
[-0.36016566 -0.78581595 -0.45839265  0.        ]
[-0.36016566 -0.78581595 -0.491135    0.03274233]
[-0.36016566 -0.81855834 -0.5238773  -0.03274233]
[-0.42565033 -0.81855834 -0.58936197 -0.06548467]
[-0.5238773  -0.9495276  -0.7203313  -0.19645399]
[-0.5238773  -1.1132393  -0.85130066 -0.36016566]
[-0.5238773  -1.1787239  -0.9495276  -0.42565033]
[-0.58936197 -1.1787239  -0.9495276  -0.45839265]
[-0.491135  -1.1132393 -0.9167853 -0.491135 ]
[-0.5238773  -1.1787239  -0.9495276  -0.55661964]
[-0.42565033 -1.1787239  -0.9495276  -0.65484667]
[-0.32742333 -1.2114663  -0.85130066 -0.62210435]
[-0.16371167 -1.1132393  -0.65484667 -0.491135  ]
[-0.5238773  -0.65484667 -0.5238773  -0.06548467]
[-0.5238773  -0.42565033 -0.55661964 -0.03274233]
[-0.26193866 -0.55661964 -0.62210435 -0.19645399]
[ 0.         -0.5238773  -0.62210435 -0.29468098]
[-0.13096933 -0.58936197 -0.58936197 -0.26193866]
[-0.32742333 -0.65484667 -0.58936197 -0.32742333]
[-0.45839265 -0.65484667 -0.687589   -0.45839265]
[-0.687589   -0.75307363 -0.9495276  -0.5238773 ]
[-0.7203313  -0.85130066 -1.1787239  -0.7203313 ]
[-0.81855834 -0.884043   -1.4406626  -0.85130066]
[-1.0477546 -1.0150123 -1.6371167 -1.0477546]
[-1.2114663 -1.2442087 -1.8008283 -1.2442087]
[-1.3424356 -1.473405  -1.9317976 -1.375178 ]
[-1.4406626 -1.5716319 -2.0300245 -1.473405 ]
[-1.5061473 -1.7026013 -2.0955093 -1.5388896]
[-1.5716319 -1.768086  -2.1937363 -1.6043743]
[-1.6043743 -1.8335706 -2.2592208 -1.6698589]
[-1.6371167 -1.866313  -2.3574479 -1.7026013]
[-1.7026013 -1.8990552 -2.4229326 -1.768086 ]
[-1.7353436 -1.96454   -2.4884174 -1.8335706]
[-1.866313  -1.9972823 -2.553902  -1.866313 ]
[-1.866313  -2.0955093 -2.6193867 -1.96454  ]
[-1.9972823 -2.1282516 -2.6848712 -1.9972823]
[-1.9972823 -2.2264786 -2.750356  -2.0955093]
[-2.1282516 -2.2264786 -2.7830982 -2.0955093]
[-2.160994  -2.2919633 -2.8158407 -2.160994 ]
[-2.1937363 -2.3574479 -2.848583  -2.1937363]
[-2.2592208 -2.3574479 -2.9140675 -2.1937363]
[-2.2592208 -2.3574479 -2.94681   -2.2264786]
[-2.2592208 -2.4229326 -2.9795523 -2.2264786]
[-2.2919633 -2.4229326 -3.0122945 -2.2592208]
[-2.2919633 -2.4229326 -3.0122945 -2.2592208]
[-2.3247056 -2.455675  -3.045037  -2.2919633]
[-2.3574479 -2.4884174 -3.0777793 -2.2919633]
[-2.3574479 -2.4884174 -3.1105216 -2.3247056]
[-2.3247056 -2.5211596 -3.1432638 -2.3247056]
[-2.3574479 -2.4884174 -3.1432638 -2.2592208]
[-2.3247056 -2.455675  -3.1432638 -2.2264786]
[-2.2592208 -2.4229326 -3.0777793 -2.1937363]
[-2.1937363 -2.3574479 -3.0122945 -2.0955093]
[-2.160994  -2.3247056 -2.9795523 -2.062767 ]
[-2.1282516 -2.2919633 -2.94681   -2.0300245]
[-2.1282516 -2.3247056 -2.9795523 -2.062767 ]
[-2.1937363 -2.3901904 -3.0122945 -2.0955093]
[-2.2264786 -2.4229326 -3.0122945 -2.160994 ]
[-2.160994  -2.3901904 -2.8813252 -2.0955093]
[-1.866313  -2.2264786 -2.553902  -1.8990552]
[-1.3424356 -1.866313  -1.9317976 -1.5061473]
[-0.75307363 -1.3096933  -1.2114663  -0.98227   ]
[-0.55661964 -0.65484667 -0.58936197 -0.39290798]
[-0.36016566 -0.32742333 -0.22919632 -0.19645399]
[-0.39290798 -0.19645399 -0.22919632 -0.06548467]
[ 0.06548467 -0.62210435 -0.19645399 -0.491135  ]
[-0.36016566 -0.42565033 -0.22919632  0.03274233]
[-0.42565033 -0.42565033 -0.29468098 -0.13096933]
[-0.36016566 -0.22919632 -0.26193866  0.        ]
[-0.65484667 -0.19645399 -0.39290798  0.29468098]
[ 0.884043   -0.9167853  -0.32742333 -0.65484667]
[ 0.09822699 -0.5238773  -0.26193866  0.22919632]
[-0.55661964 -0.45839265 -0.5238773  -0.19645399]
[-1.1787239 -1.0150123 -1.276951  -1.0150123]
[-1.8335706 -1.8008283 -2.2264786 -1.768086 ]
[-2.2592208 -2.3901904 -3.045037  -2.2919633]
[-2.5211596 -2.652129  -3.437945  -2.4884174]
[-2.6193867 -2.7176137 -3.5689142 -2.553902 ]
[-2.652129  -2.7830982 -3.634399  -2.652129 ]
[-2.6848712 -2.8158407 -3.634399  -2.652129 ]
[-2.652129  -2.8158407 -3.6016567 -2.6193867]
[-2.652129  -2.7830982 -3.6016567 -2.6193867]
[-2.652129  -2.7830982 -3.634399  -2.6193867]
[-2.652129  -2.7830982 -3.6671412 -2.652129 ]
[-2.652129  -2.7830982 -3.6671412 -2.652129 ]
[-2.652129  -2.750356  -3.634399  -2.6193867]
[-2.652129  -2.750356  -3.6016567 -2.6193867]
[-2.652129  -2.750356  -3.5689142 -2.6193867]
[-2.652129  -2.7830982 -3.5689142 -2.652129 ]
[-2.652129  -2.7830982 -3.6016567 -2.652129 ]
[-2.6848712 -2.8158407 -3.6016567 -2.652129 ]
[-2.652129  -2.7830982 -3.634399  -2.652129 ]
[-2.6193867 -2.7830982 -3.6016567 -2.6193867]
[-2.5866442 -2.7176137 -3.5689142 -2.5866442]
[-2.5866442 -2.6848712 -3.536172  -2.553902 ]
[-2.5866442 -2.6848712 -3.536172  -2.553902 ]
[-2.652129  -2.750356  -3.6016567 -2.6193867]
[-2.7830982 -2.8813252 -3.732626  -2.750356 ]
[-3.0122945 -3.045037  -3.9618223 -2.9140675]
[-3.2087486 -3.1760063 -4.1910186 -3.0777793]
[-3.3069756 -3.3724604 -4.420215  -3.2414908]
[-3.3724604 -3.5034297 -4.5839267 -3.3397179]
[-3.437945  -3.5689142 -4.7148957 -3.4052026]
[-3.437945  -3.6016567 -4.747638  -3.4052026]
[-3.4052026 -3.5689142 -4.747638  -3.3724604]
[-3.3397179 -3.4706872 -4.6821537 -3.2414908]
[-3.1760063 -3.3397179 -4.551184  -3.1432638]
[-3.0122945 -3.1432638 -4.2892456 -2.9140675]
[-2.848583  -2.848583  -3.9618223 -2.652129 ]
[-2.652129  -2.7176137 -3.6998837 -2.5211596]
[-2.553902 -2.652129 -3.536172 -2.455675]
[-2.6193867 -2.6848712 -3.5034297 -2.4884174]
[-2.7176137 -2.8158407 -3.634399  -2.5866442]
[-2.750356  -2.9140675 -3.6998837 -2.6193867]
[-2.553902  -2.652129  -3.437945  -2.3574479]
[-2.2592208 -2.1937363 -2.8813252 -1.768086 ]
[-1.6043743 -1.6698589 -2.1282516 -1.2114663]
[-0.98227    -1.3096933  -1.375178   -0.65484667]
[-0.55661964 -1.0150123  -0.85130066 -0.22919632]
[ 1.080497   -1.5388896  -0.29468098 -0.78581595]
[-0.16371167 -0.62210435 -0.36016566 -0.7203313 ]
[-0.42565033 -0.884043   -0.62210435 -0.13096933]
[-0.45839265 -0.884043   -0.62210435 -0.09822699]
[-0.45839265 -0.884043   -0.62210435 -0.09822699]
[-0.42565033 -0.9167853  -0.62210435 -0.13096933]
[-0.491135   -0.884043   -0.62210435 -0.09822699]
[-0.42565033 -0.9167853  -0.62210435 -0.13096933]
[-0.42565033 -0.884043   -0.58936197 -0.06548467]
[-0.45839265 -0.85130066 -0.55661964 -0.03274233]
[-0.45839265 -0.81855834 -0.55661964 -0.06548467]
[-0.42565033 -0.9167853  -0.58936197 -0.13096933]
[-0.45839265 -0.98227    -0.65484667 -0.13096933]
[-0.45839265 -1.0150123  -0.75307363 -0.19645399]
[-0.45839265 -1.080497   -0.81855834 -0.22919632]
[-0.36016566 -1.0477546  -0.85130066 -0.26193866]
[-0.36016566 -0.9167853  -0.85130066 -0.16371167]
[-0.16371167 -0.75307363 -0.7203313  -0.13096933]
[-0.03274233 -0.65484667 -0.65484667  0.        ]
[ 0.         -0.55661964 -0.62210435  0.03274233]
[ 0.09822699 -0.45839265 -0.58936197 -0.03274233]
[ 0.03274233 -0.491135   -0.491135   -0.13096933]
[-0.32742333 -0.36016566 -0.491135   -0.13096933]
[-0.42565033 -0.55661964 -0.58936197 -0.29468098]
[-0.491135   -0.55661964 -0.58936197 -0.19645399]
[-0.29468098 -0.55661964 -0.58936197 -0.26193866]
[-0.22919632 -0.5238773  -0.58936197 -0.32742333]
[-0.32742333 -0.58936197 -0.58936197 -0.36016566]
[-0.39290798 -0.65484667 -0.62210435 -0.45839265]
[-0.5238773  -0.62210435 -0.687589   -0.42565033]
[-0.58936197 -0.62210435 -0.78581595 -0.491135  ]
[-0.62210435 -0.62210435 -0.9167853  -0.55661964]
[-0.7203313  -0.65484667 -1.0477546  -0.62210435]
[-0.687589   -0.78581595 -1.1787239  -0.81855834]
[-0.75307363 -0.9167853  -1.2442087  -0.81855834]
[-0.75307363 -0.98227    -1.3096933  -0.884043  ]
[-0.78581595 -1.0150123  -1.375178   -0.9167853 ]
[-0.85130066 -1.080497   -1.4406626  -0.9495276 ]
[-0.884043  -1.1459817 -1.5061473 -1.0150123]
[-0.9167853 -1.1787239 -1.6043743 -1.0477546]
[-0.98227   -1.1787239 -1.6371167 -1.080497 ]
[-0.98227   -1.2114663 -1.7026013 -1.1459817]
[-1.080497  -1.2442087 -1.768086  -1.1787239]
[-1.1132393 -1.3096933 -1.8335706 -1.276951 ]
[-1.2442087 -1.3424356 -1.8990552 -1.3096933]
[-1.276951  -1.4406626 -1.9317976 -1.4079204]
[-1.4079204 -1.473405  -1.9972823 -1.4406626]
[-1.5061473 -1.6043743 -2.062767  -1.5716319]
[-1.6371167 -1.7353436 -2.160994  -1.6371167]
[-1.8008283 -1.8335706 -2.2919633 -1.7026013]
[-1.8335706 -1.96454   -2.3901904 -1.8335706]
[-1.8335706 -2.0300245 -2.455675  -1.866313 ]
[-1.8990552 -2.0300245 -2.4884174 -1.866313 ]
[-1.8990552 -2.062767  -2.5211596 -1.8990552]
[-1.96454   -2.0955093 -2.5866442 -1.9317976]
[-2.0300245 -2.1282516 -2.652129  -1.96454  ]
[-2.062767  -2.1937363 -2.7176137 -2.0300245]
[-2.062767  -2.2264786 -2.7830982 -2.062767 ]
[-2.1282516 -2.2264786 -2.848583  -2.0300245]
[-2.1282516 -2.2264786 -2.8813252 -2.062767 ]
[-2.0955093 -2.2264786 -2.8813252 -2.0300245]
[-2.062767  -2.2264786 -2.848583  -1.9972823]
[-2.062767  -2.1937363 -2.8158407 -1.96454  ]
[-2.062767  -2.2264786 -2.8158407 -1.96454  ]
[-2.062767  -2.2592208 -2.848583  -1.9972823]
[-2.1282516 -2.2919633 -2.8813252 -1.9972823]
[-2.1282516 -2.3247056 -2.8813252 -2.062767 ]
[-2.062767  -2.2919633 -2.750356  -1.9972823]
[-1.768086  -2.1282516 -2.4229326 -1.8008283]
[-1.2442087 -1.768086  -1.8335706 -1.4406626]
[-0.75307363 -1.276951   -1.1459817  -0.9495276 ]
[-0.55661964 -0.65484667 -0.58936197 -0.39290798]
[-0.32742333 -0.36016566 -0.22919632 -0.26193866]
[-0.5238773  -0.13096933 -0.16371167  0.09822699]
[-0.09822699 -0.491135   -0.13096933 -0.32742333]
[-0.13096933 -0.39290798 -0.26193866 -0.19645399]
[-0.45839265 -0.5238773  -0.26193866 -0.06548467]
[-0.26193866 -0.36016566 -0.22919632 -0.16371167]
[-0.32742333 -0.26193866 -0.32742333  0.19645399]
[ 0.7203313  -0.884043   -0.19645399 -0.32742333]
[ 0.13096933 -0.16371167 -0.13096933  0.32742333]
[-0.45839265 -0.32742333 -0.45839265 -0.22919632]
[-1.1787239 -1.0150123 -1.2442087 -0.98227  ]
[-1.8335706 -1.768086  -2.1937363 -1.7353436]
[-2.2264786 -2.3901904 -2.9795523 -2.2919633]
[-2.4884174 -2.6193867 -3.3724604 -2.455675 ]
[-2.6193867 -2.6848712 -3.536172  -2.553902 ]
[-2.6848712 -2.7830982 -3.634399  -2.652129 ]
[-2.7176137 -2.848583  -3.6671412 -2.7176137]
[-2.7176137 -2.848583  -3.634399  -2.6848712]
[-2.6848712 -2.8158407 -3.634399  -2.652129 ]
[-2.6848712 -2.8158407 -3.634399  -2.652129 ]
[-2.6848712 -2.8158407 -3.6671412 -2.652129 ]
[-2.652129  -2.7830982 -3.634399  -2.6193867]
[-2.6193867 -2.750356  -3.6016567 -2.6193867]
[-2.6193867 -2.750356  -3.5689142 -2.5866442]
[-2.6193867 -2.750356  -3.5689142 -2.6193867]
[-2.652129  -2.7830982 -3.5689142 -2.6193867]
[-2.652129  -2.7830982 -3.5689142 -2.652129 ]
[-2.6848712 -2.8158407 -3.6016567 -2.652129 ]
[-2.652129  -2.7830982 -3.634399  -2.652129 ]
[-2.6193867 -2.750356  -3.6016567 -2.6193867]
[-2.5866442 -2.7176137 -3.536172  -2.5866442]
[-2.553902  -2.6848712 -3.536172  -2.553902 ]
[-2.553902  -2.6848712 -3.5034297 -2.553902 ]
[-2.652129  -2.7176137 -3.6016567 -2.6193867]
[-2.7830982 -2.848583  -3.732626  -2.750356 ]
[-2.9795523 -3.0122945 -3.9618223 -2.9140675]
[-3.2087486 -3.2087486 -4.1910186 -3.1105216]
[-3.3397179 -3.4052026 -4.420215  -3.2742333]
[-3.437945  -3.536172  -4.6166687 -3.3724604]
[-3.4706872 -3.634399  -4.747638  -3.437945 ]
[-3.5034297 -3.634399  -4.7803807 -3.437945 ]
[-3.4706872 -3.5689142 -4.747638  -3.3724604]
[-3.4052026 -3.5034297 -4.6821537 -3.3069756]
[-3.2414908 -3.4052026 -4.551184  -3.2087486]
[-3.045037  -3.1105216 -4.223761  -2.8813252]
[-2.94681   -2.6848712 -3.7653682 -2.5211596]
[-2.5866442 -2.4884174 -3.3397179 -2.3247056]
[-2.553902  -2.4884174 -3.1105216 -2.160994 ]
[-2.4884174 -2.6193867 -3.1432638 -2.3247056]
[-2.455675  -2.9140675 -3.3724604 -2.5211596]
[-2.652129  -2.8813252 -3.4706872 -2.3574479]
[-2.4229326 -2.5211596 -3.2414908 -2.2264786]
[-2.1937363 -2.0300245 -2.7176137 -1.6371167]
[-1.5061473 -1.6043743 -1.9972823 -1.1787239]
[-0.85130066 -1.276951   -1.276951   -0.62210435]
[-0.491135   -1.0150123  -0.78581595 -0.19645399]
[ 1.1459817  -1.5388896  -0.22919632 -0.78581595]
[-0.26193866 -0.65484667 -0.42565033 -0.7203313 ]
[-0.5238773  -0.9495276  -0.7203313  -0.19645399]
[-0.55661964 -0.9495276  -0.75307363 -0.19645399]
[-0.58936197 -0.9495276  -0.78581595 -0.19645399]
[-0.58936197 -1.0150123  -0.78581595 -0.26193866]
[-0.58936197 -1.0150123  -0.81855834 -0.22919632]
[-0.58936197 -1.0477546  -0.81855834 -0.26193866]
[-0.55661964 -1.0150123  -0.81855834 -0.22919632]
[-0.65484667 -0.98227    -0.81855834 -0.19645399]
[-0.62210435 -1.0150123  -0.81855834 -0.29468098]
[-0.62210435 -1.1459817  -0.85130066 -0.32742333]
[-0.65484667 -1.1787239  -0.9167853  -0.29468098]
[-0.65484667 -1.1459817  -0.9495276  -0.32742333]
[-0.7203313  -1.1459817  -0.98227    -0.32742333]
[-0.687589   -1.1132393  -0.98227    -0.39290798]
[-0.7203313  -1.0150123  -0.9495276  -0.29468098]
[-0.62210435 -0.9167853  -0.81855834 -0.26193866]
[-0.5238773  -0.75307363 -0.687589   -0.19645399]
[-0.55661964 -0.7203313  -0.687589   -0.13096933]
[-0.5238773  -0.687589   -0.687589   -0.26193866]
[-0.81855834 -0.65484667 -0.687589   -0.36016566]
[-0.62210435 -0.884043   -0.81855834 -0.687589  ]
[-0.62210435 -1.080497   -0.884043   -0.62210435]
[-0.55661964 -0.78581595 -0.75307363 -0.45839265]
[-0.42565033 -0.7203313  -0.7203313  -0.491135  ]
[-0.39290798 -0.75307363 -0.7203313  -0.491135  ]
[-0.36016566 -0.7203313  -0.687589   -0.491135  ]
[-0.39290798 -0.687589   -0.65484667 -0.45839265]
[-0.45839265 -0.58936197 -0.62210435 -0.45839265]
[-0.491135   -0.58936197 -0.65484667 -0.491135  ]
[-0.491135   -0.62210435 -0.687589   -0.5238773 ]
[-0.58936197 -0.58936197 -0.7203313  -0.45839265]
[-0.491135   -0.687589   -0.78581595 -0.5238773 ]
[-0.5238773  -0.62210435 -0.81855834 -0.45839265]
[-0.491135   -0.58936197 -0.81855834 -0.45839265]
[-0.491135   -0.58936197 -0.85130066 -0.45839265]
[-0.491135   -0.62210435 -0.9167853  -0.5238773 ]
[-0.5238773  -0.65484667 -0.9495276  -0.55661964]
[-0.58936197 -0.687589   -0.98227    -0.58936197]
[-0.65484667 -0.687589   -1.0477546  -0.62210435]
[-0.687589  -0.7203313 -1.080497  -0.687589 ]
[-0.7203313 -0.7203313 -1.1132393 -0.687589 ]
[-0.7203313  -0.75307363 -1.1459817  -0.75307363]
[-0.78581595 -0.78581595 -1.1787239  -0.78581595]
[-0.75307363 -0.85130066 -1.2114663  -0.85130066]
[-0.78581595 -0.85130066 -1.2442087  -0.85130066]
[-0.81855834 -0.9495276  -1.3096933  -0.9495276 ]
[-0.884043  -1.080497  -1.4079204 -1.0477546]
[-1.080497  -1.1787239 -1.5716319 -1.1459817]
[-1.1459817 -1.3424356 -1.7026013 -1.276951 ]
[-1.1787239 -1.4079204 -1.7353436 -1.276951 ]
[-1.276951  -1.4079204 -1.7353436 -1.2442087]
[-1.3096933 -1.4406626 -1.8008283 -1.3424356]
[-1.375178  -1.5061473 -1.8990552 -1.4079204]
[-1.473405  -1.5716319 -1.96454   -1.4406626]
[-1.5388896 -1.6371167 -2.0955093 -1.5388896]
[-1.5716319 -1.768086  -2.1937363 -1.6371167]
[-1.6371167 -1.8008283 -2.3247056 -1.6371167]
[-1.6698589 -1.8335706 -2.3901904 -1.7026013]
[-1.6698589 -1.866313  -2.455675  -1.7026013]
[-1.7353436 -1.866313  -2.4884174 -1.6698589]
[-1.768086  -1.8990552 -2.5211596 -1.7026013]
[-1.8008283 -1.96454   -2.553902  -1.768086 ]
[-1.8335706 -2.0300245 -2.5866442 -1.8008283]
[-1.866313  -2.0300245 -2.5866442 -1.8008283]
[-1.866313  -2.062767  -2.5866442 -1.866313 ]
[-1.8335706 -2.0300245 -2.4229326 -1.768086 ]
[-1.5061473 -1.8990552 -2.1282516 -1.6043743]
[-1.1132393 -1.5716319 -1.6371167 -1.276951 ]
[-0.62210435 -1.1459817  -1.0150123  -0.85130066]
[-0.5238773  -0.62210435 -0.491135   -0.36016566]
[-0.29468098 -0.36016566 -0.19645399 -0.22919632]
[-0.45839265 -0.19645399 -0.13096933 -0.06548467]
[-0.09822699 -0.45839265 -0.22919632 -0.39290798]
[-0.13096933 -0.58936197 -0.22919632 -0.22919632]
[-0.491135   -0.29468098 -0.19645399  0.09822699]
[-0.26193866 -0.42565033 -0.19645399 -0.13096933]
[-0.03274233 -0.39290798 -0.29468098  0.06548467]
[ 0.39290798 -0.62210435 -0.09822699 -0.06548467]
[ 0.03274233 -0.06548467 -0.13096933  0.22919632]
[-0.42565033 -0.39290798 -0.45839265 -0.32742333]
[-1.1132393 -0.98227   -1.1787239 -0.9167853]
[-1.7353436 -1.6698589 -2.0955093 -1.6698589]
[-2.160994  -2.3247056 -2.848583  -2.2264786]
[-2.4229326 -2.5211596 -3.2414908 -2.3901904]
[-2.5866442 -2.6193867 -3.4052026 -2.5211596]
[-2.652129  -2.7830982 -3.5689142 -2.652129 ]
[-2.6848712 -2.848583  -3.634399  -2.7176137]
[-2.7176137 -2.848583  -3.6016567 -2.6848712]
[-2.7176137 -2.8158407 -3.6016567 -2.6848712]
[-2.7176137 -2.848583  -3.634399  -2.7176137]
[-2.7176137 -2.8158407 -3.634399  -2.6848712]
[-2.652129  -2.7830982 -3.6016567 -2.652129 ]
[-2.6193867 -2.750356  -3.5689142 -2.6193867]
[-2.6193867 -2.750356  -3.5689142 -2.5866442]
[-2.652129  -2.750356  -3.536172  -2.6193867]
[-2.652129  -2.7830982 -3.5689142 -2.652129 ]
[-2.6848712 -2.8158407 -3.6016567 -2.652129 ]
[-2.6848712 -2.8158407 -3.6016567 -2.6848712]
[-2.652129  -2.7830982 -3.6016567 -2.652129 ]
[-2.6193867 -2.750356  -3.5689142 -2.5866442]
[-2.553902  -2.6848712 -3.5034297 -2.553902 ]
[-2.5211596 -2.652129  -3.4706872 -2.5211596]
[-2.5211596 -2.652129  -3.4706872 -2.5211596]
[-2.6193867 -2.6848712 -3.536172  -2.5866442]
[-2.7830982 -2.8158407 -3.6998837 -2.7176137]
[-2.9795523 -3.0122945 -3.92908   -2.9140675]
[-3.1760063 -3.2087486 -4.1910186 -3.1105216]
[-3.3397179 -3.4052026 -4.452957  -3.2742333]
[-3.437945  -3.5689142 -4.649411  -3.437945 ]
[-3.536172  -3.634399  -4.7803807 -3.4706872]
[-3.536172  -3.6671412 -4.8131227 -3.4706872]
[-3.4706872 -3.634399  -4.7803807 -3.4706872]
[-3.437945  -3.5689142 -4.6821537 -3.3724604]
[-3.2414908 -3.437945  -4.4856997 -3.2414908]
[-2.9795523 -3.045037  -4.0927916 -2.8158407]
[-2.94681   -2.455675  -3.536172  -2.2919633]
[-2.160994  -2.3574479 -3.0122945 -2.2919633]
[-2.062767  -2.4229326 -2.750356  -1.9317976]
[-1.96454   -2.4884174 -2.7176137 -1.9972823]
[-1.866313  -2.7830982 -2.8813252 -2.160994 ]
[-2.4229326 -2.553902  -3.045037  -1.8990552]
[-2.160994  -2.2592208 -2.8813252 -1.9972823]
[-2.0300245 -1.866313  -2.5211596 -1.473405 ]
[-1.3096933 -1.5061473 -1.8335706 -1.0477546]
[-0.7203313  -1.1459817  -1.1787239  -0.42565033]
[-0.36016566 -0.884043   -0.7203313  -0.06548467]
[ 1.276951   -1.473405   -0.19645399 -0.7203313 ]
[-0.29468098 -0.7203313  -0.5238773  -0.85130066]
[-0.62210435 -1.080497   -0.884043   -0.32742333]
[-0.65484667 -1.080497   -0.9167853  -0.32742333]
[-0.687589   -1.1132393  -0.9495276  -0.36016566]
[-0.7203313  -1.1459817  -0.98227    -0.39290798]
[-0.7203313  -1.1459817  -1.0150123  -0.39290798]
[-0.75307363 -1.1787239  -1.0477546  -0.39290798]
[-0.7203313  -1.1787239  -1.080497   -0.42565033]
[-0.78581595 -1.1459817  -1.1132393  -0.39290798]
[-0.7203313  -1.2114663  -1.1459817  -0.45839265]
[-0.687589  -1.2442087 -1.1787239 -0.491135 ]
[-0.75307363 -1.276951   -1.2114663  -0.45839265]
[-0.81855834 -1.3424356  -1.2114663  -0.55661964]
[-0.884043   -1.3424356  -1.276951   -0.65484667]
[-0.9167853  -1.4406626  -1.276951   -0.78581595]
[-0.98227    -1.4079204  -1.2442087  -0.75307363]
[-1.080497   -1.4079204  -1.1459817  -0.75307363]
[-0.98227   -1.4406626 -1.080497  -0.884043 ]
[-1.1459817  -1.4079204  -1.080497   -0.81855834]
[-1.2442087 -1.473405  -1.1132393 -0.9495276]
[-1.3096933 -1.5061473 -1.2442087 -1.080497 ]
[-1.080497  -1.6698589 -1.2442087 -1.2114663]
[-1.3424356  -1.5061473  -1.1132393  -0.75307363]
[-1.2442087 -1.1787239 -1.080497  -0.7203313]
[-1.0477546  -1.1459817  -1.0477546  -0.78581595]
[-0.9495276 -1.1132393 -1.0150123 -0.7203313]
[-0.85130066 -1.0477546  -0.98227    -0.687589  ]
[-0.81855834 -0.9495276  -0.9167853  -0.65484667]
[-0.78581595 -0.85130066 -0.884043   -0.65484667]
[-0.7203313  -0.81855834 -0.81855834 -0.62210435]
[-0.65484667 -0.78581595 -0.78581595 -0.58936197]
[-0.65484667 -0.7203313  -0.78581595 -0.5238773 ]
[-0.55661964 -0.75307363 -0.78581595 -0.58936197]
[-0.58936197 -0.7203313  -0.75307363 -0.491135  ]
[-0.55661964 -0.687589   -0.75307363 -0.5238773 ]
[-0.5238773  -0.687589   -0.78581595 -0.5238773 ]
[-0.491135   -0.687589   -0.78581595 -0.5238773 ]
[-0.491135   -0.687589   -0.78581595 -0.55661964]
[-0.5238773  -0.687589   -0.78581595 -0.58936197]
[-0.62210435 -0.687589   -0.78581595 -0.58936197]
[-0.58936197 -0.7203313  -0.78581595 -0.65484667]
[-0.62210435 -0.7203313  -0.81855834 -0.65484667]
[-0.62210435 -0.7203313  -0.78581595 -0.65484667]
[-0.62210435 -0.687589   -0.78581595 -0.65484667]
[-0.62210435 -0.687589   -0.78581595 -0.62210435]
[-0.62210435 -0.65484667 -0.78581595 -0.55661964]
[-0.58936197 -0.62210435 -0.81855834 -0.55661964]
[-0.55661964 -0.65484667 -0.884043   -0.58936197]
[-0.62210435 -0.62210435 -0.98227    -0.58936197]
[-0.55661964 -0.687589   -1.080497   -0.687589  ]
[-0.5238773  -0.7203313  -1.080497   -0.65484667]
[-0.58936197 -0.7203313  -1.080497   -0.65484667]
[-0.62210435 -0.75307363 -1.1132393  -0.75307363]
[-0.687589   -0.85130066 -1.1787239  -0.81855834]
[-0.75307363 -0.9495276  -1.2442087  -0.85130066]
[-0.78581595 -1.0477546  -1.4079204  -0.9495276 ]
[-0.884043  -1.1132393 -1.5061473 -1.0150123]
[-1.0150123 -1.1787239 -1.6371167 -1.080497 ]
[-1.1459817 -1.2442087 -1.768086  -1.1132393]
[-1.2442087 -1.3096933 -1.8990552 -1.2114663]
[-1.4406626 -1.3424356 -1.9972823 -1.2442087]
[-1.5061473 -1.5061473 -2.0955093 -1.4079204]
[-1.6371167 -1.6371167 -2.160994  -1.4406626]
[-1.6043743 -1.7353436 -2.1937363 -1.5061473]
[-1.6043743 -1.768086  -2.1937363 -1.5061473]
[-1.5061473 -1.8008283 -2.160994  -1.5388896]
[-1.4079204 -1.7026013 -2.0300245 -1.4406626]
[-1.1459817 -1.5388896 -1.7353436 -1.3096933]
[-0.85130066 -1.276951   -1.276951   -0.98227   ]
[-0.45839265 -0.9167853  -0.75307363 -0.687589  ]
[-0.42565033 -0.491135   -0.36016566 -0.26193866]
[-0.26193866 -0.32742333 -0.13096933 -0.19645399]
[-0.32742333 -0.19645399 -0.13096933 -0.06548467]
[-0.09822699 -0.39290798 -0.16371167 -0.19645399]
[-0.16371167 -0.32742333 -0.13096933 -0.03274233]
[-0.22919632 -0.29468098 -0.22919632 -0.09822699]
[-0.09822699 -0.491135   -0.26193866 -0.19645399]
[ 0.03274233 -0.491135   -0.16371167  0.        ]
[ 0.13096933 -0.42565033 -0.09822699 -0.03274233]
[-0.13096933 -0.22919632 -0.16371167 -0.03274233]
[-0.45839265 -0.5238773  -0.45839265 -0.36016566]
[-1.0477546  -0.9167853  -1.080497   -0.85130066]
[-1.6043743 -1.5388896 -1.8990552 -1.5388896]
[-2.0300245 -2.1282516 -2.6193867 -2.062767 ]
[-2.2919633 -2.3574479 -2.9795523 -2.2264786]
[-2.4229326 -2.4884174 -3.1760063 -2.3901904]
[-2.5211596 -2.652129  -3.3397179 -2.5211596]
[-2.5866442 -2.7176137 -3.4052026 -2.5866442]
[-2.6193867 -2.7176137 -3.437945  -2.5866442]
[-2.6193867 -2.7176137 -3.437945  -2.6193867]
[-2.652129  -2.750356  -3.5034297 -2.6193867]
[-2.6193867 -2.750356  -3.536172  -2.6193867]
[-2.5866442 -2.7176137 -3.5034297 -2.6193867]
[-2.6193867 -2.6848712 -3.4706872 -2.553902 ]
[-2.6193867 -2.7176137 -3.4706872 -2.5866442]
[-2.652129  -2.7830982 -3.5034297 -2.6193867]
[-2.652129  -2.8158407 -3.536172  -2.652129 ]
[-2.6848712 -2.8158407 -3.5689142 -2.6848712]
[-2.6848712 -2.8158407 -3.5689142 -2.652129 ]
[-2.652129  -2.7830982 -3.5689142 -2.6193867]
[-2.5866442 -2.7176137 -3.5034297 -2.5866442]
[-2.5211596 -2.652129  -3.4706872 -2.5211596]
[-2.4884174 -2.6193867 -3.4052026 -2.4884174]
[-2.5211596 -2.5866442 -3.4052026 -2.455675 ]
[-2.553902  -2.652129  -3.4706872 -2.553902 ]
[-2.7176137 -2.7830982 -3.634399  -2.6848712]
[-2.9140675 -2.94681   -3.830853  -2.848583 ]
[-3.1760063 -3.1432638 -4.0927916 -3.0122945]
[-3.3069756 -3.3397179 -4.35473   -3.2414908]
[-3.3724604 -3.5034297 -4.551184  -3.3724604]
[-3.4706872 -3.5689142 -4.6821537 -3.4052026]
[-3.437945  -3.5689142 -4.6821537 -3.437945 ]
[-3.3724604 -3.536172  -4.6166687 -3.3397179]
[-3.3069756 -3.4052026 -4.4856997 -3.2414908]
[-3.1105216 -3.2414908 -4.223761  -3.0777793]
[-2.8813252 -2.8158407 -3.7653682 -2.5866442]
[-2.8158407 -2.160994  -3.2414908 -1.9317976]
[-1.7353436 -2.062767  -2.6193867 -1.8990552]
[-1.6371167 -1.8990552 -2.2919633 -1.2114663]
[-1.276951  -1.9972823 -2.2264786 -1.3424356]
[-1.1132393 -2.2264786 -2.3574479 -1.6043743]
[-1.96454   -1.9317976 -2.4884174 -1.3096933]
[-1.8990552 -1.8008283 -2.4229326 -1.6043743]
[-1.8335706 -1.6043743 -2.1282516 -1.2114663]
[-1.1132393 -1.4079204 -1.6371167 -0.884043 ]
[-0.58936197 -1.080497   -1.080497   -0.32742333]
[-0.26193866 -0.78581595 -0.7203313   0.        ]
[ 1.2442087  -1.375178   -0.19645399 -0.62210435]
[-0.36016566 -0.78581595 -0.62210435 -0.884043  ]
[-0.7203313  -1.1459817  -1.080497   -0.39290798]
[-0.75307363 -1.1459817  -1.1132393  -0.42565033]
[-0.78581595 -1.1787239  -1.1459817  -0.45839265]
[-0.78581595 -1.1787239  -1.1459817  -0.45839265]
[-0.78581595 -1.2114663  -1.1787239  -0.491135  ]
[-0.81855834 -1.2442087  -1.2442087  -0.5238773 ]
[-0.85130066 -1.276951   -1.276951   -0.55661964]
[-0.884043  -1.276951  -1.3424356 -0.5238773]
[-0.884043  -1.3096933 -1.4079204 -0.5238773]
[-0.884043   -1.3096933  -1.4406626  -0.58936197]
[-0.9167853  -1.3096933  -1.473405   -0.62210435]
[-0.98227   -1.375178  -1.5388896 -0.687589 ]
[-1.0150123  -1.4406626  -1.5388896  -0.78581595]
[-1.0477546  -1.473405   -1.5388896  -0.78581595]
[-1.0477546  -1.5061473  -1.5388896  -0.85130066]
[-1.080497  -1.5061473 -1.5388896 -0.884043 ]
[-1.0477546 -1.6043743 -1.5388896 -0.98227  ]
[-1.1459817 -1.6043743 -1.5061473 -0.98227  ]
[-1.276951  -1.6371167 -1.5716319 -1.0477546]
[-1.276951  -1.7026013 -1.6698589 -1.080497 ]
[-1.1459817 -1.8335706 -1.5716319 -1.1787239]
[-1.2442087 -1.5716319 -1.5388896 -1.1132393]
[-1.4079204 -1.7353436 -1.5388896 -1.2114663]
[-1.4079204 -1.768086  -1.473405  -1.2442087]
[-1.4079204 -1.7353436 -1.4406626 -1.2114663]
[-1.473405  -1.7026013 -1.4079204 -1.1787239]
[-1.5388896 -1.6043743 -1.3424356 -1.1459817]
[-1.5061473 -1.5388896 -1.3096933 -1.1132393]
[-1.4406626 -1.5061473 -1.2442087 -1.080497 ]
[-1.3424356 -1.4079204 -1.1787239 -0.98227  ]
[-1.276951  -1.3096933 -1.1459817 -0.9167853]
[-1.1787239 -1.276951  -1.1132393 -0.884043 ]
[-1.1132393  -1.1787239  -1.080497   -0.85130066]
[-1.080497   -1.1787239  -1.080497   -0.85130066]
[-1.0150123  -1.1459817  -1.0477546  -0.81855834]
[-0.9495276  -1.080497   -1.0150123  -0.75307363]
[-0.9167853 -0.98227   -0.98227   -0.7203313]
[-0.884043  -0.9167853 -0.9495276 -0.7203313]
[-0.78581595 -0.9167853  -0.9167853  -0.75307363]
[-0.7203313 -0.9167853 -0.884043  -0.7203313]
[-0.687589   -0.81855834 -0.81855834 -0.65484667]
[-0.65484667 -0.78581595 -0.78581595 -0.62210435]
[-0.58936197 -0.7203313  -0.7203313  -0.62210435]
[-0.55661964 -0.7203313  -0.687589   -0.62210435]
[-0.55661964 -0.687589   -0.65484667 -0.55661964]
[-0.5238773  -0.65484667 -0.62210435 -0.5238773 ]
[-0.491135   -0.62210435 -0.62210435 -0.491135  ]
[-0.5238773  -0.5238773  -0.65484667 -0.42565033]
[-0.42565033 -0.5238773  -0.687589   -0.45839265]
[-0.39290798 -0.45839265 -0.65484667 -0.39290798]
[-0.39290798 -0.42565033 -0.62210435 -0.32742333]
[-0.36016566 -0.42565033 -0.62210435 -0.36016566]
[-0.32742333 -0.45839265 -0.65484667 -0.36016566]
[-0.36016566 -0.491135   -0.7203313  -0.39290798]
[-0.42565033 -0.5238773  -0.81855834 -0.42565033]
[-0.491135   -0.58936197 -0.9495276  -0.491135  ]
[-0.55661964 -0.7203313  -1.1459817  -0.65484667]
[-0.687589   -0.85130066 -1.3096933  -0.78581595]
[-0.85130066 -0.9495276  -1.4406626  -0.884043  ]
[-1.0477546 -1.0150123 -1.5716319 -0.98227  ]
[-1.080497  -1.2442087 -1.7353436 -1.1787239]
[-1.1787239 -1.375178  -1.8008283 -1.2114663]
[-1.1132393 -1.4406626 -1.8008283 -1.2442087]
[-1.080497  -1.4079204 -1.7353436 -1.1132393]
[-1.0150123 -1.3424356 -1.6043743 -1.0477546]
[-0.9167853 -1.2114663 -1.473405  -0.9495276]
[-0.75307363 -1.1132393  -1.2114663  -0.85130066]
[-0.5238773  -0.85130066 -0.884043   -0.65484667]
[-0.26193866 -0.65484667 -0.491135   -0.45839265]
[-0.26193866 -0.36016566 -0.19645399 -0.16371167]
[-0.16371167 -0.26193866 -0.06548467 -0.13096933]
[-0.22919632 -0.16371167 -0.06548467  0.        ]
[-0.03274233 -0.32742333 -0.09822699 -0.13096933]
[ 0.06548467 -0.26193866 -0.16371167 -0.09822699]
[-0.03274233 -0.26193866 -0.19645399  0.        ]
[ 0.03274233 -0.29468098 -0.13096933  0.06548467]
[ 0.13096933 -0.22919632 -0.09822699  0.03274233]
[ 0.03274233 -0.29468098 -0.13096933 -0.09822699]
[-0.16371167 -0.32742333 -0.19645399 -0.16371167]
[-0.42565033 -0.491135   -0.42565033 -0.36016566]
[-0.9495276  -0.81855834 -0.9495276  -0.75307363]
[-1.4079204 -1.375178  -1.6371167 -1.3424356]
[-1.7353436 -1.866313  -2.2592208 -1.8008283]
[-1.96454   -2.0955093 -2.5866442 -1.96454  ]
[-2.1282516 -2.2264786 -2.750356  -2.1282516]
[-2.2592208 -2.3574479 -2.94681   -2.2592208]
[-2.3247056 -2.4229326 -3.045037  -2.3574479]
[-2.3574479 -2.4884174 -3.0777793 -2.3901904]
[-2.4229326 -2.5211596 -3.1432638 -2.3901904]
[-2.4884174 -2.553902  -3.2087486 -2.455675 ]
[-2.4884174 -2.5866442 -3.2742333 -2.4884174]
[-2.4884174 -2.5866442 -3.2742333 -2.455675 ]
[-2.4884174 -2.5866442 -3.2742333 -2.4884174]
[-2.5211596 -2.652129  -3.3397179 -2.553902 ]
[-2.5866442 -2.7176137 -3.3724604 -2.5866442]
[-2.5866442 -2.750356  -3.437945  -2.5866442]
[-2.6193867 -2.750356  -3.4706872 -2.6193867]
[-2.652129  -2.750356  -3.4706872 -2.6193867]
[-2.6193867 -2.7176137 -3.4706872 -2.6193867]
[-2.5866442 -2.6848712 -3.437945  -2.553902 ]
[-2.5211596 -2.652129  -3.4052026 -2.4884174]
[-2.455675  -2.5866442 -3.3397179 -2.455675 ]
[-2.455675  -2.5866442 -3.3069756 -2.455675 ]
[-2.4884174 -2.6193867 -3.3724604 -2.5211596]
[-2.652129  -2.6848712 -3.4706872 -2.553902 ]
[-2.7830982 -2.8158407 -3.6671412 -2.750356 ]
[-2.94681   -2.9795523 -3.8963375 -2.9140675]
[-3.0777793 -3.1760063 -4.0927916 -3.0777793]
[-3.1432638 -3.2742333 -4.256503  -3.1432638]
[-3.2087486 -3.3069756 -4.321988  -3.1760063]
[-3.2087486 -3.2742333 -4.321988  -3.1432638]
[-3.0777793 -3.2087486 -4.1910186 -3.0777793]
[-2.94681   -3.0777793 -4.027307  -2.94681  ]
[-2.7176137 -2.848583  -3.732626  -2.750356 ]
[-2.4229326 -2.455675  -3.2742333 -2.3247056]
[-2.1937363 -1.866313  -2.8158407 -1.6043743]
[-1.0150123 -1.8008283 -2.1937363 -1.473405 ]
[-0.7203313  -1.375178   -1.8008283  -0.75307363]
[-0.62210435 -1.3424356  -1.6371167  -0.7203313 ]
[-0.81855834 -1.5061473  -1.6371167  -0.884043  ]
[-1.7353436  -1.276951   -1.866313   -0.85130066]
[-1.6698589 -1.6043743 -1.96454   -1.4079204]
[-1.473405  -1.5716319 -1.8335706 -1.1459817]
[-0.98227    -1.4406626  -1.4406626  -0.75307363]
[-0.62210435 -1.0150123  -0.98227    -0.22919632]
[-0.36016566 -0.81855834 -0.687589    0.        ]
[ 1.1459817  -1.3424356  -0.22919632 -0.65484667]
[-0.42565033 -0.81855834 -0.7203313  -0.9495276 ]
[-0.81855834 -1.2114663  -1.2114663  -0.491135  ]
[-0.81855834 -1.2442087  -1.2442087  -0.5238773 ]
[-0.81855834 -1.2442087  -1.2442087  -0.5238773 ]
[-0.81855834 -1.2114663  -1.276951   -0.5238773 ]
[-0.81855834 -1.2442087  -1.276951   -0.5238773 ]
[-0.85130066 -1.2442087  -1.3424356  -0.55661964]
[-0.884043   -1.276951   -1.375178   -0.58936197]
[-0.9167853  -1.3096933  -1.4406626  -0.62210435]
[-1.0150123  -1.375178   -1.5061473  -0.65484667]
[-1.0477546 -1.4079204 -1.6043743 -0.7203313]
[-1.080497   -1.473405   -1.6698589  -0.81855834]
[-1.1132393  -1.5061473  -1.7026013  -0.85130066]
[-1.1459817  -1.5061473  -1.7353436  -0.85130066]
[-1.1459817 -1.5388896 -1.7026013 -0.884043 ]
[-1.1459817 -1.5388896 -1.7353436 -0.884043 ]
[-1.1459817 -1.5388896 -1.768086  -0.884043 ]
[-1.1132393 -1.5388896 -1.8008283 -0.884043 ]
[-1.1787239 -1.5061473 -1.8008283 -0.884043 ]
[-1.1787239 -1.5716319 -1.866313  -0.98227  ]
[-1.1787239 -1.6371167 -1.8990552 -0.98227  ]
[-1.2114663 -1.6371167 -1.866313  -0.98227  ]
[-1.2114663 -1.6043743 -1.866313  -1.0477546]
[-1.2442087 -1.6698589 -1.866313  -1.080497 ]
[-1.2442087 -1.7026013 -1.8335706 -1.1132393]
[-1.276951  -1.7353436 -1.8008283 -1.1787239]
[-1.3424356 -1.8008283 -1.8008283 -1.276951 ]
[-1.4079204 -1.866313  -1.8008283 -1.375178 ]
[-1.4079204 -1.9317976 -1.7353436 -1.375178 ]
[-1.4079204 -1.9317976 -1.6698589 -1.375178 ]
[-1.375178  -1.8990552 -1.6043743 -1.3096933]
[-1.375178  -1.8008283 -1.5388896 -1.2442087]
[-1.4079204 -1.768086  -1.5061473 -1.2114663]
[-1.375178  -1.7353436 -1.5061473 -1.2442087]
[-1.4079204 -1.7353436 -1.473405  -1.2114663]
[-1.4079204 -1.6698589 -1.4406626 -1.1787239]
[-1.375178  -1.6043743 -1.4079204 -1.1459817]
[-1.4079204 -1.5716319 -1.3424356 -1.1132393]
[-1.4406626 -1.5061473 -1.3096933 -1.080497 ]
[-1.375178  -1.473405  -1.2442087 -1.080497 ]
[-1.375178  -1.4406626 -1.1787239 -0.98227  ]
[-1.2442087 -1.3096933 -1.1132393 -0.9495276]
[-1.1787239 -1.2442087 -1.0477546 -0.9167853]
[-1.0477546 -1.1787239 -0.98227   -0.884043 ]
[-0.9167853  -1.1132393  -0.9167853  -0.81855834]
[-0.81855834 -0.98227    -0.85130066 -0.7203313 ]
[-0.75307363 -0.884043   -0.78581595 -0.687589  ]
[-0.687589   -0.81855834 -0.7203313  -0.65484667]
[-0.62210435 -0.7203313  -0.687589   -0.55661964]
[-0.491135   -0.65484667 -0.62210435 -0.5238773 ]
[-0.42565033 -0.58936197 -0.55661964 -0.45839265]
[-0.42565033 -0.5238773  -0.5238773  -0.42565033]
[-0.39290798 -0.491135   -0.491135   -0.39290798]
[-0.39290798 -0.491135   -0.491135   -0.36016566]
[-0.42565033 -0.491135   -0.55661964 -0.36016566]
[-0.491135   -0.55661964 -0.65484667 -0.45839265]
[-0.65484667 -0.58936197 -0.78581595 -0.491135  ]
[-0.7203313  -0.7203313  -0.9495276  -0.62210435]
[-0.85130066 -0.81855834 -1.080497   -0.687589  ]
[-0.98227    -0.884043   -1.2114663  -0.75307363]
[-1.0150123  -0.9167853  -1.375178   -0.85130066]
[-1.0150123 -1.0477546 -1.473405  -0.9167853]
[-0.9495276 -1.0477546 -1.5388896 -0.884043 ]
[-0.78581595 -1.0477546  -1.4406626  -0.81855834]
[-0.687589   -0.884043   -1.276951   -0.65484667]
[-0.58936197 -0.78581595 -1.1132393  -0.62210435]
[-0.491135   -0.78581595 -1.0150123  -0.58936197]
[-0.45839265 -0.7203313  -0.81855834 -0.491135  ]
[-0.29468098 -0.55661964 -0.55661964 -0.39290798]
[-0.16371167 -0.42565033 -0.26193866 -0.26193866]
[-0.13096933 -0.22919632 -0.06548467 -0.09822699]
[-0.13096933 -0.19645399  0.03274233 -0.06548467]
[-0.13096933 -0.19645399  0.         -0.03274233]
[-0.09822699 -0.22919632 -0.06548467 -0.06548467]
[-0.09822699 -0.19645399 -0.06548467  0.03274233]
[-0.03274233 -0.19645399 -0.09822699  0.09822699]
[ 0.         -0.13096933 -0.09822699  0.03274233]
[-0.03274233 -0.16371167 -0.09822699 -0.03274233]
[-0.09822699 -0.32742333 -0.16371167 -0.13096933]
[-0.16371167 -0.39290798 -0.19645399 -0.19645399]
[-0.32742333 -0.45839265 -0.36016566 -0.32742333]
[-0.75307363 -0.65484667 -0.7203313  -0.58936197]
[-1.1132393 -1.0477546 -1.2442087 -1.0477546]
[-1.4079204 -1.4406626 -1.7353436 -1.4079204]
[-1.5716319 -1.6698589 -2.0300245 -1.5716319]
[-1.6698589 -1.8335706 -2.2264786 -1.7353436]
[-1.768086  -1.9317976 -2.3901904 -1.8335706]
[-1.866313  -1.9972823 -2.4884174 -1.8990552]
[-1.8990552 -2.0300245 -2.5211596 -1.96454  ]
[-1.9972823 -2.0955093 -2.6193867 -1.9972823]
[-2.062767  -2.160994  -2.7176137 -2.1282516]
[-2.1282516 -2.2592208 -2.7830982 -2.1937363]
[-2.1937363 -2.2919633 -2.848583  -2.1937363]
[-2.2264786 -2.3247056 -2.8813252 -2.2264786]
[-2.2919633 -2.3901904 -2.94681   -2.2919633]
[-2.3901904 -2.455675  -3.045037  -2.3247056]
[-2.3901904 -2.4884174 -3.1105216 -2.3901904]
[-2.4229326 -2.553902  -3.1760063 -2.455675 ]
[-2.455675  -2.5866442 -3.2087486 -2.4884174]
[-2.455675  -2.5866442 -3.2414908 -2.4884174]
[-2.455675  -2.553902  -3.2414908 -2.455675 ]
[-2.4229326 -2.5211596 -3.2087486 -2.3901904]
[-2.3901904 -2.4884174 -3.1432638 -2.3574479]
[-2.3574479 -2.455675  -3.1432638 -2.3247056]
[-2.3574479 -2.4884174 -3.1432638 -2.3574479]
[-2.4884174 -2.455675  -3.2087486 -2.3901904]
[-2.553902  -2.5866442 -3.3397179 -2.5211596]
[-2.6193867 -2.6848712 -3.5034297 -2.5866442]
[-2.6848712 -2.750356  -3.6016567 -2.652129 ]
[-2.6848712 -2.8158407 -3.6998837 -2.7176137]
[-2.652129  -2.8158407 -3.732626  -2.7176137]
[-2.5211596 -2.7830982 -3.6671412 -2.6848712]
[-2.4229326 -2.5866442 -3.5034297 -2.5211596]
[-2.3901904 -2.3574479 -3.2087486 -2.2919633]
[-2.2919633 -2.160994  -2.9140675 -2.0955093]
[-2.062767  -1.8990552 -2.553902  -1.768086 ]
[-1.8990552 -1.473405  -2.160994  -1.1132393]
[-1.0477546  -1.3096933  -1.6371167  -0.78581595]
[-0.81855834 -0.81855834 -1.3096933  -0.19645399]
[-0.75307363 -0.85130066 -1.2114663  -0.32742333]
[-0.9167853  -1.1132393  -1.3096933  -0.75307363]
[-1.4406626 -1.3096933 -1.6043743 -0.98227  ]
[-1.375178  -1.6698589 -1.6698589 -1.2114663]
[-1.1787239  -1.5061473  -1.473405   -0.85130066]
[-0.85130066 -1.2442087  -1.1787239  -0.5238773 ]
[-0.55661964 -1.0150123  -0.9167853  -0.26193866]
[-0.42565033 -0.884043   -0.75307363 -0.09822699]
[ 1.0150123  -1.4079204  -0.29468098 -0.7203313 ]
[-0.45839265 -0.85130066 -0.75307363 -0.98227   ]
[-0.85130066 -1.2442087  -1.276951   -0.55661964]
[-0.85130066 -1.276951   -1.3096933  -0.58936197]
[-0.884043   -1.2442087  -1.3096933  -0.55661964]
[-0.85130066 -1.2442087  -1.3424356  -0.55661964]
[-0.85130066 -1.2114663  -1.3424356  -0.55661964]
[-0.81855834 -1.2114663  -1.3424356  -0.5238773 ]
[-0.85130066 -1.2442087  -1.375178   -0.58936197]
[-0.884043   -1.3096933  -1.4406626  -0.65484667]
[-1.0150123 -1.3424356 -1.5388896 -0.7203313]
[-1.0477546  -1.4406626  -1.6371167  -0.81855834]
[-1.1132393 -1.5061473 -1.7353436 -0.884043 ]
[-1.1459817 -1.5388896 -1.768086  -0.884043 ]
[-1.1787239 -1.5061473 -1.8008283 -0.884043 ]
[-1.1132393 -1.5061473 -1.768086  -0.884043 ]
[-1.1132393 -1.5388896 -1.8008283 -0.9167853]
[-1.1459817 -1.5061473 -1.8335706 -0.884043 ]
[-1.1787239 -1.5061473 -1.8990552 -0.884043 ]
[-1.2114663 -1.5061473 -1.9317976 -0.9495276]
[-1.1787239 -1.6043743 -1.9972823 -0.98227  ]
[-1.2114663 -1.6043743 -1.9972823 -0.98227  ]
[-1.2442087 -1.5388896 -1.9972823 -1.0150123]
[-1.3096933 -1.6371167 -2.0300245 -1.0150123]
[-1.276951  -1.6043743 -2.0300245 -1.0150123]
[-1.276951  -1.6371167 -2.0300245 -1.0150123]
[-1.2442087 -1.6371167 -2.0300245 -1.0477546]
[-1.2442087 -1.6371167 -1.9972823 -1.0477546]
[-1.2114663 -1.6371167 -1.9972823 -1.0150123]
[-1.2114663 -1.6043743 -1.9317976 -0.98227  ]
[-1.1787239 -1.5716319 -1.866313  -0.98227  ]
[-1.1459817 -1.5388896 -1.8335706 -0.98227  ]
[-1.1459817 -1.5716319 -1.8008283 -1.0150123]
[-1.1787239 -1.5716319 -1.8008283 -1.0150123]
[-1.1787239 -1.6371167 -1.768086  -1.080497 ]
[-1.1787239 -1.6698589 -1.768086  -1.080497 ]
[-1.2442087 -1.6698589 -1.7353436 -1.1132393]
[-1.2442087 -1.7026013 -1.7026013 -1.1787239]
[-1.276951  -1.7353436 -1.7026013 -1.2114663]
[-1.3424356 -1.7353436 -1.6698589 -1.2114663]
[-1.276951  -1.8008283 -1.6043743 -1.3096933]
[-1.3424356 -1.768086  -1.5388896 -1.2442087]
[-1.375178  -1.8008283 -1.473405  -1.276951 ]
[-1.4079204 -1.768086  -1.4079204 -1.2442087]
[-1.4079204 -1.7353436 -1.3424356 -1.1787239]
[-1.375178  -1.6371167 -1.276951  -1.1132393]
[-1.375178  -1.5061473 -1.2114663 -1.0477546]
[-1.3096933 -1.4079204 -1.1459817 -1.0150123]
[-1.1787239 -1.3096933 -1.0477546 -0.9495276]
[-1.080497   -1.2114663  -0.9167853  -0.81855834]
[-0.9495276  -1.0477546  -0.81855834 -0.7203313 ]
[-0.85130066 -0.9495276  -0.7203313  -0.65484667]
[-0.75307363 -0.884043   -0.687589   -0.62210435]
[-0.687589   -0.81855834 -0.65484667 -0.58936197]
[-0.62210435 -0.75307363 -0.65484667 -0.58936197]
[-0.62210435 -0.75307363 -0.687589   -0.62210435]
[-0.7203313  -0.78581595 -0.75307363 -0.65484667]
[-0.81855834 -0.85130066 -0.884043   -0.7203313 ]
[-0.81855834 -1.0150123  -1.0150123  -0.884043  ]
[-0.9495276 -1.080497  -1.1132393 -0.9167853]
[-0.9495276 -1.1787239 -1.2114663 -1.0150123]
[-0.9495276 -1.1787239 -1.3096933 -0.98227  ]
[-0.98227   -1.1132393 -1.3096933 -0.884043 ]
[-0.81855834 -1.0150123  -1.3096933  -0.85130066]
[-0.7203313 -0.9495276 -1.1787239 -0.687589 ]
[-0.5238773 -0.7203313 -0.98227   -0.5238773]
[-0.42565033 -0.62210435 -0.81855834 -0.45839265]
[-0.32742333 -0.58936197 -0.687589   -0.39290798]
[-0.36016566 -0.5238773  -0.5238773  -0.32742333]
[-0.22919632 -0.42565033 -0.36016566 -0.29468098]
[-0.09822699 -0.36016566 -0.16371167 -0.22919632]
[-0.06548467 -0.26193866 -0.03274233 -0.09822699]
[-0.06548467 -0.22919632  0.03274233 -0.09822699]
[-0.13096933 -0.19645399  0.         -0.03274233]
[-0.13096933 -0.26193866 -0.06548467 -0.09822699]
[-0.13096933 -0.29468098 -0.06548467 -0.13096933]
[-0.16371167 -0.29468098 -0.06548467 -0.09822699]
[-0.19645399 -0.36016566 -0.09822699 -0.09822699]
[-0.16371167 -0.36016566 -0.13096933 -0.16371167]
[-0.13096933 -0.39290798 -0.16371167 -0.22919632]
[-0.16371167 -0.39290798 -0.16371167 -0.19645399]
[-0.19645399 -0.36016566 -0.19645399 -0.22919632]
[-0.42565033 -0.42565033 -0.42565033 -0.36016566]
[-0.65484667 -0.65484667 -0.75307363 -0.65484667]
[-0.85130066 -0.9495276  -1.1132393  -0.9495276 ]
[-0.98227   -1.1459817 -1.3424356 -1.080497 ]
[-1.0477546 -1.276951  -1.5061473 -1.1787239]
[-1.1132393 -1.3424356 -1.6371167 -1.2114663]
[-1.1459817 -1.3424356 -1.7026013 -1.276951 ]
[-1.1787239 -1.3424356 -1.768086  -1.3424356]
[-1.276951  -1.4079204 -1.866313  -1.4079204]
[-1.3424356 -1.5061473 -1.96454   -1.5061473]
[-1.4079204 -1.5716319 -2.062767  -1.5716319]
[-1.473405  -1.6371167 -2.1282516 -1.6043743]
[-1.5716319 -1.7026013 -2.1937363 -1.6698589]
[-1.7353436 -1.768086  -2.2919633 -1.768086 ]
[-1.866313  -1.8990552 -2.3901904 -1.8990552]
[-1.9317976 -2.062767  -2.5211596 -2.0300245]
[-2.0300245 -2.1282516 -2.6193867 -2.062767 ]
[-2.062767  -2.160994  -2.6848712 -2.0955093]
[-2.0955093 -2.1937363 -2.750356  -2.1282516]
[-2.0955093 -2.1937363 -2.8158407 -2.160994 ]
[-2.0300245 -2.2264786 -2.7830982 -2.1282516]
[-1.9972823 -2.1937363 -2.750356  -2.0955093]
[-1.9972823 -2.1282516 -2.6848712 -2.0300245]
[-1.96454   -2.0955093 -2.6848712 -2.0300245]
[-1.96454   -2.0955093 -2.7176137 -2.062767 ]
[-1.8990552 -2.1282516 -2.750356  -2.0955093]
[-1.9317976 -2.1282516 -2.7830982 -2.0300245]
[-1.9317976 -2.062767  -2.8158407 -2.0300245]
[-1.866313  -2.062767  -2.8158407 -2.0300245]
[-1.768086  -2.0300245 -2.7830982 -1.96454  ]
[-1.6371167 -1.866313  -2.652129  -1.768086 ]
[-1.6371167 -1.6371167 -2.455675  -1.5716319]
[-1.5388896 -1.4406626 -2.2592208 -1.5061473]
[-1.4079204 -1.473405  -2.062767  -1.5061473]
[-1.2114663 -1.473405  -1.8335706 -1.375178 ]
[-1.1132393 -1.276951  -1.5716319 -0.9495276]
[-0.65484667 -1.2114663  -1.276951   -0.78581595]
[-0.491135  -1.0150123 -1.080497  -0.5238773]
[-0.55661964 -1.1132393  -1.080497   -0.58936197]
[-0.75307363 -1.2442087  -1.1459817  -0.7203313 ]
[-0.9495276 -1.3096933 -1.276951  -0.7203313]
[-0.884043   -1.375178   -1.2442087  -0.65484667]
[-0.78581595 -1.1132393  -1.080497   -0.42565033]
[-0.58936197 -1.0150123  -0.9495276  -0.36016566]
[-0.491135   -0.9495276  -0.81855834 -0.19645399]
[-0.42565033 -0.85130066 -0.7203313  -0.09822699]
[ 1.0150123  -1.375178   -0.29468098 -0.75307363]
[-0.45839265 -0.81855834 -0.75307363 -0.98227   ]
[-0.85130066 -1.2442087  -1.276951   -0.58936197]
[-0.884043   -1.276951   -1.3096933  -0.58936197]
[-0.884043   -1.2442087  -1.3424356  -0.58936197]
[-0.85130066 -1.2442087  -1.3424356  -0.55661964]
[-0.81855834 -1.2114663  -1.3424356  -0.55661964]
[-0.78581595 -1.1787239  -1.3096933  -0.5238773 ]
[-0.81855834 -1.1787239  -1.3424356  -0.5238773 ]
[-0.85130066 -1.2442087  -1.4079204  -0.58936197]
[-0.9167853  -1.276951   -1.5061473  -0.65484667]
[-0.98227    -1.375178   -1.6043743  -0.75307363]
[-1.0477546  -1.4079204  -1.6698589  -0.78581595]
[-1.080497   -1.4406626  -1.7026013  -0.81855834]
[-1.1132393  -1.4406626  -1.7353436  -0.85130066]
[-1.0477546  -1.473405   -1.7353436  -0.85130066]
[-1.0477546  -1.4406626  -1.768086   -0.81855834]
[-1.080497   -1.4406626  -1.8008283  -0.81855834]
[-1.1132393  -1.4406626  -1.866313   -0.85130066]
[-1.1459817 -1.473405  -1.9317976 -0.9167853]
[-1.1459817 -1.5388896 -1.9317976 -0.9167853]
[-1.2114663 -1.5061473 -1.96454   -0.9167853]
[-1.2114663 -1.5388896 -1.9972823 -1.0150123]
[-1.276951  -1.5716319 -2.0300245 -1.0150123]
[-1.276951  -1.6371167 -2.062767  -1.0477546]
[-1.276951  -1.6043743 -2.062767  -1.0150123]
[-1.276951  -1.6043743 -2.062767  -1.0150123]
[-1.2442087 -1.5716319 -2.0300245 -0.98227  ]
[-1.2114663 -1.5388896 -1.9972823 -0.9495276]
[-1.2114663 -1.5061473 -1.96454   -0.9495276]
[-1.1787239 -1.5388896 -1.9317976 -0.9495276]
[-1.1787239 -1.5388896 -1.9317976 -0.9495276]
[-1.1459817 -1.5388896 -1.9317976 -0.9495276]
[-1.1459817 -1.5061473 -1.866313  -0.884043 ]
[-1.080497 -1.473405 -1.866313 -0.884043]
[-1.080497  -1.4406626 -1.8335706 -0.884043 ]
[-1.1132393 -1.4406626 -1.8335706 -0.884043 ]
[-1.080497  -1.473405  -1.8335706 -0.9167853]
[-1.080497  -1.473405  -1.8335706 -0.884043 ]
[-1.1132393 -1.473405  -1.8008283 -0.884043 ]
[-1.0477546 -1.473405  -1.768086  -0.9167853]
[-1.0150123 -1.4406626 -1.7353436 -0.884043 ]
[-1.0150123 -1.473405  -1.6698589 -0.9495276]
[-1.0150123 -1.5388896 -1.6371167 -1.0150123]
[-1.080497  -1.5716319 -1.5716319 -1.0477546]
[-1.1132393 -1.6043743 -1.5388896 -1.1132393]
[-1.2114663 -1.6698589 -1.473405  -1.1459817]
[-1.2114663 -1.6698589 -1.4406626 -1.1787239]
[-1.1459817 -1.6371167 -1.3424356 -1.1132393]
[-1.080497  -1.5061473 -1.1787239 -1.0150123]
[-1.080497  -1.4079204 -1.0477546 -0.9167853]
[-1.080497  -1.375178  -0.9495276 -0.9167853]
[-1.080497  -1.3424356 -0.9167853 -0.9167853]
[-1.080497   -1.3096933  -0.9167853  -0.85130066]
[-1.080497   -1.2114663  -0.9167853  -0.81855834]
[-1.0150123  -1.1459817  -0.9167853  -0.85130066]
[-0.98227    -1.1459817  -1.0150123  -0.85130066]
[-1.0150123  -1.1132393  -1.1132393  -0.85130066]
[-0.9167853 -1.1459817 -1.1787239 -0.9167853]
[-1.0477546  -1.1132393  -1.2114663  -0.85130066]
[-0.85130066 -1.1787239  -1.2442087  -0.9495276 ]
[-0.85130066 -1.1459817  -1.2442087  -0.81855834]
[-0.81855834 -0.9167853  -1.2114663  -0.7203313 ]
[-0.58936197 -0.884043   -1.1459817  -0.78581595]
[-0.5238773  -0.75307363 -1.0150123  -0.55661964]
[-0.39290798 -0.55661964 -0.78581595 -0.42565033]
[-0.32742333 -0.491135   -0.62210435 -0.32742333]
[-0.26193866 -0.45839265 -0.491135   -0.29468098]
[-0.29468098 -0.42565033 -0.42565033 -0.26193866]
[-0.26193866 -0.42565033 -0.29468098 -0.26193866]
[-0.13096933 -0.39290798 -0.16371167 -0.19645399]
[-0.13096933 -0.29468098 -0.06548467 -0.09822699]
[-0.09822699 -0.26193866 -0.03274233 -0.06548467]
[-0.13096933 -0.22919632 -0.09822699 -0.09822699]
[-0.13096933 -0.26193866 -0.13096933 -0.09822699]
[-0.09822699 -0.29468098 -0.13096933 -0.13096933]
[-0.03274233 -0.29468098 -0.09822699 -0.13096933]
[-0.13096933 -0.29468098 -0.09822699 -0.09822699]
[-0.19645399 -0.32742333 -0.09822699 -0.13096933]
[-0.09822699 -0.45839265 -0.16371167 -0.22919632]
[-0.13096933 -0.36016566 -0.09822699 -0.16371167]
[-0.09822699 -0.26193866 -0.06548467 -0.13096933]
[-0.19645399 -0.26193866 -0.09822699 -0.13096933]
[-0.26193866 -0.32742333 -0.29468098 -0.26193866]
[-0.29468098 -0.42565033 -0.5238773  -0.39290798]
[-0.32742333 -0.5238773  -0.65484667 -0.491135  ]
[-0.42565033 -0.62210435 -0.78581595 -0.55661964]
[-0.5238773  -0.65484667 -0.85130066 -0.58936197]
[-0.58936197 -0.65484667 -0.9495276  -0.62210435]
[-0.65484667 -0.687589   -0.98227    -0.687589  ]
[-0.687589   -0.7203313  -1.0477546  -0.75307363]
[-0.75307363 -0.81855834 -1.1459817  -0.81855834]
[-0.81855834 -0.85130066 -1.2114663  -0.884043  ]
[-0.78581595 -0.884043   -1.276951   -0.9495276 ]
[-0.9495276 -0.9495276 -1.375178  -0.98227  ]
[-1.1132393 -1.0150123 -1.5061473 -1.1132393]
[-1.276951  -1.1459817 -1.6043743 -1.276951 ]
[-1.4406626 -1.375178  -1.7353436 -1.4079204]
[-1.6043743 -1.5388896 -1.866313  -1.473405 ]
[-1.7353436 -1.6698589 -1.9972823 -1.6043743]
[-1.8008283 -1.8008283 -2.1282516 -1.7026013]
[-1.8008283 -1.866313  -2.1937363 -1.7353436]
[-1.768086  -1.8335706 -2.1937363 -1.7026013]
[-1.7026013 -1.7353436 -2.160994  -1.6371167]
[-1.5716319 -1.7026013 -2.0955093 -1.6371167]
[-1.5061473 -1.6371167 -2.062767  -1.5716319]
[-1.473405  -1.5716319 -2.0300245 -1.473405 ]
[-1.375178  -1.5061473 -1.9972823 -1.4079204]
[-1.3096933 -1.375178  -1.96454   -1.3424356]
[-1.2442087 -1.3096933 -1.96454   -1.276951 ]
[-1.1132393 -1.2442087 -1.8990552 -1.276951 ]
[-1.0477546 -1.1459817 -1.8008283 -1.1459817]
[-0.98227   -1.0150123 -1.6698589 -1.0477546]
[-0.9495276 -0.884043  -1.5388896 -0.9167853]
[-0.78581595 -0.85130066 -1.4406626  -0.884043  ]
[-0.65484667 -0.81855834 -1.276951   -0.7203313 ]
[-0.491135   -0.75307363 -1.1132393  -0.55661964]
[-0.39290798 -0.58936197 -0.98227    -0.29468098]
[-0.16371167 -0.5238773  -0.85130066 -0.16371167]
[-0.03274233 -0.39290798 -0.81855834  0.        ]
[-0.03274233 -0.39290798 -0.85130066  0.        ]
[-0.13096933 -0.45839265 -0.9167853  -0.06548467]
[-0.16371167 -0.5238773  -0.9495276  -0.13096933]
[-0.16371167 -0.62210435 -0.884043   -0.16371167]
[-0.19645399 -0.58936197 -0.81855834 -0.06548467]
[-0.19645399 -0.58936197 -0.7203313  -0.06548467]
[-0.26193866 -0.58936197 -0.65484667  0.        ]
[-0.19645399 -0.65484667 -0.62210435  0.        ]
[ 1.0477546  -1.2114663  -0.26193866 -0.62210435]
[-0.42565033 -0.78581595 -0.7203313  -0.9167853 ]
[-0.81855834 -1.1787239  -1.2442087  -0.55661964]
[-0.85130066 -1.2114663  -1.276951   -0.58936197]
[-0.85130066 -1.2442087  -1.3096933  -0.58936197]
[-0.85130066 -1.2114663  -1.3096933  -0.55661964]
[-0.78581595 -1.1787239  -1.3096933  -0.5238773 ]
[-0.75307363 -1.1459817  -1.276951   -0.491135  ]
[-0.75307363 -1.1459817  -1.276951   -0.491135  ]
[-0.78581595 -1.1787239  -1.3096933  -0.5238773 ]
[-0.85130066 -1.2114663  -1.4079204  -0.58936197]
[-0.9167853  -1.276951   -1.5061473  -0.65484667]
[-0.98227   -1.3424356 -1.5716319 -0.7203313]
[-1.0150123  -1.375178   -1.6371167  -0.75307363]
[-1.0150123  -1.375178   -1.6371167  -0.78581595]
[-0.98227    -1.375178   -1.6371167  -0.78581595]
[-1.0150123  -1.3424356  -1.6371167  -0.75307363]
[-1.0150123  -1.3424356  -1.7026013  -0.75307363]
[-1.0477546  -1.375178   -1.768086   -0.78581595]
[-1.0477546  -1.4079204  -1.8335706  -0.81855834]
[-1.080497  -1.4406626 -1.8335706 -0.884043 ]
[-1.1132393 -1.4079204 -1.8335706 -0.884043 ]
[-1.1459817 -1.5061473 -1.866313  -0.9167853]
[-1.1459817 -1.473405  -1.8990552 -0.9495276]
[-1.2442087 -1.5388896 -1.9317976 -0.9495276]
[-1.2114663 -1.5388896 -1.96454   -0.98227  ]
[-1.1787239 -1.5388896 -1.96454   -0.9495276]
[-1.1459817 -1.5061473 -1.9317976 -0.9167853]
[-1.1132393 -1.473405  -1.8990552 -0.9167853]
[-1.1459817 -1.473405  -1.8990552 -0.9167853]
[-1.1787239 -1.5388896 -1.8990552 -0.9495276]
[-1.2114663 -1.5388896 -1.9317976 -0.9495276]
[-1.1459817 -1.5388896 -1.8990552 -0.9495276]
[-1.1132393 -1.473405  -1.866313  -0.884043 ]
[-1.080497   -1.4406626  -1.8335706  -0.85130066]
[-1.0477546  -1.4079204  -1.8008283  -0.85130066]
[-1.080497   -1.4079204  -1.8335706  -0.85130066]
[-1.080497   -1.4079204  -1.8008283  -0.85130066]
[-1.080497   -1.4079204  -1.8008283  -0.81855834]
[-1.080497   -1.4079204  -1.8008283  -0.81855834]
[-1.0477546  -1.375178   -1.8008283  -0.78581595]
[-1.0150123  -1.3424356  -1.768086   -0.75307363]
[-0.9495276  -1.3096933  -1.7353436  -0.75307363]
[-0.9167853  -1.3096933  -1.7026013  -0.75307363]
[-0.9167853 -1.276951  -1.6371167 -0.7203313]
[-0.884043   -1.276951   -1.6043743  -0.75307363]
[-0.9167853  -1.276951   -1.5716319  -0.78581595]
[-0.9167853  -1.3096933  -1.5388896  -0.75307363]
[-0.85130066 -1.276951   -1.473405   -0.75307363]
[-0.75307363 -1.2114663  -1.3424356  -0.7203313 ]
[-0.78581595 -1.2114663  -1.2442087  -0.687589  ]
[-0.81855834 -1.2442087  -1.1787239  -0.78581595]
[-0.884043  -1.3424356 -1.1459817 -0.884043 ]
[-1.0150123 -1.375178  -1.1132393 -0.9167853]
[-1.1459817 -1.4079204 -1.1459817 -0.9495276]
[-1.1787239 -1.4406626 -1.1459817 -1.0150123]
[-1.2442087 -1.4406626 -1.2114663 -0.98227  ]
[-1.276951  -1.4079204 -1.276951  -0.9495276]
[-1.1459817 -1.4079204 -1.3424356 -1.0150123]
[-1.2114663 -1.3096933 -1.375178  -0.9167853]
[-1.0150123 -1.3424356 -1.3096933 -1.0477546]
[-1.1459817  -1.2442087  -1.2442087  -0.81855834]
[-1.1459817  -1.080497   -1.2114663  -0.78581595]
[-0.98227    -1.080497   -1.1132393  -0.78581595]
[-0.81855834 -0.884043   -0.98227    -0.62210435]
[-0.65484667 -0.7203313  -0.78581595 -0.491135  ]
[-0.5238773  -0.58936197 -0.62210435 -0.39290798]
[-0.45839265 -0.55661964 -0.5238773  -0.39290798]
[-0.39290798 -0.55661964 -0.45839265 -0.39290798]
[-0.29468098 -0.55661964 -0.36016566 -0.32742333]
[-0.16371167 -0.491135   -0.22919632 -0.29468098]
[-0.22919632 -0.39290798 -0.16371167 -0.19645399]
[-0.22919632 -0.36016566 -0.16371167 -0.19645399]
[-0.26193866 -0.36016566 -0.19645399 -0.19645399]
[-0.19645399 -0.36016566 -0.22919632 -0.19645399]
[-0.13096933 -0.29468098 -0.19645399 -0.09822699]
[-0.06548467 -0.22919632 -0.13096933 -0.06548467]
[-0.03274233 -0.22919632 -0.13096933 -0.06548467]
[-0.06548467 -0.29468098 -0.16371167 -0.16371167]
[-0.09822699 -0.36016566 -0.16371167 -0.19645399]
[-0.13096933 -0.36016566 -0.09822699 -0.13096933]
[-0.09822699 -0.29468098 -0.03274233 -0.16371167]
[-0.13096933 -0.19645399  0.06548467 -0.06548467]
[-0.13096933 -0.19645399  0.         -0.06548467]
[-0.16371167 -0.22919632 -0.09822699 -0.09822699]
[-0.13096933 -0.26193866 -0.19645399 -0.16371167]
[-0.16371167 -0.29468098 -0.29468098 -0.26193866]
[-0.22919632 -0.29468098 -0.36016566 -0.26193866]
[-0.26193866 -0.32742333 -0.39290798 -0.32742333]
[-0.32742333 -0.36016566 -0.42565033 -0.32742333]
[-0.32742333 -0.42565033 -0.45839265 -0.45839265]
[-0.39290798 -0.491135   -0.5238773  -0.45839265]
[-0.42565033 -0.491135   -0.55661964 -0.491135  ]
[-0.42565033 -0.5238773  -0.55661964 -0.5238773 ]
[-0.5238773  -0.5238773  -0.65484667 -0.5238773 ]
[-0.65484667 -0.55661964 -0.78581595 -0.58936197]
[-0.62210435 -0.7203313  -0.9167853  -0.78581595]
[-0.687589   -0.85130066 -1.0477546  -0.884043  ]
[-0.85130066 -0.98227    -1.1459817  -0.98227   ]
[-0.98227   -1.1787239 -1.3096933 -1.1459817]
[-1.1132393 -1.375178  -1.4406626 -1.2442087]
[-1.2114663 -1.4406626 -1.5061473 -1.276951 ]
[-1.276951  -1.4406626 -1.5061473 -1.2442087]
[-1.3424356 -1.4079204 -1.5061473 -1.2442087]
[-1.3424356 -1.375178  -1.4406626 -1.2114663]
[-1.3424356 -1.375178  -1.4079204 -1.1459817]
[-1.3424356 -1.276951  -1.375178  -1.1132393]
[-1.3096933 -1.2442087 -1.3424356 -1.1132393]
[-1.276951  -1.2114663 -1.3424356 -1.080497 ]
[-1.1787239 -1.1787239 -1.3096933 -1.0150123]
[-1.0150123 -1.080497  -1.2442087 -0.9495276]
[-0.9167853  -0.9167853  -1.1459817  -0.81855834]
[-0.81855834 -0.81855834 -1.0477546  -0.75307363]
[-0.7203313  -0.75307363 -0.98227    -0.65484667]
[-0.55661964 -0.687589   -0.85130066 -0.491135  ]
[-0.42565033 -0.5238773  -0.7203313  -0.29468098]
[-0.32742333 -0.39290798 -0.62210435 -0.26193866]
[-0.36016566 -0.36016566 -0.58936197 -0.16371167]
[-0.26193866 -0.36016566 -0.58936197 -0.13096933]
[-0.19645399 -0.29468098 -0.58936197 -0.03274233]
[-0.22919632 -0.22919632 -0.62210435  0.        ]
[-0.26193866 -0.26193866 -0.7203313   0.        ]
[-0.16371167 -0.32742333 -0.75307363 -0.03274233]
[-0.06548467 -0.29468098 -0.65484667  0.06548467]
[-0.09822699 -0.19645399 -0.58936197  0.16371167]
[-0.03274233 -0.26193866 -0.58936197  0.13096933]
[-0.03274233 -0.26193866 -0.55661964  0.13096933]
[ 0.03274233 -0.36016566 -0.55661964  0.09822699]
[ 0.98227    -0.9167853  -0.16371167 -0.39290798]
[-0.39290798 -0.75307363 -0.65484667 -0.884043  ]
[-0.75307363 -1.1132393  -1.1787239  -0.491135  ]
[-0.78581595 -1.1787239  -1.2114663  -0.5238773 ]
[-0.81855834 -1.2114663  -1.3096933  -0.55661964]
[-0.81855834 -1.2114663  -1.3096933  -0.55661964]
[-0.75307363 -1.1787239  -1.276951   -0.491135  ]
[-0.7203313  -1.1132393  -1.2442087  -0.45839265]
[-0.687589   -1.1132393  -1.2442087  -0.45839265]
[-0.7203313  -1.1132393  -1.2442087  -0.45839265]
[-0.78581595 -1.1459817  -1.3096933  -0.5238773 ]
[-0.85130066 -1.2114663  -1.4079204  -0.58936197]
[-0.9167853 -1.276951  -1.473405  -0.687589 ]
[-0.9495276 -1.3096933 -1.5388896 -0.7203313]
[-0.9495276 -1.3096933 -1.5388896 -0.687589 ]
[-0.9167853 -1.3096933 -1.5061473 -0.687589 ]
[-0.9495276 -1.276951  -1.5388896 -0.687589 ]
[-0.98227   -1.3096933 -1.6043743 -0.7203313]
[-1.0150123  -1.3424356  -1.6698589  -0.75307363]
[-1.0477546  -1.375178   -1.7353436  -0.78581595]
[-1.0477546  -1.375178   -1.7353436  -0.81855834]
[-1.0477546  -1.375178   -1.7026013  -0.81855834]
[-1.0477546  -1.375178   -1.7026013  -0.81855834]
[-1.080497   -1.4079204  -1.7353436  -0.85130066]
[-1.1132393 -1.4079204 -1.8008283 -0.884043 ]
[-1.080497  -1.4406626 -1.8335706 -0.9167853]
[-1.080497   -1.4406626  -1.8008283  -0.85130066]
[-1.0477546  -1.375178   -1.768086   -0.81855834]
[-1.0477546  -1.375178   -1.768086   -0.78581595]
[-1.0477546  -1.4079204  -1.8008283  -0.85130066]
[-1.1132393 -1.4406626 -1.8335706 -0.884043 ]
[-1.1459817 -1.5061473 -1.8990552 -0.9495276]
[-1.1132393 -1.5388896 -1.866313  -0.9495276]
[-1.0477546  -1.4406626  -1.8335706  -0.85130066]
[-1.0150123  -1.375178   -1.768086   -0.81855834]
[-0.9495276  -1.3424356  -1.7353436  -0.78581595]
[-0.9495276  -1.3424356  -1.7353436  -0.78581595]
[-0.98227    -1.3424356  -1.7353436  -0.78581595]
[-0.98227    -1.3424356  -1.7353436  -0.78581595]
[-0.98227    -1.375178   -1.7353436  -0.81855834]
[-1.0150123  -1.375178   -1.7353436  -0.78581595]
[-0.98227    -1.3424356  -1.7026013  -0.78581595]
[-0.98227    -1.3096933  -1.7026013  -0.75307363]
[-0.9495276 -1.276951  -1.6698589 -0.7203313]
[-0.9167853 -1.2442087 -1.6043743 -0.687589 ]
[-0.884043  -1.2114663 -1.5716319 -0.687589 ]
[-0.884043  -1.1787239 -1.5388896 -0.687589 ]
[-0.81855834 -1.1787239  -1.5061473  -0.65484667]
[-0.78581595 -1.1459817  -1.473405   -0.58936197]
[-0.75307363 -1.080497   -1.4079204  -0.55661964]
[-0.7203313 -1.0477546 -1.3424356 -0.5238773]
[-0.75307363 -1.080497   -1.3096933  -0.55661964]
[-0.75307363 -1.1132393  -1.276951   -0.65484667]
[-0.85130066 -1.1787239  -1.2442087  -0.7203313 ]
[-0.9167853  -1.276951   -1.276951   -0.81855834]
[-0.9495276 -1.3424356 -1.276951  -0.884043 ]
[-1.0150123 -1.4079204 -1.3424356 -0.9495276]
[-1.080497  -1.4406626 -1.4079204 -0.98227  ]
[-1.1132393 -1.5061473 -1.4079204 -1.0150123]
[-1.1132393 -1.4079204 -1.4406626 -0.9167853]
[-1.0477546 -1.473405  -1.375178  -1.0477546]
[-1.1132393 -1.3424356 -1.3424356 -0.98227  ]
[-1.1459817 -1.4406626 -1.3096933 -1.080497 ]
[-1.080497  -1.473405  -1.2114663 -1.080497 ]
[-1.0150123 -1.3096933 -1.0477546 -0.9167853]
[-0.98227    -1.1459817  -0.85130066 -0.7203313 ]
[-0.85130066 -0.98227    -0.7203313  -0.65484667]
[-0.85130066 -0.9167853  -0.62210435 -0.55661964]
[-0.75307363 -0.884043   -0.5238773  -0.55661964]
[-0.75307363 -0.81855834 -0.45839265 -0.42565033]
[-0.58936197 -0.75307363 -0.39290798 -0.45839265]
[-0.65484667 -0.65484667 -0.32742333 -0.36016566]
[-0.55661964 -0.65484667 -0.36016566 -0.45839265]
[-0.36016566 -0.7203313  -0.39290798 -0.45839265]
[-0.36016566 -0.58936197 -0.36016566 -0.32742333]
[-0.29468098 -0.39290798 -0.29468098 -0.19645399]
[-0.16371167 -0.36016566 -0.22919632 -0.19645399]
[-0.16371167 -0.29468098 -0.22919632 -0.13096933]
[-0.19645399 -0.29468098 -0.19645399 -0.13096933]
[-0.16371167 -0.39290798 -0.22919632 -0.26193866]
[-0.16371167 -0.39290798 -0.19645399 -0.26193866]
[-0.22919632 -0.42565033 -0.09822699 -0.22919632]
[-0.13096933 -0.29468098  0.         -0.19645399]
[-0.09822699 -0.26193866  0.06548467 -0.16371167]
[-0.16371167 -0.22919632  0.06548467 -0.13096933]
[-0.19645399 -0.29468098 -0.03274233 -0.19645399]
[-0.22919632 -0.32742333 -0.13096933 -0.26193866]
[-0.22919632 -0.32742333 -0.16371167 -0.22919632]
[-0.19645399 -0.29468098 -0.16371167 -0.26193866]
[-0.19645399 -0.26193866 -0.16371167 -0.19645399]
[-0.13096933 -0.29468098 -0.16371167 -0.26193866]
[-0.16371167 -0.29468098 -0.16371167 -0.22919632]
[-0.19645399 -0.26193866 -0.16371167 -0.22919632]
[-0.19645399 -0.29468098 -0.13096933 -0.26193866]
[-0.26193866 -0.29468098 -0.19645399 -0.29468098]
[-0.32742333 -0.32742333 -0.29468098 -0.29468098]
[-0.32742333 -0.39290798 -0.42565033 -0.29468098]
[-0.29468098 -0.36016566 -0.491135   -0.29468098]
[-0.26193866 -0.36016566 -0.62210435 -0.32742333]
[-0.26193866 -0.491135   -0.75307363 -0.42565033]
[-0.29468098 -0.58936197 -0.85130066 -0.491135  ]
[-0.36016566 -0.65484667 -0.9167853  -0.55661964]
[-0.39290798 -0.7203313  -0.9495276  -0.62210435]
[-0.39290798 -0.75307363 -0.9495276  -0.687589  ]
[-0.39290798 -0.85130066 -0.9167853  -0.75307363]
[-0.45839265 -0.85130066 -0.884043   -0.75307363]
[-0.58936197 -0.9495276  -0.884043   -0.81855834]
[-0.7203313 -1.0477546 -0.9167853 -0.884043 ]
[-0.85130066 -1.1132393  -0.9167853  -0.9167853 ]
[-0.9495276 -1.1459817 -0.9167853 -0.884043 ]
[-0.9495276  -1.1459817  -0.9167853  -0.85130066]
[-0.9495276  -1.080497   -0.85130066 -0.78581595]
[-0.884043   -1.0150123  -0.81855834 -0.75307363]
[-0.85130066 -0.9495276  -0.75307363 -0.65484667]
[-0.81855834 -0.884043   -0.65484667 -0.55661964]
[-0.85130066 -0.81855834 -0.58936197 -0.491135  ]
[-0.81855834 -0.78581595 -0.55661964 -0.55661964]
[-0.78581595 -0.75307363 -0.55661964 -0.5238773 ]
[-0.687589   -0.78581595 -0.55661964 -0.5238773 ]
[-0.62210435 -0.687589   -0.5238773  -0.42565033]
[-0.5238773  -0.65484667 -0.58936197 -0.42565033]
[-0.5238773  -0.62210435 -0.65484667 -0.39290798]
[-0.42565033 -0.58936197 -0.62210435 -0.29468098]
[-0.32742333 -0.491135   -0.55661964 -0.19645399]
[-0.32742333 -0.36016566 -0.491135   -0.09822699]
[-0.29468098 -0.36016566 -0.5238773  -0.03274233]
[-0.22919632 -0.36016566 -0.55661964  0.03274233]
[-0.06548467 -0.36016566 -0.5238773   0.03274233]
[ 0.81855834 -0.687589   -0.16371167 -0.36016566]
[ 0.58936197 -0.65484667 -0.5238773  -0.55661964]
[ 0.491135   -0.32742333 -0.62210435  0.03274233]
[ 0.45839265 -0.36016566 -0.687589    0.        ]
[ 0.42565033 -0.39290798 -0.7203313  -0.03274233]
[ 0.42565033 -0.39290798 -0.75307363 -0.03274233]
[ 0.45839265 -0.36016566 -0.7203313   0.        ]
[ 0.45839265 -0.32742333 -0.687589    0.03274233]
[ 0.491135   -0.32742333 -0.687589    0.06548467]
[ 0.491135   -0.32742333 -0.687589    0.03274233]
[ 0.42565033 -0.36016566 -0.75307363  0.        ]
[ 0.39290798 -0.42565033 -0.78581595 -0.06548467]
[ 0.32742333 -0.45839265 -0.85130066 -0.09822699]
[ 0.29468098 -0.45839265 -0.85130066 -0.13096933]
[ 0.29468098 -0.45839265 -0.85130066 -0.13096933]
[ 0.29468098 -0.45839265 -0.85130066 -0.16371167]
[ 0.29468098 -0.45839265 -0.884043   -0.13096933]
[ 0.26193866 -0.491135   -0.9167853  -0.16371167]
[ 0.22919632 -0.5238773  -0.98227    -0.22919632]
[ 0.19645399 -0.55661964 -1.0150123  -0.22919632]
[ 0.16371167 -0.55661964 -0.98227    -0.22919632]
[ 0.19645399 -0.5238773  -0.98227    -0.22919632]
[ 0.22919632 -0.5238773  -0.9495276  -0.22919632]
[ 0.16371167 -0.55661964 -0.98227    -0.22919632]
[ 0.16371167 -0.55661964 -1.0477546  -0.26193866]
[ 0.16371167 -0.58936197 -1.0477546  -0.26193866]
[ 0.19645399 -0.5238773  -1.0477546  -0.26193866]
[ 0.19645399 -0.5238773  -1.0150123  -0.22919632]
[ 0.19645399 -0.5238773  -1.0150123  -0.22919632]
[ 0.16371167 -0.55661964 -1.0150123  -0.22919632]
[ 0.09822699 -0.58936197 -1.080497   -0.29468098]
[ 0.06548467 -0.62210435 -1.1132393  -0.36016566]
[ 0.06548467 -0.62210435 -1.1132393  -0.32742333]
[ 0.09822699 -0.55661964 -1.080497   -0.26193866]
[ 0.13096933 -0.491135   -1.0150123  -0.22919632]
[ 0.16371167 -0.491135   -1.0150123  -0.22919632]
[ 0.16371167 -0.491135   -1.0150123  -0.19645399]
[ 0.13096933 -0.491135   -1.0150123  -0.19645399]
[ 0.16371167 -0.491135   -1.0477546  -0.22919632]
[ 0.16371167 -0.5238773  -1.0150123  -0.22919632]
[ 0.16371167 -0.491135   -1.0150123  -0.22919632]
[ 0.16371167 -0.5238773  -1.0150123  -0.22919632]
[ 0.16371167 -0.5238773  -0.98227    -0.22919632]
[ 0.16371167 -0.5238773  -0.98227    -0.22919632]
[ 0.13096933 -0.491135   -0.9495276  -0.22919632]
[ 0.13096933 -0.491135   -0.9495276  -0.22919632]
[ 0.16371167 -0.491135   -0.9167853  -0.19645399]
[ 0.19645399 -0.45839265 -0.884043   -0.16371167]
[ 0.22919632 -0.42565033 -0.884043   -0.16371167]
[ 0.22919632 -0.42565033 -0.85130066 -0.13096933]
[ 0.22919632 -0.42565033 -0.81855834 -0.13096933]
[ 0.22919632 -0.42565033 -0.81855834 -0.13096933]
[ 0.22919632 -0.42565033 -0.78581595 -0.16371167]
[ 0.22919632 -0.42565033 -0.75307363 -0.16371167]
[ 0.19645399 -0.45839265 -0.75307363 -0.19645399]
[ 0.19645399 -0.491135   -0.75307363 -0.19645399]
[ 0.16371167 -0.491135   -0.81855834 -0.22919632]
[ 0.16371167 -0.5238773  -0.81855834 -0.26193866]
[ 0.13096933 -0.5238773  -0.85130066 -0.29468098]
[ 0.13096933 -0.5238773  -0.884043   -0.29468098]
[ 0.09822699 -0.58936197 -0.85130066 -0.32742333]
[ 0.13096933 -0.5238773  -0.81855834 -0.36016566]
[ 0.09822699 -0.62210435 -0.78581595 -0.36016566]
[ 0.13096933 -0.58936197 -0.7203313  -0.32742333]
[ 0.16371167 -0.55661964 -0.62210435 -0.32742333]
[ 0.16371167 -0.491135   -0.5238773  -0.26193866]
[ 0.16371167 -0.5238773  -0.42565033 -0.26193866]
[ 0.19645399 -0.491135   -0.36016566 -0.26193866]
[ 0.22919632 -0.55661964 -0.32742333 -0.32742333]
[ 0.16371167 -0.5238773  -0.26193866 -0.29468098]
[ 0.13096933 -0.55661964 -0.19645399 -0.32742333]
[ 0.03274233 -0.5238773  -0.19645399 -0.29468098]
[ 0.03274233 -0.5238773  -0.19645399 -0.32742333]
[-0.03274233 -0.45839265 -0.16371167 -0.22919632]
[-0.13096933 -0.32742333 -0.13096933 -0.09822699]
[-0.03274233 -0.26193866 -0.16371167 -0.16371167]
[ 0.03274233 -0.22919632 -0.09822699 -0.13096933]
[ 0.         -0.19645399 -0.06548467 -0.09822699]
[ 0.03274233 -0.19645399 -0.09822699 -0.16371167]
[ 0.         -0.26193866 -0.09822699 -0.16371167]
[-0.03274233 -0.29468098 -0.06548467 -0.19645399]
[-0.06548467 -0.22919632  0.         -0.16371167]
[-0.03274233 -0.22919632  0.06548467 -0.13096933]
[ 0.         -0.16371167  0.13096933 -0.09822699]
[-0.03274233 -0.13096933  0.13096933 -0.09822699]
[-0.03274233 -0.19645399  0.06548467 -0.19645399]
[-0.09822699 -0.22919632  0.         -0.22919632]
[-0.09822699 -0.22919632  0.         -0.19645399]
[-0.06548467 -0.22919632  0.         -0.16371167]
[-0.03274233 -0.16371167  0.         -0.13096933]
[ 0.         -0.16371167  0.03274233 -0.09822699]
[ 0.         -0.13096933  0.06548467 -0.09822699]
[ 0.         -0.13096933  0.06548467 -0.09822699]
[ 0.         -0.16371167  0.06548467 -0.13096933]
[-0.03274233 -0.16371167  0.06548467 -0.13096933]
[-0.06548467 -0.19645399  0.03274233 -0.13096933]
[-0.09822699 -0.19645399 -0.03274233 -0.13096933]
[-0.09822699 -0.16371167 -0.09822699 -0.13096933]
[-0.13096933 -0.16371167 -0.16371167 -0.09822699]
[-0.09822699 -0.13096933 -0.22919632 -0.06548467]
[-0.06548467 -0.13096933 -0.29468098 -0.06548467]
[-0.06548467 -0.09822699 -0.32742333 -0.06548467]
[-0.06548467 -0.09822699 -0.36016566 -0.03274233]
[ 0.         -0.06548467 -0.32742333  0.        ]
[ 0.06548467 -0.03274233 -0.32742333  0.06548467]
[ 0.09822699  0.         -0.29468098  0.06548467]
[ 0.13096933 -0.03274233 -0.36016566  0.        ]
[ 0.16371167 -0.13096933 -0.39290798 -0.06548467]
[ 0.16371167 -0.22919632 -0.42565033 -0.16371167]
[ 0.19645399 -0.32742333 -0.45839265 -0.26193866]
[ 0.16371167 -0.42565033 -0.45839265 -0.29468098]
[ 0.09822699 -0.45839265 -0.45839265 -0.29468098]
[ 0.13096933 -0.491135   -0.45839265 -0.32742333]
[ 0.16371167 -0.5238773  -0.42565033 -0.32742333]
[ 0.13096933 -0.55661964 -0.36016566 -0.39290798]
[ 0.         -0.58936197 -0.32742333 -0.42565033]
[-0.06548467 -0.65484667 -0.32742333 -0.45839265]
[-0.06548467 -0.62210435 -0.29468098 -0.45839265]
[ 0.         -0.58936197 -0.26193866 -0.39290798]
[ 0.         -0.491135   -0.22919632 -0.26193866]
[ 0.         -0.42565033 -0.22919632 -0.22919632]
[-0.03274233 -0.39290798 -0.26193866 -0.16371167]
[ 0.03274233 -0.32742333 -0.29468098 -0.19645399]
[ 0.03274233 -0.26193866 -0.26193866 -0.09822699]
[ 0.09822699 -0.26193866 -0.22919632 -0.09822699]
[ 0.09822699 -0.22919632 -0.26193866 -0.06548467]
[ 0.16371167 -0.19645399 -0.29468098  0.03274233]
[ 0.29468098 -0.16371167 -0.29468098  0.09822699]
[ 0.65484667 -0.19645399  0.03274233 -0.06548467]
