[124 109 136  99]
[107  91 134 105]
[109  91 134 101]
[107  88 132 101]
[105  88 132  99]
[107  86 132  99]
[105  86 130  99]
[103  86 128  99]
[ 99  84 126  97]
[ 95  80 120  91]
[ 91  75 115  89]
[ 91  73 113  88]
[ 93  73 113  89]
[ 95  77 115  95]
[101  84 122  97]
[105  88 126 101]
[107  91 128 103]
[107  93 130 103]
[109  93 132 103]
[109  93 132 105]
[109  93 130 105]
[107  95 130 105]
[107  93 128 103]
[105  91 126 101]
[105  89 126 101]
[103  89 124 101]
[103  88 122  99]
[103  86 122  99]
[105  86 122  99]
[103  86 122  99]
[103  86 120  99]
[103  86 120  99]
[103  86 120  99]
[103  88 120  99]
[103  88 118 101]
[103  88 115  99]
[103  86 115  97]
[101  84 113  97]
[101  84 113  97]
[101  84 111  97]
[101  86 111  97]
[101  86 113  97]
[101  88 113  97]
[103  88 115  97]
[105  88 118  99]
[105  89 120 101]
[105  91 122 103]
[105  91 122 103]
[107  91 122 103]
[107  91 122 103]
[107  93 122 105]
[107  93 122 101]
[107  89 122 101]
[105  88 124  99]
[105  84 124  97]
[105  82 124  97]
[103  82 124  97]
[103  80 124  97]
[103  80 122  95]
[ 99  78 120  95]
[ 97  77 120  93]
[ 95  75 118  91]
[ 95  71 115  89]
[ 95  71 115  89]
[ 95  73 118  91]
[ 97  73 118  91]
[ 97  71 118  89]
[ 97  70 120  89]
[ 95  70 120  89]
[ 97  70 122  89]
[ 99  70 124  89]
[101  70 126  93]
[105  75 130  97]
[109  80 132 103]
[111  89 136 107]
[113  95 138 109]
[115  97 138 111]
[113  99 138 111]
[109 101 138 109]
[109  95 136 103]
[105  88 134  97]
[105  82 134  95]
[103  78 134  95]
[103  77 134  95]
[101  77 136  95]
[101  77 136  93]
[101  73 136  91]
[105  70 136  91]
[103  71 136  97]
[105  78 138 101]
[105  84 138 101]
[107  84 136  99]
[105  82 136  99]
[107  82 136  99]
[107  80 136  97]
[105  80 134  97]
[103  78 130  95]
[101  77 126  95]
[103  75 126  93]
[103  75 126  95]
[105  78 128  99]
[105  82 128  99]
[105  82 130  99]
[103  84 130  99]
[105  84 130  99]
[101  84 128  99]
[101  84 128  97]
[ 99  80 126  95]
[ 99  77 126  93]
[ 99  75 124  91]
[ 99  71 124  89]
[ 99  70 122  91]
[ 99  71 124  91]
[ 97  70 124  91]
[ 95  68 124  89]
[ 91  66 122  86]
[ 89  63 122  82]
[ 86  60 122  82]
[ 86  59 120  80]
[ 86  56 120  78]
[ 86  56 120  80]
[ 86  56 118  80]
[ 88  56 118  80]
[ 88  56 118  80]
[ 88  54 118  80]
[ 86  54 118  80]
[ 86  54 120  78]
[138  45 124  75]
[128 113 138 111]
[118 109 134 124]
[120 105 134 120]
[118 105 132 120]
[118 105 132 120]
[118 103 132 120]
[115 105 130 120]
[111 101 126 115]
[103  99 120 111]
[101  91 113 105]
[ 97  86 105 101]
[ 95  82 101  97]
[ 97  80 101  97]
[ 99  84 105 101]
[103  89 111 105]
[107  95 118 109]
[111  99 122 111]
[111 101 126 113]
[113 101 128 113]
[113 101 128 115]
[113 101 128 113]
[109 103 126 113]
[109 101 124 113]
[109 101 122 111]
[109  99 120 111]
[107  99 118 111]
[107  99 115 113]
[109  97 113 111]
[111  97 115 111]
[109  97 115 111]
[109  97 113 111]
[109  97 113 109]
[109  97 113 111]
[109  97 111 109]
[107  97 109 109]
[105  95 107 107]
[105  93 105 105]
[103  93 103 103]
[103  91 101 103]
[101  91 101 101]
[101  91 101 103]
[103  93 101 103]
[103  93 103 105]
[105  95 105 105]
[107  95 107 107]
[107  97 109 109]
[109  99 113 111]
[109  99 113 111]
[111  99 113 111]
[111 101 113 113]
[111 103 115 115]
[111 105 115 118]
[113 107 118 120]
[115 105 118 122]
[118 105 120 124]
[120 105 122 124]
[120 105 122 126]
[120 105 120 126]
[118 103 120 124]
[115 103 118 122]
[113 101 115 120]
[111  99 111 120]
[113  97 111 120]
[113  97 111 120]
[113 101 111 124]
[118 101 113 124]
[118 101 115 126]
[118 103 118 128]
[120 103 118 128]
[120 103 122 130]
[124 103 124 128]
[128 103 128 128]
[130 103 130 126]
[130 105 134 130]
[128 111 138 130]
[126 115 141 130]
[126 113 141 128]
[124 115 141 128]
[120 118 141 130]
[122 115 138 130]
[122 113 138 134]
[128 113 138 134]
[128 113 138 138]
[130 113 141 138]
[126 115 143 141]
[128 113 143 138]
[130 109 143 138]
[136 105 143 134]
[130 109 145 138]
[126 113 145 136]
[124 113 143 134]
[126 109 141 132]
[126 109 141 134]
[128 111 141 136]
[130 111 141 136]
[128 113 138 138]
[126 111 132 134]
[124 107 128 132]
[126 105 128 130]
[126 105 128 130]
[124 107 128 130]
[122 107 130 128]
[122 105 130 128]
[120 107 130 126]
[120 105 130 126]
[118 105 128 126]
[113 105 126 126]
[118 103 124 126]
[118 103 124 128]
[120 103 122 130]
[122 103 122 132]
[124 105 122 134]
[124 107 124 136]
[122 107 124 134]
[120 105 124 134]
[115 101 124 132]
[115  99 122 128]
[113  95 122 128]
[111  95 122 130]
[115  95 120 130]
[118  95 120 132]
[118  97 120 134]
[120  97 120 136]
[122  99 120 136]
[122  99 120 136]
[122  99 122 136]
[120  99 122 136]
[183  68 134  99]
[128 113 138 111]
[120 107 136 124]
[120 105 134 120]
[118 105 134 122]
[118 107 134 122]
[118 105 132 118]
[115 105 130 118]
[109 103 126 115]
[103  99 118 111]
[ 99  91 109 103]
[ 95  84 101  99]
[93 78 97 95]
[95 78 97 95]
[ 97  82 101  99]
[101  88 107 103]
[105  91 111 107]
[107  95 115 109]
[107  97 120 111]
[109  97 122 111]
[111  97 124 111]
[109  99 124 111]
[109  99 122 111]
[109  99 122 111]
[107 101 120 111]
[107  99 118 111]
[107  97 115 111]
[107  97 113 111]
[109  95 113 111]
[111  95 113 111]
[109  95 113 111]
[109  95 113 111]
[109  97 113 111]
[109  99 113 111]
[109  97 111 109]
[107  97 109 109]
[107  95 107 107]
[105  93 105 105]
[103  93 103 103]
[103  93 101 103]
[101  91 101 103]
[101  91 101 101]
[101  91 101 103]
[103  93 103 103]
[105  93 105 105]
[105  95 105 105]
[107  97 107 107]
[109  97 109 109]
[107  99 111 111]
[111  99 111 109]
[109  99 111 111]
[109 101 113 113]
[109 103 113 115]
[111 105 115 118]
[113 105 118 120]
[115 103 118 122]
[118 103 120 122]
[118 103 120 124]
[118 103 120 124]
[115 103 118 122]
[113 101 115 122]
[113 101 115 120]
[113  99 113 120]
[115  99 113 120]
[115  99 113 122]
[113 103 113 124]
[118 101 113 124]
[118 101 115 126]
[118 103 118 126]
[120 103 118 126]
[122 103 120 128]
[124 103 124 128]
[128 105 128 128]
[132 105 130 128]
[130 109 136 132]
[126 113 138 130]
[126 113 141 128]
[126 113 141 128]
[124 115 141 130]
[120 118 141 132]
[124 115 138 130]
[124 115 138 134]
[128 113 138 134]
[128 113 138 138]
[130 113 141 138]
[126 115 143 141]
[126 113 143 138]
[130 107 143 138]
[136 105 143 134]
[128 109 145 141]
[124 111 143 136]
[122 109 141 132]
[124 105 138 130]
[124 107 138 134]
[126 109 138 136]
[128 109 138 136]
[126 111 136 136]
[124 109 132 134]
[124 109 128 132]
[126 105 128 130]
[124 105 128 130]
[124 105 130 130]
[124 105 130 128]
[122 105 130 128]
[120 107 130 128]
[120 107 130 126]
[118 107 128 126]
[115 105 126 126]
[118 103 124 128]
[120 103 124 128]
[120 103 122 130]
[120 103 122 132]
[122 103 122 132]
[120 105 122 134]
[120 105 124 132]
[118 103 124 132]
[115 101 122 130]
[115  97 122 128]
[113  95 122 128]
[113  95 122 130]
[118  95 122 130]
[118  97 120 134]
[120  97 120 136]
[122  99 120 136]
[122  99 122 138]
[122  99 122 138]
[122  99 122 138]
[122  99 122 138]
[183  70 134  99]
[128 113 138 111]
[122 107 136 124]
[122 105 134 122]
[118 105 134 122]
[118 107 134 120]
[118 105 132 118]
[113 105 130 118]
[107 103 124 115]
[ 99  97 115 109]
[ 97  88 105 101]
[93 80 97 97]
[91 77 91 95]
[93 77 91 93]
[93 80 95 97]
[97 84 99 99]
[ 99  88 103 103]
[101  91 109 105]
[103  93 111 107]
[105  93 115 107]
[107  93 118 107]
[107  95 118 109]
[105  97 120 111]
[105  99 120 111]
[105  99 118 111]
[107  97 115 109]
[105  95 113 111]
[107  93 111 109]
[109  93 111 111]
[109  93 111 111]
[109  95 111 111]
[109  95 111 109]
[109  97 113 111]
[109  99 113 111]
[109  97 111 109]
[107  97 109 109]
[107  95 107 107]
[105  95 105 105]
[103  93 103 103]
[101  91 101 103]
[101  91  99 101]
[101  91  99 101]
[101  91 101 101]
[103  93 101 103]
[103  93 103 103]
[105  95 105 105]
[105  95 105 107]
[107  97 107 107]
[105  97 107 109]
[109  97 109 107]
[109  97 109 109]
[107  99 111 111]
[107 101 111 113]
[109 101 113 115]
[111 101 115 115]
[113 101 115 118]
[115 101 115 120]
[115 101 118 120]
[115 101 118 120]
[115 103 118 120]
[113 101 115 120]
[115 101 115 120]
[115 101 115 122]
[115 101 115 122]
[115 101 115 122]
[113 103 113 124]
[118 101 113 122]
[118 101 113 124]
[118 103 115 126]
[124 103 118 126]
[126 105 120 130]
[128 107 124 130]
[130 109 128 132]
[134 109 132 130]
[130 113 136 132]
[126 113 136 130]
[124 113 138 128]
[128 111 141 126]
[124 115 141 130]
[120 118 141 132]
[124 115 138 130]
[124 115 138 134]
[130 113 138 134]
[128 113 138 138]
[128 115 141 138]
[124 115 143 141]
[128 111 143 136]
[130 107 141 136]
[134 103 141 134]
[126 109 143 138]
[124 111 141 134]
[124 107 138 132]
[126 105 136 130]
[126 107 138 134]
[128 109 138 134]
[128 109 138 134]
[126 111 136 134]
[124 109 132 134]
[124 107 130 130]
[124 105 128 130]
[124 105 128 130]
[124 105 130 130]
[124 105 130 128]
[124 107 130 128]
[122 107 130 128]
[120 109 128 128]
[118 107 128 128]
[118 105 126 128]
[118 103 124 128]
[120 103 122 128]
[120 103 122 130]
[120 103 122 130]
[118 103 122 130]
[115 103 122 130]
[115 101 122 130]
[115  99 122 130]
[113  99 122 130]
[113  97 122 128]
[113  95 122 130]
[115  95 122 132]
[118  97 122 132]
[120  97 120 134]
[122  99 120 138]
[124 101 120 138]
[124 101 120 138]
[124 101 120 138]
[124  99 122 138]
[122  99 122 138]
[183  70 132 101]
[130 113 138 111]
[124 107 136 126]
[124 105 136 122]
[118 107 134 122]
[118 107 134 120]
[118 105 132 118]
[111 105 128 118]
[105 101 122 113]
[ 97  95 111 107]
[ 93  84 101  99]
[91 78 91 95]
[89 75 88 93]
[89 73 86 91]
[89 77 88 93]
[93 78 91 93]
[95 82 97 99]
[ 97  86 101 101]
[ 99  88 105 103]
[101  88 107 103]
[101  89 109 103]
[103  89 111 105]
[103  93 113 107]
[105  95 115 109]
[103  97 113 111]
[105  95 113 109]
[105  93 109 109]
[107  91 109 109]
[107  91 109 109]
[107  91 109 109]
[107  93 109 109]
[107  93 109 109]
[107  95 111 109]
[107  97 111 109]
[107  95 109 109]
[107  95 109 109]
[105  95 107 107]
[105  93 105 105]
[103  91 103 103]
[101  91 101 101]
[ 99  89  99 101]
[ 99  89  99 101]
[101  91  99 101]
[101  91 101 101]
[103  93 101 103]
[103  95 103 105]
[103  95 105 105]
[105  95 105 105]
[105  95 107 107]
[107  97 107 107]
[107  97 109 109]
[105  97 109 109]
[107  99 109 111]
[107  99 111 113]
[109  99 113 113]
[111  99 113 115]
[113  99 115 118]
[113  99 115 118]
[113 101 115 120]
[113 101 115 120]
[113 101 115 120]
[115 101 118 120]
[118 101 118 122]
[118 101 118 122]
[115 101 115 122]
[113 103 113 122]
[118 101 113 120]
[118 101 113 124]
[118 103 115 126]
[124 103 118 126]
[124 107 122 130]
[128 109 124 132]
[130 111 128 132]
[134 113 132 130]
[128 115 136 130]
[126 115 136 128]
[124 113 138 128]
[126 111 138 126]
[124 113 138 128]
[120 115 138 130]
[124 115 138 130]
[124 115 138 134]
[130 113 138 134]
[128 115 141 136]
[128 115 143 138]
[126 118 141 141]
[130 113 141 138]
[132 109 141 136]
[134 105 141 134]
[124 111 141 141]
[124 109 138 134]
[124 107 136 132]
[126 107 136 132]
[128 109 136 134]
[128 109 138 134]
[128 111 138 136]
[126 111 136 134]
[122 111 132 134]
[124 107 130 130]
[124 105 128 130]
[124 105 130 130]
[124 105 130 128]
[124 105 130 128]
[124 107 130 130]
[122 109 130 130]
[118 109 128 130]
[118 107 126 126]
[118 105 126 128]
[118 103 124 128]
[118 103 122 128]
[118 103 120 130]
[118 103 120 130]
[115 101 122 128]
[113  99 120 128]
[113  97 122 128]
[113  97 122 128]
[113  97 122 130]
[113  97 122 130]
[115  95 122 130]
[118  97 120 132]
[120  97 120 134]
[122  99 120 136]
[122 101 120 138]
[122 101 120 138]
[122  99 118 138]
[122  99 118 138]
[122  97 118 136]
[120  97 118 136]
[181  68 128  99]
[130 113 138 111]
[124 107 136 126]
[124 107 136 124]
[118 107 134 122]
[118 107 134 120]
[115 105 132 118]
[109 105 128 118]
[103  99 120 111]
[ 95  91 109 105]
[93 82 97 97]
[88 77 89 93]
[84 73 82 89]
[86 70 80 88]
[86 71 80 88]
[88 73 84 89]
[91 78 89 93]
[93 82 95 97]
[95 84 99 99]
[ 97  86 101 101]
[ 99  86 105 101]
[101  88 107 103]
[ 99  89 109 105]
[101  91 111 107]
[101  95 109 109]
[103  93 109 107]
[103  91 105 107]
[107  89 105 107]
[107  89 103 107]
[105  91 105 107]
[105  91 105 107]
[105  91 105 105]
[103  93 105 107]
[105  93 107 107]
[107  93 107 107]
[105  95 107 107]
[103  93 105 105]
[103  91 103 103]
[101  91 101 101]
[ 99  89  99 101]
[99 89 97 99]
[97 89 97 99]
[99 89 97 99]
[101  89  99 101]
[101  91 101 103]
[103  93 103 103]
[103  93 103 103]
[103  93 105 105]
[103  95 105 107]
[105  95 107 107]
[107  97 109 109]
[107  97 109 109]
[107  97 109 111]
[107  99 111 111]
[109  99 111 113]
[109  99 113 115]
[111  99 113 115]
[111  99 115 118]
[111  99 115 118]
[113  99 115 118]
[113 101 115 120]
[115 101 118 120]
[118 101 118 122]
[118 101 118 122]
[115 101 115 122]
[113 101 113 122]
[115  99 113 120]
[115 101 113 122]
[118 101 115 122]
[122 103 118 124]
[124 105 122 126]
[128 107 124 128]
[128 111 128 130]
[130 113 132 128]
[126 115 134 130]
[126 115 136 126]
[124 113 136 126]
[126 113 138 126]
[124 113 138 128]
[120 115 138 130]
[124 113 138 128]
[124 115 138 132]
[130 113 138 134]
[128 115 141 138]
[130 115 141 138]
[128 118 141 141]
[132 113 141 138]
[134 111 141 138]
[134 109 141 136]
[124 113 141 138]
[124 109 136 132]
[124 107 134 132]
[126 105 134 132]
[126 109 136 134]
[128 109 136 134]
[128 111 136 134]
[126 111 134 134]
[120 111 132 134]
[122 107 130 130]
[124 105 130 130]
[124 105 130 130]
[124 105 130 128]
[126 103 130 128]
[124 107 130 130]
[122 109 130 130]
[118 109 128 130]
[118 105 126 126]
[120 105 124 128]
[118 105 122 128]
[120 103 122 128]
[118 103 120 130]
[115 103 120 130]
[113 101 120 128]
[113  97 120 126]
[113  95 122 126]
[113  95 122 128]
[113  97 122 130]
[115  97 122 130]
[118  97 120 132]
[118  97 120 134]
[120  99 120 136]
[122  99 120 136]
[122 101 120 138]
[122  99 118 136]
[120  97 115 136]
[120  97 113 134]
[118  95 111 132]
[115  93 109 132]
[179  66 124  95]
[130 113 138 111]
[124 109 138 126]
[124 107 138 124]
[118 107 136 122]
[118 105 134 120]
[113 105 130 118]
[107 105 126 118]
[103  97 118 107]
[ 95  89 105 105]
[91 82 95 97]
[86 75 84 91]
[82 70 78 86]
[82 66 75 84]
[82 68 75 86]
[84 70 78 88]
[88 75 84 91]
[91 78 89 95]
[93 82 93 97]
[95 84 97 99]
[97 86 99 99]
[ 99  86 103 101]
[ 99  88 105 103]
[101  88 107 105]
[ 99  91 105 107]
[101  91 103 107]
[101  89 101 107]
[105  88  99 105]
[103  88  99 107]
[103  88  99 105]
[101  88  99 103]
[101  88  99 101]
[ 99  89  99 103]
[101  89 101 103]
[101  89 101 103]
[101  91 101 103]
[ 99  89 101 101]
[ 99  89  99 101]
[97 88 97 99]
[97 86 95 97]
[95 86 95 97]
[95 86 95 97]
[97 88 95 97]
[99 88 97 99]
[ 99  89  99 101]
[101  91 101 101]
[101  93 101 103]
[103  93 103 103]
[103  95 105 107]
[107  97 107 107]
[107  97 109 109]
[109  97 109 109]
[107  97 109 111]
[107  99 111 111]
[107  99 111 113]
[109  99 111 113]
[111  99 113 115]
[111  99 113 115]
[111  99 113 115]
[113  99 115 118]
[113  99 115 118]
[113 101 115 120]
[118 101 118 122]
[118 103 118 122]
[115 103 115 122]
[111 101 113 120]
[113  99 111 118]
[113  99 111 120]
[118  99 113 120]
[120  99 118 122]
[120 105 120 124]
[126 105 124 124]
[124 109 126 126]
[126 113 130 126]
[124 113 132 128]
[126 113 134 126]
[124 113 136 128]
[126 113 138 126]
[124 115 138 128]
[120 115 138 130]
[124 113 136 128]
[124 115 138 132]
[130 113 138 132]
[128 115 141 138]
[130 115 141 138]
[128 118 141 141]
[130 115 141 141]
[134 113 141 138]
[132 111 141 136]
[126 113 138 138]
[124 109 136 132]
[126 105 134 132]
[126 107 134 132]
[126 109 136 134]
[128 109 136 134]
[126 111 136 134]
[124 111 134 134]
[120 111 132 134]
[122 107 130 128]
[124 103 130 130]
[124 105 130 130]
[124 103 130 128]
[126 103 130 128]
[124 107 130 130]
[120 109 130 130]
[115 109 128 128]
[118 105 124 126]
[120 103 124 128]
[118 105 122 130]
[120 105 122 130]
[118 103 120 130]
[113 101 120 130]
[111  99 120 126]
[113  95 120 126]
[113  93 120 126]
[113  93 122 128]
[113  95 122 130]
[115  97 122 130]
[118  97 120 132]
[120  97 120 134]
[120  99 120 136]
[122  99 118 136]
[120  99 115 136]
[118  97 113 134]
[118  93 109 132]
[115  91 105 130]
[111  89 103 128]
[109  88  99 124]
[174  62 115  91]
[130 113 141 113]
[126 107 138 126]
[124 107 138 124]
[120 107 136 122]
[120 105 134 120]
[111 107 130 120]
[105 105 126 115]
[105  95 115 107]
[ 95  89 105 105]
[89 82 93 97]
[84 75 82 89]
[80 68 75 86]
[78 65 71 82]
[78 65 71 82]
[82 66 75 84]
[86 71 80 89]
[89 78 86 93]
[93 82 91 97]
[95 84 93 99]
[97 84 97 99]
[ 97  86  99 101]
[ 97  86 101 103]
[ 99  86 103 103]
[ 97  88 101 105]
[ 97  88  99 105]
[ 99  88  95 103]
[101  84  93 101]
[ 99  84  93 103]
[ 97  84  91 101]
[97 82 91 97]
[95 84 91 97]
[93 84 91 97]
[97 84 93 95]
[97 86 95 99]
[97 86 95 99]
[97 86 95 97]
[97 84 93 97]
[95 84 93 95]
[93 84 91 95]
[93 84 91 95]
[93 84 91 95]
[97 86 93 95]
[99 88 95 97]
[99 89 97 99]
[ 99  91  99 101]
[101  91 101 103]
[103  93 101 103]
[105  95 105 107]
[107  97 107 109]
[109  99 111 111]
[111  99 111 113]
[109  99 111 113]
[109  99 111 113]
[109  99 111 113]
[109  99 111 113]
[111  99 113 115]
[109  99 113 115]
[111  97 113 115]
[113  99 113 118]
[113  99 115 118]
[113 101 115 120]
[118 101 115 120]
[118 103 115 122]
[115 103 115 120]
[113 101 113 118]
[111  99 111 118]
[113  99 111 118]
[118  99 113 118]
[120 101 118 122]
[122 103 120 122]
[124 107 124 124]
[122 111 126 126]
[124 111 128 124]
[124 111 130 126]
[124 111 132 126]
[126 113 136 128]
[126 115 136 128]
[124 115 138 128]
[122 115 136 128]
[124 113 136 128]
[126 113 138 132]
[128 115 141 132]
[128 115 141 136]
[130 115 141 136]
[128 118 141 138]
[130 115 141 138]
[132 113 141 138]
[130 111 138 136]
[126 111 136 136]
[126 107 134 132]
[126 107 134 132]
[126 107 134 132]
[126 107 134 130]
[126 107 134 132]
[124 111 136 134]
[122 111 134 132]
[120 111 132 132]
[122 105 130 128]
[124 103 130 130]
[124 105 130 132]
[126 103 130 130]
[126 105 130 130]
[122 107 130 132]
[120 109 128 130]
[118 107 126 128]
[120 105 124 126]
[120 105 124 130]
[118 105 122 130]
[118 105 122 130]
[115 103 120 130]
[111 101 120 128]
[113  97 118 126]
[111  93 120 126]
[113  93 120 128]
[113  93 122 128]
[113  95 120 130]
[115  95 120 130]
[118  97 120 132]
[120  97 120 134]
[120  97 118 136]
[120  97 115 134]
[115  95 111 132]
[115  91 107 128]
[111  88 101 126]
[107  88  97 124]
[103  84  91 120]
[101  78  86 115]
[168  57 105  86]
[130 113 138 113]
[128 107 138 126]
[124 107 138 126]
[122 109 136 124]
[120 107 134 122]
[111 107 130 120]
[107 105 124 115]
[105  93 115 107]
[ 97  89 103 105]
[89 82 91 97]
[84 73 80 89]
[80 66 73 84]
[77 65 70 82]
[78 65 70 80]
[80 66 71 84]
[84 71 77 89]
[91 77 84 93]
[93 82 89 97]
[95 84 93 99]
[ 95  84  95 101]
[ 97  86  95 101]
[ 97  86  97 101]
[ 97  84  97 101]
[ 95  84  95 101]
[ 95  84  93 101]
[ 97  84  89 101]
[99 80 88 97]
[95 80 86 97]
[91 80 84 95]
[89 77 84 93]
[88 78 82 91]
[88 78 82 91]
[91 78 86 91]
[91 80 88 95]
[93 82 88 93]
[91 82 88 93]
[91 82 88 93]
[91 82 88 93]
[91 82 88 93]
[93 82 88 91]
[93 82 89 93]
[95 84 89 95]
[97 86 93 97]
[99 89 95 99]
[ 99  91  97 101]
[101  91  99 103]
[103  93 101 103]
[105  95 103 107]
[109  97 109 111]
[111  99 111 113]
[111 101 113 113]
[109 101 113 113]
[109  99 113 113]
[109 101 113 115]
[109 101 111 115]
[111  99 113 115]
[109  99 111 115]
[111  97 113 115]
[111  97 113 118]
[113  99 115 118]
[113 101 115 120]
[115 101 115 120]
[115 101 115 120]
[113 101 113 120]
[113  99 111 118]
[113  99 111 118]
[115  99 111 118]
[118  99 113 120]
[120 101 115 120]
[120 105 120 122]
[122 107 124 122]
[122 111 126 124]
[122 111 128 122]
[122 113 130 126]
[124 113 132 126]
[124 113 134 126]
[126 115 136 128]
[124 115 138 128]
[122 115 136 128]
[124 113 136 128]
[124 113 136 130]
[128 115 138 132]
[128 115 141 134]
[128 115 141 136]
[128 118 141 138]
[128 115 141 136]
[130 113 138 136]
[128 111 138 136]
[126 111 136 134]
[124 109 134 134]
[124 107 134 132]
[126 107 132 130]
[126 105 132 130]
[126 107 134 132]
[124 111 134 132]
[120 111 134 132]
[120 109 130 130]
[122 105 128 128]
[124 103 128 130]
[124 105 128 130]
[126 103 128 130]
[126 105 128 130]
[122 107 128 130]
[118 109 128 130]
[118 107 126 128]
[120 105 124 128]
[120 105 122 128]
[115 105 122 130]
[115 103 120 130]
[113 103 120 128]
[111 101 118 128]
[111  97 118 128]
[111  93 118 128]
[113  91 120 126]
[113  91 120 126]
[113  93 120 130]
[115  95 120 132]
[118  97 120 132]
[120  97 118 134]
[115  97 115 134]
[115  95 111 132]
[113  91 105 128]
[109  88  99 124]
[105  84  93 122]
[ 97  80  86 115]
[ 89  77  78 109]
[ 86  70  71 103]
[161  49  91  77]
[130 113 138 111]
[128 105 136 124]
[124 107 136 126]
[122 107 136 124]
[120 107 134 122]
[109 109 130 122]
[107 103 124 115]
[107  95 115 109]
[ 97  91 103 107]
[89 84 91 97]
[84 73 80 89]
[80 66 71 84]
[77 65 68 82]
[78 65 66 80]
[80 66 68 82]
[84 71 75 88]
[89 77 82 93]
[93 82 89 99]
[95 84 91 99]
[95 84 93 99]
[95 84 93 99]
[95 84 93 99]
[95 82 93 99]
[93 82 91 99]
[93 80 88 99]
[91 80 84 97]
[91 78 82 95]
[89 77 78 93]
[86 75 77 89]
[84 73 75 88]
[80 73 75 88]
[82 71 75 86]
[88 73 77 86]
[86 75 78 89]
[88 75 78 88]
[89 77 80 89]
[88 78 82 89]
[88 78 82 89]
[88 78 82 89]
[89 78 84 91]
[91 82 86 91]
[93 82 86 93]
[95 84 89 95]
[97 88 91 99]
[ 99  89  93 101]
[ 99  91  95 101]
[101  91  97 103]
[105  93 101 107]
[109  97 107 111]
[113 101 111 113]
[113 101 113 115]
[113 101 113 115]
[111 101 113 115]
[109 101 113 115]
[109 101 111 113]
[109  99 111 113]
[109  97 111 115]
[111  97 113 115]
[113  97 113 115]
[111  99 113 118]
[113  99 113 118]
[113  99 113 118]
[113  99 113 118]
[111  99 113 118]
[111  99 111 118]
[113  99 111 118]
[115  99 111 118]
[118 101 115 118]
[120 101 115 120]
[122 105 120 122]
[122 107 122 122]
[120 111 126 124]
[122 109 126 122]
[122 111 130 124]
[124 111 130 124]
[124 113 134 126]
[124 113 136 128]
[122 115 138 128]
[122 113 136 126]
[124 111 136 126]
[124 113 136 130]
[126 113 138 132]
[128 115 141 134]
[128 115 141 136]
[128 115 141 136]
[128 115 141 136]
[130 113 138 136]
[126 111 136 134]
[126 111 136 132]
[124 107 132 130]
[122 107 132 130]
[124 105 132 128]
[124 105 132 128]
[124 107 134 130]
[122 109 134 130]
[120 111 132 132]
[120 109 130 130]
[122 105 128 128]
[124 103 126 128]
[122 103 126 130]
[126 103 128 128]
[126 105 128 128]
[122 107 128 130]
[118 109 126 130]
[120 107 124 128]
[120 105 124 128]
[120 105 122 128]
[115 105 122 130]
[113 103 120 128]
[111 101 118 128]
[111  99 118 128]
[111  95 118 128]
[113  93 118 128]
[113  91 118 128]
[113  91 118 128]
[115  93 120 130]
[115  95 120 132]
[118  95 118 132]
[118  95 115 132]
[115  95 113 132]
[113  93 107 128]
[107  88 101 124]
[103  82  93 118]
[ 97  77  82 111]
[ 88  71  73 105]
[75 68 65 99]
[73 59 57 86]
[155  38  78  65]
[130 113 138 111]
[126 107 136 126]
[124 109 136 126]
[122 109 136 124]
[120 107 134 122]
[111 109 130 122]
[109 105 124 118]
[107  97 115 109]
[ 97  91 105 107]
[89 82 91 97]
[84 73 80 89]
[80 68 71 84]
[77 65 68 82]
[77 65 66 80]
[80 66 68 82]
[84 70 73 89]
[91 77 80 95]
[95 82 88 99]
[95 84 91 99]
[95 82 91 99]
[93 82 91 99]
[93 82 89 99]
[93 80 88 97]
[91 80 86 97]
[89 78 82 95]
[84 78 78 95]
[86 75 75 89]
[82 70 71 86]
[78 68 70 86]
[77 68 68 82]
[75 66 66 80]
[77 65 66 80]
[80 65 70 82]
[80 70 71 86]
[82 70 73 84]
[84 71 73 86]
[84 75 75 88]
[86 77 77 86]
[86 77 78 88]
[88 77 80 88]
[88 78 82 89]
[91 80 84 91]
[93 82 86 93]
[93 86 88 95]
[95 88 91 99]
[97 88 91 99]
[ 99  89  93 101]
[103  91  97 105]
[107  95 103 109]
[111  99 109 113]
[111 101 111 115]
[111 101 111 115]
[111 101 111 115]
[109 101 111 115]
[109 101 111 115]
[111  99 111 113]
[109  99 111 115]
[111  97 111 115]
[111  97 111 115]
[111  99 111 118]
[111  99 111 115]
[111  99 111 115]
[111  99 113 115]
[111  97 111 115]
[111  97 111 115]
[111  99 111 118]
[115  99 113 118]
[118 101 115 118]
[120 101 118 118]
[122 105 120 122]
[120 107 122 122]
[122 111 126 122]
[122 111 126 124]
[124 111 130 124]
[124 113 132 124]
[124 113 134 126]
[124 113 136 126]
[122 115 136 128]
[122 113 136 126]
[124 111 136 126]
[124 113 136 130]
[126 113 138 130]
[128 113 138 132]
[128 115 141 134]
[128 115 141 136]
[128 115 141 136]
[128 113 141 134]
[126 111 136 134]
[126 109 136 132]
[124 107 132 130]
[124 107 132 130]
[124 105 132 128]
[124 107 132 130]
[122 107 134 130]
[122 109 134 130]
[118 109 132 130]
[120 107 128 130]
[122 105 126 128]
[122 103 126 128]
[122 103 126 130]
[124 103 126 128]
[124 105 126 128]
[122 107 126 130]
[120 109 126 130]
[120 107 124 128]
[120 107 124 130]
[118 105 122 128]
[115 105 122 130]
[111 103 120 130]
[113  99 118 128]
[113  97 118 128]
[113  95 118 130]
[115  93 118 128]
[115  91 118 130]
[115  91 118 130]
[118  93 118 132]
[118  95 118 132]
[118  97 118 132]
[118  95 115 132]
[113  95 111 130]
[109  89 105 126]
[103  84  97 120]
[ 97  77  86 111]
[ 91  71  75 105]
[80 66 63 99]
[65 63 53 93]
[68 52 45 75]
[157  33  68  59]
[132 113 138 111]
[126 109 136 128]
[122 109 136 126]
[120 107 134 122]
[118 105 134 120]
[113 107 130 122]
[109 105 126 118]
[107  97 118 111]
[ 99  91 105 107]
[89 82 91 99]
[86 75 80 89]
[80 70 73 86]
[77 66 68 82]
[77 65 66 80]
[80 65 68 82]
[84 70 73 89]
[91 77 80 95]
[95 82 88 99]
[97 82 89 99]
[95 82 89 99]
[93 82 88 99]
[91 80 88 97]
[89 78 84 95]
[89 77 80 93]
[86 75 77 93]
[77 77 73 93]
[77 70 68 84]
[77 62 65 80]
[70 63 62 82]
[68 63 62 80]
[68 60 60 75]
[71 56 60 75]
[75 57 62 77]
[77 62 65 80]
[78 65 68 80]
[82 68 70 82]
[80 71 71 84]
[82 73 73 84]
[84 75 75 84]
[86 75 75 86]
[86 77 78 88]
[89 78 80 88]
[91 80 82 91]
[91 82 84 93]
[93 84 86 95]
[93 86 88 95]
[95 86 89 99]
[101  89  93 101]
[105  93  99 107]
[107  95 103 109]
[109  97 105 111]
[109  97 107 111]
[111  99 109 113]
[109 101 109 115]
[109 101 111 115]
[111  99 111 113]
[109  99 111 115]
[111  97 111 115]
[111  97 111 115]
[109  99 111 115]
[111  97 111 115]
[111  97 111 115]
[111  97 113 115]
[109  97 113 115]
[111  97 111 113]
[111  99 111 115]
[113  99 113 118]
[118 101 115 118]
[120 101 118 118]
[122 105 120 122]
[120 109 122 122]
[122 111 126 122]
[122 111 128 124]
[124 113 130 124]
[124 113 132 126]
[126 115 134 126]
[124 115 136 128]
[122 115 136 128]
[122 113 136 128]
[124 113 136 128]
[124 113 136 128]
[126 113 138 130]
[128 113 138 132]
[128 115 141 134]
[128 115 141 136]
[128 115 141 134]
[130 113 138 134]
[128 113 136 134]
[126 109 134 132]
[124 109 132 132]
[124 107 132 130]
[124 107 132 130]
[124 107 134 130]
[122 109 134 130]
[120 107 134 128]
[118 107 130 130]
[118 105 128 128]
[120 103 124 128]
[122 101 122 126]
[122 101 122 128]
[122 101 124 128]
[122 103 124 128]
[120 105 124 128]
[120 107 124 128]
[118 107 124 130]
[118 107 122 128]
[115 105 122 128]
[113 103 120 130]
[111 101 120 128]
[113  99 118 128]
[115  95 118 130]
[115  95 118 132]
[118  95 118 132]
[118  95 118 132]
[118  95 118 132]
[118  95 118 132]
[118  97 118 134]
[118  97 118 132]
[115  95 115 130]
[111  93 109 128]
[105  89 103 124]
[103  82  93 115]
[ 93  73  80 107]
[86 66 68 99]
[73 62 56 93]
[57 60 45 88]
[65 46 37 70]
[157  31  60  57]
[132 113 138 113]
[124 111 136 128]
[120 111 136 124]
[118 105 134 120]
[118 105 132 120]
[113 105 130 122]
[109 105 126 120]
[107  97 118 111]
[101  89 105 107]
[91 82 93 99]
[86 75 82 91]
[80 71 75 86]
[77 68 70 84]
[78 65 68 80]
[80 65 70 84]
[86 71 75 89]
[91 77 80 95]
[95 82 86 99]
[95 82 88 99]
[93 82 88 99]
[91 80 86 97]
[89 78 84 95]
[88 77 80 93]
[86 75 77 91]
[78 73 73 89]
[63 75 68 89]
[66 63 62 77]
[73 52 57 73]
[65 54 54 80]
[60 59 56 78]
[62 54 54 71]
[71 46 53 68]
[75 48 56 75]
[77 59 62 80]
[78 65 65 82]
[80 66 66 80]
[78 70 68 82]
[80 70 68 82]
[82 71 70 82]
[84 73 73 84]
[84 75 75 86]
[86 75 77 86]
[88 77 78 88]
[88 78 80 89]
[89 80 80 91]
[89 82 82 93]
[91 82 84 95]
[95 86 88 97]
[ 99  88  93 101]
[103  91  97 105]
[105  93  99 107]
[107  93 101 109]
[107  97 105 111]
[107  99 107 113]
[109  99 107 113]
[109  99 109 113]
[111  99 111 115]
[111  99 111 115]
[111  97 111 115]
[111  99 111 115]
[111  99 111 113]
[111  97 113 115]
[109  97 113 115]
[111  97 113 115]
[111  97 113 113]
[113  97 113 115]
[113  99 113 115]
[120 101 115 118]
[122 103 118 120]
[122 107 120 122]
[122 109 122 122]
[124 111 126 124]
[124 113 128 124]
[126 113 132 126]
[126 115 134 126]
[126 115 136 128]
[124 115 136 128]
[124 115 138 128]
[124 113 138 128]
[124 113 138 128]
[124 113 136 130]
[124 113 136 130]
[126 113 138 130]
[126 113 138 132]
[128 115 141 134]
[128 115 141 134]
[128 115 138 136]
[128 113 136 134]
[126 111 134 132]
[124 109 132 132]
[124 109 132 130]
[124 107 132 130]
[122 109 134 130]
[122 109 134 130]
[120 107 134 130]
[120 105 130 128]
[118 103 126 128]
[120 103 122 128]
[122 101 122 128]
[124 103 122 128]
[122 103 122 128]
[122 103 124 128]
[120 105 122 126]
[118 105 122 128]
[115 107 122 128]
[115 107 122 128]
[115 105 120 128]
[113 103 120 128]
[111  99 118 128]
[115  97 118 128]
[118  95 118 130]
[118  97 118 134]
[118  97 115 132]
[118  97 115 132]
[118  97 115 132]
[118  97 118 132]
[118  97 118 132]
[118  97 118 132]
[115  95 115 132]
[111  93 109 128]
[105  88 101 122]
[103  78  89 113]
[ 89  73  78 107]
[82 65 65 95]
[68 57 50 88]
[53 54 38 82]
[60 42 31 66]
[155  31  56  56]
[130 113 138 113]
[120 111 136 128]
[118 109 134 122]
[115 105 132 120]
[115 101 132 118]
[113 103 130 120]
[107 103 126 120]
[107  97 118 111]
[101  91 105 107]
[ 93  84  95 101]
[88 77 84 93]
[80 71 75 88]
[78 68 70 84]
[78 66 68 82]
[82 66 71 84]
[86 71 75 91]
[91 77 80 95]
[93 80 86 97]
[95 80 86 97]
[91 80 86 97]
[89 78 84 95]
[88 77 80 93]
[86 75 77 89]
[84 73 71 89]
[71 73 68 89]
[56 75 62 86]
[62 56 54 68]
[70 43 50 68]
[62 48 49 82]
[59 56 50 80]
[63 52 49 71]
[80 42 49 68]
[75 46 54 82]
[77 59 60 84]
[77 63 62 82]
[80 65 63 80]
[78 68 65 82]
[80 68 66 80]
[82 70 68 82]
[80 71 70 84]
[82 73 71 84]
[82 73 71 84]
[84 73 73 84]
[84 75 75 86]
[84 77 75 88]
[86 78 77 88]
[88 78 78 89]
[91 80 82 93]
[95 84 86 97]
[ 97  88  91 101]
[101  89  93 103]
[103  91  95 105]
[105  93  99 107]
[105  95 103 111]
[109  97 105 111]
[109  99 107 113]
[111 101 109 115]
[111  99 111 115]
[113  99 111 115]
[111  99 111 115]
[111  99 113 115]
[111  99 113 115]
[109  99 113 115]
[111  97 113 115]
[111  97 113 113]
[113  99 113 115]
[113  99 115 118]
[118 101 118 118]
[120 103 120 120]
[122 107 122 122]
[122 109 124 122]
[124 111 126 124]
[124 113 130 126]
[126 115 132 126]
[126 115 134 128]
[126 115 136 128]
[126 115 136 128]
[124 115 138 128]
[126 115 138 128]
[124 113 138 130]
[124 113 138 128]
[124 113 136 128]
[124 111 136 130]
[126 113 138 132]
[126 113 138 134]
[128 115 138 134]
[128 115 138 134]
[126 113 136 132]
[126 111 134 132]
[124 109 132 130]
[124 109 132 130]
[124 109 134 130]
[124 109 134 130]
[122 109 134 132]
[122 107 134 130]
[122 105 130 128]
[120 103 124 128]
[120 101 120 126]
[122 101 120 126]
[122 103 120 128]
[122 105 120 128]
[120 105 122 126]
[120 103 122 126]
[118 105 122 126]
[115 105 120 126]
[113 107 120 128]
[113 105 120 128]
[113 101 120 128]
[113  99 120 130]
[115  97 120 130]
[120  95 120 130]
[118  97 118 132]
[115  95 115 132]
[115  95 113 130]
[115  95 113 130]
[118  95 115 132]
[118  97 118 132]
[118  97 118 132]
[115  95 115 130]
[111  91 109 126]
[107  86 101 122]
[103  77  89 111]
[ 88  75  77 109]
[80 65 62 91]
[65 56 48 84]
[53 50 35 77]
[57 41 29 66]
[155  31  52  54]
[128 113 138 111]
[115 109 134 126]
[113 107 132 120]
[113 101 132 118]
[115  99 130 118]
[115  99 130 120]
[107 103 126 122]
[107  97 118 113]
[103  91 107 107]
[ 93  84  95 101]
[88 78 86 95]
[82 73 77 89]
[78 70 71 86]
[80 68 70 84]
[84 68 71 86]
[86 73 77 91]
[91 77 80 95]
[93 78 84 97]
[93 78 86 97]
[89 78 84 95]
[88 77 80 93]
[86 75 77 91]
[84 73 73 89]
[80 71 68 88]
[66 75 63 89]
[53 73 56 86]
[65 53 49 68]
[75 39 46 68]
[62 48 46 88]
[60 54 45 86]
[70 50 44 77]
[88 43 48 73]
[77 50 53 88]
[75 57 56 82]
[75 59 57 78]
[78 60 59 78]
[77 65 62 82]
[78 68 63 80]
[80 68 65 80]
[77 70 66 82]
[78 70 68 80]
[80 70 68 80]
[80 70 70 82]
[80 71 70 82]
[80 73 70 84]
[80 73 71 84]
[82 73 71 84]
[86 75 75 88]
[89 78 78 91]
[91 82 84 95]
[95 84 88 97]
[ 99  86  91 101]
[101  89  95 103]
[103  93  99 107]
[105  95 103 109]
[107  97 107 113]
[111  99 109 113]
[111  99 111 115]
[113  99 111 115]
[111  99 111 115]
[111  99 113 115]
[111  97 113 113]
[109  97 113 115]
[111  97 113 113]
[111  97 113 113]
[111  97 113 115]
[113  97 115 115]
[118  99 118 115]
[118 103 118 118]
[120 107 122 120]
[120 109 124 122]
[124 111 128 124]
[124 113 130 126]
[126 115 134 126]
[126 115 134 126]
[126 115 136 128]
[126 115 136 128]
[126 118 138 128]
[126 115 138 128]
[124 113 138 128]
[124 113 136 128]
[122 111 136 128]
[124 111 134 128]
[126 109 134 130]
[126 111 136 132]
[126 113 136 132]
[126 113 134 132]
[126 111 134 132]
[126 109 134 132]
[124 109 132 130]
[124 109 132 130]
[124 109 132 130]
[122 109 134 130]
[124 111 134 132]
[124 109 134 132]
[124 107 130 130]
[122 103 124 128]
[120 101 120 126]
[120 101 118 126]
[120 101 118 124]
[115 101 115 124]
[118 101 115 124]
[120 103 118 124]
[118 105 120 126]
[115 107 120 126]
[111 107 120 128]
[111 105 120 128]
[113 101 120 128]
[113  97 120 130]
[115  97 120 130]
[118  95 118 130]
[118  95 118 130]
[115  95 113 130]
[113  95 113 130]
[115  95 113 130]
[118  95 115 130]
[118  95 115 132]
[118  95 118 132]
[115  95 115 130]
[111  91 109 126]
[109  86 101 120]
[105  77  89 113]
[ 84  78  75 111]
[78 68 59 91]
[65 56 44 82]
[54 48 33 75]
[54 41 27 66]
[155  31  50  52]
[128 111 136 109]
[111 109 132 126]
[113 105 132 120]
[113  99 130 118]
[118  97 130 118]
[113  99 128 120]
[109 101 124 120]
[107  95 115 113]
[103  91 105 109]
[ 97  86  95 103]
[91 80 88 97]
[86 75 80 91]
[82 71 73 88]
[82 68 70 86]
[86 70 71 88]
[88 75 75 93]
[91 77 80 95]
[93 78 82 97]
[91 77 82 95]
[89 77 80 93]
[86 75 77 91]
[84 73 75 89]
[82 71 70 88]
[77 71 65 88]
[63 75 59 89]
[50 73 52 91]
[68 53 46 73]
[77 43 45 77]
[68 49 44 88]
[66 50 42 88]
[77 50 42 84]
[91 48 46 80]
[82 54 49 88]
[77 54 52 80]
[75 56 53 78]
[77 57 56 77]
[75 60 57 80]
[75 63 59 78]
[77 63 60 77]
[73 65 62 78]
[75 65 63 77]
[77 66 65 78]
[77 66 65 78]
[77 66 65 78]
[75 68 65 78]
[75 68 65 78]
[77 68 66 80]
[80 70 68 84]
[84 73 71 86]
[88 75 77 89]
[89 78 80 93]
[93 82 86 97]
[97 86 91 99]
[101  88  95 105]
[105  91  99 107]
[105  97 105 111]
[109  97 107 113]
[111  97 109 113]
[111  99 111 115]
[111  99 111 115]
[111  97 111 113]
[109  97 111 113]
[109  97 111 113]
[109  95 111 113]
[111  97 113 115]
[113  97 113 113]
[113  97 113 113]
[115  97 115 115]
[118 101 118 118]
[120 105 120 120]
[120 109 124 122]
[122 111 128 122]
[122 113 130 124]
[124 115 134 126]
[124 115 136 126]
[126 115 136 128]
[126 115 138 128]
[124 115 138 128]
[124 113 136 126]
[122 111 134 128]
[122 113 136 128]
[124 111 132 128]
[122 107 130 126]
[120 107 128 126]
[120 105 126 126]
[118 105 124 126]
[118 105 126 126]
[120 105 128 128]
[122 105 130 128]
[122 107 130 128]
[122 107 132 130]
[124 107 132 128]
[122 109 132 130]
[124 111 134 132]
[126 111 132 132]
[126 107 128 130]
[122 103 124 126]
[120  99 118 124]
[115  97 113 120]
[109  97 109 118]
[107  93 103 113]
[107  93 103 115]
[115  97 111 118]
[115 103 115 126]
[113 107 120 126]
[109 107 120 128]
[109 105 122 128]
[115  99 120 128]
[115  97 118 130]
[115  97 118 132]
[120  93 118 128]
[118  93 115 130]
[113  95 113 130]
[111  95 111 130]
[115  95 111 128]
[118  95 113 130]
[115  95 115 132]
[115  93 115 130]
[111  91 111 128]
[109  89 107 124]
[105  84  99 118]
[101  77  88 109]
[ 77  77  70 109]
[75 63 54 86]
[63 53 42 80]
[54 48 33 75]
[56 42 28 68]
[157  31  53  52]
[124 109 132 109]
[113 105 128 122]
[111 103 128 118]
[113  97 128 118]
[113  97 126 118]
[113  99 124 118]
[107  99 120 118]
[105  95 113 113]
[103  91 103 109]
[ 97  86  95 105]
[93 82 89 99]
[88 77 82 93]
[84 73 75 89]
[84 70 70 88]
[86 70 70 89]
[88 75 75 95]
[93 77 78 95]
[93 78 82 95]
[89 77 80 93]
[86 75 77 91]
[84 73 73 89]
[82 71 70 88]
[80 71 66 86]
[77 70 62 86]
[63 73 56 89]
[48 77 49 93]
[71 52 43 71]
[84 41 41 77]
[86 46 41 88]
[78 53 42 95]
[86 57 43 93]
[93 57 45 88]
[86 62 48 89]
[78 59 49 84]
[77 59 50 80]
[78 59 52 77]
[75 60 53 78]
[71 60 54 75]
[71 60 54 71]
[70 62 56 73]
[71 62 59 73]
[71 63 60 75]
[73 63 60 73]
[73 62 60 73]
[71 62 59 73]
[71 63 59 75]
[73 65 59 77]
[77 66 62 80]
[80 70 66 82]
[82 71 70 86]
[86 75 75 89]
[91 80 82 93]
[97 82 88 97]
[101  86  93 103]
[103  89  99 107]
[105  93 101 109]
[107  95 105 111]
[109  97 107 113]
[111  99 109 113]
[111  97 111 113]
[109  97 111 115]
[107  97 109 113]
[107  95 109 111]
[107  95 109 113]
[111  97 111 113]
[113  97 111 113]
[113  95 111 113]
[113  97 113 113]
[115 101 115 115]
[118 105 122 118]
[120 109 124 120]
[122 111 128 122]
[122 111 130 124]
[124 113 132 124]
[124 113 134 126]
[126 113 136 126]
[124 113 136 128]
[120 113 134 126]
[120 107 130 122]
[118 105 128 124]
[120 107 126 124]
[118 105 124 122]
[111  99 115 118]
[107  95 109 115]
[107  93 107 111]
[105  91 107 113]
[109  95 111 115]
[113  99 118 118]
[120 101 124 122]
[120 103 128 128]
[122 107 130 126]
[122 105 130 126]
[122 109 130 130]
[124 111 132 132]
[126 111 130 132]
[124 109 128 132]
[122 103 124 126]
[118  99 115 122]
[109  95 109 115]
[ 99  86  95 105]
[95 80 86 99]
[ 95  80  86 103]
[109  89  97 109]
[113  99 109 122]
[115 103 115 124]
[111 109 122 128]
[113 107 122 130]
[113 103 122 130]
[113  99 120 132]
[118  93 115 128]
[118  91 115 130]
[115  93 118 130]
[115  93 113 128]
[111  95 111 128]
[113  95 111 128]
[113  95 113 130]
[111  95 113 130]
[111  91 111 124]
[109  88 109 124]
[107  86 105 122]
[101  82  97 115]
[ 97  73  82 103]
[ 68  71  65 103]
[70 56 49 78]
[59 49 39 78]
[56 48 33 75]
[59 44 31 70]
[159  32  57  56]
[118 105 128 103]
[105  95 118 115]
[105  93 120 113]
[109  95 122 113]
[109  91 120 113]
[107  95 120 113]
[107  95 118 113]
[105  93 111 111]
[ 99  89 103 109]
[ 95  84  95 103]
[91 80 89 97]
[88 75 84 93]
[84 71 75 89]
[82 68 70 88]
[82 68 70 88]
[86 71 73 91]
[89 75 77 93]
[91 77 80 95]
[89 77 78 93]
[86 73 75 89]
[84 71 71 86]
[80 70 68 86]
[78 70 65 86]
[73 70 60 86]
[60 71 53 89]
[44 75 45 93]
[78 48 39 65]
[89 38 37 84]
[95 49 41 97]
[ 89  65  44 105]
[93 70 44 99]
[91 68 45 93]
[86 70 48 89]
[80 65 49 84]
[78 63 50 82]
[80 62 52 78]
[77 62 53 78]
[71 60 52 75]
[70 59 53 71]
[66 59 53 70]
[68 59 54 70]
[68 59 56 70]
[68 59 56 70]
[68 57 54 68]
[66 57 52 70]
[65 60 52 71]
[70 62 53 73]
[71 65 56 77]
[77 66 60 78]
[80 68 65 82]
[84 73 71 89]
[89 78 80 93]
[97 82 88 99]
[101  86  93 103]
[103  89  97 107]
[105  93 101 109]
[107  95 103 111]
[109  97 105 113]
[109  97 107 113]
[111  97 109 113]
[109  97 111 115]
[105  97 109 113]
[105  93 107 109]
[105  93 107 111]
[109  95 109 111]
[113  95 111 113]
[113  95 111 113]
[113  97 113 113]
[115 101 115 115]
[118 105 122 118]
[120 109 126 122]
[122 111 128 122]
[120 111 130 124]
[122 111 130 124]
[120 111 130 124]
[122 109 130 124]
[118 109 128 124]
[113 105 122 120]
[111  99 115 111]
[105  95 109 111]
[101  91 105 109]
[ 97  86  97 103]
[91 80 89 97]
[86 75 82 93]
[88 75 82 91]
[91 78 88 97]
[ 97  84  95 103]
[107  93 107 113]
[120  99 120 120]
[120 105 128 126]
[122 107 130 126]
[124 107 132 126]
[122 109 130 130]
[122 111 130 132]
[126 111 128 130]
[126 107 126 128]
[126 103 122 124]
[115  97 115 120]
[105  93 105 109]
[86 80 86 95]
[78 68 70 84]
[86 68 66 86]
[ 89  82  82 103]
[118  95 101 109]
[111  99 111 126]
[122 113 122 130]
[120 115 124 136]
[115 111 124 134]
[120 101 118 128]
[113  91 113 130]
[113  93 115 130]
[111  93 115 128]
[111  89 113 126]
[109  91 111 128]
[113  93 113 128]
[115  95 115 128]
[111  93 113 128]
[111  88 113 124]
[107  88 109 124]
[105  84 103 118]
[ 99  80  93 111]
[93 70 78 99]
[68 68 60 97]
[68 53 46 75]
[59 50 38 78]
[56 49 34 75]
[62 45 33 73]
[163  34  62  59]
[115  95 118  91]
[ 95  84 105 105]
[ 97  88 107 107]
[ 99  86 109 103]
[101  88 109 105]
[105  88 111 107]
[105  93 113 113]
[103  93 109 113]
[101  89 101 105]
[ 93  82  93 101]
[89 77 88 95]
[86 73 82 91]
[80 70 75 88]
[78 66 70 84]
[80 66 68 84]
[82 68 70 88]
[88 71 75 89]
[89 75 77 93]
[88 77 77 93]
[86 73 73 88]
[82 70 70 86]
[78 70 65 86]
[77 68 62 84]
[73 66 57 82]
[62 68 50 86]
[45 71 41 93]
[84 46 37 65]
[93 42 37 86]
[89 52 41 99]
[ 82  70  44 101]
[84 71 45 91]
[80 70 46 89]
[82 68 48 84]
[80 66 50 84]
[82 65 53 82]
[82 65 54 82]
[80 65 56 80]
[75 63 54 77]
[70 62 53 73]
[68 60 52 70]
[66 57 52 68]
[65 56 50 68]
[63 54 49 65]
[62 52 46 63]
[60 53 45 65]
[60 56 45 66]
[65 57 48 68]
[68 60 50 73]
[73 62 56 75]
[78 66 62 82]
[84 71 68 88]
[89 77 77 93]
[97 80 84 99]
[101  84  91 103]
[101  88  95 105]
[103  91  99 107]
[105  93 101 109]
[107  95 105 111]
[109  97 107 113]
[111  97 109 113]
[109  97 109 113]
[103  97 107 113]
[105  93 107 107]
[103  91 105 109]
[107  91 107 109]
[111  93 109 113]
[113  95 111 113]
[115  97 113 113]
[115 101 118 118]
[118 105 120 120]
[118 109 124 120]
[118 107 124 120]
[115 107 122 118]
[115 103 120 115]
[111 101 118 115]
[109  97 113 111]
[103  95 109 109]
[ 95  89 101 105]
[91 82 91 95]
[84 75 82 89]
[77 68 73 84]
[71 62 65 77]
[66 57 59 71]
[66 56 57 71]
[71 59 60 75]
[80 66 70 84]
[91 77 84 95]
[103  91 101 109]
[120 101 118 118]
[124 109 130 128]
[126 111 134 130]
[128 111 134 130]
[124 113 132 130]
[124 113 130 130]
[124 111 128 130]
[126 109 126 130]
[124 105 124 126]
[113 103 115 122]
[103  91 101 105]
[78 75 77 86]
[65 59 57 68]
[70 52 52 66]
[73 68 63 89]
[111  82  88  93]
[107  99 109 128]
[118 113 122 132]
[128 118 126 136]
[130 118 122 136]
[124 115 122 138]
[115 107 120 136]
[111  93 113 126]
[107  86 111 122]
[111  84 111 120]
[111  88 113 128]
[113  93 118 130]
[113  95 120 130]
[111  93 118 130]
[111  91 115 126]
[109  89 111 124]
[105  84 103 118]
[ 97  78  91 111]
[89 70 77 99]
[71 66 60 93]
[66 53 48 78]
[59 52 39 77]
[56 48 35 75]
[62 46 34 75]
[163  34  62  59]
[ 97  84 103  78]
[82 60 77 86]
[86 71 82 91]
[88 78 89 95]
[93 80 97 97]
[101  84 105 105]
[101  89 109 111]
[103  93 107 109]
[ 97  88  99 103]
[89 80 91 97]
[86 73 84 91]
[82 70 78 88]
[80 68 73 86]
[78 66 68 82]
[78 65 66 82]
[78 66 68 84]
[84 68 70 86]
[84 71 73 89]
[86 73 73 89]
[84 71 70 88]
[80 68 66 84]
[75 66 62 82]
[73 65 56 80]
[68 65 53 80]
[63 65 46 82]
[50 70 38 95]
[82 49 36 70]
[97 45 36 78]
[80 50 38 89]
[75 62 42 86]
[77 62 44 78]
[75 65 46 82]
[75 65 49 82]
[80 65 52 82]
[84 66 56 84]
[84 68 59 86]
[82 70 59 84]
[77 66 57 80]
[71 65 54 77]
[70 62 52 71]
[66 57 49 68]
[62 54 45 66]
[59 50 41 62]
[57 48 37 59]
[56 48 37 59]
[57 50 38 62]
[62 54 43 66]
[66 59 48 71]
[73 60 52 75]
[78 65 59 82]
[84 71 66 89]
[89 77 75 93]
[97 80 82 97]
[ 99  84  89 103]
[101  88  93 105]
[101  89  97 105]
[103  91  99 109]
[105  93 103 109]
[107  95 107 113]
[111  97 109 113]
[109  97 109 115]
[105  97 107 113]
[105  93 105 109]
[105  91 105 109]
[109  91 107 111]
[113  93 111 113]
[115  95 113 113]
[115  97 113 115]
[115 101 115 115]
[113 103 115 115]
[111 101 115 113]
[107  99 111 111]
[101  93 105 107]
[ 99  88  99 101]
[91 82 91 97]
[88 77 84 89]
[78 71 77 86]
[71 65 68 78]
[68 59 60 71]
[62 52 53 65]
[54 46 45 59]
[50 43 41 53]
[50 42 38 52]
[53 44 39 54]
[60 50 45 62]
[71 60 59 75]
[89 75 77 89]
[103  91  99 109]
[120 103 120 120]
[128 111 132 128]
[130 113 136 132]
[128 115 138 130]
[126 115 136 130]
[124 115 132 130]
[124 113 130 130]
[128 111 130 128]
[122 107 126 124]
[115 101 115 118]
[ 99  89  99 103]
[70 71 71 80]
[54 52 46 57]
[53 41 39 52]
[63 52 46 71]
[78 73 75 91]
[109  99 103 109]
[109  97 118 124]
[118 118 130 136]
[120 118 126 145]
[132 118 122 138]
[126 120 118 136]
[113 105 118 130]
[109  88 111 124]
[118  80 109 122]
[115  88 115 130]
[115  95 120 132]
[115  97 122 130]
[113  95 120 128]
[113  91 118 126]
[113  88 113 122]
[105  84 103 120]
[ 95  78  89 109]
[84 68 75 97]
[73 63 60 88]
[63 56 49 80]
[62 53 42 75]
[54 49 36 75]
[62 46 34 73]
[161  33  62  59]
[84 63 78 50]
[52 35 48 66]
[59 46 53 75]
[73 62 65 80]
[84 71 82 91]
[95 78 97 97]
[ 99  84 103 105]
[ 97  86 103 107]
[ 95  86  99 103]
[88 78 91 95]
[84 71 84 89]
[80 68 77 86]
[78 66 71 84]
[77 65 68 82]
[77 63 65 80]
[77 63 63 80]
[77 65 63 82]
[78 68 65 84]
[80 68 65 84]
[78 66 65 82]
[75 65 60 80]
[71 63 56 77]
[68 62 52 75]
[66 60 48 77]
[68 60 44 77]
[57 66 37 91]
[78 52 35 75]
[97 48 36 71]
[73 52 36 84]
[70 59 39 78]
[71 60 42 78]
[75 63 45 78]
[75 65 49 80]
[80 65 53 80]
[84 66 57 84]
[82 70 60 86]
[80 70 60 82]
[77 66 59 80]
[71 65 54 77]
[70 62 50 71]
[66 57 45 68]
[59 53 39 63]
[53 48 34 57]
[52 43 31 53]
[50 44 31 54]
[54 48 33 59]
[60 53 38 65]
[66 57 44 71]
[73 60 49 75]
[78 65 56 82]
[82 70 63 88]
[88 75 71 93]
[95 78 78 95]
[ 97  82  86 101]
[ 97  86  91 103]
[ 99  88  95 103]
[101  89  97 107]
[105  91 101 109]
[107  95 105 113]
[109  95 109 113]
[107  97 109 115]
[103  97 107 113]
[105  93 105 109]
[107  91 103 111]
[111  91 107 111]
[113  93 111 113]
[115  95 113 115]
[115  95 111 113]
[109  97 109 111]
[103  95 105 107]
[ 97  89  99 101]
[91 84 91 95]
[82 77 82 88]
[77 68 71 80]
[68 62 63 73]
[62 54 54 66]
[56 50 48 60]
[50 45 42 56]
[49 42 37 50]
[44 38 34 48]
[41 36 31 44]
[39 34 29 42]
[42 35 30 43]
[48 39 33 48]
[56 48 41 57]
[71 60 54 71]
[91 77 77 89]
[107  95 101 111]
[122 105 120 122]
[128 113 132 128]
[130 115 138 132]
[128 115 138 130]
[126 115 138 130]
[126 115 136 130]
[126 118 134 130]
[128 113 132 128]
[122 111 126 126]
[118 101 118 115]
[ 97  89  99 103]
[63 71 66 78]
[46 44 39 49]
[41 32 29 39]
[50 38 34 52]
[54 60 57 82]
[120  77  88  80]
[103  89 115 130]
[126 109 130 124]
[122 113 130 132]
[118 115 128 145]
[124 115 122 143]
[132 113 115 132]
[128 105 113 130]
[128  93 115 132]
[122  97 118 138]
[118 101 122 138]
[113  99 122 134]
[115  95 120 128]
[111  91 118 128]
[115  88 111 124]
[105  82 101 118]
[ 91  75  86 103]
[78 65 71 89]
[71 56 59 82]
[62 56 49 80]
[60 53 43 73]
[54 52 36 75]
[59 46 33 71]
[159  33  59  56]
[86 48 52 35]
[37 26 26 53]
[44 30 31 52]
[54 35 41 63]
[71 59 65 82]
[91 71 88 91]
[ 95  77  99 101]
[ 91  80  99 103]
[89 78 95 97]
[86 75 89 91]
[82 70 82 88]
[78 66 77 86]
[77 65 70 82]
[75 63 65 80]
[75 62 60 77]
[71 60 57 77]
[70 59 54 75]
[70 60 54 75]
[70 60 54 75]
[70 59 54 75]
[70 57 52 73]
[66 57 49 71]
[65 57 46 71]
[65 59 44 73]
[66 59 42 77]
[63 63 37 86]
[73 57 34 80]
[93 52 35 70]
[73 57 35 80]
[70 57 37 73]
[70 59 41 73]
[71 62 44 75]
[73 62 48 78]
[80 63 52 80]
[80 66 56 84]
[78 70 59 82]
[78 66 59 78]
[75 65 57 78]
[71 65 54 77]
[70 60 49 71]
[65 56 42 66]
[54 50 34 60]
[49 44 28 52]
[46 39 25 48]
[46 39 26 49]
[52 44 30 56]
[59 52 36 63]
[66 56 43 70]
[71 59 48 75]
[77 63 53 80]
[82 68 60 86]
[86 73 68 91]
[91 77 75 95]
[95 80 82 99]
[ 97  84  88 101]
[ 97  86  93 103]
[101  88  95 105]
[105  89  99 107]
[105  93 103 111]
[109  95 107 113]
[107  97 107 115]
[105  95 107 113]
[105  93 105 111]
[107  89 103 111]
[109  91 105 113]
[113  91 109 111]
[113  93 109 111]
[109  91 107 109]
[101  89 101 103]
[91 84 91 95]
[82 77 82 86]
[73 68 71 78]
[65 60 60 70]
[59 52 52 60]
[52 45 43 54]
[46 39 36 48]
[41 36 31 44]
[38 34 28 41]
[39 33 27 39]
[39 33 26 39]
[39 34 27 39]
[41 35 28 41]
[45 38 31 44]
[50 44 36 50]
[60 52 44 59]
[77 65 60 75]
[95 82 82 95]
[113 101 105 113]
[124 109 124 124]
[130 113 132 128]
[130 115 138 130]
[126 115 138 130]
[126 115 141 128]
[128 118 141 130]
[128 120 138 132]
[130 118 136 130]
[124 113 130 126]
[120 105 122 115]
[ 97  91 101 103]
[60 71 65 75]
[42 41 34 43]
[32 27 21 33]
[42 29 26 36]
[53 49 39 70]
[99 65 78 84]
[113 107 118 132]
[122 103 124 128]
[126 115 132 134]
[128 118 130 132]
[120 115 126 141]
[122 113 122 145]
[138 113 115 141]
[151 115 118 138]
[134 118 122 149]
[126 113 124 141]
[115 105 120 134]
[115  95 118 128]
[111  89 113 126]
[118  84 107 118]
[101  80  97 115]
[84 71 82 99]
[77 60 66 82]
[70 52 56 77]
[60 54 48 78]
[57 53 42 73]
[52 53 35 75]
[54 46 31 68]
[159  31  56  52]
[78 43 36 36]
[38 25 13 46]
[50 24 17 38]
[49 31 29 62]
[66 52 53 78]
[86 66 80 89]
[91 71 93 97]
[89 71 91 95]
[84 71 91 95]
[84 71 88 89]
[82 68 82 86]
[78 66 75 84]
[75 63 66 80]
[73 60 60 75]
[70 57 53 71]
[63 54 48 68]
[60 50 43 63]
[57 49 41 63]
[59 50 42 63]
[60 50 42 63]
[62 49 42 63]
[60 52 42 66]
[60 54 42 68]
[63 54 41 68]
[65 54 39 70]
[63 57 37 77]
[68 57 34 77]
[80 53 35 70]
[70 60 35 77]
[66 56 37 70]
[68 59 39 73]
[70 60 43 75]
[73 62 46 75]
[77 62 50 78]
[77 66 54 80]
[77 66 56 80]
[75 65 56 77]
[73 63 54 77]
[70 63 52 75]
[68 59 45 70]
[62 53 37 63]
[50 48 30 57]
[44 41 23 48]
[42 35 21 44]
[44 36 22 46]
[49 42 27 54]
[57 49 34 63]
[65 54 41 68]
[71 57 45 75]
[75 62 50 78]
[78 66 56 84]
[84 71 63 89]
[89 73 71 93]
[93 77 78 95]
[93 80 84 99]
[ 95  84  89 101]
[ 99  86  93 103]
[103  88  97 107]
[105  91 101 111]
[109  93 105 111]
[109  95 107 115]
[107  97 105 115]
[109  93 105 111]
[109  91 103 111]
[107  91 103 111]
[109  91 105 109]
[109  91 105 109]
[105  89 101 105]
[93 84 93 97]
[82 77 82 86]
[71 66 70 75]
[63 59 59 66]
[57 52 50 60]
[52 46 43 53]
[45 41 36 46]
[42 36 31 42]
[38 34 28 39]
[38 34 27 39]
[42 35 28 39]
[45 39 31 44]
[50 44 34 48]
[56 48 38 52]
[59 53 43 57]
[63 59 48 62]
[73 63 54 68]
[88 73 70 84]
[103  91  91 103]
[120 105 113 118]
[126 113 128 128]
[130 118 136 128]
[130 118 141 130]
[126 118 141 128]
[128 118 141 128]
[130 120 143 130]
[130 122 143 132]
[130 120 141 130]
[126 115 132 126]
[122 107 124 118]
[103  97 105 105]
[62 73 66 77]
[41 43 34 43]
[28 27 19 31]
[34 23 19 30]
[53 41 31 59]
[63 70 70 97]
[134  99 107  97]
[111  86 122 130]
[126 118 132 134]
[126 115 134 132]
[126 113 130 132]
[122 113 126 134]
[124 115 124 143]
[138 118 124 143]
[134 126 124 149]
[130 122 122 143]
[120 113 118 136]
[115 101 113 128]
[109  91 107 126]
[113  80 101 115]
[ 95  77  89 111]
[78 68 73 93]
[73 54 59 75]
[68 49 50 73]
[57 53 45 75]
[53 53 39 71]
[45 52 32 70]
[50 44 28 63]
[159  27  50  48]
[66 42 27 35]
[35 23  8 45]
[48 22 12 41]
[59 36 22 60]
[66 52 44 80]
[86 66 73 89]
[89 70 84 93]
[84 66 86 91]
[78 68 84 91]
[82 68 84 88]
[82 68 80 86]
[78 66 73 84]
[70 62 62 77]
[65 56 52 70]
[60 49 42 63]
[54 45 34 59]
[49 42 30 53]
[45 39 28 50]
[44 39 28 50]
[50 39 30 49]
[52 41 31 54]
[54 46 34 60]
[56 50 35 63]
[60 52 36 63]
[62 52 36 66]
[62 54 36 70]
[63 54 34 70]
[68 52 35 66]
[66 56 35 66]
[65 53 37 66]
[65 56 39 70]
[66 57 42 71]
[73 57 45 71]
[73 60 49 77]
[75 63 53 77]
[73 65 53 77]
[71 62 53 73]
[68 60 50 73]
[66 59 46 71]
[65 54 41 66]
[59 50 33 60]
[46 44 26 53]
[38 37 20 45]
[39 32 18 41]
[42 33 20 44]
[49 39 25 53]
[56 48 32 62]
[65 53 38 68]
[70 57 43 73]
[73 60 48 78]
[78 65 53 84]
[84 70 60 88]
[88 73 68 91]
[91 75 77 95]
[91 78 82 97]
[93 80 86 99]
[ 97  82  89 101]
[101  86  95 105]
[103  89  99 109]
[107  93 103 111]
[111  95 105 115]
[111  97 105 118]
[111  95 105 115]
[109  95 105 113]
[107  93 103 111]
[107  91 103 107]
[109  89 103 107]
[103  88  99 101]
[91 84 91 93]
[80 75 78 82]
[70 65 66 71]
[63 59 57 63]
[59 53 50 59]
[54 49 45 54]
[52 45 41 50]
[49 43 37 46]
[50 43 35 46]
[53 45 36 49]
[59 50 41 53]
[68 57 48 62]
[73 66 57 71]
[82 73 65 75]
[80 77 66 80]
[73 80 66 82]
[86 75 70 77]
[95 80 80 91]
[109  99 101 109]
[124 111 120 122]
[130 120 134 130]
[130 120 141 130]
[130 120 143 130]
[128 120 143 128]
[128 118 143 128]
[130 120 143 130]
[130 120 143 130]
[130 120 141 130]
[128 118 136 128]
[124 113 130 124]
[107 103 113 109]
[66 80 73 84]
[42 46 36 45]
[28 27 18 29]
[27 22 15 27]
[52 30 26 42]
[ 38  75  53 101]
[147  70  97  68]
[105  86 118 143]
[128 118 134 132]
[128 115 134 132]
[128 115 134 132]
[124 113 130 132]
[122 113 128 132]
[126 111 128 130]
[120 115 126 138]
[118 113 122 136]
[120 109 113 130]
[109 101 109 128]
[107  93 103 122]
[115  71  93 105]
[ 86  71  82 109]
[75 65 66 88]
[68 50 52 71]
[65 49 45 70]
[54 52 39 71]
[49 52 34 66]
[46 46 27 65]
[53 39 23 59]
[159  29  48  50]
[65 43 25 35]
[38 23  7 42]
[42 24 11 46]
[60 35 20 54]
[65 52 39 80]
[80 65 63 86]
[84 66 75 89]
[80 65 77 86]
[77 65 78 86]
[80 63 78 86]
[82 66 77 88]
[77 66 70 82]
[66 59 56 75]
[56 49 42 62]
[49 41 30 53]
[41 34 23 46]
[37 31 19 42]
[35 30 17 38]
[33 30 17 39]
[41 30 19 38]
[43 32 22 45]
[48 39 26 52]
[50 45 30 57]
[57 48 32 59]
[59 49 33 62]
[59 50 34 63]
[59 49 33 63]
[60 49 34 63]
[62 52 35 65]
[63 53 37 65]
[65 54 39 66]
[65 56 42 70]
[70 56 44 70]
[71 60 49 75]
[73 63 52 75]
[70 62 52 75]
[68 60 49 70]
[63 56 44 68]
[62 54 41 65]
[59 50 35 63]
[53 46 29 57]
[43 41 22 50]
[34 35 17 43]
[35 30 16 36]
[39 29 17 41]
[46 36 22 50]
[54 45 29 60]
[63 52 35 66]
[68 56 41 71]
[71 59 45 77]
[77 63 50 82]
[82 68 59 88]
[86 71 66 91]
[89 75 73 93]
[89 77 78 95]
[91 78 82 97]
[ 95  82  88 101]
[101  86  93 105]
[103  89  97 109]
[107  91 101 111]
[111  95 105 115]
[111  97 105 118]
[113  97 105 118]
[111  97 105 113]
[109  95 105 111]
[111  93 105 109]
[111  93 107 109]
[107  93 103 107]
[97 89 95 97]
[88 80 84 86]
[77 73 73 78]
[75 66 66 71]
[71 63 62 70]
[70 63 59 66]
[70 60 56 65]
[71 60 54 63]
[73 63 56 66]
[77 70 62 73]
[86 78 68 80]
[95 89 80 89]
[97 97 91 99]
[103  97  95  95]
[97 97 93 99]
[84 93 86 93]
[97 80 82 80]
[95 82 89 99]
[111 101 107 111]
[124 113 126 124]
[130 122 136 130]
[132 122 143 130]
[132 122 147 130]
[128 120 145 130]
[128 118 145 128]
[130 118 143 126]
[128 118 141 128]
[128 118 141 128]
[130 118 136 128]
[124 118 134 126]
[113 105 120 109]
[73 86 82 88]
[44 52 42 52]
[29 29 19 30]
[25 21 14 26]
[48 25 21 32]
[35 66 39 95]
[157  57  88  60]
[109 101 120 155]
[128 115 134 130]
[128 118 136 132]
[130 115 134 130]
[126 115 134 130]
[122 115 132 132]
[124 111 132 126]
[118 109 128 128]
[118 105 120 126]
[107 107 115 134]
[101 105 107 130]
[109  88  93 111]
[113  70  88 103]
[ 75  75  77 111]
[65 63 60 80]
[54 48 46 68]
[50 44 39 63]
[38 45 34 66]
[35 42 28 59]
[44 35 22 56]
[50 32 20 62]
[157  32  45  54]
[75 45 29 36]
[44 23  9 45]
[48 31 13 50]
[62 35 21 54]
[62 53 37 78]
[73 62 57 80]
[75 63 66 84]
[73 63 70 82]
[75 63 71 82]
[82 62 73 82]
[80 63 71 88]
[73 63 65 82]
[62 56 49 70]
[48 44 32 54]
[38 33 21 43]
[31 26 14 35]
[27 23 11 31]
[27 21 10 30]
[26 23 10 31]
[31 22 12 30]
[34 26 14 36]
[39 31 18 43]
[44 39 23 50]
[50 43 27 54]
[53 45 30 57]
[54 46 31 59]
[56 45 31 59]
[57 46 32 60]
[59 49 34 62]
[60 52 36 63]
[62 53 38 65]
[63 54 41 66]
[68 56 44 68]
[70 59 48 71]
[70 60 50 73]
[66 60 49 71]
[62 56 44 66]
[57 52 38 63]
[57 48 34 60]
[56 45 30 57]
[49 42 25 53]
[38 38 19 48]
[30 33 15 41]
[34 26 14 32]
[39 25 15 38]
[44 33 20 49]
[53 43 26 57]
[60 49 32 63]
[65 53 37 70]
[70 57 43 75]
[75 62 49 80]
[80 66 56 84]
[84 70 63 88]
[86 73 70 91]
[88 75 75 93]
[91 77 80 95]
[95 80 84 99]
[ 99  84  91 103]
[103  88  95 109]
[107  91 101 111]
[111  93 103 113]
[111  95 105 115]
[111  97 105 115]
[111  99 107 115]
[111  99 109 115]
[115  99 111 115]
[118  99 113 113]
[115  97 111 111]
[109  95 105 107]
[103  91  97  99]
[97 88 91 93]
[95 84 86 89]
[93 86 84 91]
[93 86 84 89]
[95 86 84 89]
[97 89 86 91]
[99 91 89 93]
[101  97  95  99]
[107 103 103 103]
[113 107 113 109]
[115 113 120 113]
[118 107 122 111]
[107 107 115 111]
[ 88 101 101 105]
[105  80  91  82]
[ 99  86  93 101]
[113 101 109 111]
[126 113 128 124]
[132 122 138 130]
[132 122 145 132]
[134 124 149 132]
[132 122 147 130]
[130 120 145 128]
[128 115 143 126]
[124 118 141 128]
[124 118 138 126]
[126 115 138 126]
[126 115 136 126]
[118 107 126 115]
[82 93 93 95]
[50 60 49 60]
[31 32 21 32]
[23 23 14 26]
[43 21 17 27]
[38 59 32 91]
[136  59  82  73]
[124 120 115 147]
[126 109 130 128]
[130 120 136 132]
[130 115 136 130]
[128 120 136 134]
[126 120 134 132]
[126 115 134 128]
[120 113 130 130]
[118 107 124 128]
[107 103 113 128]
[103 105  99 120]
[101  84  91 113]
[101  73  84 103]
[ 62  77  70 105]
[57 53 53 68]
[48 39 39 60]
[42 35 33 54]
[36 33 27 52]
[35 28 23 48]
[54 23 20 45]
[50 29 20 68]
[147  36  48  60]
[97 48 41 34]
[42 28 16 66]
[62 36 19 53]
[62 36 25 60]
[62 54 37 75]
[66 57 49 73]
[66 60 57 77]
[68 60 62 77]
[71 59 65 80]
[80 59 68 82]
[78 60 66 84]
[68 59 57 78]
[57 50 42 65]
[42 38 26 49]
[31 29 15 37]
[26 22  9 29]
[24 18  7 26]
[23 17  6 25]
[21 18  6 26]
[26 18  7 25]
[29 20  9 29]
[33 25 13 35]
[37 32 17 44]
[44 37 21 48]
[48 41 25 52]
[49 41 26 53]
[53 42 28 54]
[54 43 30 56]
[56 46 32 59]
[57 48 34 60]
[59 50 36 62]
[62 52 39 63]
[65 53 43 66]
[68 57 46 70]
[68 59 48 71]
[63 57 44 68]
[54 52 37 62]
[52 46 31 56]
[50 42 27 54]
[49 41 25 53]
[44 39 21 50]
[35 36 17 45]
[29 31 13 38]
[37 23 12 31]
[42 25 14 39]
[44 34 19 52]
[50 43 24 57]
[57 48 30 62]
[63 52 35 66]
[68 56 42 73]
[73 60 48 78]
[78 65 54 82]
[82 68 62 88]
[86 71 68 89]
[86 73 71 91]
[89 75 77 95]
[93 78 82 97]
[ 97  82  88 101]
[103  86  93 107]
[105  91  99 111]
[109  91 103 111]
[111  93 103 113]
[111  95 105 113]
[113  97 107 115]
[118 101 111 118]
[120 103 115 118]
[124 103 118 120]
[122 103 118 120]
[118 103 115 118]
[113 105 111 113]
[111 105 109 111]
[111 103 107 107]
[109 105 107 107]
[109 105 107 107]
[111 105 109 107]
[113 107 113 107]
[113 109 118 109]
[115 111 122 111]
[120 113 128 115]
[124 115 134 120]
[124 118 136 122]
[124 113 134 120]
[111 111 126 118]
[ 91 107 109 109]
[107  82  97  84]
[101  86  97 103]
[113 101 113 113]
[124 115 130 126]
[130 120 138 130]
[130 122 143 132]
[132 122 147 132]
[132 122 147 132]
[130 120 145 130]
[126 118 143 128]
[120 118 141 126]
[118 115 138 122]
[122 109 136 120]
[126 107 136 124]
[120 107 130 120]
[ 89  99 101 103]
[56 70 57 68]
[34 36 25 36]
[21 23 14 27]
[39 20 15 24]
[44 46 29 73]
[95 65 75 84]
[130 107 109 118]
[118  99 126 128]
[128 118 136 130]
[128 115 136 128]
[124 118 138 132]
[126 118 136 132]
[126 118 134 132]
[124 118 130 128]
[120 109 124 122]
[111 105 111 126]
[101  99  99 126]
[103  97  91 115]
[95 77 78 99]
[62 71 62 95]
[60 49 48 68]
[53 41 38 66]
[50 36 31 63]
[50 34 27 62]
[53 32 24 63]
[84 27 25 59]
[62 42 26 88]
[147  48  54  68]
[103  56  65  39]
[36 39 31 86]
[77 26 27 44]
[56 31 29 70]
[60 54 37 70]
[57 53 43 70]
[59 54 49 70]
[63 54 54 70]
[66 56 57 77]
[75 56 60 78]
[73 56 57 78]
[62 52 49 71]
[52 43 35 57]
[36 33 21 44]
[26 26 12 33]
[22 20  7 27]
[23 16  5 23]
[22 15  4 23]
[20 16  4 25]
[21 16  5 22]
[25 17  6 25]
[28 21  8 31]
[31 26 12 37]
[38 31 16 41]
[43 34 20 45]
[45 36 22 48]
[49 38 25 50]
[50 41 27 53]
[53 44 30 56]
[54 45 31 57]
[56 48 34 60]
[60 49 37 60]
[62 52 41 63]
[66 53 43 66]
[63 56 43 68]
[57 52 38 62]
[48 46 31 56]
[45 39 25 49]
[45 36 21 48]
[45 36 20 48]
[43 35 18 45]
[36 33 15 43]
[35 31 13 39]
[46 26 13 36]
[52 32 16 48]
[50 42 20 56]
[52 45 24 57]
[57 48 29 59]
[60 49 34 66]
[68 54 41 71]
[73 60 48 77]
[77 63 54 82]
[80 68 60 86]
[82 70 65 88]
[84 71 70 89]
[88 73 73 93]
[89 77 78 95]
[95 80 84 99]
[101  84  89 105]
[105  88  97 109]
[109  91 101 109]
[111  91 103 111]
[113  93 105 113]
[113  99 107 115]
[115 105 111 120]
[120 107 115 120]
[122 107 118 120]
[124 105 120 118]
[122 105 120 118]
[118 109 122 120]
[118 111 122 115]
[118 111 124 115]
[118 111 124 113]
[118 111 126 115]
[120 111 128 115]
[122 113 130 118]
[124 115 134 120]
[126 115 136 122]
[126 118 141 124]
[126 118 141 124]
[124 118 141 124]
[122 113 136 120]
[111 111 128 118]
[ 91 105 111 109]
[109  80  99  84]
[103  88  99 105]
[115 105 115 113]
[126 118 132 124]
[130 120 138 126]
[128 120 141 128]
[130 120 143 128]
[128 120 143 128]
[128 120 143 128]
[124 120 143 128]
[113 120 138 126]
[111 113 136 120]
[120 101 136 113]
[124  99 136 122]
[118 103 132 120]
[ 93  99 107 107]
[60 75 65 75]
[38 39 28 39]
[22 25 14 29]
[38 19 14 23]
[48 38 26 60]
[62 73 65 93]
[138  84 101  86]
[109  89 120 132]
[124 115 136 126]
[126 113 136 124]
[124 115 138 128]
[128 113 138 128]
[124 115 136 132]
[122 118 130 132]
[122 113 122 124]
[118 107 113 124]
[105 103 101 128]
[101  99  88 113]
[ 89  86  75 101]
[73 71 59 97]
[75 56 49 84]
[77 54 43 88]
[73 52 37 88]
[77 49 33 88]
[77 50 33 91]
[109  42  36  75]
[ 75  57  36 101]
[141  59  66  75]
[111  63  86  43]
[53 48 49 86]
[89 21 41 45]
[48 31 35 88]
[57 44 32 62]
[53 45 34 62]
[53 48 39 63]
[57 48 46 65]
[60 50 49 71]
[66 49 50 71]
[65 48 46 70]
[54 44 38 63]
[45 35 28 50]
[31 28 17 39]
[23 23  9 31]
[20 20  5 26]
[23 15  4 22]
[22 13  3 23]
[18 15  3 24]
[20 14  3 21]
[22 14  4 21]
[23 17  6 26]
[26 21  8 30]
[33 25 12 34]
[37 30 15 41]
[43 33 18 44]
[45 35 21 48]
[46 38 23 49]
[48 41 26 52]
[50 42 29 53]
[53 45 31 56]
[57 46 33 57]
[59 49 36 62]
[60 50 38 63]
[57 52 36 63]
[50 46 31 56]
[41 41 23 49]
[39 33 18 42]
[41 31 17 42]
[41 32 16 44]
[43 33 16 44]
[39 34 15 46]
[43 35 14 46]
[53 35 16 49]
[56 45 20 59]
[54 52 23 60]
[52 52 26 60]
[57 49 30 59]
[60 50 34 65]
[66 53 41 70]
[71 59 48 77]
[77 63 53 80]
[78 66 59 86]
[80 68 63 86]
[82 70 66 88]
[84 71 71 91]
[88 75 75 93]
[93 77 80 97]
[ 99  82  88 101]
[103  88  95 107]
[109  89  99 109]
[111  91 103 111]
[111  93 105 111]
[109  97 107 113]
[109 103 109 115]
[111 101 109 113]
[111 101 111 113]
[118  99 113 109]
[120  99 118 115]
[118 109 122 120]
[122 111 126 118]
[122 113 130 120]
[124 115 134 122]
[126 115 136 122]
[128 118 138 124]
[128 120 141 126]
[128 120 143 126]
[126 120 143 126]
[126 118 143 124]
[124 115 141 122]
[120 113 138 120]
[120 111 134 118]
[109 111 128 115]
[ 93 105 113 109]
[113  80 101  86]
[107  89 103 107]
[118 107 120 118]
[128 118 132 124]
[128 118 138 126]
[126 118 138 126]
[126 115 138 124]
[124 118 141 126]
[126 118 141 126]
[120 118 141 126]
[111 120 138 126]
[111 111 134 120]
[122  99 134 113]
[122  97 136 120]
[113  97 130 118]
[ 91  91 107 103]
[60 73 66 78]
[41 41 30 42]
[23 26 14 31]
[37 20 14 23]
[52 33 25 52]
[ 42  80  56 101]
[149  63  91  62]
[103  82 113 138]
[122 115 132 126]
[126 113 136 124]
[126 115 138 128]
[130 113 138 128]
[126 118 136 132]
[120 118 130 132]
[118 113 124 126]
[118 105 115 120]
[111 103 103 122]
[ 91  99  89 122]
[ 86  95  75 105]
[ 80  78  62 101]
[ 80  65  54 103]
[ 91  70  52 107]
[ 89  70  48 109]
[ 91  68  46 109]
[ 88  68  48 107]
[113  53  52  80]
[ 78  65  52 101]
[130  62  78  80]
[122  73  95  60]
[ 88  57  63 115]
[109  29  54  66]
[49 41 37 93]
[52 27 24 52]
[45 33 23 57]
[46 44 30 59]
[52 44 35 59]
[54 43 37 62]
[56 43 37 63]
[54 41 34 62]
[45 36 28 54]
[37 29 20 42]
[27 23 12 34]
[21 21  7 30]
[19 20  4 28]
[27 15  3 22]
[25 14  3 26]
[20 15  2 26]
[19 14  3 21]
[21 13  3 20]
[21 15  4 23]
[25 18  6 26]
[30 21  8 31]
[34 26 12 37]
[39 31 15 41]
[42 33 18 44]
[43 35 20 45]
[44 37 23 46]
[48 38 25 49]
[50 42 28 53]
[53 44 31 56]
[54 46 31 57]
[53 46 31 57]
[49 46 30 56]
[42 39 24 48]
[35 33 17 42]
[34 27 14 36]
[36 26 13 37]
[38 29 14 41]
[42 31 15 43]
[41 35 16 46]
[44 36 17 46]
[52 39 20 50]
[53 49 24 57]
[56 52 28 59]
[52 53 30 62]
[57 50 32 59]
[60 50 35 63]
[65 52 41 68]
[70 56 46 75]
[75 62 53 80]
[77 66 57 84]
[80 66 62 84]
[82 68 65 86]
[82 70 68 89]
[88 73 73 91]
[91 77 78 95]
[ 99  80  86 101]
[101  86  93 107]
[107  89  99 107]
[109  89 103 107]
[107  91 105 107]
[105  93 105 107]
[105  97 107 107]
[107  95 107 105]
[101  97 107 109]
[113  93 109 103]
[115  95 113 111]
[115 107 122 118]
[122 113 130 120]
[126 118 134 124]
[126 118 136 124]
[128 120 141 126]
[128 120 143 126]
[130 122 145 128]
[130 120 145 126]
[126 118 143 124]
[122 113 138 120]
[120 109 136 118]
[118 109 134 118]
[118 109 134 115]
[109 111 128 118]
[ 95 107 115 111]
[115  82 105  88]
[109  93 107 111]
[118 111 122 120]
[130 120 136 126]
[128 120 138 128]
[126 118 138 124]
[124 115 138 122]
[122 118 141 124]
[122 115 141 124]
[115 118 138 126]
[109 118 136 126]
[113 111 134 122]
[122 101 132 118]
[120  99 134 120]
[111  91 128 111]
[ 91  82 105  99]
[57 68 66 80]
[41 41 31 42]
[23 27 14 32]
[34 20 13 25]
[54 30 23 44]
[ 29  82  48 109]
[163  50  86  46]
[ 97  80 107 145]
[122 113 130 124]
[128 115 134 126]
[130 120 138 130]
[130 118 138 130]
[128 118 134 130]
[122 115 128 128]
[118 113 124 126]
[118 105 120 118]
[109  99 109 118]
[ 86  99  91 120]
[ 82  89  73 103]
[84 80 63 99]
[ 91  73  62 105]
[ 93  71  60 113]
[ 93  77  60 115]
[ 91  73  60 111]
[ 89  71  62 107]
[118  53  68  82]
[86 63 70 99]
[128  63  93  84]
[122  84  99  77]
[101  66  71 141]
[124  41  53  88]
[62 45 31 91]
[66 23 18 45]
[39 27 16 63]
[44 39 20 54]
[48 37 24 52]
[46 37 26 56]
[48 37 26 56]
[46 35 23 53]
[37 30 18 46]
[31 23 13 35]
[24 19  8 30]
[21 18  5 28]
[19 20  3 31]
[30 16  3 25]
[29 17  2 30]
[21 17  2 29]
[20 15  2 22]
[21 13  2 20]
[20 14  3 22]
[23 16  4 23]
[26 19  7 29]
[31 24 10 34]
[36 28 12 37]
[37 31 15 41]
[38 32 17 41]
[41 33 18 43]
[44 34 21 45]
[48 37 23 49]
[48 41 25 52]
[49 42 25 50]
[45 41 23 50]
[43 38 21 48]
[36 33 17 42]
[31 27 13 35]
[31 23 11 32]
[33 23 11 33]
[35 27 12 38]
[39 31 14 42]
[42 35 17 44]
[44 36 20 45]
[50 41 23 48]
[54 46 28 56]
[57 52 33 62]
[54 57 35 65]
[59 53 35 62]
[60 50 37 63]
[65 50 41 68]
[70 54 46 73]
[73 60 52 78]
[75 65 57 82]
[78 66 62 84]
[80 66 65 86]
[82 70 68 88]
[86 71 71 91]
[91 75 77 93]
[99 80 84 99]
[101  86  91 105]
[105  89  97 107]
[109  89 101 105]
[107  89 105 105]
[105  93 107 107]
[103  95 107 107]
[105  93 105 105]
[ 97  97 103 107]
[115  89 107  97]
[113  95 113 111]
[120 107 124 118]
[122 115 130 122]
[128 118 136 124]
[128 118 138 126]
[128 118 141 126]
[128 118 143 126]
[130 120 145 126]
[128 118 143 126]
[124 115 141 122]
[120 111 136 118]
[118 109 134 115]
[118 111 134 115]
[120 111 134 118]
[111 113 130 120]
[ 97 107 115 111]
[120  84 107  89]
[111  95 107 113]
[120 113 124 122]
[130 120 138 126]
[126 120 141 126]
[124 115 138 124]
[124 115 138 124]
[120 118 141 124]
[120 115 141 122]
[113 113 138 124]
[107 113 134 126]
[113 107 132 124]
[120 101 132 122]
[122  99 132 122]
[115  89 124 111]
[ 97  78 103  99]
[57 68 66 82]
[42 39 31 42]
[23 26 15 33]
[30 20 13 26]
[57 26 21 36]
[ 21  82  41 118]
[174  42  80  37]
[ 97  82 105 153]
[122 115 130 124]
[126 118 136 128]
[130 122 138 132]
[132 120 138 130]
[128 118 134 130]
[122 115 132 130]
[118 113 126 126]
[118 107 122 120]
[111  99 113 111]
[ 91  95  93 111]
[ 78  88  75 109]
[ 82  89  68 107]
[103  84  68 107]
[ 99  77  70 122]
[103  78  70 118]
[ 99  77  71 115]
[ 95  75  75 113]
[122  57  82  91]
[ 95  68  84 109]
[136  70 105  91]
[122  84  99  78]
[105  66  70 138]
[122  46  44 103]
[ 66  53  24 115]
[84 34 15 56]
[45 33 12 71]
[43 33 13 52]
[44 33 17 49]
[42 35 18 50]
[41 33 17 48]
[37 29 15 44]
[31 26 12 39]
[27 20  8 31]
[22 17  5 27]
[21 16  4 26]
[20 18  3 31]
[31 17  2 28]
[31 19  2 33]
[23 20  2 33]
[22 17  2 26]
[21 14  2 22]
[20 14  3 22]
[21 14  3 22]
[22 17  5 26]
[26 20  7 28]
[30 23 10 31]
[33 26 12 34]
[32 28 13 37]
[36 29 14 37]
[39 29 14 39]
[43 32 16 44]
[42 35 17 46]
[39 35 17 45]
[35 34 15 44]
[34 30 13 39]
[30 26 11 36]
[29 22  9 31]
[28 21  8 31]
[31 22  9 31]
[33 26 11 36]
[38 31 14 39]
[43 33 17 42]
[45 37 21 46]
[53 42 26 50]
[57 48 32 59]
[59 53 37 66]
[56 60 38 68]
[57 56 38 65]
[62 52 38 63]
[65 50 41 68]
[68 53 45 71]
[70 59 52 78]
[75 63 56 80]
[78 65 60 82]
[82 66 65 86]
[84 70 68 88]
[88 73 71 91]
[93 75 78 95]
[ 99  80  86 101]
[101  88  91 105]
[105  89  97 107]
[109  91 103 107]
[109  93 107 107]
[107  95 109 107]
[107  97 109 107]
[105  93 105 103]
[ 93  97 101 107]
[113  88 103  95]
[115  95 113 113]
[120 111 126 122]
[124 118 134 124]
[128 118 138 124]
[128 118 141 126]
[128 118 141 126]
[128 118 141 124]
[128 115 141 124]
[126 115 141 124]
[122 113 138 120]
[120 111 134 115]
[118 109 134 115]
[120 111 134 118]
[122 113 134 120]
[111 115 130 122]
[ 97 109 115 113]
[120  82 105  89]
[107  95 107 113]
[118 113 124 122]
[126 120 136 126]
[126 118 138 126]
[124 113 138 122]
[122 115 141 124]
[120 120 143 126]
[120 118 143 124]
[111 115 141 124]
[107 111 134 124]
[113 103 130 122]
[118 103 132 126]
[122 101 132 124]
[120  91 124 115]
[105  80 103 101]
[59 71 65 88]
[43 41 32 44]
[24 27 15 33]
[28 21 13 26]
[59 23 21 33]
[ 21  80  36 120]
[179  37  77  36]
[ 99  93 107 159]
[124 113 130 122]
[126 118 134 126]
[128 122 136 130]
[130 120 136 130]
[128 115 134 130]
[126 115 132 126]
[122 113 130 128]
[120 109 126 122]
[113 105 115 115]
[101  97  99 111]
[ 80  95  82 118]
[ 75  99  73 118]
[111  80  71 101]
[103  80  73 128]
[107  84  78 126]
[103  82  80 124]
[101  78  82 120]
[128  62  89  95]
[ 99  73  93 115]
[138  71 111  95]
[124  84 101  78]
[107  65  66 136]
[118  48  41 111]
[ 70  60  19 128]
[86 39 12 66]
[54 42 10 71]
[43 24 10 50]
[37 26 11 46]
[36 30 13 43]
[33 27 12 39]
[31 25 10 37]
[26 22  7 33]
[23 18  5 29]
[21 16  4 26]
[21 15  3 25]
[20 17  2 32]
[30 18  2 31]
[32 21  2 37]
[26 23  2 37]
[28 20  2 30]
[27 17  2 27]
[23 16  2 26]
[22 14  3 22]
[21 15  4 23]
[22 16  5 23]
[26 18  7 26]
[28 21  8 31]
[23 26 10 36]
[30 24  9 30]
[29 21  8 33]
[33 25  9 35]
[31 27 10 38]
[30 28  9 36]
[28 26  8 34]
[27 22  7 31]
[25 20  6 31]
[26 18  6 28]
[26 19  6 29]
[30 21  7 31]
[32 25 10 34]
[37 29 14 38]
[44 33 18 43]
[48 41 23 50]
[54 45 30 54]
[60 49 35 57]
[59 53 39 65]
[57 57 39 66]
[57 56 39 65]
[60 53 41 63]
[63 50 42 66]
[68 52 45 70]
[70 57 50 77]
[75 62 56 80]
[77 65 62 84]
[82 68 65 88]
[86 70 70 89]
[89 75 73 93]
[95 78 80 97]
[ 99  82  86 101]
[103  88  91 105]
[107  89  99 107]
[111  93 105 109]
[111  95 109 109]
[109  97 111 111]
[107  97 109 109]
[105  93 105 103]
[ 89  95  97 105]
[113  86  99  91]
[115  97 113 113]
[122 113 128 124]
[126 120 136 124]
[126 118 141 124]
[126 118 141 124]
[124 115 141 124]
[124 115 138 122]
[124 113 136 122]
[124 113 136 122]
[122 115 136 120]
[122 113 136 118]
[122 113 136 118]
[122 113 134 120]
[120 113 134 120]
[109 115 128 120]
[ 97 105 113 109]
[118  80 103  88]
[103  93 107 111]
[115 109 122 115]
[122 115 134 124]
[124 115 136 122]
[124 111 138 122]
[120 115 141 126]
[120 120 145 128]
[122 118 145 126]
[115 115 141 126]
[111 109 134 124]
[113 103 132 126]
[120 103 130 128]
[124 103 132 128]
[120  97 124 122]
[109  80 101 101]
[57 71 63 91]
[45 42 31 43]
[26 26 16 34]
[26 22 13 29]
[59 21 20 30]
[ 24  75  32 115]
[172  38  75  42]
[107 105 107 157]
[124 111 128 122]
[122 118 132 128]
[122 120 134 128]
[128 118 132 124]
[126 115 132 128]
[124 115 132 128]
[122 115 132 126]
[118 113 126 128]
[111 109 118 122]
[111  99 103 109]
[ 84  99  88 120]
[ 73 103  77 118]
[113  77  75  99]
[103  80  77 132]
[111  84  82 126]
[107  82  84 128]
[101  80  84 124]
[128  63  89  97]
[105  73  95 115]
[141  71 115  97]
[126  84  99  78]
[103  66  68 141]
[122  48  37 107]
[ 78  60  16 130]
[88 50  9 91]
[73 48  8 77]
[65 26  8 50]
[34 23  9 52]
[34 27  9 39]
[29 23  8 35]
[26 23  7 32]
[23 20  5 30]
[22 17  4 26]
[20 15  3 25]
[21 14  2 24]
[21 17  2 31]
[28 18  2 32]
[33 23  2 38]
[31 26  2 44]
[36 24  2 42]
[37 23  2 39]
[32 21  2 34]
[26 17  2 28]
[23 16  3 24]
[22 15  3 23]
[24 17  5 25]
[25 19  6 28]
[17 24  6 32]
[25 18  5 22]
[21 15  4 27]
[23 17  5 28]
[26 18  5 29]
[23 20  5 31]
[22 21  5 29]
[23 17  4 26]
[22 16  4 26]
[24 16  4 26]
[26 18  5 28]
[30 20  7 30]
[33 25  9 34]
[38 28 14 38]
[45 33 19 44]
[49 42 26 53]
[54 48 31 56]
[60 49 36 57]
[59 52 39 63]
[57 54 39 66]
[57 56 39 68]
[60 56 41 65]
[63 52 42 65]
[68 49 44 70]
[66 57 50 78]
[77 62 56 78]
[78 63 60 84]
[84 66 65 86]
[88 70 70 89]
[91 75 75 95]
[93 78 80 97]
[97 82 86 99]
[101  86  91 103]
[105  89  97 107]
[109  93 105 109]
[111  95 109 109]
[111  97 111 111]
[107  97 111 107]
[101  91 103  99]
[ 86  93  93 103]
[111  82  97  89]
[115  97 111 115]
[122 115 130 126]
[128 118 138 126]
[126 118 141 124]
[126 115 143 124]
[122 113 138 122]
[122 113 136 120]
[122 111 134 118]
[122 111 134 120]
[122 115 136 122]
[124 115 141 122]
[126 115 141 122]
[124 115 138 122]
[120 113 134 120]
[107 113 128 120]
[ 95 103 113 107]
[118  78 103  86]
[ 99  93 105 111]
[113 107 122 113]
[122 113 132 122]
[124 113 136 122]
[124 111 136 122]
[120 118 141 126]
[122 122 147 130]
[124 120 147 130]
[118 118 143 132]
[118 111 136 128]
[118 105 132 126]
[118 103 130 128]
[122 101 130 128]
[118  95 122 122]
[111  77  97  97]
[54 70 60 91]
[44 39 31 43]
[27 26 16 34]
[24 23 13 30]
[57 21 19 28]
[ 27  65  31 107]
[153  44  73  50]
[111 107 107 147]
[122 107 128 120]
[122 115 132 124]
[120 118 132 126]
[124 113 132 124]
[126 113 132 126]
[122 113 132 128]
[122 111 130 124]
[118 109 126 124]
[109 109 118 122]
[113  97 105 111]
[ 89 103  91 124]
[ 75 105  78 124]
[115  80  77 101]
[107  84  78 132]
[109  82  84 128]
[107  84  84 128]
[101  80  80 122]
[124  63  86  97]
[ 99  73  95 115]
[141  68 115  95]
[122  84  99  80]
[103  65  66 134]
[128  48  37 105]
[ 77  57  15 134]
[ 86  62   7 107]
[82 56  6 93]
[97 32  7 57]
[39 30  7 66]
[32 26  7 38]
[28 22  6 31]
[23 20  5 30]
[22 19  4 28]
[21 16  3 25]
[20 15  2 24]
[22 14  2 24]
[23 17  2 30]
[27 20  2 35]
[35 26  2 44]
[43 31  2 53]
[48 32  2 59]
[49 31  2 56]
[44 26  2 46]
[31 21  2 37]
[26 17  2 28]
[23 15  3 25]
[23 16  3 24]
[23 18  4 25]
[16 21  4 31]
[27 16  3 20]
[24 16  3 27]
[24 15  3 26]
[26 15  3 26]
[20 18  3 32]
[21 19  3 27]
[23 15  3 23]
[22 14  3 25]
[23 15  3 25]
[26 17  4 26]
[28 20  6 31]
[32 24  9 33]
[39 28 14 37]
[46 34 20 45]
[50 43 27 54]
[54 50 33 59]
[60 52 37 59]
[60 52 39 62]
[59 53 39 65]
[57 56 39 70]
[59 57 39 68]
[66 54 42 65]
[70 52 44 70]
[66 57 49 78]
[75 59 54 77]
[77 63 60 84]
[84 66 65 88]
[88 70 70 91]
[91 77 75 95]
[93 78 78 97]
[97 82 84 99]
[101  86  89 103]
[103  89  97 107]
[107  91 103 107]
[109  93 107 107]
[109  95 111 109]
[105  95 111 107]
[101  89 103  99]
[ 82  91  93 101]
[111  80  97  88]
[115  95 111 113]
[122 115 130 124]
[126 118 141 124]
[126 118 143 124]
[126 115 143 124]
[122 113 141 122]
[122 113 136 120]
[122 111 134 118]
[122 113 134 120]
[124 115 136 122]
[126 118 141 124]
[126 118 143 124]
[126 118 143 122]
[120 115 138 120]
[107 113 130 118]
[ 95 103 113 107]
[115  78 105  84]
[ 99  93 107 111]
[113 105 122 113]
[122 113 134 122]
[124 113 136 124]
[122 113 136 124]
[122 118 141 128]
[124 122 145 132]
[126 122 147 134]
[122 120 143 134]
[120 111 136 130]
[120 105 132 128]
[118 101 128 128]
[120  99 126 126]
[115  93 115 120]
[103  75  93  97]
[52 66 54 86]
[41 35 27 39]
[28 25 15 33]
[21 23 13 32]
[57 20 18 26]
[31 56 31 95]
[132  49  70  57]
[113 101 105 132]
[120 103 126 122]
[122 115 132 126]
[122 120 134 126]
[124 115 134 124]
[124 113 132 124]
[122 113 130 126]
[122 111 128 124]
[120 111 126 124]
[111 109 118 124]
[115  97 107 113]
[ 93 103  93 124]
[ 78 107  80 126]
[113  84  77 105]
[111  86  77 130]
[111  82  80 128]
[107  82  80 126]
[103  78  77 122]
[124  65  84 101]
[105  73  95 111]
[145  66 115  91]
[122  84  99  78]
[101  68  71 138]
[126  45  43 101]
[ 73  54  16 130]
[77 54  7 99]
[ 78  56   5 101]
[91 36  6 65]
[46 36  6 70]
[29 23  4 38]
[28 20  4 30]
[24 17  4 29]
[21 18  3 28]
[21 17  2 24]
[20 14  2 24]
[22 14  2 25]
[24 17  2 29]
[28 21  2 38]
[39 31  2 53]
[57 39  2 68]
[68 44  3 82]
[68 43  3 78]
[59 34  2 62]
[41 26  2 48]
[31 19  2 31]
[24 16  2 26]
[23 15  3 23]
[23 15  3 23]
[18 20  3 31]
[31 17  3 25]
[31 21  2 33]
[31 20  2 31]
[31 18  2 31]
[22 21  2 35]
[23 18  2 28]
[25 15  2 25]
[25 15  2 26]
[24 15  3 26]
[27 17  4 26]
[27 20  5 31]
[33 24  9 32]
[41 28 14 38]
[49 35 21 46]
[53 45 30 56]
[56 53 35 60]
[62 54 39 62]
[63 54 41 63]
[62 53 41 65]
[59 56 39 68]
[60 57 39 70]
[68 56 42 68]
[73 56 44 71]
[70 59 48 78]
[77 60 53 78]
[78 65 59 86]
[86 68 65 86]
[88 71 70 91]
[91 75 75 93]
[93 78 78 97]
[97 82 84 99]
[ 99  86  89 101]
[101  89  95 105]
[105  89  99 105]
[107  91 105 105]
[107  93 109 107]
[105  95 111 105]
[101  89 105  99]
[ 82  93  95 101]
[113  80  99  86]
[115  97 113 115]
[122 115 132 126]
[128 120 141 126]
[128 118 143 126]
[126 118 143 124]
[124 115 141 124]
[124 113 138 122]
[124 113 136 120]
[124 113 136 120]
[124 115 138 124]
[128 118 143 124]
[128 120 145 126]
[126 118 143 124]
[120 115 138 122]
[105 113 130 118]
[ 93 101 113 105]
[113  77 105  84]
[ 99  91 107 111]
[113 105 124 113]
[124 115 136 124]
[124 115 138 126]
[124 115 138 124]
[122 118 141 130]
[124 122 143 132]
[126 120 145 134]
[122 118 141 136]
[122 111 136 132]
[120 103 130 128]
[118 101 126 126]
[118  99 124 126]
[113  91 113 115]
[91 73 88 93]
[49 59 48 73]
[36 30 23 37]
[27 23 14 31]
[18 25 12 33]
[56 18 17 23]
[38 46 29 84]
[109  54  68  68]
[120  99 105 120]
[120 101 124 122]
[124 118 134 128]
[124 120 136 128]
[126 118 136 126]
[122 113 132 124]
[120 111 128 124]
[120 111 126 124]
[120 111 124 124]
[115 109 118 124]
[118  99 107 115]
[ 99 103  95 124]
[ 82 107  80 130]
[107  91  75 113]
[118  88  71 126]
[115  82  70 130]
[113  86  70 130]
[109  84  70 126]
[128  71  78 107]
[122  77  89 115]
[151  75 118 103]
[120  84 101  78]
[ 99  66  75 136]
[122  43  49  95]
[ 75  46  18 113]
[66 43  7 89]
[71 50  4 91]
[77 38  4 68]
[54 36  4 60]
[29 24  3 45]
[29 21  3 31]
[28 17  3 30]
[20 17  2 31]
[22 17  2 24]
[20 14  2 23]
[21 14  1 24]
[23 16  1 28]
[28 23  1 39]
[43 35  2 60]
[71 48  3 84]
[ 91  59   3 105]
[ 91  57   3 103]
[77 44  3 80]
[52 31  2 60]
[35 22  2 38]
[27 17  2 28]
[23 14  2 24]
[21 15  3 24]
[20 19  3 29]
[26 18  3 30]
[29 25  2 36]
[31 25  2 34]
[30 22  2 32]
[24 22  2 33]
[25 18  2 30]
[26 16  2 28]
[27 16  2 27]
[24 16  2 28]
[28 17  3 26]
[27 20  5 31]
[35 24  9 32]
[43 30 15 41]
[52 38 24 49]
[56 48 33 59]
[60 56 39 63]
[65 59 43 65]
[66 59 44 66]
[65 56 43 66]
[60 56 42 68]
[62 57 41 70]
[68 59 42 71]
[77 60 45 73]
[77 63 49 80]
[82 65 54 82]
[82 70 60 88]
[88 73 66 88]
[89 75 71 91]
[91 77 75 95]
[95 80 78 97]
[97 82 84 99]
[ 99  86  88 101]
[101  88  93 103]
[103  89  97 103]
[107  89 103 105]
[109  93 109 107]
[107  95 111 107]
[103  91 107  99]
[ 84  93  97 103]
[115  82  99  86]
[115  97 113 118]
[124 118 134 126]
[128 120 143 126]
[128 120 145 126]
[128 118 145 126]
[126 118 143 124]
[126 115 141 122]
[126 115 136 122]
[126 115 136 122]
[124 118 138 124]
[128 120 143 126]
[128 120 145 126]
[126 115 143 122]
[120 113 136 120]
[101 111 128 118]
[ 93  97 111 101]
[111  75 103  84]
[ 99  91 109 109]
[115 105 126 115]
[126 115 138 126]
[126 120 143 128]
[126 118 141 126]
[122 120 143 130]
[122 120 143 132]
[122 120 143 134]
[122 115 138 132]
[122 109 134 130]
[118 103 130 130]
[118 101 126 126]
[113  97 122 124]
[118  86 107 109]
[78 71 78 93]
[49 53 42 60]
[32 26 20 35]
[26 21 13 29]
[17 25 11 33]
[53 17 16 21]
[48 41 29 75]
[77 65 66 88]
[132  95 105 101]
[118  93 122 126]
[124 118 136 128]
[126 120 138 130]
[126 118 136 126]
[124 113 132 124]
[118 111 126 124]
[120 111 126 124]
[122 111 124 126]
[118 109 120 126]
[118 101 109 118]
[105 103  95 122]
[ 84 109  80 130]
[101  95  68 115]
[124  84  60 120]
[118  84  57 134]
[118  91  57 134]
[118  89  57 130]
[132  78  66 113]
[132  82  84 124]
[147  89 115 120]
[120  84 103  78]
[ 95  66  80 141]
[107  48  59 101]
[80 42 24 97]
[56 36  8 84]
[65 44  4 78]
[59 44  3 73]
[63 38  3 57]
[35 31  3 57]
[36 26  3 41]
[38 20  3 33]
[23 19  2 38]
[23 17  2 26]
[21 15  2 23]
[20 14  1 23]
[21 15  1 26]
[26 21  1 37]
[42 35  2 62]
[77 53  3 91]
[105  68   4 122]
[107  68   4 124]
[93 53  3 97]
[63 37  2 71]
[39 25  2 46]
[31 18  2 30]
[24 15  2 24]
[21 15  3 23]
[20 16  3 23]
[22 17  3 26]
[22 21  2 30]
[23 21  2 29]
[26 20  2 29]
[23 20  1 31]
[26 19  1 31]
[28 17  1 30]
[29 16  2 28]
[24 17  2 29]
[27 18  3 26]
[29 21  5 31]
[36 24  9 34]
[45 32 16 44]
[56 43 27 52]
[62 53 38 62]
[65 59 45 68]
[68 63 49 71]
[70 62 48 70]
[68 59 46 68]
[63 57 44 68]
[66 57 44 68]
[65 59 44 73]
[75 63 48 75]
[77 66 52 80]
[82 68 57 84]
[86 75 62 89]
[89 78 68 91]
[95 80 75 95]
[95 80 78 97]
[95 82 82 99]
[97 84 86 99]
[ 97  86  89 101]
[ 99  88  93 103]
[103  89  97 103]
[107  89 101 105]
[109  93 107 107]
[109  95 111 107]
[103  91 107 101]
[ 82  95  95 105]
[118  80  99  86]
[113  97 113 118]
[124 115 132 126]
[128 120 141 126]
[128 120 143 128]
[128 120 145 126]
[126 118 143 126]
[126 115 141 124]
[126 115 136 122]
[124 115 136 122]
[124 118 136 124]
[128 118 141 124]
[128 120 143 126]
[124 115 143 122]
[118 111 134 118]
[ 97 109 124 115]
[ 93  95 107  97]
[107  75 101  84]
[101  89 107 107]
[115 105 126 115]
[128 118 141 128]
[128 122 145 132]
[128 120 145 128]
[122 122 145 132]
[120 122 145 132]
[122 115 143 132]
[122 113 141 132]
[124 109 138 132]
[124 107 134 132]
[122 103 130 128]
[115  97 120 124]
[115  82 101 105]
[63 70 68 93]
[45 45 34 49]
[29 24 17 31]
[23 20 12 26]
[16 23 10 32]
[52 17 15 21]
[57 37 30 65]
[ 50  78  66 105]
[151  80 103  75]
[111  86 120 136]
[128 122 138 130]
[128 120 138 130]
[124 118 136 128]
[124 113 130 122]
[118 111 126 124]
[120 111 126 124]
[122 111 126 126]
[120 109 122 126]
[118 103 113 120]
[107 101  97 120]
[ 84 109  77 130]
[ 99  97  60 115]
[126  80  50 115]
[120  88  45 138]
[122  95  43 136]
[120  93  43 132]
[132  86  54 120]
[136  86  75 120]
[138  95 107 124]
[120  86 103  78]
[ 97  70  82 143]
[ 99  53  68 109]
[86 41 34 86]
[46 33 12 86]
[56 35  5 65]
[45 41  3 75]
[66 38  3 57]
[45 39  2 71]
[46 36  3 60]
[52 29  3 46]
[38 24  3 44]
[24 17  2 33]
[23 16  2 25]
[21 14  1 23]
[20 15  1 25]
[26 20  1 33]
[38 34  2 62]
[78 54  3 91]
[109  70   4 126]
[113  73   4 132]
[ 99  57   3 107]
[73 41  2 77]
[42 28  2 52]
[31 20  2 32]
[24 16  2 25]
[21 14  2 21]
[20 14  3 21]
[20 17  3 23]
[18 20  3 26]
[20 18  2 25]
[22 17  1 26]
[23 18  1 30]
[26 18  1 31]
[30 17  1 30]
[31 16  2 29]
[26 18  2 30]
[28 19  3 28]
[31 22  6 31]
[39 26 10 36]
[49 35 18 48]
[60 46 31 57]
[66 57 43 66]
[70 65 52 73]
[71 66 54 75]
[71 65 52 73]
[71 62 49 71]
[70 60 48 70]
[75 59 48 70]
[70 63 49 77]
[77 66 52 75]
[77 70 56 80]
[84 70 60 82]
[88 73 65 89]
[89 82 73 95]
[97 86 78 97]
[99 86 82 99]
[ 99  86  86 101]
[ 99  88  89 101]
[ 99  88  91 103]
[ 99  89  95 103]
[103  89  97 103]
[107  89 101 105]
[111  91 107 107]
[109  93 109 109]
[101  91 103 101]
[ 80  93  93 103]
[115  77  95  82]
[111  95 109 115]
[122 113 128 124]
[126 120 138 126]
[128 120 143 126]
[128 118 143 126]
[124 118 141 124]
[124 115 138 122]
[124 113 136 122]
[124 115 136 122]
[124 118 136 124]
[126 118 141 124]
[126 118 143 124]
[124 118 143 124]
[118 111 134 115]
[ 93 109 122 115]
[ 93  91 105  93]
[103  75  99  86]
[101  89 105 105]
[113 103 124 115]
[126 115 138 126]
[128 120 145 130]
[126 120 145 130]
[120 122 145 132]
[118 120 145 130]
[122 113 145 130]
[124 111 143 134]
[126 111 143 136]
[128 109 138 134]
[122 103 130 130]
[120  91 113 118]
[ 93  77  91 101]
[52 66 56 78]
[37 32 26 38]
[26 21 14 28]
[22 18 11 23]
[14 23 10 31]
[48 16 14 20]
[60 33 29 59]
[ 38  93  62 118]
[170  62 103  57]
[107  89 122 153]
[130 124 138 130]
[130 120 138 130]
[124 118 134 128]
[122 111 128 124]
[120 113 124 124]
[120 113 126 124]
[124 113 128 126]
[122 111 126 128]
[120 105 115 120]
[111  99  99 118]
[ 82 107  73 130]
[ 95  97  54 118]
[126  80  42 113]
[118  88  34 136]
[120  93  31 134]
[120  95  33 132]
[130  89  44 122]
[145  84  65 113]
[138  97  99 124]
[122  86 105  80]
[ 99  71  86 147]
[101  60  75 126]
[93 46 49 91]
[56 38 20 84]
[52 27  7 60]
[42 36  3 77]
[65 35  2 62]
[54 48  2 84]
[57 50  3 84]
[65 42  4 68]
[59 30  4 54]
[31 21  3 46]
[27 17  2 29]
[22 16  2 26]
[20 16  1 26]
[26 20  1 31]
[36 33  2 60]
[75 53  3 91]
[111  71   3 124]
[115  73   3 134]
[101  59   3 109]
[75 42  2 78]
[42 30  2 54]
[31 20  2 31]
[22 16  2 25]
[20 13  2 20]
[19 14  3 20]
[16 16  3 23]
[16 17  2 23]
[19 16  2 23]
[21 15  1 25]
[23 17  1 28]
[24 18  1 31]
[30 17  2 29]
[30 17  2 30]
[27 20  3 31]
[27 21  4 31]
[34 23  6 31]
[43 27 11 38]
[52 39 20 52]
[63 52 34 62]
[71 62 48 71]
[75 68 56 77]
[75 70 59 78]
[73 66 56 75]
[73 63 53 73]
[75 62 52 73]
[80 62 53 75]
[71 73 54 82]
[78 71 57 77]
[77 71 59 80]
[86 71 63 80]
[89 75 71 89]
[93 86 78 99]
[103  91  86  99]
[105  93  89 105]
[103  93  93 107]
[101  91  95 105]
[101  91  95 105]
[101  89  97 105]
[103  89  99 105]
[107  89 103 105]
[111  91 107 107]
[107  93 109 107]
[ 99  89 101  97]
[78 89 88 99]
[111  73  89  80]
[107  93 103 111]
[118 111 124 120]
[124 115 134 124]
[126 118 141 124]
[126 118 143 124]
[126 115 141 124]
[126 115 138 122]
[126 115 136 122]
[124 115 138 124]
[124 118 138 124]
[128 118 143 124]
[128 120 143 126]
[126 118 143 124]
[120 111 134 115]
[ 89 111 120 115]
[ 93  89 103  89]
[101  73  95  86]
[101  86 103 103]
[111 101 120 115]
[124 113 136 124]
[128 118 143 128]
[124 118 143 130]
[115 122 143 132]
[115 118 143 128]
[122 111 143 130]
[126 109 143 136]
[128 111 143 138]
[126 107 136 134]
[122  95 120 124]
[111  80  97 107]
[66 70 73 91]
[46 50 39 53]
[30 23 20 32]
[23 19 12 26]
[20 17 10 22]
[15 21  9 28]
[41 16 13 21]
[59 31 28 53]
[ 31  97  57 126]
[183  53 105  52]
[109  95 122 163]
[128 122 138 130]
[128 120 136 128]
[126 113 130 124]
[122 111 126 124]
[120 113 124 124]
[120 115 126 126]
[124 115 130 128]
[122 113 128 128]
[120 105 118 122]
[113  99 101 118]
[ 84 107  73 130]
[ 91  97  52 115]
[126  77  36 107]
[113  84  28 132]
[115  91  26 130]
[115  93  27 128]
[124  89  37 122]
[147  82  59 113]
[138  99  97 130]
[122  88 107  80]
[101  73  89 149]
[ 99  68  80 143]
[101  56  60 113]
[80 48 31 93]
[65 30 12 71]
[53 36  4 80]
[62 36  3 75]
[65 53  3 93]
[68 60  4 99]
[77 54  7 89]
[75 36  8 66]
[46 26  5 57]
[31 18  3 36]
[25 18  2 29]
[21 17  2 26]
[26 18  1 31]
[34 31  2 56]
[68 50  2 88]
[107  68   3 118]
[111  73   3 132]
[ 99  59   2 107]
[73 41  2 75]
[41 30  2 53]
[28 20  1 31]
[21 15  2 24]
[20 12  2 19]
[18 13  2 21]
[17 15  3 21]
[18 16  2 21]
[20 15  2 24]
[26 15  1 25]
[25 16  1 30]
[27 18  1 30]
[32 17  2 28]
[31 19  2 31]
[27 21  3 31]
[27 22  4 30]
[35 23  7 31]
[44 29 12 39]
[53 42 23 53]
[65 54 37 65]
[73 65 50 73]
[77 68 59 78]
[75 70 60 78]
[75 68 59 77]
[73 65 56 75]
[78 63 56 73]
[80 65 57 77]
[71 73 60 82]
[82 71 60 73]
[73 71 63 84]
[88 71 68 78]
[93 75 75 89]
[ 95  89  84 101]
[105  95  93 105]
[111 101  97 109]
[109 103  99 111]
[107  99  99 107]
[103  95  99 105]
[101  91  99 105]
[103  91 101 105]
[107  91 103 105]
[111  91 107 107]
[105  93 107 107]
[95 88 99 95]
[73 88 86 97]
[109  70  88  77]
[105  89 101 109]
[115 109 122 118]
[124 115 132 122]
[126 118 138 124]
[126 118 143 124]
[126 118 143 124]
[126 115 141 124]
[126 118 141 124]
[126 118 141 124]
[126 120 143 124]
[128 120 147 126]
[128 120 147 126]
[126 120 143 124]
[118 111 134 118]
[ 89 111 118 115]
[ 97  88 101  88]
[103  73  95  88]
[ 99  86 101 103]
[109 101 118 113]
[118 111 132 122]
[120 113 136 124]
[113 113 136 126]
[107 113 132 124]
[109 107 130 122]
[118 101 130 124]
[122 103 132 130]
[122 103 130 132]
[124  93 118 122]
[105  84  99 111]
[82 68 77 91]
[48 57 46 70]
[39 31 26 36]
[26 22 15 31]
[21 18 11 23]
[20 17  9 21]
[16 20  8 26]
[32 17 12 22]
[60 30 26 44]
[ 26  89  52 130]
[188  46 103  45]
[107  97 122 167]
[126 115 134 126]
[128 115 132 124]
[124 113 130 124]
[122 113 126 122]
[120 115 124 124]
[120 118 126 128]
[126 115 130 126]
[124 113 128 128]
[122 107 122 124]
[115 101 103 120]
[ 89 107  75 128]
[ 91  99  50 118]
[126  78  35 105]
[111  84  26 132]
[113  89  23 126]
[113  91  24 126]
[122  88  34 122]
[149  80  56 111]
[136  99  95 132]
[122  89 107  84]
[101  75  91 151]
[ 99  70  84 145]
[ 97  65  70 134]
[ 97  54  45 109]
[86 41 19 91]
[66 37  7 89]
[65 44  3 89]
[73 57  3 99]
[ 75  68   5 115]
[ 89  66  10 111]
[91 46 14 88]
[66 33 10 71]
[37 21  4 48]
[27 18  2 31]
[21 17  2 27]
[25 17  2 29]
[31 29  2 52]
[63 49  2 84]
[105  65   3 113]
[111  73   3 130]
[ 97  59   2 105]
[70 41  2 75]
[39 29  1 50]
[26 20  1 31]
[20 15  1 23]
[20 11  2 18]
[17 12  2 21]
[16 15  2 23]
[20 15  2 23]
[21 17  2 27]
[29 16  1 26]
[24 17  1 31]
[26 20  2 31]
[28 20  2 30]
[29 22  3 30]
[29 21  4 28]
[26 23  5 31]
[35 24  8 31]
[45 30 14 39]
[53 42 24 53]
[65 56 38 65]
[75 65 52 73]
[78 70 60 78]
[77 71 62 80]
[75 68 59 77]
[73 66 57 75]
[80 63 57 73]
[82 66 62 77]
[73 77 63 86]
[82 71 66 77]
[73 77 66 86]
[91 71 71 77]
[93 77 78 91]
[ 99  91  89 101]
[109  97  99 107]
[111 103 103 113]
[111 107 105 115]
[109 103 103 111]
[105  99 101 109]
[103  95  99 105]
[105  91 101 103]
[109  89 103 105]
[109  91 107 107]
[103  93 107 105]
[91 86 95 93]
[71 84 84 91]
[105  66  84  73]
[101  86  99 107]
[111 105 118 115]
[120 111 130 118]
[124 113 136 122]
[126 118 143 124]
[126 118 143 124]
[128 118 143 124]
[126 115 143 124]
[128 118 145 126]
[128 120 145 126]
[130 120 149 128]
[130 120 147 128]
[128 118 145 124]
[120 111 134 115]
[ 88 111 115 118]
[ 97  86 101  88]
[103  75  93  88]
[ 97  86  99 103]
[105  99 111 109]
[111 105 122 115]
[111 103 126 113]
[103 101 122 113]
[ 97  95 115 111]
[103  89 109 109]
[113  86 107 111]
[120  89 107 120]
[120  91 103 120]
[109  84  91 109]
[82 70 70 91]
[57 53 46 62]
[34 36 27 44]
[29 21 17 29]
[23 21 12 26]
[21 18  9 22]
[19 16  8 21]
[17 19  8 25]
[26 19 12 24]
[63 26 24 35]
[ 23  88  48 130]
[190  42  97  43]
[107  97 118 165]
[122 115 130 124]
[124 113 130 124]
[124 113 128 122]
[122 111 126 122]
[122 113 126 124]
[120 118 126 128]
[126 118 130 128]
[126 118 130 130]
[124 111 122 126]
[115 103 105 120]
[ 95 105  78 126]
[ 88 101  53 124]
[124  82  37 105]
[109  86  26 126]
[109  86  22 124]
[111  88  23 122]
[118  89  33 122]
[153  78  57 109]
[136 101  97 134]
[122  89 107  84]
[101  73  89 149]
[ 97  70  86 145]
[ 97  68  78 141]
[101  59  59 124]
[105  44  28  99]
[ 77  41  10 101]
[68 49  4 99]
[ 78  60   3 105]
[ 80  77   6 126]
[ 97  73  14 122]
[105  56  21 107]
[86 43 16 88]
[52 26  7 57]
[28 17  3 36]
[21 16  2 28]
[25 17  2 28]
[31 28  2 50]
[62 46  2 80]
[103  63   3 111]
[109  73   3 130]
[ 99  59   2 105]
[71 41  2 75]
[38 29  2 50]
[26 19  1 31]
[21 14  1 22]
[21 12  1 19]
[18 14  2 21]
[17 15  2 22]
[20 14  2 22]
[19 17  2 27]
[27 14  1 21]
[20 16  2 27]
[20 18  2 26]
[21 19  3 26]
[28 17  3 23]
[29 18  5 27]
[26 25  7 33]
[39 26 10 31]
[45 31 15 41]
[52 44 26 56]
[65 56 41 65]
[75 65 53 73]
[78 68 60 77]
[75 70 62 78]
[71 68 59 77]
[73 65 57 73]
[80 63 60 73]
[86 68 65 78]
[78 78 68 88]
[82 75 70 80]
[71 80 70 88]
[97 68 73 75]
[93 77 82 95]
[101  93  93 103]
[109  99 103 107]
[111 105 107 113]
[109 105 107 113]
[107 103 105 109]
[105  99 101 107]
[105  95  99 105]
[107  91 101 105]
[111  91 105 107]
[109  95 109 109]
[105  95 105 103]
[89 86 95 93]
[73 84 82 89]
[105  65  84  71]
[ 99  86  97 105]
[109 101 115 109]
[118 107 126 113]
[120 111 134 120]
[122 113 141 124]
[124 113 141 122]
[126 113 141 122]
[124 113 138 122]
[124 115 141 122]
[124 115 141 124]
[124 115 143 122]
[124 115 143 122]
[120 113 136 122]
[111 105 126 111]
[ 84 103 105 111]
[91 80 91 84]
[97 68 84 82]
[88 78 88 95]
[95 86 93 97]
[ 99  91  99 103]
[101  89  99 101]
[97 82 93 97]
[95 78 86 95]
[97 77 82 97]
[ 97  78  78 101]
[ 95  80  78 105]
[ 88  78  71 101]
[71 68 59 82]
[52 52 39 60]
[33 32 24 38]
[26 23 15 28]
[21 17 11 23]
[20 18  9 22]
[20 17  8 21]
[19 17  8 21]
[17 18  8 23]
[21 20 11 26]
[65 23 23 30]
[ 25  80  43 128]
[186  42  93  44]
[105  99 113 165]
[120 111 126 122]
[122 111 126 120]
[122 109 126 120]
[120 111 126 122]
[122 113 126 122]
[120 115 126 126]
[126 115 128 128]
[124 120 128 130]
[122 113 122 124]
[115 103 105 118]
[101 103  80 122]
[ 84 105  57 126]
[118  86  39 101]
[109  84  28 122]
[107  84  22 122]
[111  88  23 122]
[118  89  33 124]
[157  80  57 109]
[136 103  97 138]
[122  88 105  82]
[ 99  71  88 147]
[ 97  70  88 147]
[ 99  70  82 145]
[101  63  68 134]
[113  46  37 105]
[ 82  45  14 109]
[ 70  53   5 103]
[ 80  63   4 107]
[ 82  80   6 132]
[103  75  15 128]
[113  65  26 128]
[103  54  23 109]
[75 33 10 68]
[33 20  4 45]
[22 17  2 30]
[25 17  2 28]
[32 27  2 49]
[59 46  2 80]
[ 99  65   3 111]
[111  75   3 132]
[101  62   2 109]
[75 44  2 80]
[43 29  2 52]
[26 19  1 32]
[21 14  1 23]
[21 12  1 20]
[18 15  2 23]
[18 16  2 23]
[21 15  2 22]
[18 16  2 26]
[26 13  2 18]
[20 14  2 23]
[21 16  2 22]
[30 16  3 21]
[32 19  5 26]
[30 24  7 34]
[26 30  9 36]
[39 27 12 31]
[46 32 18 42]
[53 45 28 54]
[65 56 42 63]
[73 63 53 73]
[77 68 60 77]
[73 70 62 77]
[70 68 59 73]
[75 63 57 71]
[82 65 62 77]
[86 73 68 82]
[84 78 71 88]
[82 77 71 84]
[73 82 70 88]
[101  66  75  73]
[93 78 84 99]
[103  95  95 103]
[109  99 105 107]
[111 103 109 111]
[109 103 109 111]
[107 101 105 109]
[103  97 101 107]
[105  93  99 105]
[107  91 101 105]
[109  95 105 107]
[107  97 109 109]
[105  95 107 103]
[88 89 97 97]
[75 84 84 89]
[105  66  82  73]
[ 97  86  95 105]
[109  99 111 109]
[115 105 124 113]
[118 107 128 115]
[118 109 132 115]
[118 107 132 115]
[118 105 130 115]
[115 105 128 113]
[113 105 126 113]
[111 103 126 111]
[111 103 126 111]
[111 101 124 109]
[101  97 115 107]
[ 91  88 101  93]
[68 82 80 91]
[71 62 66 68]
[75 54 62 66]
[65 59 60 77]
[68 60 62 73]
[68 63 63 78]
[70 62 62 75]
[65 60 57 77]
[60 59 53 75]
[59 57 48 73]
[57 54 44 68]
[54 50 41 62]
[48 43 35 53]
[37 35 28 43]
[29 26 19 31]
[21 19 13 24]
[19 15 10 19]
[17 15  8 20]
[18 16  8 20]
[19 16  8 20]
[18 17  8 20]
[18 17  8 21]
[16 23 11 30]
[66 21 22 25]
[ 28  71  39 124]
[174  45  91  50]
[107 105 111 157]
[118 105 122 118]
[120 109 126 120]
[122 109 126 120]
[120 111 126 122]
[122 111 128 120]
[120 113 128 124]
[124 115 128 126]
[122 118 126 128]
[122 111 118 122]
[118 103 105 118]
[105 101  84 120]
[ 80 109  60 130]
[109  86  43 101]
[109  80  30 115]
[105  80  23 120]
[111  88  24 122]
[118  91  33 126]
[159  80  57 109]
[136 105  97 141]
[120  86 105  80]
[ 97  71  88 147]
[ 97  71  88 147]
[ 97  70  84 145]
[ 99  66  73 138]
[113  48  44 105]
[ 82  46  18 109]
[ 68  52   7 101]
[ 80  62   5 107]
[ 82  80   7 132]
[103  75  15 128]
[113  70  28 134]
[109  62  26 126]
[91 38 12 80]
[45 26  5 56]
[26 18  2 34]
[26 18  2 30]
[32 26  2 48]
[53 45  2 78]
[ 93  65   3 107]
[109  73   3 128]
[103  63   3 113]
[78 48  2 88]
[49 31  2 54]
[29 20  1 36]
[25 15  1 24]
[22 14  2 22]
[19 16  2 25]
[20 16  2 24]
[22 15  2 23]
[19 16  2 26]
[26 12  2 19]
[20 15  2 24]
[21 18  3 25]
[29 21  4 31]
[34 26  7 34]
[37 33  9 33]
[29 31 11 36]
[42 28 14 32]
[49 35 21 44]
[54 48 31 57]
[68 59 44 65]
[75 66 56 75]
[78 70 62 78]
[75 71 62 78]
[71 68 60 75]
[78 65 59 73]
[82 68 63 78]
[88 75 70 84]
[86 78 73 86]
[82 78 73 86]
[73 82 70 88]
[105  66  75  73]
[ 93  84  84 101]
[103  95  95 101]
[109  99 105 107]
[111 103 109 111]
[109 103 107 111]
[105 101 105 109]
[101  97  99 105]
[103  91  97 101]
[103  89  97 101]
[105  93 103 103]
[105  95 107 105]
[103  93 107 101]
[86 89 97 95]
[75 80 82 86]
[99 62 78 71]
[ 93  82  89 101]
[103  93 103 103]
[107  97 111 107]
[107  99 113 107]
[105  97 113 105]
[103  95 111 105]
[ 99  93 109 101]
[ 95  89 103  97]
[91 86 99 93]
[88 82 95 91]
[86 80 93 89]
[80 77 89 86]
[70 70 77 78]
[60 59 63 65]
[44 52 48 60]
[45 38 37 46]
[46 34 33 44]
[39 37 32 48]
[39 34 31 43]
[37 34 31 45]
[37 32 30 43]
[36 31 27 41]
[34 30 25 38]
[32 27 22 35]
[31 25 20 32]
[30 23 18 31]
[28 21 16 30]
[24 20 14 26]
[21 17 11 22]
[18 15  8 19]
[16 14  7 17]
[16 14  7 17]
[17 15  7 18]
[18 16  7 19]
[18 16  8 20]
[18 17  8 20]
[13 25 10 32]
[71 18 21 20]
[ 32  60  38 120]
[153  52  89  60]
[115 107 111 143]
[115 101 120 120]
[122 109 126 122]
[124 111 128 122]
[120 113 128 122]
[122 111 128 120]
[120 111 128 122]
[122 113 128 124]
[118 115 124 126]
[120 109 118 122]
[118 103 103 118]
[109 101  86 118]
[ 82 111  63 130]
[103  89  45 103]
[113  78  31 111]
[105  80  24 122]
[111  89  24 124]
[118  93  33 126]
[161  80  57 109]
[138 105  97 141]
[120  86 105  80]
[ 97  71  89 147]
[ 99  71  88 147]
[ 97  70  86 145]
[101  68  77 141]
[111  50  50 107]
[ 86  46  23 107]
[ 68  48   8 103]
[ 80  59   5 107]
[ 82  78   7 132]
[103  75  15 128]
[113  71  28 136]
[111  65  28 132]
[93 43 15 93]
[59 30  6 63]
[31 21  3 42]
[28 21  2 33]
[31 26  2 46]
[45 43  2 75]
[84 60  3 99]
[107  70   3 122]
[105  63   3 118]
[84 50  2 93]
[56 32  2 60]
[32 23  1 42]
[28 17  1 28]
[23 17  2 27]
[21 19  2 28]
[22 17  2 26]
[23 16  2 25]
[20 16  2 25]
[24 12  2 19]
[21 14  2 23]
[23 17  3 23]
[31 21  6 26]
[30 28  8 34]
[34 29 11 32]
[32 33 14 38]
[43 31 18 37]
[53 38 24 48]
[57 52 34 62]
[73 62 48 68]
[78 70 59 78]
[80 73 65 80]
[77 71 65 78]
[75 70 62 77]
[82 66 62 75]
[84 71 65 82]
[88 77 70 84]
[86 78 73 86]
[80 78 73 86]
[73 80 70 88]
[101  66  73  73]
[89 84 82 99]
[101  91  93  99]
[109  97 103 107]
[111 103 107 111]
[109 103 107 109]
[103  99 103 107]
[ 97  95  97 101]
[99 89 93 95]
[99 88 93 97]
[99 89 97 99]
[ 99  91 101  99]
[95 88 99 97]
[78 82 86 89]
[70 70 70 77]
[88 56 66 66]
[78 71 73 89]
[86 77 84 88]
[84 80 88 89]
[82 78 86 86]
[78 73 84 84]
[73 70 78 80]
[68 65 71 73]
[63 59 65 68]
[59 54 59 63]
[56 50 54 60]
[53 46 52 57]
[46 44 48 53]
[41 39 38 46]
[34 31 30 38]
[28 27 22 34]
[27 21 18 28]
[27 21 16 27]
[24 21 15 27]
[24 20 15 25]
[24 20 14 25]
[24 19 14 25]
[23 20 14 25]
[23 19 13 25]
[22 18 12 24]
[22 18 11 23]
[21 17 10 23]
[20 17  9 21]
[18 16  8 21]
[17 15  7 19]
[16 14  7 17]
[15 14  7 16]
[16 14  6 16]
[17 15  7 18]
[17 15  7 18]
[17 15  7 18]
[18 16  8 19]
[11 27 10 34]
[75 17 21 18]
[ 41  56  39 111]
[120  60  88  75]
[124 101 109 124]
[113  99 120 122]
[126 113 128 124]
[126 113 128 124]
[124 115 128 124]
[124 111 130 122]
[120 111 130 122]
[120 111 128 122]
[115 113 124 124]
[118 107 115 118]
[115 101 103 115]
[113  99  88 115]
[ 82 113  66 132]
[ 99  97  48 107]
[120  80  33 107]
[105  80  25 124]
[111  89  25 124]
[118  93  33 126]
[161  80  57 109]
[138 105  97 141]
[122  88 107  80]
[ 99  73  91 149]
[ 99  71  89 147]
[101  73  88 149]
[101  70  80 145]
[111  56  57 115]
[ 91  49  29 109]
[ 73  49  11 105]
[ 80  59   6 111]
[ 82  78   7 132]
[101  77  15 130]
[111  73  29 136]
[107  68  32 132]
[93 48 20 99]
[75 31  8 68]
[37 26  4 56]
[29 26  3 41]
[31 29  2 45]
[41 39  3 70]
[75 53  3 95]
[101  63   4 118]
[103  63   4 120]
[89 50  3 97]
[63 35  2 66]
[38 27  2 48]
[30 21  2 34]
[23 23  2 34]
[23 21  2 31]
[25 17  2 28]
[25 15  2 27]
[22 15  2 25]
[24 12  2 20]
[22 14  3 23]
[24 18  4 26]
[31 23  7 29]
[33 30 10 34]
[37 31 14 35]
[35 35 17 43]
[49 34 21 39]
[54 41 27 50]
[60 54 38 63]
[75 63 52 71]
[78 71 62 80]
[82 75 66 80]
[80 71 66 80]
[77 71 63 80]
[84 70 63 77]
[84 73 65 82]
[86 75 70 84]
[86 77 71 84]
[77 77 70 84]
[71 77 66 82]
[93 63 70 70]
[84 77 75 93]
[95 82 86 91]
[101  89  93 101]
[103  95  97 103]
[101  93  95 101]
[95 89 91 97]
[88 86 86 93]
[89 78 82 86]
[88 75 80 86]
[86 77 82 88]
[82 77 82 86]
[75 71 77 80]
[60 63 63 71]
[54 53 50 62]
[65 44 46 53]
[56 52 49 66]
[60 53 53 62]
[54 52 53 63]
[53 49 52 57]
[49 44 46 53]
[45 41 42 49]
[43 36 37 45]
[38 33 32 42]
[36 31 29 39]
[34 29 26 36]
[32 27 25 34]
[30 26 22 32]
[27 23 19 30]
[23 20 15 26]
[21 18 12 23]
[19 15 10 20]
[18 15  9 20]
[18 16  9 20]
[18 15  9 20]
[18 16  9 20]
[18 16  9 20]
[18 16  9 20]
[18 16  8 20]
[18 16  8 20]
[17 15  7 19]
[17 14  7 18]
[16 14  6 17]
[15 14  6 16]
[16 14  6 16]
[16 14  6 16]
[16 14  6 16]
[17 14  7 17]
[17 15  7 18]
[17 15  7 18]
[16 15  7 17]
[17 15  8 18]
[11 27  9 34]
[73 16 21 18]
[48 52 41 99]
[86 70 84 88]
[132  86 107  97]
[109  88 115 128]
[128 113 128 124]
[128 118 130 130]
[126 118 128 128]
[126 113 128 124]
[122 111 128 122]
[120 111 128 122]
[113 111 124 122]
[115 105 118 115]
[113 101 105 113]
[113  97  89 111]
[ 80 115  70 134]
[ 93 103  50 111]
[120  78  35 101]
[103  80  27 126]
[107  88  27 124]
[115  93  35 126]
[157  78  57 109]
[138 103  95 138]
[124  88 107  82]
[101  75  91 151]
[101  73  91 151]
[101  75  91 149]
[ 99  71  86 149]
[105  60  65 124]
[ 99  52  36 111]
[ 84  49  14 109]
[ 82  62   8 118]
[ 89  78   8 132]
[101  78  15 134]
[107  77  31 138]
[105  66  38 130]
[ 97  52  27 107]
[91 34 13 77]
[49 32  6 71]
[33 34  3 54]
[35 36  3 50]
[46 42  4 70]
[73 49  6 95]
[ 97  59   6 115]
[103  57   5 115]
[93 48  3 99]
[68 39  2 75]
[46 32  2 56]
[35 30  2 45]
[31 31  2 42]
[33 26  3 38]
[37 19  2 34]
[28 17  2 34]
[23 15  2 26]
[24 13  2 20]
[23 15  3 23]
[26 20  5 26]
[31 24  8 31]
[36 31 12 37]
[41 33 16 41]
[39 41 19 46]
[54 38 23 44]
[59 45 31 56]
[65 57 41 66]
[75 63 53 71]
[77 70 62 80]
[82 70 65 78]
[80 71 65 80]
[77 71 63 80]
[78 70 62 78]
[80 70 63 78]
[78 70 65 80]
[82 70 66 78]
[73 73 65 82]
[70 71 62 78]
[86 57 60 65]
[73 65 62 80]
[78 68 66 78]
[80 71 70 82]
[80 73 71 84]
[78 71 71 82]
[73 70 66 80]
[66 65 62 75]
[66 59 57 68]
[62 54 54 66]
[57 53 53 65]
[54 49 49 59]
[49 44 44 53]
[39 38 35 48]
[38 33 28 41]
[42 30 26 36]
[37 33 26 42]
[37 31 26 38]
[35 31 26 38]
[33 28 24 35]
[32 26 22 33]
[31 25 20 32]
[29 23 18 31]
[28 23 16 29]
[26 23 15 28]
[26 21 14 26]
[25 21 14 26]
[24 21 14 26]
[22 20 12 25]
[20 18 10 22]
[18 15  8 18]
[16 14  7 17]
[16 14  7 16]
[16 14  7 17]
[16 14  7 17]
[16 14  7 17]
[16 14  7 17]
[16 14  7 17]
[16 14  7 16]
[16 14  7 16]
[16 14  6 16]
[15 13  6 16]
[14 13  6 15]
[14 13  5 15]
[15 14  6 16]
[16 14  6 17]
[17 14  6 17]
[17 15  7 18]
[17 16  7 18]
[17 15  7 18]
[16 15  7 17]
[18 15  7 18]
[11 26  9 34]
[71 17 20 20]
[54 48 41 89]
[66 77 77 97]
[147  70 103  77]
[103  86 113 136]
[126 111 128 126]
[128 118 128 128]
[126 115 126 128]
[126 115 128 126]
[124 113 130 122]
[120 111 130 122]
[113 111 128 122]
[115 105 120 113]
[113  99 109 113]
[113  97  95 111]
[ 78 118  73 132]
[ 88 103  54 111]
[128  73  41  95]
[105  80  33 126]
[109  89  34 122]
[120  91  42 124]
[153  80  62 111]
[141 103  97 136]
[124  88 107  82]
[103  77  91 153]
[103  77  91 153]
[103  75  91 151]
[101  73  88 149]
[101  62  71 128]
[105  53  43 113]
[ 89  50  19 118]
[ 89  66  10 126]
[ 95  80   9 134]
[101  82  15 138]
[109  78  31 136]
[105  70  44 134]
[101  56  38 118]
[105  42  23  89]
[54 44 10 95]
[38 45  6 75]
[45 43  6 65]
[62 46  8 80]
[ 82  52  12 103]
[ 99  57  12 118]
[103  54   8 115]
[ 97  49   4 103]
[66 46  3 88]
[49 42  2 68]
[37 38  3 60]
[43 39  3 60]
[56 33  4 59]
[60 26  3 49]
[35 21  3 44]
[26 16  2 26]
[23 14  2 21]
[24 15  3 22]
[26 20  6 26]
[31 26  9 32]
[37 31 13 37]
[42 35 16 42]
[42 39 19 48]
[56 39 23 46]
[59 46 31 57]
[63 54 39 63]
[68 59 49 68]
[70 63 54 71]
[71 62 57 71]
[70 65 57 75]
[70 65 54 73]
[71 60 53 68]
[70 60 53 68]
[68 57 53 66]
[62 59 56 70]
[62 62 54 71]
[62 56 48 65]
[63 49 45 59]
[54 50 43 62]
[50 46 42 56]
[52 48 42 56]
[49 45 42 56]
[50 44 41 53]
[45 44 38 54]
[43 42 34 49]
[43 35 31 43]
[38 32 28 42]
[35 31 26 38]
[33 28 24 36]
[31 26 21 33]
[27 25 18 31]
[27 23 16 30]
[28 22 15 28]
[27 24 15 30]
[26 22 14 28]
[26 22 14 28]
[25 21 14 27]
[25 21 13 26]
[24 21 12 26]
[23 21 12 26]
[23 21 12 26]
[23 21 12 25]
[25 21 12 26]
[25 23 13 27]
[23 24 13 27]
[21 23 12 25]
[19 17 10 20]
[16 14  7 17]
[15 13  6 16]
[16 14  6 16]
[16 14  7 17]
[16 14  7 17]
[15 14  6 16]
[15 13  6 15]
[14 13  6 15]
[14 13  6 15]
[15 13  6 15]
[15 14  6 16]
[15 13  6 15]
[14 13  6 15]
[15 13  5 15]
[16 14  6 16]
[16 14  6 17]
[17 14  6 17]
[17 15  7 17]
[17 15  7 18]
[17 15  7 18]
[17 15  7 17]
[18 15  7 18]
[12 26  9 35]
[62 18 18 21]
[62 43 37 77]
[ 49  84  70 111]
[159  62 101  65]
[105  86 109 141]
[124 111 126 124]
[126 113 128 124]
[124 115 126 126]
[124 115 128 124]
[124 113 130 122]
[120 113 132 122]
[115 111 128 120]
[115 105 124 115]
[113 101 113 113]
[111  99  99 109]
[ 86 113  78 126]
[ 88 103  59 113]
[147  75  49  93]
[124  86  44 136]
[136 103  46 128]
[134 109  56 136]
[145 103  73 126]
[147 107  99 128]
[124  88 105  82]
[103  75  89 153]
[103  75  89 151]
[101  75  91 151]
[103  71  88 147]
[ 99  65  77 138]
[107  57  53 120]
[ 89  56  25 124]
[ 93  63  12 126]
[ 99  77  10 136]
[105  86  15 145]
[109  84  30 143]
[105  73  46 136]
[101  60  49 126]
[101  49  36 101]
[ 62  53  20 105]
[49 49 12 86]
[57 46 12 88]
[ 78  50  17 101]
[ 95  57  24 120]
[103  59  21 126]
[107  54  12 118]
[ 97  53   6 111]
[66 54  4 99]
[56 49  3 75]
[49 44  4 73]
[63 43  5 77]
[80 39  6 82]
[75 31  5 68]
[42 26  3 52]
[30 16  2 27]
[21 15  3 23]
[25 16  4 21]
[25 20  6 26]
[30 25  9 31]
[32 29 12 35]
[36 32 15 38]
[38 36 17 44]
[48 36 21 44]
[52 42 26 52]
[52 45 33 56]
[53 48 39 56]
[54 48 42 56]
[53 46 42 56]
[53 49 41 57]
[53 48 39 57]
[54 48 38 57]
[52 45 37 54]
[50 44 37 52]
[48 41 36 50]
[49 42 34 49]
[42 39 32 52]
[42 34 27 42]
[36 31 23 36]
[31 28 22 35]
[31 26 21 31]
[28 26 21 33]
[31 26 21 31]
[31 26 20 33]
[30 26 18 32]
[29 23 17 30]
[26 22 15 29]
[25 21 15 26]
[25 21 14 25]
[24 21 14 26]
[24 21 13 26]
[24 21 12 26]
[24 21 12 26]
[25 21 12 25]
[23 22 12 26]
[23 21 12 25]
[23 21 12 24]
[23 22 12 26]
[21 24 12 26]
[24 22 13 25]
[23 23 13 26]
[23 26 14 29]
[23 26 15 31]
[24 26 16 31]
[22 26 16 31]
[17 26 15 29]
[23 14 11 18]
[18 11  8 17]
[17 14  7 18]
[16 14  7 17]
[17 15  7 17]
[16 14  7 17]
[15 14  6 16]
[14 13  6 15]
[14 13  6 15]
[14 13  6 15]
[15 13  6 15]
[15 14  6 16]
[15 14  6 16]
[15 13  6 15]
[15 13  5 15]
[15 14  6 16]
[16 14  6 16]
[16 14  6 16]
[17 14  6 17]
[17 15  7 18]
[17 15  7 18]
[17 15  7 18]
[18 15  7 18]
[14 24  9 31]
[48 18 17 23]
[68 38 35 62]
[ 32  88  63 124]
[168  54  95  50]
[ 99  80 107 145]
[122 109 126 122]
[126 113 128 124]
[126 115 128 124]
[124 115 128 126]
[126 115 132 124]
[120 113 132 124]
[118 111 130 120]
[120 107 126 115]
[115 105 115 115]
[113 101 103 111]
[ 93 111  84 126]
[ 88 107  68 126]
[138  86  65 103]
[107 103  62 147]
[109 111  65 138]
[113 115  68 136]
[111 109  77 122]
[153  89  95  99]
[128  88 101  84]
[103  77  88 153]
[101  77  88 151]
[ 99  75  89 151]
[ 99  71  88 149]
[ 99  70  80 143]
[109  60  60 124]
[ 95  59  32 122]
[ 97  57  15 122]
[ 97  70  11 143]
[107  86  14 149]
[109  88  26 147]
[107  77  46 138]
[103  63  57 132]
[ 99  57  50 113]
[ 77  59  32 111]
[ 68  50  23 103]
[ 77  53  25 111]
[ 93  56  32 120]
[103  62  37 128]
[107  62  31 132]
[109  60  18 126]
[ 97  59  10 118]
[ 75  57   5 107]
[71 49  4 88]
[73 50  5 93]
[91 46  7 97]
[95 43  7 97]
[71 35  5 75]
[41 26  3 46]
[27 16  2 26]
[18 16  3 23]
[21 15  4 19]
[21 18  6 23]
[25 21  8 26]
[26 23 11 30]
[31 25 12 31]
[32 27 14 35]
[38 29 17 37]
[41 33 21 41]
[39 34 25 43]
[38 33 27 42]
[38 32 27 39]
[35 32 27 41]
[37 32 26 39]
[37 32 25 41]
[37 33 25 41]
[34 31 23 39]
[34 27 21 33]
[31 29 21 36]
[32 27 20 35]
[30 27 18 34]
[28 23 15 29]
[24 21 14 26]
[24 21 13 25]
[23 20 14 24]
[23 20 14 25]
[26 20 14 25]
[24 23 14 29]
[24 22 14 28]
[27 21 13 25]
[25 21 12 25]
[24 21 13 26]
[25 23 14 26]
[24 24 14 28]
[24 25 15 28]
[23 25 15 29]
[21 26 15 29]
[20 25 16 29]
[20 23 15 27]
[22 22 15 26]
[25 21 15 26]
[28 25 16 31]
[22 31 18 34]
[31 28 20 29]
[31 23 19 34]
[37 29 21 35]
[34 33 23 41]
[35 32 25 38]
[31 30 24 41]
[27 24 20 33]
[44 14 15 20]
[21 13 11 30]
[19 16  8 21]
[17 15  7 18]
[16 14  7 17]
[16 14  6 16]
[15 13  6 16]
[14 13  6 15]
[14 13  6 15]
[15 13  6 15]
[15 14  6 16]
[16 14  6 16]
[16 14  6 16]
[15 14  6 16]
[15 13  6 15]
[15 14  6 16]
[15 14  6 16]
[16 14  6 16]
[17 14  6 17]
[17 15  7 18]
[17 16  7 18]
[18 15  7 18]
[18 16  7 19]
[16 23  8 30]
[37 22 16 27]
[75 35 33 48]
[ 23  88  54 130]
[172  44  89  38]
[ 91  77 103 149]
[120 105 124 118]
[122 109 128 124]
[126 115 128 124]
[124 115 130 126]
[126 115 132 124]
[124 115 132 124]
[120 113 130 122]
[120 109 126 120]
[113 107 118 118]
[111 103 105 111]
[ 97 107  91 122]
[ 84 111  78 126]
[122  86  77  93]
[101  91  71 115]
[ 91  80  70 105]
[ 95  82  71 105]
[ 86  82  75 107]
[163  62  93  78]
[128  86  99  82]
[107  77  82 149]
[113  78  84 147]
[111  77  88 151]
[103  77  89 153]
[103  73  82 147]
[105  65  65 134]
[107  62  38 126]
[107  57  20 124]
[ 95  71  13 145]
[101  82  14 145]
[105  86  23 147]
[107  77  44 138]
[105  66  60 136]
[103  65  60 130]
[ 97  65  46 126]
[ 93  62  41 128]
[ 99  63  41 134]
[109  65  44 134]
[113  65  43 136]
[113  65  32 138]
[109  65  20 130]
[101  63  12 122]
[ 88  59   7 113]
[ 88  49   6 105]
[ 93  50   6 107]
[ 95  48   6 103]
[75 42  6 89]
[50 32  4 60]
[32 20  2 33]
[23 13  2 21]
[16 13  2 19]
[18 12  3 15]
[18 14  5 19]
[21 16  7 21]
[22 18  8 24]
[25 20  9 25]
[26 21 11 29]
[29 23 12 31]
[31 26 15 32]
[31 26 17 32]
[29 25 18 31]
[28 23 18 29]
[26 23 17 29]
[28 22 16 28]
[27 23 16 30]
[28 23 16 29]
[26 23 15 27]
[26 21 14 26]
[25 21 13 26]
[26 21 13 25]
[23 21 12 26]
[23 19 11 23]
[21 20 11 23]
[23 20 12 23]
[24 21 13 25]
[26 23 14 26]
[26 24 14 28]
[24 27 15 30]
[22 26 15 30]
[20 23 15 29]
[19 25 16 30]
[19 26 17 31]
[20 26 19 30]
[20 26 20 32]
[27 22 21 28]
[20 26 22 36]
[23 26 24 31]
[23 22 23 30]
[26 20 23 30]
[33 18 23 31]
[36 23 26 39]
[48 29 30 44]
[35 42 31 59]
[52 42 35 44]
[65 31 32 52]
[68 37 34 68]
[62 68 41 86]
[68 65 42 71]
[62 52 37 70]
[54 43 31 70]
[77 22 24 39]
[33 26 15 46]
[22 20 10 24]
[17 15  7 18]
[15 14  6 16]
[14 13  6 15]
[14 13  6 15]
[14 13  6 15]
[15 13  6 15]
[15 14  6 16]
[16 14  6 16]
[16 14  6 16]
[16 14  6 16]
[15 14  6 16]
[14 13  5 15]
[15 13  6 15]
[15 14  6 16]
[16 14  6 16]
[16 14  6 17]
[17 15  7 18]
[18 16  7 18]
[18 16  7 18]
[18 16  8 19]
[17 21  9 27]
[26 25 15 31]
[78 29 31 35]
[ 19  86  46 134]
[172  36  84  34]
[ 89  80  99 151]
[115  99 122 113]
[115 105 126 122]
[120 107 130 122]
[120 111 130 124]
[124 111 130 124]
[124 113 130 124]
[122 113 130 124]
[120 111 124 120]
[115 109 118 118]
[113 101 107 111]
[101 103  97 115]
[ 82 109  86 124]
[107  88  82  97]
[105  82  75 105]
[ 97  78  75 111]
[ 97  84  78 113]
[ 91  91  77 122]
[178  57  99  80]
[128  82  99  71]
[ 88  71  80 149]
[103  75  84 141]
[103  77  84 149]
[111  80  86 149]
[113  77  80 145]
[107  70  66 141]
[109  63  44 132]
[109  59  25 128]
[ 93  71  15 138]
[ 95  75  15 136]
[101  78  23 143]
[109  73  41 138]
[111  68  56 141]
[109  70  57 145]
[111  70  50 143]
[113  71  45 145]
[115  73  43 147]
[122  71  41 145]
[126  70  33 145]
[122  70  24 143]
[118  70  16 134]
[111  66  11 124]
[109  56   8 111]
[ 99  50   6 109]
[ 78  49   5 105]
[70 42  4 80]
[49 31  3 57]
[34 22  2 36]
[24 15  2 24]
[17 12  2 18]
[13 12  2 16]
[14 11  3 14]
[16 12  4 16]
[17 14  5 18]
[18 16  6 20]
[21 17  7 21]
[21 18  8 23]
[23 20  9 24]
[23 21 11 26]
[25 21 12 26]
[24 20 13 26]
[24 20 12 25]
[23 20 12 25]
[24 20 12 25]
[24 21 12 26]
[24 21 12 26]
[25 21 12 26]
[24 21 12 25]
[23 21 11 26]
[24 21 11 25]
[23 22 11 26]
[25 21 11 24]
[23 23 12 27]
[18 29 15 31]
[18 29 17 31]
[17 24 18 29]
[21 22 17 28]
[23 22 17 30]
[20 26 20 32]
[22 23 20 27]
[22 20 20 27]
[23 21 23 31]
[28 20 26 31]
[35 20 28 33]
[60 19 31 36]
[32 35 37 68]
[66 36 38 43]
[43 32 37 63]
[60 37 43 59]
[54 35 44 70]
[62 41 48 70]
[82 39 48 68]
[ 62  60  48 101]
[68 71 54 84]
[124  53  56  66]
[ 73  57  54 122]
[ 57 109  62 128]
[82 86 54 86]
[82 60 46 91]
[62 63 44 99]
[86 32 32 50]
[35 27 17 48]
[23 20 10 24]
[17 15  7 18]
[15 13  6 15]
[14 12  6 15]
[14 12  5 14]
[14 13  6 15]
[15 13  6 15]
[15 13  6 16]
[16 14  6 16]
[16 14  6 16]
[16 14  6 16]
[15 13  6 16]
[14 13  5 15]
[15 13  5 15]
[15 13  6 15]
[16 13  6 16]
[16 14  6 17]
[17 15  7 18]
[18 16  7 18]
[18 16  7 18]
[18 16  8 19]
[18 20  9 24]
[18 27 14 34]
[78 23 26 26]
[ 17  80  39 134]
[168  35  77  34]
[ 91  82  95 149]
[115  95 118 113]
[115 101 124 120]
[118 101 128 118]
[115 103 128 120]
[118 105 128 122]
[118 107 128 122]
[115 109 124 122]
[115 107 120 120]
[111 105 113 118]
[113 101 107 111]
[107 101 101 113]
[ 78 111  91 128]
[ 97  93  86 101]
[109  77  78 103]
[ 99  80  78 120]
[101  91  82 120]
[ 97  93  78 124]
[183  59 101  84]
[134  77  97  65]
[ 86  68  78 138]
[ 99  65  82 122]
[ 91  66  84 138]
[ 93  70  82 141]
[ 95  70  78 141]
[ 97  68  65 134]
[101  62  44 124]
[103  56  26 118]
[ 88  63  16 128]
[ 93  65  15 124]
[103  70  20 134]
[115  70  31 138]
[120  71  38 145]
[122  77  38 151]
[128  77  34 149]
[134  80  31 155]
[134  84  27 157]
[138  82  23 155]
[134  78  18 153]
[122  78  13 147]
[115  75   9 136]
[107  70   7 128]
[ 97  59   6 111]
[75 49  5 95]
[48 39  3 71]
[38 26  3 42]
[26 19  2 32]
[20 15  2 25]
[18 12  2 18]
[15 10  2 14]
[12 10  2 13]
[12  9  3 12]
[14 10  3 13]
[14 12  4 15]
[15 14  4 17]
[17 14  5 18]
[18 16  6 20]
[20 17  7 21]
[21 18  8 23]
[22 19 10 23]
[22 19 10 24]
[23 19 10 23]
[23 20 10 25]
[26 20 11 25]
[26 22 11 26]
[26 23 12 27]
[25 25 13 29]
[22 26 13 31]
[24 24 12 27]
[18 23 12 30]
[23 22 12 26]
[31 18 13 26]
[26 29 17 37]
[23 38 21 38]
[27 28 22 27]
[28 18 22 26]
[53 14 23 25]
[49 20 26 48]
[32 45 32 65]
[48 38 32 44]
[43 26 30 53]
[49 32 34 62]
[57 36 41 68]
[78 36 44 75]
[86 41 54 93]
[ 63  80  57 128]
[120  60  57  82]
[ 99  75  60 130]
[101  89  68 113]
[ 89  80  73 109]
[105  52  63  84]
[120  44  70  89]
[ 88  86  75 138]
[ 66 105  75 130]
[168  62  73  62]
[ 57  82  75 145]
[ 53  99  68 101]
[77 53 54 70]
[80 52 54 97]
[60 57 48 99]
[91 30 33 42]
[31 21 18 48]
[21 17 10 23]
[16 14  7 17]
[14 12  6 15]
[14 12  5 14]
[14 12  5 14]
[14 13  6 15]
[15 13  6 15]
[15 13  6 15]
[15 14  6 16]
[16 14  6 16]
[16 14  6 16]
[15 14  6 15]
[14 13  5 15]
[15 13  5 15]
[15 13  6 15]
[15 13  6 15]
[16 14  6 16]
[17 15  7 18]
[18 16  7 18]
[18 16  7 18]
[18 16  7 19]
[19 19  9 23]
[14 30 12 36]
[80 18 24 21]
[ 18  70  34 132]
[157  37  70  37]
[ 97  86  91 147]
[115  93 113 118]
[122 103 122 122]
[122 101 124 122]
[118 103 124 122]
[118 103 124 120]
[113 105 122 122]
[111 103 118 118]
[109  99 113 115]
[107  97 107 115]
[111  93 103 109]
[113  93  99 111]
[ 73 113  93 132]
[95 95 86 99]
[113  70  78  97]
[101  77  78 122]
[ 99  93  80 126]
[103  95  78 126]
[185  60 101  88]
[132  78  99  66]
[ 84  73  78 147]
[101  65  80 124]
[ 99  65  80 130]
[ 95  63  80 130]
[ 91  60  75 126]
[ 88  54  62 120]
[ 89  49  42 111]
[ 91  46  26 105]
[ 80  53  16 115]
[ 89  56  14 113]
[101  63  15 126]
[113  70  19 138]
[120  77  21 147]
[128  82  19 153]
[132  86  16 157]
[136  91  15 165]
[136  95  13 165]
[138  91  11 157]
[130  84   8 149]
[113  77   6 136]
[103  66   4 122]
[ 86  59   4 107]
[71 45  3 80]
[52 33  3 59]
[31 24  2 42]
[24 16  2 26]
[18 13  2 21]
[15 11  2 18]
[14 10  2 15]
[14  9  2 14]
[11 10  2 14]
[12 10  3 13]
[12 11  3 14]
[13 12  3 14]
[14 12  4 16]
[16 13  4 17]
[18 15  5 19]
[19 17  6 22]
[18 20  8 25]
[20 20  9 24]
[20 18  9 24]
[22 18 10 25]
[21 20 10 27]
[29 21 11 26]
[30 23 12 31]
[31 30 14 35]
[34 31 15 33]
[29 31 15 36]
[42 25 15 28]
[26 26 14 36]
[41 24 16 26]
[43 21 18 38]
[35 38 24 59]
[34 56 28 60]
[49 41 31 52]
[52 36 33 66]
[111  29  38  63]
[ 80  54  45 126]
[ 56 111  48 130]
[93 75 45 73]
[84 54 44 93]
[ 89  56  48 107]
[ 89  66  56 115]
[118  62  63 103]
[ 89  62  71 113]
[ 75  88  68 124]
[ 91  57  77 103]
[ 88  97  80 145]
[ 77  89  80 136]
[120  88  77 101]
[157  49  75  97]
[136  71  91 138]
[113 120 101 149]
[ 60 132  86 151]
[170  59  86  62]
[ 50  99  78 151]
[68 84 66 84]
[77 42 59 84]
[ 89  54  59 101]
[ 59  60  46 109]
[91 26 33 43]
[36 23 17 48]
[21 17 10 24]
[16 14  7 17]
[14 13  6 15]
[14 12  6 14]
[14 12  6 15]
[14 13  6 15]
[14 13  6 15]
[14 13  6 15]
[15 13  6 15]
[15 13  6 16]
[15 14  6 16]
[15 13  6 15]
[14 13  6 15]
[15 13  6 15]
[15 13  6 16]
[15 13  6 16]
[16 14  6 16]
[17 14  7 17]
[17 15  7 18]
[18 15  7 18]
[17 16  7 19]
[19 18  9 22]
[12 31 11 38]
[84 16 22 17]
[ 20  65  32 128]
[136  41  66  45]
[103  88  88 136]
[111  91 107 120]
[118 101 118 126]
[122 103 122 126]
[120 105 120 124]
[120 105 120 124]
[118 105 115 122]
[115 101 111 120]
[113  95 107 115]
[109  93 103 115]
[109  91  99 111]
[113  91  97 113]
[ 73 113  88 134]
[ 93  97  82 103]
[124  70  77  95]
[ 99  80  77 130]
[101  97  78 130]
[111  93  75 124]
[185  62  99  91]
[134  78  99  66]
[ 88  75  78 147]
[101  65  80 126]
[ 97  66  80 136]
[ 95  66  80 136]
[ 97  63  73 128]
[ 89  56  60 122]
[ 84  49  42 107]
[82 42 25 95]
[68 43 15 97]
[71 44 11 95]
[ 78  52  10 105]
[ 88  60  10 115]
[101  68   9 126]
[111  75   8 136]
[122  78   7 143]
[122  86   6 149]
[124  84   5 147]
[122  80   5 143]
[113  77   4 134]
[ 99  66   3 120]
[ 89  56   3 103]
[73 49  2 89]
[59 38  2 68]
[43 30  2 50]
[31 22  2 36]
[23 16  2 26]
[19 14  2 21]
[16 13  2 19]
[14 11  2 17]
[14 10  2 14]
[12 10  3 14]
[12 10  3 13]
[11 11  3 14]
[13 12  3 14]
[14 12  4 17]
[15 14  4 18]
[18 15  5 21]
[17 17  7 25]
[15 21  8 26]
[22 17  8 21]
[23 14  9 24]
[28 17 10 27]
[28 21 11 31]
[38 22 13 31]
[36 27 15 43]
[31 38 18 48]
[46 37 20 41]
[39 38 18 54]
[57 37 21 49]
[44 46 20 70]
[56 43 21 54]
[77 41 27 56]
[46 54 31 86]
[44 73 37 89]
[71 60 42 77]
[73 53 44 95]
[153  34  53  66]
[ 84  66  59 136]
[ 50 118  59 138]
[93 75 56 84]
[107  65  54 107]
[107  71  60 128]
[ 99  88  68 138]
[120  80  77 113]
[ 88  84  77 124]
[ 88  70  75 103]
[91 56 80 97]
[ 82  68  86 103]
[ 59  73  82 122]
[111  50  78  95]
[151  56  91 122]
[105 105 107 163]
[107 118 101 122]
[ 62 109  80 134]
[151  56  88  65]
[ 48 111  77 161]
[86 66 66 82]
[ 88  54  62 105]
[ 89  57  59 105]
[73 54 44 99]
[93 24 31 48]
[38 27 18 52]
[21 19 10 26]
[16 14  7 17]
[14 13  6 16]
[15 13  6 14]
[15 13  6 15]
[15 13  6 15]
[15 13  6 15]
[14 12  6 15]
[14 12  6 15]
[15 13  6 15]
[15 13  6 15]
[15 13  6 15]
[15 14  6 16]
[15 14  6 16]
[16 14  6 16]
[16 14  6 16]
[16 14  6 16]
[16 14  6 17]
[17 15  7 17]
[17 15  7 18]
[18 16  7 18]
[20 17  8 21]
[11 31 11 41]
[86 15 20 16]
[ 24  60  31 122]
[115  46  62  53]
[109  82  84 122]
[109  89 103 122]
[118  99 113 122]
[122  99 115 122]
[118 101 115 124]
[118 105 115 126]
[118 107 111 126]
[118 103 107 124]
[118 101 103 122]
[115  99  99 122]
[113  93  95 115]
[118  89  93 107]
[ 73 111  84 138]
[ 88  97  78 109]
[132  73  75  95]
[101  80  73 132]
[103  97  73 128]
[109  93  73 128]
[185  65  97  93]
[138  78  99  68]
[ 88  75  78 149]
[103  70  82 128]
[ 97  66  80 134]
[ 99  66  77 134]
[ 95  62  73 132]
[ 89  59  62 122]
[ 82  48  42 101]
[75 36 24 86]
[59 34 13 80]
[53 33  8 71]
[54 37  6 77]
[62 43  5 84]
[78 52  5 99]
[ 93  62   5 115]
[105  70   4 126]
[107  73   3 132]
[111  75   3 130]
[109  71   3 130]
[103  68   3 120]
[ 91  60   3 107]
[78 50  2 93]
[65 44  2 80]
[50 38  2 66]
[42 31  2 49]
[33 22  2 36]
[25 18  2 31]
[21 16  2 26]
[18 15  2 23]
[16 13  3 18]
[18 10  3 15]
[14 10  3 17]
[16 12  3 17]
[17 13  3 18]
[21 14  4 18]
[21 16  4 22]
[28 16  5 22]
[26 18  7 27]
[23 23  8 31]
[21 22  8 30]
[35 16  9 23]
[31 18 10 38]
[39 26 13 42]
[43 30 14 46]
[52 31 17 45]
[56 38 20 50]
[41 45 21 60]
[60 43 24 48]
[42 49 25 75]
[60 43 26 56]
[56 48 22 70]
[46 46 25 70]
[95 46 31 50]
[50 56 35 97]
[49 80 42 99]
[77 63 48 86]
[ 78  60  49 105]
[163  33  59  66]
[ 70  78  66 149]
[ 50 107  62 124]
[78 66 57 86]
[ 89  65  62 107]
[ 97  65  66 115]
[ 89  80  70 132]
[109  77  78 111]
[ 89  89  80 124]
[ 99  65  80 103]
[103  63  80 113]
[ 86  73  88 122]
[ 82  82  84 118]
[124  46  84  99]
[147  54  97 111]
[ 89 103 101 138]
[91 84 99 95]
[ 71  82  80 122]
[124  56  86  84]
[ 60 122  77 153]
[93 60 68 89]
[ 93  63  63 113]
[ 91  60  60 107]
[ 77  53  46 101]
[80 28 32 60]
[37 29 18 49]
[23 20 10 23]
[16 14  7 17]
[15 14  6 16]
[15 13  6 15]
[15 14  6 16]
[15 14  6 16]
[14 13  6 15]
[14 12  6 14]
[14 12  5 14]
[14 12  6 14]
[15 13  6 15]
[15 13  6 15]
[15 14  6 16]
[16 14  6 16]
[16 14  6 17]
[15 14  6 16]
[16 14  6 16]
[16 14  6 17]
[17 15  7 17]
[16 15  7 18]
[17 15  7 18]
[20 17  8 21]
[12 32 10 41]
[84 15 20 17]
[ 31  59  31 113]
[103  52  59  63]
[113  84  84 115]
[109  89  99 124]
[118  99 109 122]
[120  99 111 124]
[118 103 113 126]
[115 105 111 126]
[118 105 107 126]
[118 103 103 126]
[120 101  99 124]
[120  99  97 122]
[113  97  93 120]
[124  89  91 107]
[ 78 109  82 138]
[ 82 103  75 118]
[136  70  73  91]
[101  86  71 136]
[101  93  73 128]
[109  93  71 126]
[185  65  95  91]
[136  80 103  70]
[ 88  78  82 153]
[101  68  82 128]
[ 99  68  80 134]
[ 95  65  78 134]
[ 93  63  71 130]
[ 93  59  57 118]
[ 82  45  41 101]
[71 34 24 80]
[52 30 12 68]
[43 27  7 57]
[41 30  5 57]
[46 33  4 65]
[62 39  4 78]
[77 52  3 99]
[ 91  59   3 109]
[ 97  65   3 120]
[101  65   2 120]
[101  68   2 120]
[ 91  63   3 115]
[ 86  57   3 101]
[75 48  2 86]
[63 42  2 77]
[49 37  2 66]
[46 31  2 49]
[38 23  2 42]
[30 21  3 37]
[26 20  3 31]
[23 17  3 28]
[24 14  3 23]
[26 12  3 21]
[21 14  4 26]
[26 17  4 23]
[26 19  5 29]
[31 21  6 32]
[32 29  6 38]
[45 29  8 37]
[37 33  9 49]
[38 38 10 44]
[31 34 10 46]
[53 23 11 37]
[43 31 12 59]
[52 36 15 52]
[57 36 17 56]
[59 39 21 60]
[71 46 25 59]
[46 59 26 80]
[70 50 29 57]
[54 57 26 73]
[62 44 26 56]
[66 41 26 62]
[43 54 26 86]
[103  42  33  49]
[ 54  66  39 107]
[ 52  82  45 101]
[77 65 49 89]
[ 80  60  49 105]
[159  33  59  66]
[ 59  77  60 143]
[53 89 57 99]
[66 54 54 82]
[84 53 57 86]
[88 49 63 93]
[ 77  57  68 113]
[ 95  66  75 111]
[105  77  78 120]
[115  77  84 118]
[111  80  91 130]
[ 84  91  88 141]
[ 93  80  82 115]
[147  49  84  97]
[138  60  93 126]
[105 103  97 141]
[111  91  95 105]
[ 88 101  91 128]
[107  70  88 105]
[ 71 105  71 136]
[ 97  73  71 103]
[ 93  71  65 122]
[ 93  66  60 111]
[84 52 50 93]
[82 30 33 54]
[33 25 18 46]
[21 17 10 23]
[16 15  7 17]
[15 14  6 16]
[15 13  6 15]
[15 14  6 16]
[16 14  6 16]
[15 13  6 15]
[14 12  6 14]
[14 12  6 14]
[14 12  6 15]
[15 13  6 15]
[15 13  6 15]
[16 14  6 16]
[16 14  6 17]
[17 14  6 17]
[17 14  6 16]
[17 14  7 17]
[16 15  7 18]
[17 15  7 16]
[16 14  7 17]
[17 14  7 17]
[20 17  8 21]
[12 32 10 42]
[75 17 20 19]
[44 54 31 97]
[82 62 59 82]
[120  88  86 105]
[107  88  95 122]
[115  97 105 120]
[118  99 109 122]
[118 103 109 124]
[115 103 107 126]
[118 103 105 126]
[120 103 101 126]
[120 101  99 126]
[118  99  95 124]
[111  99  91 122]
[128  88  89 107]
[ 84 107  80 136]
[ 80 107  75 122]
[138  71  73  91]
[101  86  71 136]
[105  95  75 126]
[109  91  73 126]
[183  65  97  93]
[141  84 103  75]
[101  89  86 153]
[103  71  84 134]
[105  71  82 136]
[ 97  66  78 134]
[ 93  62  70 128]
[ 89  54  54 118]
[80 45 38 99]
[68 34 23 77]
[49 28 12 62]
[38 26  7 52]
[36 26  4 49]
[41 29  4 54]
[53 34  3 66]
[68 44  3 86]
[82 52  3 99]
[ 91  59   3 109]
[ 93  62   2 113]
[ 95  63   2 113]
[ 89  62   2 111]
[84 54  3 97]
[80 45  2 84]
[65 41  2 78]
[50 41  3 71]
[52 31  3 54]
[42 27  3 50]
[32 26  3 44]
[28 22  3 36]
[27 19  3 33]
[32 16  3 30]
[33 16  4 30]
[26 23  5 36]
[31 22  6 31]
[33 25  7 34]
[34 28  7 39]
[32 35  8 45]
[49 31 10 39]
[36 39 11 54]
[39 39 12 48]
[39 37 11 50]
[59 30 12 43]
[48 39 14 63]
[48 42 17 59]
[68 38 21 54]
[60 43 23 68]
[73 49 30 63]
[50 65 31 82]
[65 53 31 60]
[54 57 28 77]
[60 49 27 65]
[71 43 27 62]
[44 57 26 89]
[99 42 34 53]
[ 56  75  42 109]
[54 84 46 99]
[73 65 48 91]
[ 80  59  48 101]
[136  33  56  68]
[ 52  71  52 132]
[50 66 48 88]
[65 57 49 86]
[75 49 52 89]
[93 44 59 88]
[ 82  53  65 107]
[ 93  60  73 109]
[103  75  78 128]
[109  84  86 134]
[109  99  91 128]
[ 86  93  84 132]
[ 93  68  77 113]
[151  53  86  97]
[ 89  80  99 147]
[ 82 103  97 130]
[ 70  82  88 118]
[ 86  88  84 101]
[89 71 78 97]
[ 59  80  71 130]
[91 68 68 99]
[ 89  71  65 118]
[ 91  63  62 111]
[86 54 52 97]
[88 30 36 56]
[35 26 19 49]
[22 18 11 24]
[16 15  7 18]
[15 13  6 16]
[15 13  6 16]
[15 14  6 16]
[16 14  6 16]
[15 14  6 16]
[14 13  6 15]
[14 13  6 15]
[15 13  6 15]
[15 13  6 15]
[15 13  6 16]
[16 14  6 17]
[17 14  6 17]
[17 15  7 18]
[17 15  7 18]
[17 16  7 18]
[17 15  7 17]
[17 14  7 17]
[17 15  7 17]
[17 15  7 18]
[20 17  8 20]
[14 30 10 37]
[65 18 18 20]
[56 46 32 84]
[ 54  77  62 103]
[128  84  84  82]
[101  77  91 122]
[113  95 103 120]
[115  99 107 122]
[118 103 107 124]
[118 103 107 126]
[120 105 105 126]
[120 103 103 126]
[120 103  99 126]
[118 101  97 124]
[111  99  91 120]
[130  86  91 105]
[ 91 107  84 136]
[ 80 113  77 130]
[138  78  78  93]
[103  89  75 136]
[107  91  77 124]
[111  93  77 126]
[181  68 101  95]
[147  91 103  95]
[130 105  89 155]
[124  93  89 149]
[118  88  89 145]
[107  78  82 138]
[ 93  66  70 130]
[ 88  54  53 113]
[75 43 36 95]
[63 32 22 73]
[49 26 13 59]
[37 25  7 50]
[36 26  5 48]
[39 29  4 53]
[50 33  4 63]
[63 42  3 80]
[78 50  3 97]
[ 88  57   3 105]
[ 91  60   2 111]
[ 91  62   2 111]
[ 88  63   3 111]
[ 86  56   3 101]
[88 46  3 88]
[62 45  3 86]
[52 43  3 71]
[53 31  3 54]
[39 30  3 54]
[32 27  4 44]
[30 21  3 36]
[30 18  4 34]
[36 15  4 31]
[31 18  4 34]
[29 25  5 34]
[31 23  7 31]
[28 26  8 36]
[35 26  9 34]
[30 29  9 42]
[43 31 12 36]
[35 34 13 48]
[38 32 12 44]
[31 38 12 54]
[50 31 13 42]
[50 37 14 56]
[43 44 18 63]
[78 41 23 49]
[57 43 27 75]
[60 54 33 66]
[45 62 32 73]
[60 44 30 54]
[49 50 27 70]
[53 48 26 62]
[71 37 26 52]
[46 52 27 82]
[89 42 35 57]
[ 57  75  42 105]
[57 80 46 97]
[75 66 49 93]
[84 57 46 99]
[124  34  49  66]
[ 48  65  44 120]
[54 50 41 80]
[63 54 43 89]
[82 56 53 95]
[95 46 57 93]
[ 86  56  66 111]
[ 95  62  73 107]
[ 97  68  80 118]
[ 91  84  86 128]
[ 82  89  86 122]
[ 89  82  80 111]
[ 84  68  77 120]
[122  59  89 101]
[ 82  73  88 115]
[84 60 82 77]
[60 54 82 93]
[68 57 77 89]
[78 56 78 89]
[ 60  70  70 113]
[78 54 66 97]
[ 88  62  65 111]
[ 93  62  63 113]
[ 89  54  54 103]
[97 31 39 60]
[38 28 21 54]
[23 20 12 26]
[17 15  7 18]
[15 13  6 16]
[15 13  6 16]
[15 14  6 16]
[15 14  6 16]
[15 14  6 16]
[15 13  6 16]
[15 13  6 15]
[15 14  6 16]
[15 14  6 15]
[15 14  6 16]
[16 14  6 16]
[17 15  6 17]
[17 15  7 18]
[18 16  7 18]
[18 15  7 18]
[18 16  7 18]
[17 16  7 18]
[17 15  7 17]
[17 15  7 17]
[19 16  8 20]
[14 27 10 35]
[54 19 18 23]
[65 43 34 70]
[ 36  88  59 118]
[145  66  82  60]
[ 95  70  89 130]
[113  97 103 118]
[113  99 105 122]
[118 101 107 122]
[118 103 107 126]
[118 105 107 128]
[120 105 105 128]
[120 103 101 126]
[118 101  99 124]
[113  99  95 122]
[130  88  95 107]
[ 99 105  89 134]
[ 84 115  82 134]
[138  86  84  95]
[115  93  80 132]
[120  91  82 126]
[126  99  84 132]
[181  80 109 105]
[128 103 107 107]
[120 105  93 157]
[124 105  91 153]
[126  99  91 147]
[124  89  84 141]
[103  78  73 132]
[ 91  65  54 113]
[73 45 36 93]
[60 32 22 71]
[49 26 13 56]
[38 25  8 52]
[36 26  6 49]
[38 30  4 53]
[48 33  4 60]
[59 41  3 77]
[73 48  3 91]
[ 86  54   3 101]
[ 89  57   3 107]
[ 88  59   3 107]
[ 84  60   3 109]
[84 54  3 99]
[86 44  3 84]
[52 44  3 84]
[48 38  3 62]
[49 27  4 50]
[35 30  4 54]
[34 26  4 43]
[32 20  4 38]
[33 18  4 35]
[41 16  4 31]
[26 21  5 38]
[30 23  6 31]
[31 23  7 32]
[23 31  9 38]
[42 23 10 26]
[26 24 10 45]
[43 29 14 35]
[38 32 14 44]
[34 31 14 45]
[31 34 12 45]
[44 28 12 36]
[35 34 15 56]
[31 45 18 65]
[70 31 24 42]
[62 39 29 68]
[60 48 33 63]
[50 57 34 65]
[60 41 31 54]
[48 45 28 70]
[52 46 26 60]
[71 37 27 53]
[49 50 29 80]
[84 45 36 60]
[ 56  75  42 103]
[ 56  82  48 103]
[75 70 49 95]
[89 53 44 95]
[109  37  42  75]
[ 52  57  36 103]
[63 48 34 75]
[ 53  56  41 105]
[115  59  49  88]
[111  53  60 111]
[107  75  73 120]
[ 93  71  78 115]
[ 93  70  82 107]
[ 77  71  82 113]
[ 77  75  80 111]
[ 93  66  78 103]
[ 88  71  80 124]
[115  59  86  93]
[115  62  78 107]
[ 84  60  86 115]
[ 99  88  88 113]
[ 78  66  78 115]
[ 89  71  78 103]
[ 80  66  70 111]
[ 86  57  68 107]
[ 91  62  66 118]
[ 95  63  65 120]
[ 89  59  56 109]
[101  31  41  62]
[39 29 21 57]
[23 20 12 26]
[17 15  7 18]
[15 13  6 16]
[14 13  6 16]
[15 14  6 15]
[15 14  6 16]
[15 14  6 16]
[15 14  6 16]
[15 14  6 16]
[15 14  6 16]
[15 14  6 16]
[15 13  6 16]
[16 14  6 16]
[16 14  6 17]
[18 15  7 18]
[16 17  7 20]
[17 17  8 20]
[19 15  8 18]
[18 16  7 18]
[17 15  7 17]
[17 15  7 17]
[18 16  7 20]
[16 26 10 32]
[44 22 17 26]
[71 36 34 54]
[ 26  95  54 132]
[168  52  80  46]
[101  75  89 145]
[120 105 107 122]
[118 105 109 124]
[120 103 109 122]
[120 105 109 126]
[120 107 109 128]
[120 105 107 126]
[122 103 103 126]
[120 101 101 126]
[115 101  97 124]
[126  91  99 111]
[107 103  95 126]
[ 86 113  88 136]
[126  95  89 107]
[122 101  89 132]
[118  99  91 134]
[120 109  93 141]
[174  89 113 109]
[128  99 107  97]
[120  95  93 134]
[115  93  95 143]
[118  97  95 145]
[113  95  91 145]
[ 93  93  78 143]
[ 86  71  57 111]
[73 49 36 88]
[59 32 21 68]
[50 25 13 54]
[38 25  8 52]
[35 26  6 48]
[34 29  5 52]
[43 31  4 56]
[53 38  4 71]
[68 45  4 86]
[78 50  4 99]
[ 82  54   3 103]
[ 84  53   3 101]
[ 75  56   3 105]
[80 52  3 89]
[77 41  4 78]
[46 42  4 77]
[44 31  4 53]
[46 26  4 49]
[33 29  5 56]
[36 26  5 43]
[33 21  5 42]
[32 20  5 38]
[39 17  5 30]
[21 23  6 39]
[32 20  6 25]
[28 20  7 34]
[23 33  9 41]
[56 20 11 23]
[24 31 12 57]
[50 30 15 36]
[36 31 15 49]
[35 34 15 43]
[34 28 12 41]
[45 26 12 38]
[33 42 16 54]
[36 42 19 49]
[56 24 25 42]
[70 32 32 62]
[56 44 35 80]
[56 65 37 77]
[75 49 34 57]
[59 48 30 71]
[57 50 29 70]
[77 46 31 59]
[54 56 31 80]
[80 45 36 60]
[56 70 42 99]
[53 80 46 97]
[70 63 45 88]
[95 42 38 82]
[97 32 33 75]
[59 50 27 89]
[73 42 28 68]
[ 44  75  36 118]
[130  53  49  80]
[ 99  65  60 141]
[113  99  77 130]
[ 95  86  78 120]
[107  71  77  97]
[ 75  70  78 115]
[ 91  70  77 107]
[ 91  65  80 120]
[ 99  84  82 128]
[ 99  71  86 120]
[136  63  88 115]
[ 80  84  86 157]
[132  93  88 107]
[ 84  89  84 141]
[ 97  82  78 115]
[ 91  70  71 120]
[ 95  65  68 120]
[ 95  68  66 124]
[ 93  65  63 120]
[ 88  57  53 105]
[99 30 38 59]
[37 28 21 56]
[23 20 11 25]
[17 15  7 18]
[15 13  6 15]
[14 13  6 15]
[15 13  6 15]
[15 13  6 16]
[15 14  6 16]
[15 13  6 16]
[15 14  6 16]
[16 14  6 16]
[15 14  6 16]
[15 13  6 15]
[15 13  6 16]
[16 14  6 16]
[17 15  7 18]
[15 18  8 21]
[16 17  9 18]
[22 13  8 16]
[17 13  8 20]
[18 16  7 18]
[17 15  7 18]
[18 16  7 19]
[17 23  9 29]
[32 26 16 30]
[82 32 33 43]
[ 23  93  50 141]
[186  45  84  43]
[105  86  95 165]
[132 115 111 126]
[130 115 115 128]
[132 113 118 128]
[130 113 115 132]
[128 115 113 134]
[126 115 111 132]
[124 109 107 130]
[118 105 105 128]
[118 101 101 122]
[122  93 101 113]
[113  99  99 118]
[ 88 111  93 134]
[109  99  95 113]
[124  95  93 115]
[111  91  93 124]
[113  99  95 126]
[163  80 111 103]
[113 101 111  97]
[109  86  93 128]
[111  91  95 134]
[115  93  95 134]
[109  93  91 132]
[ 82  93  78 130]
[77 66 57 99]
[66 42 36 80]
[57 31 22 66]
[49 25 13 53]
[36 25  8 50]
[33 25  6 44]
[32 26  5 46]
[39 29  5 52]
[50 35  5 68]
[65 41  5 78]
[73 45  4 89]
[73 46  4 93]
[78 44  3 86]
[62 50  3 99]
[73 44  4 77]
[65 36  5 71]
[44 37  4 68]
[43 29  4 52]
[45 26  5 49]
[32 30  5 57]
[37 24  5 43]
[34 21  5 42]
[32 19  5 37]
[38 16  5 29]
[20 23  6 39]
[39 17  7 21]
[26 21  8 41]
[23 35 10 48]
[60 21 12 28]
[28 41 14 66]
[46 33 17 39]
[34 32 17 52]
[41 29 14 37]
[36 27 13 43]
[43 29 14 48]
[31 49 15 65]
[53 45 20 52]
[65 31 27 57]
[93 35 36 62]
[57 48 41 91]
[53 66 41 84]
[80 50 37 59]
[70 52 34 77]
[59 60 34 84]
[75 57 35 65]
[59 59 33 75]
[77 44 36 60]
[57 66 39 93]
[53 77 42 95]
[66 60 41 84]
[101  34  32  66]
[68 31 26 78]
[45 46 21 78]
[52 41 21 62]
[34 75 27 99]
[124  43  44  54]
[ 73  66  57 136]
[ 89  84  71 109]
[ 84  82  71 111]
[103  63  71  97]
[ 80  77  73 122]
[101  70  77 107]
[ 88  75  80 130]
[ 95  82  80 124]
[ 89  75  80 122]
[159  49  84  82]
[ 65  89  84 167]
[111  82  91 109]
[ 73  97  82 143]
[101  75  73 105]
[107  62  66 113]
[ 99  71  68 128]
[ 97  73  68 124]
[ 89  65  60 115]
[80 52 49 97]
[93 26 34 53]
[34 26 19 53]
[23 18 11 24]
[17 14  7 18]
[15 13  6 15]
[14 13  6 15]
[15 13  6 15]
[15 13  6 15]
[15 13  6 15]
[15 13  6 15]
[15 14  6 16]
[15 14  6 16]
[15 13  6 16]
[15 13  6 15]
[15 13  6 15]
[16 14  6 16]
[17 15  7 18]
[19 18  7 20]
[23 17  8 20]
[31 17 10 20]
[19 18 10 28]
[19 17  8 19]
[17 15  7 17]
[18 16  7 18]
[18 22  9 28]
[24 29 16 35]
[93 30 32 34]
[ 27  88  46 147]
[190  46  89  48]
[107 107 107 172]
[124 115 118 128]
[126 122 122 132]
[132 122 124 132]
[136 124 122 136]
[136 128 120 141]
[138 128 118 138]
[138 122 113 134]
[132 115 109 130]
[126 107 105 126]
[126  99 105 120]
[120  99 105 120]
[ 93 113 101 134]
[ 97 105  97 118]
[128  88  95 105]
[111  89  93 128]
[118  99  97 124]
[163  80 113 103]
[107  91 111  77]
[ 84  65  93 111]
[ 88  71  93 118]
[ 91  73  93 120]
[ 89  78  88 122]
[ 71  80  73 120]
[75 62 56 93]
[68 41 36 80]
[59 31 21 66]
[48 26 13 54]
[33 26  8 49]
[31 23  6 41]
[33 23  5 42]
[37 28  5 52]
[48 35  5 63]
[59 37  5 73]
[65 39  5 80]
[65 39  4 80]
[66 36  4 73]
[50 44  4 88]
[63 36  5 63]
[50 35  6 68]
[41 33  5 60]
[41 26  5 50]
[43 26  6 48]
[33 31  6 56]
[36 24  6 44]
[34 22  6 42]
[34 20  6 37]
[43 15  6 30]
[19 26  6 46]
[49 18  8 23]
[26 27 10 48]
[26 35 11 45]
[53 22 14 31]
[26 45 15 70]
[46 30 18 35]
[38 31 16 48]
[39 23 15 43]
[38 28 14 45]
[46 31 14 44]
[23 49 15 77]
[57 43 21 53]
[70 41 29 73]
[103  35  38  65]
[68 53 43 93]
[49 66 43 89]
[84 49 41 57]
[70 50 38 78]
[56 65 38 86]
[62 57 38 66]
[52 57 37 70]
[73 39 36 54]
[57 56 37 86]
[50 75 39 97]
[59 63 36 80]
[101  29  28  50]
[46 28 20 66]
[35 33 16 44]
[35 27 15 39]
[22 54 20 78]
[111  31  38  39]
[ 59  66  54 122]
[73 70 68 95]
[ 75  66  68 101]
[91 57 70 95]
[ 77  71  66 120]
[101  63  71  99]
[ 95  77  73 122]
[ 93  75  77 120]
[ 89  80  75 126]
[168  45  84  84]
[ 97  88  80 161]
[120  89  89 111]
[ 77 109  86 138]
[103  65  71  99]
[ 99  62  68 126]
[101  73  65 130]
[ 95  78  60 122]
[ 86  68  56 111]
[70 49 43 89]
[86 23 30 45]
[31 23 16 48]
[21 18 10 23]
[17 15  7 18]
[15 13  6 15]
[14 13  6 15]
[14 13  6 15]
[14 13  6 15]
[14 12  6 15]
[14 13  6 15]
[15 13  6 15]
[15 13  6 15]
[15 13  6 15]
[15 13  6 15]
[15 14  6 15]
[16 14  6 16]
[17 15  7 18]
[19 17  7 21]
[23 21  9 30]
[35 23 12 26]
[26 28 11 29]
[20 18 10 21]
[18 16  8 18]
[18 16  8 19]
[20 21 10 26]
[18 34 15 42]
[99 24 31 27]
[ 42  77  44 143]
[170  54  93  66]
[118 130 115 159]
[113 103 120 118]
[118 109 126 120]
[122 109 126 122]
[124 118 128 130]
[126 124 126 136]
[130 128 122 138]
[134 128 120 141]
[132 124 113 136]
[132 115 109 130]
[132 111 107 126]
[124 109 109 124]
[ 99 118 103 132]
[ 91 111  97 122]
[134  84  97 101]
[109  91  95 134]
[120 101  99 128]
[165  84 115 105]
[113  86 107  71]
[ 91  62  88 107]
[ 88  60  89 105]
[ 88  60  88 105]
[ 80  60  82 107]
[ 62  66  70 113]
[68 52 53 88]
[65 39 35 78]
[60 31 21 66]
[46 26 12 56]
[31 28  8 49]
[30 23  6 38]
[35 20  5 39]
[31 27  5 56]
[44 33  6 54]
[49 31  6 62]
[54 32  5 65]
[53 32  5 66]
[52 30  4 60]
[43 37  5 68]
[52 30  5 54]
[42 34  6 62]
[39 30  6 52]
[37 24  6 48]
[35 24  7 49]
[34 27  6 49]
[36 24  7 44]
[35 24  7 45]
[37 21  7 39]
[44 17  7 32]
[22 25  6 49]
[45 20  8 26]
[26 34 11 50]
[34 29 12 37]
[50 21 14 35]
[34 42 16 63]
[59 31 17 41]
[48 35 18 59]
[48 33 17 52]
[43 29 14 48]
[50 30 14 44]
[23 54 16 82]
[60 41 22 50]
[65 41 30 77]
[105  35  38  63]
[73 50 43 93]
[49 71 44 93]
[91 48 42 56]
[68 49 39 78]
[56 62 39 78]
[50 56 39 68]
[50 49 37 60]
[71 33 37 49]
[41 52 39 91]
[34 71 39 93]
[52 45 29 62]
[91 19 22 37]
[33 26 16 60]
[29 26 12 32]
[31 23 12 33]
[20 48 17 68]
[93 34 36 42]
[ 59  65  53 113]
[82 63 65 86]
[75 59 68 99]
[86 53 65 89]
[ 71  57  59 105]
[88 53 60 95]
[101  66  63 111]
[ 86  78  68 128]
[ 93  86  66 122]
[163  45  75  82]
[ 97  91  75 163]
[ 86 101  84 138]
[ 82 122  73 126]
[103  62  62  89]
[ 86  56  59 107]
[ 86  59  53 105]
[ 66  59  48 111]
[73 62 43 91]
[63 41 32 73]
[77 20 24 38]
[29 21 15 45]
[21 17  9 23]
[17 15  7 17]
[15 14  6 16]
[14 14  6 15]
[14 13  6 15]
[14 12  6 14]
[14 12  6 14]
[14 12  6 14]
[14 12  6 15]
[14 13  6 15]
[15 13  6 15]
[15 14  6 16]
[15 14  6 16]
[16 14  6 16]
[16 14  7 17]
[20 16  7 19]
[23 20  9 26]
[29 24 12 29]
[28 27 13 29]
[23 21 11 23]
[20 17  9 20]
[20 18 10 21]
[22 21 11 26]
[15 37 15 45]
[103  21  31  23]
[ 52  65  48 134]
[143  70  93  88]
[132 126 113 134]
[120 105 122 120]
[122 109 128 122]
[120 111 132 122]
[120 113 132 122]
[120 113 130 126]
[122 115 128 128]
[124 115 124 130]
[124 113 118 128]
[122 111 113 128]
[124 109 111 124]
[118 111 109 122]
[103 113 103 126]
[ 88 113  97 128]
[141  84  99  97]
[109  95  99 138]
[120 101 103 126]
[165  82 118 103]
[126  89 105  80]
[105  77  91 126]
[ 97  71  89 122]
[ 99  65  86 109]
[ 86  62  80 109]
[ 63  66  68 111]
[68 50 52 86]
[66 37 34 75]
[60 31 21 65]
[41 29 13 59]
[31 28  8 48]
[32 21  6 35]
[37 18  5 38]
[26 28  5 56]
[42 28  6 44]
[42 26  6 54]
[44 27  5 54]
[43 26  5 52]
[37 26  5 50]
[35 30  5 52]
[42 28  6 50]
[41 32  7 57]
[39 28  7 49]
[38 25  7 46]
[35 23  7 46]
[34 24  7 48]
[36 24  8 49]
[38 26  8 49]
[42 23  8 43]
[44 18  8 34]
[26 26  7 48]
[30 21  9 33]
[24 36 11 44]
[35 22 12 33]
[43 21 15 42]
[44 38 17 62]
[57 38 20 60]
[48 56 21 75]
[57 41 17 49]
[49 30 14 49]
[48 31 15 50]
[26 63 17 82]
[63 41 23 50]
[65 42 30 80]
[109  34  37  62]
[75 50 43 97]
[48 78 43 99]
[97 48 43 53]
[63 53 39 84]
[50 62 41 77]
[45 56 38 68]
[46 45 36 60]
[82 29 37 46]
[39 50 37 88]
[39 57 34 70]
[50 29 25 52]
[77 15 21 37]
[28 25 13 53]
[25 21 10 27]
[27 21 11 29]
[19 44 16 63]
[80 34 36 42]
[ 65  65  53 107]
[84 57 66 95]
[ 78  62  63 105]
[77 49 53 84]
[71 44 44 82]
[71 41 43 82]
[84 53 48 93]
[ 59  70  49 115]
[80 63 46 89]
[130  36  52  66]
[ 80  66  57 118]
[ 59  75  54 103]
[68 68 45 84]
[95 45 42 71]
[86 48 38 86]
[80 44 36 78]
[60 48 31 88]
[73 41 27 66]
[73 37 23 65]
[71 25 21 43]
[31 27 14 42]
[20 17  9 23]
[16 15  7 18]
[15 14  6 16]
[15 13  6 15]
[14 13  6 15]
[14 12  6 14]
[14 13  6 15]
[15 13  6 15]
[15 13  6 15]
[15 13  6 15]
[15 13  6 15]
[15 14  6 15]
[15 14  6 16]
[16 14  7 16]
[17 14  7 17]
[19 16  7 18]
[25 20 10 24]
[29 26 13 31]
[30 28 14 31]
[22 25 13 27]
[18 20 11 22]
[19 18 10 21]
[23 20 12 24]
[14 37 15 50]
[111  21  30  22]
[ 62  60  52 122]
[118  80  93  99]
[120 111 115 128]
[124 113 126 126]
[126 113 130 126]
[128 115 132 124]
[130 113 132 124]
[130 113 132 126]
[128 115 132 128]
[126 113 130 128]
[124 109 122 124]
[120 107 115 122]
[118 107 111 120]
[109 107 109 118]
[101 107 103 122]
[ 82 113  95 132]
[145  84  99  97]
[111  99 101 141]
[124 101 105 126]
[165  84 122 107]
[143  97 107 103]
[143 103  97 138]
[124  97  93 138]
[118  86  91 126]
[ 91  78  84 122]
[ 70  73  70 113]
[66 52 52 89]
[68 38 35 77]
[59 31 22 66]
[41 30 13 57]
[35 25  8 44]
[36 20  6 37]
[38 21  6 39]
[23 31  6 57]
[38 25  6 39]
[38 23  6 49]
[37 24  6 46]
[36 23  5 43]
[31 23  5 43]
[32 25  6 43]
[36 26  7 46]
[44 27  8 49]
[42 27  8 54]
[46 29  8 49]
[41 27  8 50]
[39 26  9 50]
[38 27  9 52]
[37 28  9 52]
[42 23  9 45]
[45 18  8 35]
[27 24  8 44]
[23 24  9 36]
[23 26 10 34]
[39 16 13 27]
[36 20 15 42]
[41 30 18 52]
[38 36 21 60]
[38 49 20 59]
[38 33 17 44]
[45 26 14 42]
[39 26 14 49]
[25 54 16 75]
[63 38 22 49]
[60 43 28 80]
[88 34 36 63]
[71 45 38 84]
[44 63 36 91]
[91 45 39 52]
[54 54 37 82]
[45 54 35 66]
[44 44 32 59]
[48 37 31 59]
[89 28 34 50]
[ 36  57  34 107]
[52 59 31 73]
[60 32 25 60]
[80 18 19 39]
[26 23 12 49]
[22 20  9 25]
[27 19  9 26]
[18 42 15 62]
[73 38 36 48]
[ 71  60  56 103]
[84 54 63 95]
[88 49 50 88]
[77 39 36 73]
[73 38 31 66]
[59 38 30 71]
[65 41 31 63]
[50 48 27 73]
[70 38 26 57]
[84 34 31 57]
[53 50 34 73]
[38 45 29 63]
[45 38 25 62]
[66 41 25 62]
[62 48 23 71]
[56 42 22 62]
[45 44 19 63]
[45 37 18 60]
[48 39 17 60]
[46 33 15 42]
[28 29 11 31]
[19 17  7 19]
[16 14  7 17]
[15 14  6 16]
[15 13  6 15]
[14 13  6 15]
[14 13  6 15]
[15 13  6 15]
[15 14  6 15]
[15 14  6 16]
[15 14  6 15]
[15 14  6 15]
[15 14  6 16]
[15 14  6 16]
[17 14  7 16]
[17 15  7 17]
[20 16  8 19]
[26 20 10 24]
[30 27 13 32]
[31 29 15 32]
[20 28 14 30]
[17 21 11 21]
[15 15 10 20]
[23 14 12 22]
[13 32 14 54]
[111  19  30  23]
[ 75  59  54 113]
[113  86  95 103]
[122 109 118 122]
[124 111 128 122]
[124 115 132 128]
[126 118 134 130]
[130 120 134 132]
[134 124 136 134]
[134 124 136 136]
[130 122 132 132]
[126 113 124 126]
[122 109 118 122]
[118 107 113 120]
[111 105 109 115]
[107 103 103 115]
[ 89 111  95 130]
[145  84 101  99]
[118 107 105 145]
[128 105 109 130]
[165  89 124 111]
[126 111 120 122]
[130 113 105 151]
[126 115  97 149]
[120 107  93 134]
[ 89 101  86 128]
[ 73  78  70 107]
[71 49 52 88]
[71 38 37 77]
[57 32 24 68]
[42 29 14 54]
[38 23  8 44]
[33 21  6 43]
[35 24  6 38]
[23 31  6 50]
[36 22  6 34]
[38 21  6 44]
[34 21  6 44]
[34 21  5 39]
[31 22  5 41]
[30 24  6 42]
[32 26  8 45]
[46 23  9 44]
[33 29  9 62]
[46 31 10 49]
[43 29  9 53]
[44 31 10 52]
[35 31 10 54]
[38 28  9 46]
[38 22  9 42]
[42 18  8 36]
[23 21  8 42]
[23 23  8 33]
[23 20  9 34]
[52 15 12 27]
[36 21 14 46]
[38 26 18 42]
[28 31 18 48]
[30 31 16 43]
[31 25 14 37]
[42 20 12 30]
[34 20 12 41]
[23 36 13 65]
[57 33 18 46]
[63 37 23 70]
[71 31 28 54]
[62 36 31 62]
[33 42 28 80]
[73 34 30 44]
[49 48 29 70]
[46 42 26 54]
[50 35 23 54]
[57 36 23 62]
[89 33 30 56]
[ 36  71  31 115]
[52 54 29 71]
[62 34 24 63]
[78 19 18 41]
[24 23 11 49]
[22 20  8 23]
[26 19  9 26]
[18 43 16 62]
[78 39 36 48]
[ 73  60  59 105]
[77 57 63 91]
[82 36 41 73]
[53 34 26 75]
[54 39 21 54]
[42 37 18 50]
[38 31 17 41]
[31 33 15 48]
[35 29 15 44]
[42 30 16 38]
[33 31 15 34]
[25 24 14 32]
[25 23 14 35]
[30 25 14 35]
[29 28 13 35]
[27 25 12 31]
[24 23 11 29]
[23 21 11 27]
[23 21 10 26]
[21 18  9 22]
[18 17  8 19]
[17 14  7 17]
[16 14  7 17]
[16 14  7 16]
[15 14  6 16]
[15 13  6 15]
[15 13  6 15]
[15 13  6 15]
[16 14  7 16]
[15 14  6 16]
[15 14  6 16]
[15 14  6 15]
[15 14  6 16]
[15 14  6 16]
[17 14  7 16]
[17 15  7 18]
[20 17  8 20]
[26 21 10 25]
[30 27 14 32]
[31 29 15 33]
[20 30 14 32]
[24 21 11 20]
[26 15 10 21]
[36 15 13 25]
[15 37 16 65]
[111  21  32  26]
[ 77  60  59 118]
[107  91  99 111]
[126 111 122 122]
[124 113 130 128]
[126 120 134 126]
[124 115 134 128]
[126 115 134 128]
[130 118 134 130]
[130 120 134 132]
[130 120 132 130]
[128 115 126 126]
[120 113 120 124]
[118 109 115 120]
[111 107 111 118]
[101 105 105 120]
[ 95 111  97 128]
[134  88 101 107]
[120 113 105 143]
[124 107 109 128]
[163  91 124 109]
[122 105 122  99]
[107  91 107 124]
[ 99  95 101 128]
[ 91  93  93 124]
[ 75  91  82 118]
[77 68 68 95]
[70 49 53 93]
[73 38 39 78]
[60 33 26 68]
[44 28 15 54]
[36 23 10 43]
[28 22  7 38]
[27 21  6 32]
[20 28  6 44]
[33 21  7 32]
[36 20  7 41]
[31 20  6 42]
[31 20  6 36]
[27 21  6 36]
[25 22  6 38]
[29 23  7 37]
[43 18  9 33]
[24 25  9 53]
[37 21  9 34]
[30 22  8 45]
[31 25  8 43]
[29 26  8 43]
[33 23  8 38]
[33 18  7 37]
[41 16  7 30]
[22 20  6 39]
[26 20  7 30]
[27 21  8 38]
[54 17 10 31]
[36 26 12 50]
[37 26 14 35]
[31 26 13 37]
[32 22 12 35]
[35 23 10 39]
[50 20 10 31]
[42 24 11 39]
[28 32 11 57]
[56 28 14 44]
[65 41 18 65]
[65 36 20 59]
[65 33 21 45]
[35 38 20 60]
[46 26 21 41]
[39 38 20 53]
[38 32 17 48]
[44 33 17 52]
[50 38 18 60]
[66 41 23 57]
[34 78 26 97]
[49 49 26 63]
[57 34 23 62]
[78 18 18 38]
[25 23 11 48]
[23 19  8 24]
[25 20 10 26]
[20 44 17 59]
[77 37 38 53]
[ 68  63  62 111]
[78 53 59 77]
[73 26 35 50]
[29 26 19 56]
[26 25 14 31]
[23 21 11 25]
[21 17 10 22]
[19 18  9 23]
[18 16  8 20]
[19 16  8 20]
[18 16  8 20]
[18 16  9 20]
[18 16  9 20]
[18 15  9 19]
[18 15  8 18]
[18 15  8 18]
[17 14  8 18]
[17 14  8 17]
[16 14  7 17]
[15 14  7 16]
[15 13  7 16]
[16 14  7 16]
[16 15  7 18]
[17 15  7 17]
[17 15  7 17]
[17 15  8 17]
[17 15  8 17]
[17 15  8 18]
[18 16  8 18]
[17 16  8 18]
[17 15  7 18]
[17 16  7 18]
[18 16  8 18]
[18 16  8 18]
[19 16  8 18]
[20 18  9 20]
[23 19 10 22]
[28 23 13 27]
[31 29 16 33]
[34 31 18 35]
[28 33 16 39]
[39 26 14 32]
[48 31 15 43]
[54 35 18 48]
[23 66 21 86]
[124  28  36  30]
[ 82  62  63 115]
[103  93 103 111]
[115 105 124 120]
[115 113 132 126]
[122 109 134 122]
[122 109 132 122]
[124 109 132 122]
[126 111 134 126]
[126 115 136 130]
[124 118 132 130]
[124 115 128 126]
[120 111 122 122]
[118 107 115 118]
[111 105 111 118]
[ 97 105 105 118]
[101  99  97 113]
[118  84 101 109]
[113 105 105 128]
[115  99 107 122]
[159  86 122 105]
[122 103 122  97]
[107  88 109 120]
[101  86  99 115]
[ 84  86  91 115]
[ 65  86  80 115]
[75 62 68 93]
[73 48 54 91]
[75 38 41 78]
[62 32 27 70]
[45 29 17 54]
[34 23 11 39]
[26 20  7 31]
[22 18  6 28]
[18 24  6 38]
[31 18  6 28]
[33 17  6 34]
[25 17  5 35]
[23 16  5 29]
[21 16  5 28]
[21 17  5 30]
[26 17  6 31]
[37 15  7 28]
[23 21  7 41]
[31 15  7 25]
[26 17  7 31]
[26 17  6 29]
[27 18  6 31]
[33 17  6 31]
[36 19  6 33]
[35 17  6 31]
[23 22  5 35]
[27 18  5 28]
[33 21  6 35]
[44 20  8 32]
[29 29  9 44]
[29 21  9 30]
[29 23  9 31]
[28 23  9 35]
[30 25  8 41]
[34 24  8 36]
[36 27  9 34]
[28 31  9 43]
[35 26 11 44]
[43 36 14 50]
[41 37 14 49]
[39 29 14 37]
[31 31 13 39]
[31 23 13 31]
[30 26 12 33]
[26 23 12 33]
[28 25 12 33]
[31 27 13 37]
[37 32 16 43]
[27 59 20 71]
[46 45 23 57]
[54 34 23 62]
[78 18 19 36]
[24 22 11 49]
[23 20  8 26]
[24 21  9 28]
[22 42 16 56]
[63 41 41 57]
[ 59  60  59 105]
[70 41 52 68]
[71 20 31 39]
[25 21 15 38]
[20 17 10 20]
[16 14  8 17]
[15 13  7 16]
[15 13  6 15]
[14 12  6 15]
[14 12  6 15]
[15 13  6 15]
[15 14  6 16]
[16 14  7 16]
[16 14  7 16]
[15 14  7 18]
[16 14  7 17]
[16 14  7 17]
[15 14  7 16]
[15 14  7 16]
[15 13  6 15]
[15 13  6 15]
[17 14  7 16]
[18 16  8 18]
[21 17  9 20]
[22 20 11 23]
[24 21 12 23]
[25 22 12 23]
[25 22 12 24]
[25 23 12 24]
[25 23 12 24]
[25 22 12 24]
[26 23 12 25]
[28 24 13 26]
[30 26 14 27]
[31 27 15 28]
[33 28 15 30]
[35 31 17 33]
[41 35 21 37]
[44 39 26 43]
[46 42 28 44]
[48 44 26 52]
[54 43 26 56]
[65 56 27 63]
[68 56 29 60]
[31 82 27 88]
[122  35  43  36]
[ 88  70  66 115]
[103  91 101 109]
[120 101 122 113]
[118 105 128 120]
[122 105 132 120]
[122 107 132 124]
[122 109 132 126]
[122 111 134 126]
[122 113 134 126]
[120 111 132 124]
[120 107 126 120]
[115 107 122 120]
[113 105 118 120]
[111 103 111 115]
[ 97 103 103 115]
[105  95  99 107]
[109  91 101 115]
[109  99 103 122]
[109  95 105 122]
[159  80 120 101]
[122 101 122  97]
[107  89 109 120]
[ 97  88 101 120]
[ 80  89  93 120]
[ 66  84  78 113]
[77 59 66 91]
[73 46 54 93]
[75 36 42 78]
[62 33 29 70]
[42 29 18 54]
[31 23 11 37]
[24 18  8 28]
[20 17  6 26]
[20 20  6 32]
[33 16  6 26]
[34 17  6 31]
[25 17  5 30]
[22 14  4 23]
[19 14  4 22]
[20 14  4 23]
[25 14  4 26]
[30 15  5 26]
[23 20  5 31]
[24 14  5 23]
[20 17  5 26]
[18 15  4 24]
[19 16  4 26]
[21 17  4 28]
[23 19  4 28]
[23 18  4 24]
[18 18  4 23]
[18 16  4 23]
[21 19  5 28]
[25 18  6 25]
[20 21  6 24]
[18 16  6 21]
[18 16  7 23]
[20 17  7 23]
[20 17  6 23]
[19 16  6 22]
[20 17  6 22]
[21 18  7 23]
[23 20  8 27]
[24 21 10 28]
[24 21  9 26]
[23 19  9 24]
[21 19  9 24]
[21 18  9 23]
[21 18  9 23]
[20 18  9 23]
[20 17  9 22]
[23 19 10 24]
[28 25 13 33]
[24 46 18 62]
[46 45 25 59]
[65 34 24 60]
[78 19 20 39]
[26 24 12 50]
[23 18  8 24]
[23 21  9 29]
[23 37 15 54]
[63 41 36 54]
[68 53 53 89]
[68 34 49 70]
[73 20 30 39]
[23 21 14 42]
[19 17  9 20]
[16 14  7 16]
[14 13  6 15]
[14 12  5 14]
[14 12  5 14]
[14 12  5 14]
[14 13  5 14]
[15 13  6 15]
[15 13  6 16]
[15 14  6 16]
[15 14  6 16]
[16 14  7 16]
[16 14  7 16]
[15 14  7 15]
[15 13  6 15]
[14 13  6 15]
[15 14  6 16]
[17 15  7 18]
[23 18  9 21]
[30 23 13 27]
[35 31 18 34]
[41 36 23 37]
[43 37 25 39]
[43 39 25 41]
[43 39 25 41]
[44 38 24 39]
[45 38 24 41]
[48 41 26 43]
[52 45 29 48]
[56 50 31 50]
[59 53 33 53]
[63 54 33 54]
[63 59 35 60]
[68 62 38 62]
[71 63 44 65]
[73 63 48 66]
[75 66 49 71]
[73 70 49 77]
[77 71 48 73]
[70 70 45 71]
[36 88 37 95]
[109  46  49  45]
[ 97  75  68 103]
[101  82  95 111]
[120 103 118 120]
[124 109 128 126]
[130 109 130 126]
[128 113 132 128]
[128 113 132 128]
[128 113 132 126]
[126 113 134 126]
[122 109 132 124]
[120 107 128 122]
[115 103 122 118]
[115 103 118 115]
[109 101 113 115]
[ 97 103 103 118]
[101  95  99 111]
[107  95  99 113]
[105  93 101 115]
[109  91 103 118]
[159  75 118  97]
[120 101 122  95]
[107  88 109 120]
[ 99  88 103 118]
[ 80  89  93 120]
[ 68  80  78 113]
[82 56 65 93]
[77 49 54 95]
[77 38 42 78]
[59 31 29 66]
[39 27 18 50]
[29 21 12 34]
[23 17  8 26]
[20 16  6 24]
[19 17  5 29]
[25 16  5 28]
[26 18  5 29]
[20 16  4 24]
[16 13  3 19]
[14 12  3 18]
[14 12  3 18]
[15 12  3 20]
[15 13  4 20]
[14 14  4 19]
[14 12  3 17]
[13 12  3 15]
[12 10  3 14]
[12 10  3 14]
[12 11  3 14]
[13 10  3 14]
[12 11  3 14]
[11 10  3 14]
[12 11  3 14]
[14 11  4 14]
[14 12  4 15]
[13 12  5 15]
[14 11  5 14]
[14 12  5 15]
[14 12  5 16]
[15 12  5 15]
[15 13  5 16]
[16 14  5 17]
[18 15  6 20]
[20 17  7 21]
[21 18  8 22]
[20 17  8 22]
[20 17  8 21]
[20 17  8 20]
[20 17  8 21]
[20 17  8 20]
[19 17  8 20]
[19 16  9 21]
[23 18 10 23]
[27 24 13 32]
[29 44 18 60]
[45 53 27 68]
[84 39 28 62]
[71 21 21 50]
[30 31 12 48]
[22 18  8 25]
[24 21  9 29]
[25 36 14 53]
[62 45 33 65]
[78 59 53 97]
[78 45 50 82]
[78 23 31 44]
[25 23 14 43]
[19 17  9 20]
[16 14  7 17]
[14 13  6 15]
[14 12  5 14]
[14 12  5 14]
[14 12  5 14]
[14 12  5 15]
[15 14  6 15]
[15 13  6 16]
[15 14  6 15]
[15 13  6 15]
[15 13  6 16]
[15 14  6 16]
[16 14  6 16]
[15 14  6 16]
[15 14  6 16]
[16 14  6 16]
[18 15  8 18]
[26 20 11 25]
[42 31 20 36]
[56 48 33 54]
[66 63 46 65]
[71 68 53 68]
[73 66 53 70]
[73 68 52 70]
[75 70 53 70]
[77 70 53 71]
[78 73 57 77]
[80 78 63 80]
[84 82 66 82]
[88 84 68 86]
[88 84 65 86]
[63 97 65 99]
[73 84 60 80]
[82 65 56 77]
[88 71 63 86]
[93 82 73 88]
[89 89 78 91]
[86 84 75 86]
[77 75 65 75]
[38 88 49 93]
[88 50 52 50]
[99 65 65 86]
[ 93  82  91 115]
[115 101 113 120]
[124 111 124 128]
[124 113 130 130]
[126 115 132 130]
[128 115 130 130]
[128 118 132 132]
[130 120 132 132]
[128 115 130 128]
[124 111 128 124]
[122 107 122 122]
[118 103 120 120]
[111 103 113 118]
[101 101 103 115]
[ 95  97  99 111]
[107  93  97 109]
[105  89  97 118]
[111  93 101 120]
[163  73 118  99]
[120  99 122  95]
[107  86 109 120]
[ 99  88 103 122]
[ 84  91  93 124]
[ 77  84  80 115]
[ 84  62  68 101]
[77 52 54 99]
[78 38 41 75]
[54 32 29 66]
[39 26 18 48]
[27 20 12 34]
[23 17  8 26]
[19 15  6 23]
[18 15  5 23]
[18 14  5 23]
[18 13  4 18]
[13 11  3 16]
[11 10  3 14]
[10  9  3 12]
[10  8  3 11]
[11  8  3 11]
[10  8  3 11]
[10  8  3 11]
[10  8  3 11]
[10  8  3 11]
[10  8  3 11]
[10  8  3 11]
[11  9  3 11]
[11  9  3 12]
[11  9  3 12]
[12 10  3 12]
[12 10  3 13]
[13 11  4 14]
[13 11  4 14]
[13 12  4 14]
[14 12  5 14]
[14 12  5 15]
[14 13  6 16]
[15 13  6 16]
[16 14  6 17]
[18 15  6 19]
[20 17  7 21]
[23 19  9 23]
[22 20 10 25]
[22 20 10 23]
[23 20 10 23]
[23 20 10 23]
[24 21 11 24]
[24 21 11 25]
[25 21 12 24]
[24 22 12 26]
[26 22 12 26]
[33 27 15 33]
[38 45 21 63]
[39 66 31 86]
[111  39  31  50]
[54 27 21 66]
[30 32 12 42]
[23 18  8 24]
[24 20  9 28]
[26 35 15 53]
[56 49 33 71]
[77 63 53 95]
[84 46 49 78]
[75 24 30 45]
[26 25 14 41]
[18 17  9 20]
[16 14  7 16]
[14 13  5 15]
[14 12  5 14]
[14 12  5 14]
[14 12  5 14]
[15 13  5 15]
[15 13  6 15]
[15 14  6 15]
[14 13  6 15]
[15 13  6 15]
[15 13  6 15]
[15 13  6 15]
[15 14  6 16]
[16 14  6 16]
[15 14  6 16]
[16 14  7 16]
[20 16  8 20]
[31 23 14 28]
[52 37 28 46]
[71 65 53 75]
[91 86 78 89]
[99 93 89 95]
[99 93 91 95]
[97 93 89 99]
[101  95  89  99]
[103  97  91  97]
[103  97  95  99]
[105  97  99 101]
[103  97 101 101]
[105  97  99 101]
[103  93  89  99]
[ 48 115  80 115]
[73 77 63 60]
[66 41 53 70]
[93 48 60 80]
[93 73 78 99]
[105  97  99 101]
[99 91 97 95]
[82 82 82 84]
[43 84 57 91]
[77 54 52 56]
[101  56  62  77]
[ 97  80  84 111]
[113  99 107 118]
[124 107 122 124]
[126 109 128 124]
[126 107 128 124]
[122 109 130 128]
[122 113 130 130]
[124 115 130 128]
[124 115 130 128]
[122 111 126 126]
[120 109 124 124]
[118 105 120 120]
[107 103 111 118]
[101  99 103 113]
[ 95  95  95 113]
[113  91  95 107]
[109  95  97 124]
[118  95 101 122]
[168  78 118 101]
[120  99 120  93]
[109  86 109 120]
[101  89 105 124]
[ 89  93  95 126]
[ 82  88  84 122]
[ 89  68  70 103]
[80 53 54 97]
[75 37 39 77]
[56 32 27 65]
[41 26 17 45]
[27 20 12 35]
[21 17  8 26]
[18 14  6 22]
[18 14  5 20]
[16 13  5 20]
[17 12  4 16]
[13 11  4 15]
[11 10  3 13]
[11  9  3 12]
[10  9  3 12]
[10  9  3 11]
[10  9  3 12]
[11  9  3 12]
[11 10  3 12]
[11 10  3 13]
[11 10  3 12]
[12 10  4 13]
[13 11  4 14]
[14 12  4 14]
[14 12  5 15]
[14 12  5 16]
[15 13  5 16]
[16 14  5 17]
[17 14  6 17]
[17 15  6 18]
[19 16  7 19]
[20 17  8 20]
[20 18  8 21]
[23 17  9 21]
[24 18  9 23]
[29 21 11 25]
[31 25 12 30]
[36 29 14 33]
[37 31 16 35]
[38 31 17 35]
[39 31 18 35]
[39 33 18 38]
[43 34 20 38]
[43 36 21 41]
[43 37 22 41]
[39 37 21 39]
[36 35 21 38]
[42 35 21 41]
[46 49 28 66]
[ 31  82  35 101]
[122  35  34  38]
[42 31 20 73]
[31 30 12 34]
[25 19  8 24]
[26 21 10 31]
[27 36 16 52]
[50 50 34 68]
[75 54 50 84]
[84 42 46 73]
[66 26 30 49]
[25 24 14 37]
[17 16  8 19]
[14 13  6 15]
[14 12  5 14]
[13 12  5 14]
[14 12  5 14]
[14 12  5 14]
[15 13  5 15]
[15 14  6 16]
[15 14  6 15]
[14 13  6 15]
[14 13  6 15]
[14 13  6 15]
[15 13  6 15]
[15 14  6 16]
[16 14  6 16]
[16 14  6 16]
[17 14  7 17]
[21 17  9 20]
[33 24 16 30]
[57 42 34 52]
[84 75 70 86]
[107  97 103 107]
[113 107 118 115]
[118 107 120 113]
[115 107 118 115]
[115 107 118 115]
[118 107 120 115]
[118 109 122 115]
[115 107 122 115]
[118 103 122 113]
[115 103 115 113]
[115 103 105 111]
[ 50 126  75 132]
[120  66  52  53]
[105  41  43  80]
[124  52  57  95]
[ 97  84  86 128]
[118 109 113 113]
[109 103 113 111]
[93 89 93 91]
[52 88 63 93]
[68 59 52 63]
[101  56  59  73]
[ 95  78  78 113]
[113 101 105 120]
[124 109 120 126]
[128 111 126 128]
[126 109 126 128]
[122 111 126 126]
[122 109 126 124]
[122 109 126 124]
[124 111 128 126]
[122 109 126 126]
[118 109 124 124]
[118 103 120 118]
[101  99 111 115]
[ 99  93 101 107]
[ 91  91  91 111]
[109  89  93 111]
[107 101  97 126]
[120 101 101 124]
[167  80 118 105]
[120  99 120  95]
[107  88 107 120]
[101  89 105 124]
[ 93  91  97 126]
[ 82  89  86 126]
[ 88  73  71 107]
[82 56 54 97]
[73 38 38 78]
[56 33 26 65]
[42 26 17 46]
[29 22 12 35]
[23 17  8 25]
[18 14  6 21]
[17 13  5 19]
[16 13  5 20]
[18 12  5 18]
[18 14  5 18]
[16 14  6 18]
[16 14  6 17]
[15 13  5 16]
[16 12  5 15]
[16 12  5 16]
[18 13  6 16]
[19 15  6 18]
[20 15  6 19]
[22 15  6 18]
[23 16  7 20]
[24 18  7 23]
[26 20  8 24]
[28 21  9 24]
[26 21  9 26]
[27 22 10 25]
[30 21 10 26]
[31 23 11 29]
[33 28 13 32]
[37 30 15 34]
[38 32 16 37]
[38 32 17 37]
[43 31 17 35]
[44 33 17 41]
[50 38 20 44]
[52 45 23 52]
[56 50 26 54]
[59 52 29 57]
[62 53 31 59]
[65 56 32 59]
[66 57 34 62]
[66 59 37 63]
[68 62 39 66]
[65 63 41 65]
[57 60 39 62]
[50 53 33 53]
[53 43 31 46]
[50 53 35 66]
[31 80 36 99]
[120  29  35  31]
[37 34 20 73]
[29 24 11 32]
[26 21  9 28]
[29 25 11 32]
[27 37 18 52]
[54 46 34 62]
[77 50 52 84]
[80 43 49 77]
[59 29 29 49]
[23 23 13 32]
[16 14  7 17]
[13 12  5 14]
[13 11  5 13]
[12 11  4 13]
[13 11  5 13]
[14 12  5 14]
[15 13  5 15]
[15 14  6 16]
[15 14  6 16]
[15 13  6 15]
[14 13  6 15]
[14 13  6 15]
[15 13  6 15]
[15 14  6 16]
[16 14  6 16]
[16 14  6 17]
[17 15  7 17]
[21 17  9 21]
[35 25 16 30]
[57 44 37 56]
[88 77 75 89]
[113  99 111 111]
[118 109 128 122]
[122 109 128 120]
[120 111 130 122]
[120 113 130 124]
[122 111 132 122]
[120 109 130 122]
[118 105 130 118]
[111 107 130 120]
[111 105 122 118]
[120 101 109 109]
[ 46 141  71 163]
[122  78  49  84]
[145  66  36 115]
[151  75  52 122]
[118 120  88 145]
[122 113 118 120]
[115 111 122 115]
[99 93 99 97]
[62 86 66 95]
[60 66 50 73]
[101  56  56  66]
[ 88  73  73 109]
[105  97  99 118]
[120 105 118 124]
[124 105 122 126]
[120 107 122 126]
[118 107 122 122]
[120 105 122 122]
[120 109 124 126]
[122 111 126 128]
[124 111 126 126]
[122 109 122 124]
[120 105 120 120]
[101 103 109 118]
[101  89  99 103]
[ 91  86  89 109]
[105  86  91 107]
[101  95  95 122]
[120  95  99 118]
[163  78 118 105]
[120 101 120  93]
[105  86 107 120]
[ 99  86 103 120]
[ 95  84  95 120]
[ 82  84  86 124]
[ 82  73  71 107]
[84 56 54 93]
[73 41 38 78]
[57 33 26 63]
[41 27 17 48]
[29 22 11 34]
[21 17  8 26]
[18 14  6 21]
[17 13  5 18]
[17 14  5 20]
[21 15  6 21]
[26 19  9 26]
[28 24 12 31]
[29 26 12 31]
[28 24 11 29]
[28 22 11 28]
[27 24 11 31]
[31 28 13 34]
[35 31 14 36]
[39 31 14 37]
[42 33 15 42]
[45 37 16 44]
[45 41 17 45]
[48 41 18 45]
[48 42 19 46]
[42 45 20 49]
[44 42 20 44]
[46 38 21 45]
[48 43 23 52]
[52 49 27 56]
[57 54 31 60]
[57 56 33 62]
[54 53 32 59]
[56 46 31 54]
[57 46 29 57]
[59 52 31 60]
[63 59 34 63]
[66 57 35 63]
[68 59 37 66]
[68 62 39 70]
[70 63 42 71]
[70 65 44 71]
[71 65 46 73]
[77 68 52 73]
[75 71 56 78]
[65 71 54 75]
[56 60 45 62]
[56 45 37 52]
[50 52 39 65]
[35 75 37 95]
[103  28  35  35]
[39 39 20 65]
[27 23 11 31]
[25 21  9 29]
[31 26 12 32]
[27 39 20 56]
[65 45 37 62]
[78 53 56 91]
[82 50 53 77]
[54 31 29 48]
[23 21 12 30]
[16 14  7 17]
[13 12  5 14]
[13 11  5 13]
[13 11  5 13]
[14 12  5 14]
[14 13  5 15]
[15 14  6 16]
[16 14  6 16]
[15 14  6 16]
[15 14  6 16]
[15 13  6 15]
[15 13  6 15]
[15 13  6 15]
[16 14  6 16]
[16 14  6 17]
[16 14  6 17]
[17 15  7 18]
[21 18  9 21]
[34 24 16 30]
[53 44 37 56]
[86 73 75 84]
[111  91 111 107]
[115 105 126 122]
[120 109 128 120]
[118 111 130 122]
[118 113 132 124]
[122 109 132 122]
[118 107 130 120]
[118 103 128 115]
[109 103 128 115]
[109 101 122 111]
[118  88 107 107]
[ 48 132  70 159]
[109  80  46  84]
[149  60  33 101]
[130  73  48 132]
[124 115  82 132]
[122 113 118 122]
[120 113 124 120]
[101  95 101 101]
[68 86 68 95]
[52 73 50 82]
[103  53  53  57]
[ 84  68  68 107]
[ 97  91  95 113]
[113  99 113 118]
[120  95 118 122]
[115  97 115 122]
[115 101 115 120]
[115 101 115 120]
[118 105 120 124]
[113 107 124 126]
[124 105 124 122]
[118 105 120 128]
[113 109 120 126]
[101 105 107 120]
[105  88  95 103]
[ 93  86  88 109]
[105  86  89 107]
[103  95  93 122]
[122  93  99 118]
[165  82 118 107]
[122 101 118  93]
[107  86 105 120]
[103  84 101 120]
[101  80  95 115]
[ 84  82  86 124]
[ 82  75  71 111]
[86 57 56 93]
[75 44 39 80]
[62 33 26 63]
[39 28 17 49]
[29 23 11 34]
[20 17  8 25]
[18 13  6 18]
[15 12  5 18]
[17 13  5 19]
[26 17  8 25]
[35 28 14 38]
[42 38 23 49]
[44 39 25 49]
[44 35 23 44]
[45 33 21 43]
[43 37 23 46]
[49 42 26 48]
[52 45 29 54]
[57 45 31 57]
[57 50 32 60]
[60 53 32 60]
[62 53 32 59]
[59 53 32 60]
[56 54 32 60]
[52 56 31 57]
[54 50 32 52]
[60 48 36 54]
[62 53 43 63]
[68 60 49 70]
[71 65 54 73]
[73 66 54 73]
[65 60 49 68]
[63 50 42 57]
[56 48 37 59]
[48 52 36 62]
[49 52 35 57]
[45 48 34 59]
[42 49 34 60]
[42 49 33 57]
[42 44 33 56]
[42 44 34 54]
[44 45 38 56]
[53 45 44 59]
[57 53 52 68]
[57 59 54 68]
[53 53 46 60]
[59 43 39 50]
[50 49 39 63]
[41 65 38 82]
[84 31 34 42]
[39 37 20 57]
[28 24 11 31]
[25 23 10 30]
[32 26 14 33]
[30 43 22 59]
[73 46 43 62]
[ 78  59  62 101]
[82 54 57 77]
[56 32 31 48]
[25 21 13 31]
[17 15  8 18]
[14 13  6 14]
[13 11  5 13]
[13 12  5 14]
[14 12  5 14]
[15 13  5 15]
[16 14  6 16]
[16 14  6 17]
[16 14  6 16]
[15 14  6 16]
[15 13  6 15]
[15 13  6 15]
[15 13  6 16]
[16 14  6 16]
[16 14  6 16]
[16 14  6 17]
[17 15  7 17]
[21 18  9 21]
[34 23 16 29]
[50 43 36 56]
[84 70 73 80]
[111  88 109 103]
[113 103 126 122]
[118 107 128 118]
[115 111 128 122]
[118 113 130 122]
[124 107 130 122]
[122 105 130 122]
[120 105 130 122]
[109 109 128 124]
[115 103 122 111]
[126  91 107 107]
[ 53 128  70 159]
[105  86  45  89]
[159  56  35  88]
[122  77  46 134]
[115 107  82 128]
[120 113 118 124]
[118 113 124 120]
[103  97 103 103]
[73 84 71 93]
[45 80 50 88]
[105  49  50  53]
[ 82  66  63 105]
[ 95  89  88 111]
[113  93 105 115]
[122  91 113 120]
[113  93 111 124]
[113  97 111 120]
[113  97 111 120]
[120 101 115 120]
[107 107 120 128]
[124  99 120 115]
[113  99 118 128]
[107 105 115 124]
[101  99 103 115]
[105  82  93 103]
[ 95  86  86 113]
[105  88  88 109]
[105  95  91 124]
[122  95  97 122]
[165  84 115 107]
[122 103 118  95]
[107  88 103 124]
[107  82  99 120]
[103  78  93 118]
[ 86  86  86 124]
[ 82  77  71 111]
[84 60 57 95]
[78 46 41 80]
[63 35 27 65]
[38 31 17 52]
[27 23 11 33]
[21 15  7 23]
[18 12  6 18]
[15 13  5 18]
[18 14  6 20]
[28 19  9 29]
[43 34 20 48]
[57 48 34 62]
[60 49 39 63]
[57 45 37 60]
[53 45 36 60]
[46 50 38 65]
[52 53 43 65]
[56 54 48 68]
[62 53 49 68]
[59 53 49 70]
[57 53 48 68]
[56 53 45 65]
[50 53 43 63]
[46 50 39 59]
[46 46 36 56]
[57 44 38 56]
[70 52 48 65]
[75 65 60 78]
[84 71 70 84]
[84 80 75 93]
[86 78 73 89]
[75 70 62 80]
[71 56 50 65]
[54 53 42 63]
[46 50 36 54]
[48 38 31 44]
[45 35 27 44]
[43 34 26 43]
[48 31 25 38]
[46 30 25 42]
[45 31 26 43]
[49 32 29 43]
[54 34 36 48]
[57 41 45 59]
[59 48 52 65]
[53 49 48 62]
[59 43 43 52]
[48 52 42 68]
[44 63 42 77]
[78 36 36 44]
[41 38 21 56]
[31 28 14 33]
[29 27 13 33]
[34 30 17 38]
[37 46 26 63]
[78 50 49 68]
[ 82  70  68 105]
[80 54 60 80]
[60 34 33 50]
[27 23 15 33]
[18 16  8 20]
[14 13  6 15]
[14 12  5 14]
[14 12  5 14]
[14 12  5 14]
[15 13  5 15]
[16 14  6 16]
[16 14  6 17]
[15 14  6 16]
[15 13  6 15]
[14 13  5 15]
[14 13  5 15]
[15 13  5 15]
[15 13  5 15]
[15 13  5 16]
[15 14  6 16]
[17 15  7 17]
[21 18  9 21]
[35 23 16 29]
[49 45 35 57]
[88 70 73 80]
[118  89 111 105]
[115 107 126 124]
[118 109 128 120]
[118 113 128 124]
[124 113 128 124]
[130 109 130 124]
[128 111 130 128]
[124 111 130 126]
[109 118 128 130]
[120 105 122 115]
[132  91 109 109]
[ 77 126  73 155]
[120  91  50 103]
[174  73  48  95]
[124  97  60 143]
[115 107  88 124]
[115 111 115 122]
[113 109 124 120]
[105  93 103 101]
[75 82 75 93]
[43 84 52 93]
[105  46  50  50]
[ 80  66  62 109]
[ 95  89  84 113]
[115  95 101 118]
[126  93 109 124]
[115  95 107 126]
[111  93 107 120]
[111  93 105 120]
[124  95 109 120]
[107 111 113 134]
[132 101 118 115]
[118 101 115 130]
[109 103 111 126]
[105  95 103 115]
[107  82  93 107]
[ 97  86  86 113]
[105  88  88 111]
[109  95  91 122]
[124  95  97 124]
[165  84 115 109]
[124 103 118  95]
[111  86 103 124]
[109  80  97 122]
[105  78  93 118]
[ 86  86  86 122]
[ 80  77  73 109]
[80 62 57 95]
[80 46 42 78]
[62 36 28 65]
[38 31 17 50]
[26 22 11 31]
[21 15  7 21]
[16 12  6 20]
[16 13  5 17]
[18 14  6 19]
[31 21 11 31]
[48 37 24 54]
[66 54 44 73]
[71 57 52 78]
[66 53 48 71]
[62 50 45 65]
[57 52 45 65]
[70 49 52 63]
[77 52 57 71]
[80 53 62 75]
[77 54 60 75]
[71 53 57 71]
[70 48 53 65]
[65 45 46 60]
[59 44 42 56]
[57 43 41 56]
[60 45 45 65]
[71 54 56 73]
[84 68 70 86]
[93 78 84 95]
[ 93  89  89 103]
[95 86 86 97]
[82 75 71 88]
[78 60 56 71]
[68 54 44 66]
[71 52 37 59]
[73 49 35 62]
[70 53 32 68]
[73 56 31 70]
[82 56 31 71]
[78 62 31 77]
[77 63 31 77]
[80 59 33 73]
[82 62 41 73]
[78 65 50 78]
[70 65 54 78]
[59 60 52 70]
[63 46 46 53]
[49 53 45 68]
[53 59 46 70]
[77 41 43 52]
[45 46 29 63]
[39 35 19 42]
[35 34 18 41]
[37 38 23 46]
[45 48 33 66]
[75 52 54 77]
[ 86  73  71 101]
[78 54 60 82]
[62 33 33 50]
[28 24 15 35]
[18 17  9 20]
[15 13  6 15]
[14 12  5 14]
[14 12  5 14]
[14 12  5 14]
[15 13  5 15]
[15 14  6 16]
[16 14  6 16]
[15 14  6 16]
[14 13  5 15]
[14 12  5 14]
[14 12  5 14]
[14 12  5 15]
[14 13  5 15]
[14 13  5 15]
[15 13  5 15]
[17 14  6 17]
[21 18  9 21]
[36 23 16 29]
[48 46 36 60]
[91 71 75 82]
[122  93 113 111]
[120 111 130 128]
[124 113 130 124]
[124 115 128 128]
[128 115 128 128]
[134 115 130 130]
[130 118 130 132]
[128 118 132 130]
[111 122 128 132]
[122 107 124 118]
[136  91 111 111]
[101 120  84 151]
[130 105  65 132]
[172 107  68 118]
[130 130  80 143]
[115 111  95 120]
[109 109 118 120]
[111 109 122 113]
[107  88 103  99]
[78 80 77 93]
[42 86 53 97]
[103  45  52  49]
[ 77  65  60 107]
[ 91  86  80 111]
[111  93  97 120]
[122  95 105 124]
[118  95 105 126]
[111  93 103 122]
[115  91 103 118]
[124  91 107 122]
[105 115 111 143]
[136 103 115 118]
[124 105 115 134]
[113 107 111 132]
[111 101 103 122]
[109  89  93 111]
[ 99  88  86 113]
[103  88  86 113]
[109  95  89 122]
[124  95  95 124]
[165  86 118 111]
[122 101 118  95]
[113  86 103 124]
[115  80  99 122]
[107  82  95 120]
[ 86  88  88 122]
[ 80  77  73 105]
[77 59 56 91]
[77 43 39 73]
[56 35 26 63]
[36 29 16 46]
[26 20 10 31]
[21 14  7 20]
[16 13  6 19]
[15 12  5 17]
[18 14  6 20]
[31 22 12 32]
[50 41 26 59]
[73 59 48 77]
[77 62 57 82]
[70 56 52 75]
[68 52 48 68]
[65 57 49 78]
[84 63 59 84]
[ 93  73  68 101]
[101  78  71 105]
[101  78  70 101]
[99 77 66 95]
[93 73 63 91]
[86 73 60 91]
[78 70 53 84]
[77 66 50 78]
[73 65 52 75]
[82 63 60 75]
[86 70 73 89]
[95 84 88 99]
[ 97  91  93 107]
[ 97  89  89 101]
[84 78 77 93]
[82 63 60 77]
[71 65 50 84]
[75 70 50 88]
[82 80 52 91]
[82 82 48 91]
[82 82 46 93]
[86 82 48 95]
[84 86 48 93]
[80 82 46 89]
[78 78 48 88]
[82 77 52 86]
[84 77 57 82]
[73 73 60 80]
[60 62 53 68]
[57 49 49 56]
[52 53 49 66]
[59 57 53 73]
[75 50 54 65]
[56 54 39 68]
[46 42 28 50]
[39 44 27 54]
[45 46 32 53]
[57 49 42 65]
[71 54 62 88]
[86 68 73 97]
[78 54 60 80]
[60 33 34 50]
[27 24 15 35]
[19 16  8 20]
[15 13  6 15]
[14 12  5 14]
[14 12  5 14]
[14 12  5 15]
[15 13  5 14]
[15 13  5 15]
[15 14  6 16]
[15 13  5 15]
[14 13  5 15]
[14 12  5 14]
[14 12  5 14]
[14 12  5 14]
[14 13  5 14]
[14 13  5 14]
[15 13  5 15]
[17 14  7 17]
[21 18  9 21]
[36 23 16 29]
[46 48 35 62]
[93 71 75 82]
[124  95 115 113]
[124 115 132 132]
[128 115 132 126]
[126 118 130 130]
[128 115 128 130]
[130 115 128 130]
[128 118 130 130]
[128 118 130 128]
[111 122 128 134]
[124 107 124 118]
[134  93 115 113]
[109 111 101 141]
[111 115  89 138]
[136 113  89 122]
[122 128  93 124]
[120 105 105 109]
[107 109 118 122]
[113 107 122 113]
[107  88 105 101]
[80 80 78 95]
[42 86 53 97]
[103  45  50  49]
[ 77  65  57 105]
[ 91  84  78 109]
[109  93  95 120]
[120  95 105 124]
[118  95 105 126]
[111  95 105 126]
[122  91 105 118]
[126  93 109 124]
[101 115 111 143]
[134 101 113 115]
[126 105 113 134]
[113 111 113 136]
[113 103 105 124]
[111  91  95 113]
[101  88  86 111]
[ 97  88  84 113]
[109  89  88 115]
[120  91  93 124]
[165  86 115 111]
[124  99 115  93]
[120  82 101 122]
[118  82 101 126]
[107  88  99 126]
[ 84  91  88 122]
[ 77  77  73 103]
[75 56 54 86]
[70 39 37 70]
[50 33 24 57]
[32 26 14 42]
[24 20  9 29]
[20 14  7 21]
[16 14  5 18]
[15 12  5 17]
[19 14  6 20]
[31 22 12 32]
[50 42 28 59]
[71 59 50 80]
[77 63 59 84]
[71 57 53 75]
[66 53 49 73]
[60 62 52 84]
[80 68 62 86]
[88 75 71 99]
[ 89  78  77 103]
[ 89  78  75 101]
[93 77 73 99]
[93 78 73 97]
[93 82 71 95]
[86 78 68 91]
[77 73 62 84]
[75 70 59 77]
[82 63 63 77]
[86 71 75 89]
[95 82 86 97]
[ 97  91  93 105]
[ 97  88  89 103]
[86 80 77 91]
[84 63 65 77]
[75 63 59 80]
[78 71 63 82]
[84 77 68 84]
[84 75 68 86]
[88 75 68 84]
[86 77 70 86]
[84 78 70 86]
[78 73 68 82]
[80 71 68 80]
[80 71 68 82]
[80 71 70 82]
[73 70 65 78]
[57 60 54 68]
[49 50 49 59]
[56 49 49 59]
[60 52 57 75]
[73 59 65 75]
[62 56 52 70]
[53 44 39 59]
[45 52 37 65]
[52 54 42 65]
[71 52 53 73]
[82 63 70 97]
[ 86  68  78 103]
[77 54 62 82]
[62 32 33 48]
[26 23 15 34]
[18 16  8 19]
[15 13  6 15]
[14 12  5 14]
[14 12  5 14]
[14 13  5 15]
[14 12  5 14]
[15 13  5 15]
[14 13  5 15]
[15 13  5 15]
[14 13  5 15]
[14 12  5 14]
[14 12  5 14]
[14 12  5 14]
[14 13  5 14]
[15 13  5 15]
[15 14  6 15]
[18 15  7 17]
[21 18  9 23]
[36 23 16 29]
[46 48 34 62]
[95 70 73 80]
[122  93 113 115]
[126 115 132 132]
[128 115 132 128]
[126 115 130 128]
[126 113 128 126]
[124 113 128 126]
[124 115 128 128]
[124 115 130 128]
[111 122 126 134]
[124 107 122 118]
[134  93 118 111]
[115 103 109 124]
[109 105 103 115]
[115 101 103 109]
[107 107 107 115]
[122 103 115 109]
[105 113 122 128]
[115 107 122 113]
[107  89 105  99]
[82 80 78 93]
[ 39  86  53 101]
[101  45  48  49]
[ 77  65  54 105]
[ 93  84  77 111]
[111  95  97 122]
[120  97 105 126]
[122  95 107 128]
[113  97 107 130]
[128  91 107 120]
[126  93 109 126]
[103 113 109 141]
[134  97 113 115]
[122 105 113 136]
[115 109 111 132]
[111 103 105 124]
[113  93  97 113]
[101  86  88 113]
[ 93  88  82 111]
[107  84  84 109]
[118  89  91 122]
[165  84 115 109]
[122  97 113  91]
[120  80 101 124]
[113  88 105 130]
[ 95  93 103 126]
[ 75  88  89 115]
[71 65 70 93]
[71 49 52 78]
[65 36 35 65]
[46 30 22 52]
[31 24 14 37]
[23 18  9 26]
[18 14  6 20]
[15 13  5 17]
[15 12  5 17]
[20 14  7 20]
[32 23 13 34]
[53 43 30 59]
[73 60 53 80]
[78 63 59 84]
[73 56 54 75]
[70 53 50 71]
[60 62 53 80]
[77 63 63 77]
[84 66 71 88]
[86 66 77 89]
[86 66 77 88]
[89 65 77 88]
[89 71 78 95]
[91 78 82 95]
[88 78 78 91]
[75 75 71 88]
[75 66 65 77]
[84 60 66 75]
[86 70 75 89]
[91 82 84 97]
[ 95  91  91 103]
[ 97  88  89 101]
[80 80 77 93]
[84 65 66 75]
[75 65 63 82]
[78 75 73 88]
[89 80 82 91]
[93 80 86 95]
[97 82 88 97]
[95 86 91 99]
[95 86 91 97]
[89 82 88 93]
[91 78 86 91]
[88 80 86 93]
[84 77 82 89]
[73 70 70 82]
[57 59 56 70]
[49 50 46 59]
[65 46 50 57]
[57 60 65 89]
[70 65 73 82]
[66 53 62 71]
[60 44 52 65]
[49 53 46 77]
[59 59 52 77]
[86 59 63 84]
[ 91  70  82 111]
[ 93  75  88 109]
[73 59 68 86]
[63 31 35 46]
[26 21 15 35]
[18 16  8 18]
[14 13  6 15]
[14 12  5 15]
[15 13  5 15]
[14 13  5 15]
[15 13  5 14]
[14 13  5 15]
[14 13  5 15]
[14 13  5 15]
[14 13  5 14]
[14 12  5 14]
[14 12  5 14]
[14 13  5 15]
[14 13  5 15]
[15 13  6 15]
[15 13  6 16]
[17 14  7 17]
[20 18  9 21]
[35 23 15 28]
[45 46 33 60]
[93 68 71 78]
[122  95 113 115]
[126 113 130 132]
[126 118 134 128]
[126 115 132 126]
[124 113 130 124]
[122 111 128 124]
[122 113 128 124]
[122 113 128 124]
[109 120 124 132]
[122 105 122 118]
[132  95 118 113]
[118 103 113 124]
[113 105 111 118]
[120 105 113 113]
[111 111 118 122]
[128 105 124 111]
[109 118 126 132]
[115 109 124 115]
[109  91 105 101]
[86 77 80 91]
[38 86 52 99]
[95 44 45 46]
[ 73  62  50 101]
[ 91  84  73 109]
[111  95  97 122]
[122  97 105 130]
[122  97 107 130]
[118  99 107 132]
[130  89 107 122]
[124  93 107 128]
[103 111 105 138]
[132  95 109 115]
[122 103 111 132]
[122 105 109 128]
[107 105 105 130]
[118  95  99 113]
[ 99  86  88 113]
[ 89  86  80 111]
[107  80  82 105]
[118  89  91 124]
[167  84 118 107]
[120  95 111  89]
[107  80 101 122]
[ 97  86 103 126]
[ 84  82  97 113]
[71 71 82 99]
[73 52 66 86]
[70 42 52 80]
[66 35 35 63]
[43 29 22 50]
[29 23 13 35]
[21 17  8 24]
[17 14  6 19]
[15 12  5 16]
[15 12  5 16]
[20 14  7 20]
[33 24 14 35]
[57 44 31 60]
[77 63 54 82]
[80 66 62 86]
[75 59 56 77]
[71 54 53 73]
[63 63 54 84]
[82 66 65 82]
[89 71 73 93]
[89 71 78 97]
[95 70 78 91]
[97 70 80 93]
[93 77 84 99]
[93 80 84 95]
[89 77 80 91]
[75 77 73 88]
[77 66 68 77]
[84 62 68 77]
[86 71 75 89]
[91 82 86 97]
[ 93  91  91 103]
[97 86 89 97]
[77 80 77 95]
[88 63 66 71]
[75 65 65 84]
[80 77 77 91]
[91 80 88 95]
[97 80 93 99]
[ 99  82  95 103]
[ 97  88  97 107]
[ 95  88  97 101]
[91 84 95 99]
[93 80 93 97]
[91 80 91 97]
[89 77 86 89]
[75 68 73 82]
[57 60 57 71]
[50 52 46 63]
[66 50 53 65]
[60 75 70 95]
[78 65 78 80]
[75 49 70 78]
[77 45 62 73]
[62 54 57 88]
[70 65 62 91]
[97 66 73 95]
[ 99  80  91 122]
[101  80  95 115]
[70 65 71 93]
[71 29 36 42]
[25 20 15 37]
[18 16  8 19]
[15 13  6 15]
[14 12  5 15]
[14 12  5 15]
[14 13  5 15]
[14 13  5 15]
[15 13  5 15]
[15 13  5 15]
[15 13  6 15]
[14 13  5 15]
[14 12  5 14]
[14 12  5 14]
[14 12  5 14]
[14 13  5 15]
[14 12  5 14]
[14 12  5 15]
[16 14  6 16]
[20 17  8 20]
[34 22 15 27]
[44 46 33 60]
[93 68 73 78]
[122  95 113 113]
[124 113 132 130]
[126 118 136 128]
[126 115 136 126]
[126 113 134 124]
[124 113 132 124]
[120 113 130 124]
[120 113 128 124]
[109 118 124 130]
[122 107 122 118]
[132  95 118 113]
[118 103 118 124]
[118 107 115 120]
[120 107 120 118]
[118 113 122 124]
[132 107 126 115]
[111 122 128 136]
[118 111 124 118]
[111  91 105 103]
[89 77 80 91]
[ 37  88  52 101]
[91 44 44 45]
[70 60 49 97]
[ 89  80  73 107]
[109  93  95 122]
[120  97 103 130]
[122  97 101 130]
[118  97 101 132]
[132  88 101 120]
[120  93 101 128]
[105 105 101 132]
[128  91 103 113]
[122 103 105 130]
[124 103 107 128]
[105 111 103 136]
[120  99  99 111]
[103  88  88 113]
[ 91  88  80 111]
[111  82  82 107]
[120  93  93 126]
[168  86 118 111]
[122  93 109  86]
[107  78  97 118]
[103  78  95 115]
[ 97  71  89 111]
[ 89  68  82 109]
[ 88  62  73 101]
[73 50 56 91]
[68 35 36 63]
[42 28 21 50]
[27 22 13 32]
[20 16  8 23]
[15 13  6 18]
[14 12  5 16]
[15 12  5 16]
[21 15  7 21]
[37 25 14 36]
[62 45 32 63]
[84 68 56 88]
[86 75 65 91]
[78 65 59 78]
[77 57 56 73]
[68 65 57 86]
[88 70 66 86]
[93 78 77 99]
[95 78 80 99]
[99 73 80 95]
[99 75 84 99]
[93 82 86 99]
[93 82 86 95]
[91 77 82 91]
[75 78 75 91]
[80 70 70 78]
[84 63 70 77]
[84 71 75 88]
[93 82 86 95]
[ 93  91  91 103]
[99 86 89 95]
[75 82 77 95]
[91 62 68 70]
[80 66 66 88]
[89 82 78 95]
[101  86  89  99]
[107  86  95 103]
[105  86  97 105]
[ 99  89  99 109]
[ 97  88  97 101]
[95 84 95 99]
[95 80 95 97]
[93 80 93 99]
[88 77 89 93]
[80 70 77 84]
[59 60 60 73]
[53 54 50 65]
[62 54 56 71]
[63 78 71 99]
[91 68 84 89]
[89 57 78 95]
[97 52 71 88]
[ 73  65  68 105]
[ 78  75  70 103]
[ 99  75  78 103]
[103  88  93 124]
[103  82  97 118]
[66 68 71 99]
[82 27 36 38]
[26 21 15 42]
[18 17  9 20]
[15 13  6 15]
[14 12  5 14]
[14 12  5 14]
[14 13  5 15]
[15 13  5 15]
[15 13  6 15]
[15 14  6 16]
[15 14  6 16]
[14 13  6 15]
[14 13  5 14]
[14 12  5 14]
[14 12  5 14]
[14 13  5 14]
[14 12  5 14]
[14 12  5 14]
[15 14  6 16]
[20 17  8 20]
[35 23 15 27]
[45 48 35 62]
[93 70 75 80]
[124  95 118 113]
[124 113 134 132]
[128 118 136 128]
[128 118 138 128]
[128 118 138 128]
[126 115 136 126]
[120 113 132 124]
[120 111 128 122]
[105 115 124 130]
[120 105 122 118]
[132  95 120 115]
[120 103 118 126]
[122 107 118 122]
[122 109 122 122]
[120 113 124 126]
[134 107 128 120]
[113 124 130 138]
[120 113 124 120]
[113  93 107 105]
[91 78 82 93]
[ 37  89  53 103]
[89 44 44 45]
[70 60 50 95]
[ 91  80  73 105]
[111  95  97 124]
[120  97 101 130]
[120  97  99 132]
[118  97  97 132]
[130  88  97 120]
[115  93  97 126]
[105  99  95 126]
[122  89  99 113]
[115  99 103 126]
[120 101 105 124]
[ 99 111 101 134]
[115  95  97 109]
[105  88  88 113]
[ 93  89  80 115]
[115  88  86 109]
[124  99  95 130]
[168  89 120 113]
[122  95 109  89]
[109  82  95 124]
[109  84  95 126]
[107  88  95 132]
[ 95  89  88 134]
[ 95  80  77 111]
[84 59 56 89]
[68 35 37 63]
[41 28 22 49]
[26 21 12 31]
[19 16  7 21]
[15 13  5 17]
[14 12  5 15]
[15 12  5 16]
[21 15  7 21]
[38 25 15 36]
[60 48 34 68]
[82 73 57 89]
[82 80 65 95]
[78 71 60 82]
[80 60 57 75]
[71 66 59 88]
[86 73 68 89]
[93 82 77 99]
[97 80 80 97]
[101  77  82  97]
[97 80 86 99]
[93 84 88 97]
[93 80 88 93]
[91 78 84 89]
[73 80 78 93]
[80 70 71 77]
[86 62 70 77]
[86 71 75 88]
[93 82 86 95]
[ 93  91  91 103]
[99 86 89 95]
[75 84 77 97]
[91 62 68 71]
[77 71 68 93]
[ 88  86  80 101]
[101  91  91 105]
[109  91  97 109]
[107  91  99 109]
[ 99  93  97 111]
[ 99  89  97 105]
[ 99  88  97 103]
[ 99  84  95 101]
[ 95  84  95 103]
[89 80 91 97]
[84 71 78 84]
[60 62 63 78]
[56 56 53 65]
[62 59 59 75]
[ 68  77  71 103]
[105  71  86  99]
[109  70  88 111]
[109  63  82 103]
[ 80  77  77 115]
[ 82  77  73 103]
[ 91  73  77 103]
[ 99  82  88 118]
[ 93  78  91 115]
[63 66 65 99]
[86 24 34 36]
[26 23 16 45]
[20 18  9 21]
[16 14  7 16]
[14 13  5 15]
[14 12  5 14]
[14 13  5 15]
[15 13  6 15]
[17 14  6 16]
[17 15  7 18]
[18 16  7 17]
[16 15  7 17]
[14 14  6 15]
[14 12  5 14]
[14 12  5 15]
[14 13  5 14]
[14 12  5 14]
[14 13  5 14]
[16 14  6 16]
[20 17  8 20]
[36 23 15 28]
[46 49 35 63]
[95 71 77 82]
[126  95 118 115]
[126 113 136 132]
[128 118 138 128]
[128 118 138 130]
[128 118 138 130]
[128 118 136 128]
[124 113 132 126]
[122 111 126 122]
[105 118 122 130]
[120 105 120 115]
[132  93 120 115]
[120 105 120 128]
[124 107 120 122]
[120 109 122 124]
[122 111 124 124]
[132 107 128 120]
[111 122 128 136]
[118 113 122 120]
[113  95 107 105]
[93 80 82 93]
[ 38  89  53 103]
[88 45 45 46]
[71 60 52 97]
[ 93  82  77 109]
[115  99 101 128]
[122  99 105 132]
[120  97 101 132]
[118  97  97 132]
[130  88  97 120]
[113  93  95 126]
[105  97  95 122]
[118  89  97 111]
[113  95 101 122]
[120  97 103 118]
[ 95 107 101 130]
[109  93  97 109]
[107  86  88 109]
[ 91  89  82 118]
[113  88  86 111]
[124  99  97 128]
[167  89 120 113]
[120  95 111  88]
[115  78  93 120]
[109  82  95 130]
[105  93  99 130]
[ 89  89  89 126]
[ 84  71  73 107]
[82 54 56 88]
[66 36 37 65]
[42 28 21 48]
[25 20 12 30]
[18 15  7 20]
[14 12  5 16]
[14 11  5 15]
[15 12  5 16]
[21 15  7 21]
[39 24 15 34]
[60 46 34 63]
[80 68 59 84]
[78 77 65 91]
[77 70 60 80]
[84 59 59 70]
[71 63 60 86]
[82 71 68 86]
[86 80 75 95]
[89 78 78 95]
[95 78 82 93]
[93 80 84 97]
[93 82 88 95]
[93 80 88 95]
[93 78 86 91]
[77 82 80 95]
[84 70 73 77]
[86 63 70 78]
[86 71 75 89]
[93 82 84 95]
[ 93  89  89 103]
[97 84 86 95]
[75 82 75 95]
[91 62 68 70]
[78 71 68 91]
[89 82 80 95]
[101  88  91 103]
[107  91  97 107]
[107  89  97 107]
[ 99  91  97 109]
[ 99  89  97 105]
[101  88  97 105]
[ 99  88  97 105]
[ 97  86  97 103]
[89 84 91 99]
[89 70 82 84]
[62 66 66 84]
[59 59 57 70]
[63 60 60 78]
[ 80  75  71 103]
[115  75  88 111]
[122  84  93 126]
[120  78  88 113]
[ 86  84  77 115]
[82 73 70 97]
[84 66 70 97]
[ 89  71  75 105]
[ 80  70  77 105]
[60 57 54 86]
[77 21 31 36]
[26 24 15 44]
[20 18 10 21]
[16 14  7 17]
[15 13  6 15]
[14 13  5 15]
[14 13  5 15]
[16 13  6 16]
[18 14  7 17]
[21 17  8 21]
[23 20  9 22]
[20 20  9 21]
[17 16  7 17]
[15 13  6 14]
[14 13  5 15]
[14 12  5 14]
[14 13  5 15]
[14 13  5 15]
[16 14  6 16]
[20 17  8 20]
[35 23 15 28]
[46 49 35 63]
[97 71 77 82]
[126  95 118 115]
[124 113 134 132]
[126 115 136 126]
[128 115 136 126]
[128 115 136 128]
[128 115 136 128]
[126 115 132 128]
[124 113 128 126]
[109 120 122 132]
[130 105 120 115]
[136  99 122 122]
[124 109 120 130]
[124 109 120 122]
[122 109 122 124]
[120 109 122 122]
[130 105 124 118]
[109 118 124 134]
[113 111 120 118]
[113  93 103 103]
[95 77 80 91]
[ 39  88  52 103]
[86 45 43 48]
[75 62 50 97]
[ 95  86  80 115]
[120 101 107 130]
[126 103 111 136]
[124 101 105 136]
[120  99 103 134]
[130  89 101 122]
[115  93  99 128]
[107  97  97 124]
[120  91 101 113]
[118  95 103 122]
[122  97 105 120]
[ 99 111 103 132]
[109  97  99 109]
[109  84  89 107]
[ 91  88  82 118]
[109  88  86 111]
[124  97  97 128]
[167  89 120 113]
[126  93 109  84]
[118  75  97 122]
[103  89  99 136]
[ 99  91  97 124]
[ 88  84  86 115]
[ 80  68  73 107]
[77 53 57 88]
[66 35 37 63]
[41 25 21 45]
[24 18 12 30]
[18 14  7 20]
[14 12  5 16]
[14 11  5 15]
[15 12  5 16]
[21 15  7 21]
[39 23 15 33]
[59 46 34 63]
[80 68 59 82]
[78 78 66 93]
[75 71 63 82]
[86 60 60 71]
[75 65 62 86]
[78 71 68 86]
[84 77 75 89]
[84 75 77 89]
[91 73 78 88]
[89 75 82 91]
[91 78 86 95]
[89 82 88 95]
[91 80 86 91]
[77 82 80 95]
[86 70 73 78]
[88 65 70 80]
[84 73 73 91]
[93 82 82 93]
[ 93  88  88 101]
[95 82 84 93]
[75 82 73 95]
[91 63 68 71]
[80 71 68 91]
[93 82 80 95]
[103  91  93 107]
[109  95  97 111]
[109  93  97 109]
[ 99  93  97 111]
[ 99  91  97 105]
[101  89  97 105]
[101  88  97 105]
[101  86  97 103]
[ 80  89  95 107]
[97 70 86 82]
[63 63 68 88]
[62 62 60 73]
[66 62 60 80]
[ 88  71  73 101]
[109  82  91 122]
[115  93  95 128]
[113  84  86 111]
[ 86  80  73 109]
[75 70 63 91]
[75 63 59 88]
[78 59 60 91]
[70 60 59 91]
[54 49 44 75]
[68 21 27 34]
[26 22 14 41]
[21 18 10 21]
[17 15  7 18]
[16 14  6 16]
[15 13  6 15]
[15 13  5 15]
[16 14  6 16]
[21 15  7 18]
[27 20 10 25]
[27 27 12 31]
[24 28 12 26]
[20 18  8 18]
[15 14  6 15]
[14 13  5 14]
[14 12  5 14]
[14 13  5 14]
[14 13  5 14]
[15 13  5 15]
[19 16  7 20]
[34 22 14 27]
[46 48 34 62]
[99 71 77 82]
[124  97 118 118]
[124 115 134 130]
[126 113 132 124]
[128 113 132 126]
[130 118 134 128]
[130 120 136 130]
[126 120 134 130]
[120 115 128 126]
[118 115 120 128]
[134 107 120 122]
[141 113 126 130]
[130 120 124 132]
[124 113 122 126]
[124 113 122 122]
[118 109 122 122]
[128 103 122 113]
[105 113 120 130]
[107 109 115 115]
[111  89  99  99]
[93 75 77 89]
[ 39  86  49 101]
[80 46 41 49]
[73 62 48 93]
[ 95  88  78 115]
[124 103 109 132]
[128 103 115 141]
[126 101 111 138]
[122 101 107 136]
[130  91 105 124]
[120  93 103 128]
[109  99 101 126]
[124  95 105 118]
[120  99 107 126]
[124 101 111 124]
[ 99 115 107 136]
[115  99 101 111]
[111  84  91 109]
[ 93  89  84 118]
[109  88  86 111]
[122  95  95 126]
[167  88 120 113]
[126  95 111  88]
[115  77  99 122]
[ 99  88  97 128]
[ 93  84  91 118]
[ 86  77  84 113]
[ 82  68  71 105]
[75 52 54 88]
[68 34 36 60]
[39 24 20 46]
[26 18 11 29]
[18 14  7 20]
[15 12  5 16]
[14 12  5 15]
[15 12  5 16]
[20 15  7 20]
[37 23 15 32]
[59 44 33 62]
[82 68 59 82]
[82 82 70 95]
[77 77 66 88]
[89 62 65 73]
[77 66 65 86]
[82 71 71 84]
[86 75 77 89]
[86 77 80 89]
[88 75 80 88]
[89 75 82 89]
[89 77 86 93]
[89 80 86 93]
[93 78 86 89]
[75 82 80 95]
[82 68 75 78]
[88 63 70 78]
[82 73 73 89]
[91 82 82 93]
[93 86 86 97]
[93 82 84 93]
[73 82 73 93]
[89 63 68 71]
[80 71 70 91]
[93 82 82 97]
[103  93  95 107]
[107  97  99 111]
[107  95  99 109]
[ 99  95  97 109]
[ 99  89  95 103]
[101  88  97 103]
[101  88  97 105]
[ 97  88  99 107]
[ 82  89  93 105]
[107  66  84  77]
[62 66 70 97]
[65 62 60 73]
[71 60 59 80]
[89 70 75 99]
[105  84  91 118]
[105  86  91 115]
[101  73  82 101]
[78 70 66 97]
[63 62 54 84]
[63 54 48 73]
[63 49 48 75]
[53 50 45 80]
[45 43 35 63]
[65 19 23 30]
[24 21 13 39]
[21 18 10 22]
[17 16  7 19]
[17 14  6 17]
[15 14  6 16]
[15 14  6 16]
[17 14  6 17]
[23 16  8 20]
[28 24 13 30]
[30 32 16 36]
[26 30 14 29]
[22 20 10 20]
[15 14  7 16]
[14 12  5 14]
[14 12  5 15]
[14 13  5 14]
[14 13  5 14]
[15 13  5 15]
[18 16  7 19]
[34 21 14 26]
[46 48 33 62]
[101  71  77  84]
[126 101 120 120]
[128 115 134 130]
[126 115 134 126]
[126 115 134 128]
[128 118 134 128]
[128 120 136 130]
[122 120 132 128]
[113 118 130 124]
[107 113 124 126]
[109 105 124 128]
[120 109 124 124]
[113 111 122 124]
[113 107 120 118]
[118 103 118 115]
[113 105 120 118]
[124 101 120 109]
[105 111 120 126]
[107 107 111 113]
[111  89  99  99]
[95 75 77 89]
[43 82 46 95]
[82 46 36 48]
[73 65 45 93]
[ 95  95  77 120]
[126 105 109 134]
[130 103 115 141]
[126 101 113 138]
[122 101 109 138]
[132  91 107 126]
[122  95 105 130]
[111 101 105 130]
[126  97 107 120]
[124 101 111 126]
[126 103 115 126]
[101 118 111 138]
[115 101 103 113]
[113  88  93 111]
[ 95  89  86 118]
[107  88  86 111]
[122  95  95 124]
[165  86 118 111]
[128  93 113  86]
[122  77  99 118]
[ 97  84  97 130]
[ 97  82  93 118]
[ 89  78  82 115]
[ 84  71  71 107]
[75 54 54 89]
[73 33 35 60]
[42 25 20 48]
[26 19 11 30]
[18 15  7 21]
[15 13  5 16]
[14 12  5 15]
[15 12  5 16]
[20 15  7 20]
[35 21 14 30]
[57 41 31 57]
[77 65 59 84]
[82 84 71 95]
[78 78 70 89]
[93 62 68 73]
[77 70 68 89]
[86 75 77 88]
[86 78 82 95]
[89 82 84 93]
[91 75 82 88]
[91 75 82 89]
[88 77 86 93]
[89 80 88 93]
[89 77 86 91]
[77 80 80 93]
[84 68 73 77]
[88 62 70 77]
[80 71 73 89]
[89 80 82 91]
[93 84 86 95]
[91 80 84 93]
[73 82 75 91]
[89 63 70 71]
[82 71 73 88]
[93 80 84 95]
[101  91  95 105]
[105  95 101 109]
[103  93  99 107]
[ 97  93  97 107]
[ 99  89  97 103]
[101  88  97 105]
[ 99  89  99 107]
[ 97  88  97 105]
[ 84  88  89 107]
[105  63  84  80]
[66 73 68 97]
[62 59 59 73]
[71 59 59 78]
[88 68 73 97]
[101  84  89 111]
[101  84  89 109]
[95 71 78 95]
[70 65 63 91]
[53 56 48 77]
[53 45 39 62]
[54 41 38 60]
[42 44 37 68]
[42 35 30 52]
[59 17 21 28]
[23 21 13 38]
[21 18  9 21]
[17 15  7 19]
[17 14  6 17]
[16 14  6 16]
[16 14  6 16]
[18 15  7 18]
[26 18 10 21]
[23 29 16 34]
[32 31 19 32]
[26 23 16 30]
[23 18 11 21]
[16 15  7 17]
[15 13  6 14]
[14 13  5 15]
[14 13  5 14]
[14 13  5 14]
[15 13  5 15]
[18 16  7 18]
[34 21 14 26]
[49 48 34 62]
[105  73  78  86]
[126 105 124 126]
[132 120 138 132]
[128 118 136 128]
[128 118 134 126]
[126 118 136 126]
[124 120 136 128]
[120 118 134 126]
[113 113 128 122]
[118 103 122 111]
[115  95 120 109]
[115  91 120 109]
[111  91 118 111]
[111  93 118 111]
[115  95 122 113]
[113 103 122 120]
[124 101 124 113]
[109 113 122 126]
[109 109 115 118]
[113  95 103 103]
[97 78 78 89]
[44 80 45 93]
[71 48 35 52]
[66 70 43 95]
[ 97  93  71 113]
[130 103 105 130]
[130 105 115 143]
[126 101 111 138]
[122 101 109 138]
[132  91 107 126]
[122  95 105 130]
[113 103 105 132]
[126  97 107 122]
[128 103 111 128]
[130 105 115 128]
[103 122 113 143]
[118 103 107 115]
[115  88  95 111]
[ 93  91  88 120]
[107  88  86 109]
[120  93  93 122]
[163  84 118 111]
[132  99 113  97]
[130  89 105 128]
[103  91  99 136]
[107  86  93 118]
[ 91  84  84 124]
[ 82  77  73 111]
[80 56 53 88]
[77 32 34 60]
[43 27 20 50]
[27 21 12 31]
[18 16  7 21]
[15 13  6 16]
[14 12  5 15]
[14 12  5 16]
[18 14  7 19]
[31 20 12 28]
[52 35 27 49]
[70 59 52 77]
[80 77 68 89]
[75 77 70 89]
[91 62 68 75]
[78 68 70 89]
[89 75 80 88]
[88 82 88 97]
[89 82 88 95]
[88 78 86 93]
[89 77 86 89]
[88 77 86 91]
[91 77 86 89]
[88 78 86 91]
[73 80 80 93]
[82 65 71 75]
[86 62 70 77]
[80 71 73 88]
[86 77 80 89]
[91 80 86 91]
[88 78 84 91]
[73 80 75 89]
[88 65 71 73]
[82 71 75 89]
[91 80 84 93]
[ 99  89  95 103]
[103  91  99 105]
[101  91  99 105]
[ 95  91  97 105]
[ 95  88  95 103]
[ 99  88  97 103]
[ 97  88  97 105]
[ 95  86  95 103]
[ 88  82  88 103]
[97 66 80 84]
[66 70 65 89]
[60 57 56 71]
[73 57 59 75]
[84 68 73 95]
[ 99  84  91 109]
[101  84  91 109]
[93 73 80 95]
[66 65 62 86]
[52 52 45 65]
[46 41 36 56]
[52 38 36 54]
[36 44 36 66]
[42 33 29 46]
[54 16 20 29]
[23 21 13 36]
[20 17  9 21]
[17 15  7 18]
[17 14  6 17]
[16 14  6 17]
[17 15  6 17]
[19 16  7 20]
[29 20 11 23]
[28 31 16 35]
[42 31 20 30]
[28 24 17 35]
[22 18 11 23]
[17 15  7 17]
[15 13  6 15]
[14 13  6 15]
[14 13  5 15]
[14 13  5 15]
[15 13  6 15]
[18 16  7 19]
[34 21 14 26]
[50 48 36 62]
[105  75  82  88]
[126 109 126 128]
[132 122 143 132]
[130 120 141 130]
[128 120 138 128]
[128 120 138 128]
[126 120 138 126]
[120 118 134 126]
[115 115 128 128]
[120 109 124 124]
[122 107 120 126]
[126 103 118 124]
[122 105 118 126]
[124 105 120 122]
[128 107 124 122]
[124 109 128 124]
[126 107 130 120]
[113 118 128 128]
[111 113 120 122]
[113  97 105 105]
[99 78 78 88]
[44 75 46 88]
[62 44 33 48]
[62 60 38 80]
[ 97  84  68 109]
[126 107 107 138]
[132 113 118 147]
[126 101 111 138]
[120  99 107 136]
[132  89 105 124]
[120  93 103 130]
[113 101 103 128]
[126  95 105 122]
[128 103 111 128]
[130 107 115 130]
[103 124 113 145]
[120 105 107 115]
[115  88  97 113]
[ 93  93  88 120]
[105  88  86 109]
[120  89  93 120]
[163  84 118 109]
[124 103 115 103]
[128  88 103 124]
[111  93  99 132]
[107  86  97 124]
[ 93  91  89 126]
[ 82  78  73 109]
[82 54 53 86]
[75 32 34 62]
[41 29 20 52]
[26 22 11 30]
[18 16  7 21]
[16 13  6 16]
[14 12  5 16]
[14 12  5 15]
[17 14  6 17]
[26 18 11 24]
[43 29 22 41]
[59 46 41 65]
[68 62 56 80]
[65 70 60 82]
[84 56 62 66]
[71 60 63 84]
[78 70 75 86]
[84 78 82 91]
[88 75 84 89]
[86 73 82 88]
[86 71 82 84]
[84 73 82 89]
[84 73 82 89]
[82 73 80 88]
[73 71 71 84]
[78 60 66 71]
[80 59 66 73]
[75 66 68 80]
[80 70 73 82]
[84 73 77 84]
[82 73 77 84]
[70 73 70 84]
[82 62 68 70]
[78 66 70 84]
[86 73 78 88]
[91 80 88 95]
[95 84 91 99]
[95 86 91 99]
[91 86 89 99]
[91 84 89 97]
[93 82 89 97]
[ 93  82  89 101]
[ 93  80  89 101]
[89 80 84 99]
[88 68 75 86]
[68 68 62 82]
[60 56 54 71]
[77 57 60 75]
[86 70 75 97]
[101  84  93 109]
[101  86  95 109]
[93 75 82 95]
[65 68 63 86]
[56 52 46 63]
[48 42 38 60]
[56 42 39 57]
[41 49 38 70]
[50 34 31 46]
[54 18 21 32]
[23 20 13 35]
[19 16  9 20]
[16 14  7 17]
[16 14  6 17]
[16 15  6 17]
[18 15  7 17]
[20 17  8 21]
[27 21 12 26]
[29 33 16 43]
[45 31 20 36]
[36 31 17 36]
[22 20 11 24]
[17 15  7 17]
[15 13  6 15]
[15 13  6 15]
[14 13  6 14]
[14 12  6 14]
[15 13  6 15]
[18 16  8 19]
[33 21 15 26]
[50 46 36 60]
[101  71  80  86]
[124 107 124 124]
[132 118 138 130]
[130 120 138 130]
[128 118 138 128]
[128 120 138 128]
[126 122 138 130]
[122 122 136 130]
[115 118 130 130]
[118 109 124 124]
[120 105 118 124]
[126 103 115 124]
[124 105 115 126]
[126 107 120 126]
[130 111 126 126]
[128 113 130 128]
[128 113 132 124]
[118 118 128 126]
[113 113 122 122]
[107  99 107 109]
[99 77 78 86]
[43 70 44 82]
[56 43 31 44]
[59 53 35 75]
[ 93  82  68 111]
[122 113 109 141]
[134 113 118 141]
[128  99 111 136]
[120  99 107 136]
[130  89 105 124]
[115  95 101 130]
[113  97  99 124]
[124  95 103 122]
[128 103 109 128]
[130 107 113 130]
[101 124 111 145]
[122 103 107 115]
[115  88  97 115]
[ 93  93  88 120]
[107  88  88 109]
[120  89  95 120]
[163  84 118 109]
[126  99 113  93]
[120  80 103 124]
[115  91 103 130]
[111  89 101 128]
[ 97  97  91 126]
[ 91  80  75 111]
[93 54 54 86]
[75 38 36 63]
[37 31 20 50]
[23 21 11 27]
[17 15  7 20]
[15 13  6 16]
[14 12  5 15]
[14 12  5 15]
[15 13  6 16]
[21 16  9 21]
[32 23 16 31]
[44 34 28 48]
[52 45 39 62]
[50 53 43 68]
[70 44 45 53]
[59 49 49 70]
[59 57 57 71]
[65 59 65 73]
[68 56 66 75]
[68 57 66 78]
[70 59 66 77]
[68 62 66 77]
[66 60 65 75]
[63 57 63 73]
[59 54 57 71]
[63 49 53 63]
[65 50 53 63]
[60 54 53 68]
[62 56 57 68]
[65 59 60 71]
[65 59 60 71]
[57 60 56 71]
[66 52 56 62]
[65 56 57 71]
[70 60 63 75]
[73 65 70 82]
[77 68 73 84]
[77 70 73 86]
[77 70 71 86]
[75 70 71 86]
[78 68 71 84]
[82 68 73 88]
[82 70 75 91]
[84 70 71 89]
[77 65 65 82]
[63 62 56 75]
[57 56 50 71]
[73 56 57 73]
[84 68 73 95]
[ 99  80  89 105]
[ 99  84  93 109]
[93 73 82 95]
[65 70 65 89]
[62 53 50 65]
[53 46 43 66]
[59 45 44 65]
[48 54 43 78]
[57 37 34 53]
[59 23 23 36]
[24 21 13 35]
[19 16  8 20]
[16 14  7 17]
[16 14  6 17]
[16 14  6 17]
[18 15  7 18]
[21 18  8 21]
[26 21 11 26]
[29 30 15 36]
[35 26 17 36]
[31 26 15 32]
[21 20 10 23]
[17 15  7 17]
[15 14  6 16]
[15 14  6 15]
[14 13  6 15]
[14 13  6 14]
[15 14  6 16]
[19 17  8 20]
[33 22 15 27]
[50 44 34 56]
[93 66 73 80]
[115  99 111 118]
[124 111 128 126]
[126 115 130 126]
[126 115 132 126]
[126 118 134 128]
[126 120 136 128]
[122 120 134 128]
[118 115 128 126]
[118 109 122 124]
[122 105 118 124]
[126 101 115 124]
[126 103 115 126]
[126 107 120 128]
[130 111 124 126]
[128 113 128 128]
[128 111 128 124]
[118 118 126 128]
[113 113 120 122]
[ 99 103 103 111]
[101  71  77  78]
[42 62 42 78]
[53 41 30 42]
[57 50 36 70]
[ 91  80  71 105]
[118 115 115 141]
[132 113 128 143]
[128 105 122 141]
[122 101 113 138]
[130  91 109 124]
[113  95 103 128]
[115  93  99 120]
[120  93 101 122]
[124 101 107 126]
[128 105 111 126]
[ 97 122 109 143]
[122 101 105 113]
[115  89  97 115]
[ 93  93  89 120]
[107  88  89 109]
[118  89  95 120]
[163  84 120 109]
[124  97 113  91]
[107  86 103 126]
[ 89  95 107 132]
[109  84 101 113]
[ 93  80  89 124]
[ 95  86  80 115]
[91 62 59 93]
[70 43 36 65]
[36 32 19 44]
[21 19 10 24]
[16 14  7 18]
[15 12  5 16]
[14 12  5 15]
[13 12  5 15]
[14 12  5 16]
[18 14  7 18]
[26 17 11 24]
[33 23 17 33]
[37 31 24 44]
[37 36 26 49]
[50 31 29 42]
[44 37 31 52]
[44 39 34 52]
[53 38 38 50]
[54 38 41 54]
[52 39 42 57]
[52 41 42 56]
[53 41 41 54]
[53 41 41 54]
[52 39 39 53]
[48 38 37 53]
[46 35 34 49]
[46 35 33 46]
[43 36 34 48]
[44 36 35 48]
[45 38 36 49]
[46 38 37 49]
[43 39 36 52]
[50 36 36 46]
[50 39 37 53]
[53 42 41 54]
[56 45 44 59]
[57 48 46 62]
[59 48 48 62]
[59 49 48 63]
[59 49 46 63]
[62 49 46 63]
[66 50 50 68]
[68 54 53 73]
[70 56 53 73]
[65 56 49 71]
[56 53 44 66]
[53 52 42 63]
[65 49 48 66]
[77 59 60 84]
[86 68 75 97]
[86 73 78 99]
[84 66 73 88]
[60 65 59 88]
[60 52 48 65]
[54 49 43 68]
[53 49 45 70]
[44 53 43 77]
[49 34 33 53]
[56 20 21 33]
[24 21 13 34]
[18 17  9 20]
[16 14  7 17]
[16 14  6 17]
[17 15  6 17]
[17 15  6 18]
[20 17  8 20]
[24 20 10 24]
[29 23 13 29]
[31 25 15 31]
[24 22 13 28]
[20 18  9 21]
[16 14  7 17]
[15 14  6 16]
[15 14  6 15]
[14 13  6 15]
[15 13  6 15]
[16 14  7 16]
[20 17  8 20]
[31 22 14 26]
[46 38 29 49]
[80 57 59 71]
[99 82 89 99]
[105  93 103 107]
[109  97 107 109]
[113 101 111 111]
[115 105 115 115]
[115 107 120 120]
[115 107 118 120]
[115 105 111 120]
[122 103 107 118]
[128 103 105 120]
[128 101 105 122]
[124 103 107 124]
[120 103 107 122]
[120 105 111 120]
[118 105 113 118]
[115 103 111 115]
[111 105 109 118]
[111 103 105 113]
[ 97  97  93 107]
[105  68  71  75]
[39 65 43 82]
[49 39 30 42]
[60 48 36 65]
[ 95  82  77 105]
[128 120 128 145]
[145 122 145 149]
[143 115 141 147]
[136 109 132 143]
[138  97 122 130]
[120 101 113 134]
[120  97 107 122]
[118  97 107 124]
[124 101 109 124]
[126 101 111 124]
[ 97 120 107 141]
[120  99 105 111]
[115  88  95 113]
[ 91  93  88 120]
[107  88  89 107]
[118  91  97 120]
[165  82 120 107]
[126  91 111  86]
[ 95  86 101 124]
[ 63  95 105 122]
[107  57  97  80]
[ 80  52  86 120]
[ 91  71  80 111]
[91 62 62 86]
[62 42 36 62]
[32 29 18 39]
[20 18  9 23]
[16 14  6 17]
[14 12  5 15]
[14 12  5 15]
[13 12  5 14]
[14 12  5 15]
[15 12  6 16]
[19 14  7 20]
[23 18 10 25]
[26 22 13 30]
[26 24 15 33]
[29 21 16 30]
[26 24 16 33]
[27 23 17 33]
[30 24 18 35]
[32 26 20 37]
[31 26 20 37]
[31 26 20 37]
[31 26 20 37]
[31 27 20 39]
[32 27 20 38]
[31 26 19 36]
[31 25 18 34]
[29 24 18 32]
[27 24 18 31]
[28 23 18 31]
[28 24 19 33]
[30 25 19 33]
[29 26 20 36]
[32 26 20 34]
[32 27 21 37]
[33 29 22 38]
[35 30 23 41]
[37 31 25 42]
[38 32 26 44]
[38 33 26 45]
[38 33 26 45]
[39 33 26 45]
[43 34 27 48]
[45 38 30 52]
[48 39 31 53]
[45 41 31 53]
[42 41 29 52]
[43 39 29 52]
[53 39 33 54]
[62 46 42 68]
[66 53 52 77]
[68 54 54 77]
[66 50 52 70]
[53 50 44 71]
[56 44 38 60]
[54 44 36 62]
[50 45 37 63]
[48 42 34 60]
[49 27 27 45]
[50 18 20 32]
[23 20 13 35]
[20 17  9 20]
[18 15  7 17]
[16 14  6 18]
[17 15  6 17]
[17 15  6 17]
[19 15  7 19]
[22 18  9 23]
[24 21 11 27]
[26 21 12 26]
[22 20 11 23]
[19 16  8 19]
[16 15  7 17]
[15 14  6 16]
[15 13  6 15]
[15 13  6 15]
[15 13  6 15]
[17 14  7 17]
[20 17  8 20]
[28 20 12 25]
[38 31 21 39]
[57 43 38 56]
[70 57 56 71]
[73 65 65 78]
[77 68 68 80]
[82 71 73 86]
[84 77 80 91]
[88 78 82 93]
[86 78 82 93]
[86 78 78 97]
[89 80 77 99]
[ 95  84  78 103]
[ 99  86  78 103]
[97 86 77 99]
[95 82 77 97]
[93 80 80 95]
[91 78 80 91]
[89 77 78 89]
[91 78 78 93]
[95 82 78 97]
[ 93  88  73 101]
[95 68 63 75]
[39 68 39 75]
[45 36 28 37]
[59 44 37 62]
[ 97  82  86 111]
[143 128 145 153]
[161 136 167 165]
[161 138 167 167]
[155 132 159 161]
[149 120 147 149]
[128 118 132 145]
[126 105 120 126]
[120 103 113 126]
[124  99 111 122]
[124 101 113 124]
[ 99 118 107 138]
[118  99 103 113]
[115  88  95 111]
[ 91  91  88 122]
[107  88  88 109]
[120  91  97 122]
[165  82 120 107]
[130  91 111  88]
[ 95  91  99 132]
[ 75  99  95 122]
[141  49  97  70]
[ 95  54  95 130]
[ 84  70  86 122]
[88 62 65 86]
[57 42 36 60]
[31 28 17 37]
[20 17  9 21]
[15 13  6 17]
[14 12  5 15]
[14 12  5 15]
[14 12  5 15]
[14 12  5 15]
[14 12  5 15]
[15 12  5 16]
[17 14  6 18]
[19 15  8 21]
[20 16  8 21]
[20 14  8 20]
[18 15  8 20]
[17 14  9 20]
[18 14  9 21]
[19 15 10 21]
[19 15 10 21]
[19 15 10 21]
[20 15 10 21]
[19 15 10 21]
[19 15  9 21]
[20 15  9 21]
[19 15  9 21]
[19 15  9 21]
[19 15 10 20]
[19 15 10 20]
[20 15 10 21]
[20 16 10 21]
[20 17 10 23]
[21 17 11 23]
[22 18 11 24]
[22 18 12 24]
[23 18 12 25]
[25 19 13 26]
[26 20 14 28]
[26 21 14 29]
[26 21 14 28]
[26 21 14 28]
[26 22 15 31]
[29 23 17 31]
[30 24 18 33]
[30 26 18 34]
[30 26 17 35]
[32 27 17 37]
[41 29 20 42]
[46 34 26 49]
[50 38 31 54]
[50 38 32 56]
[52 37 32 53]
[45 39 30 56]
[46 36 28 52]
[49 37 26 54]
[50 39 26 57]
[56 38 25 56]
[56 31 22 49]
[49 25 19 37]
[24 25 13 34]
[21 17  9 20]
[18 16  7 19]
[17 16  7 19]
[17 14  6 17]
[16 14  6 17]
[17 15  7 18]
[20 16  8 20]
[21 18  9 22]
[20 18 10 21]
[19 18  9 20]
[17 16  8 18]
[16 14  7 16]
[15 14  6 16]
[15 13  6 15]
[15 13  6 15]
[16 14  6 16]
[16 14  6 17]
[18 16  7 19]
[22 18  9 21]
[27 23 14 29]
[36 29 22 37]
[39 35 30 44]
[39 37 32 46]
[41 37 33 48]
[45 39 36 50]
[46 43 39 53]
[49 43 42 54]
[49 43 42 54]
[46 43 41 56]
[46 43 39 54]
[49 44 41 56]
[50 44 42 57]
[52 45 41 57]
[52 46 41 59]
[50 46 43 59]
[50 46 43 57]
[52 45 43 57]
[53 49 45 62]
[56 54 48 68]
[57 59 48 73]
[54 52 43 60]
[31 50 27 52]
[37 28 23 31]
[53 42 37 59]
[ 93  84  93 109]
[141 130 163 157]
[161 149 190 176]
[161 151 191 176]
[155 147 185 168]
[145 132 170 155]
[126 122 149 143]
[126 103 130 126]
[120 101 120 126]
[126  99 118 122]
[124 103 115 126]
[101 118 109 136]
[113  99 103 113]
[118  86  93 109]
[ 89  91  86 122]
[107  88  86 109]
[120  93  95 122]
[167  84 120 109]
[134  93 115  89]
[101  99 101 141]
[ 99 107  93 143]
[163  70 105 105]
[128  93 107 149]
[ 91  86  95 128]
[86 60 68 84]
[57 39 37 57]
[31 26 18 36]
[21 18  9 22]
[16 14  7 18]
[15 14  6 17]
[15 14  6 17]
[15 13  6 16]
[14 12  5 16]
[14 12  5 15]
[14 12  5 15]
[15 12  5 15]
[15 13  5 17]
[16 13  6 17]
[15 13  6 17]
[14 12  5 16]
[14 12  6 15]
[14 12  6 15]
[14 12  6 16]
[14 12  6 16]
[14 12  6 15]
[14 12  6 16]
[14 12  6 16]
[14 12  6 15]
[14 12  6 16]
[14 12  6 16]
[15 12  6 16]
[15 12  6 16]
[15 13  6 17]
[16 13  7 17]
[16 14  7 17]
[16 14  7 18]
[17 14  7 18]
[17 14  7 19]
[18 14  7 19]
[18 15  7 20]
[19 15  8 21]
[20 16  9 21]
[20 17  9 22]
[21 17 10 23]
[23 18 10 23]
[23 19 11 24]
[24 20 12 24]
[23 20 12 26]
[23 20 12 25]
[23 20 11 26]
[24 21 12 28]
[28 23 13 31]
[32 26 15 35]
[35 27 17 37]
[35 30 18 39]
[36 30 19 39]
[34 31 19 41]
[35 29 18 38]
[35 30 18 42]
[36 32 18 46]
[39 33 18 49]
[42 33 17 45]
[37 28 14 33]
[25 24 11 26]
[19 17  9 21]
[18 16  8 20]
[18 16  7 18]
[17 14  7 17]
[16 14  6 17]
[17 14  6 17]
[18 15  7 18]
[18 16  8 19]
[18 16  8 19]
[18 16  8 18]
[17 15  7 17]
[16 14  7 16]
[15 13  6 16]
[15 13  6 15]
[15 14  6 15]
[15 14  6 16]
[16 14  6 16]
[17 14  6 17]
[18 15  7 18]
[21 17 10 21]
[25 20 13 25]
[27 22 16 28]
[27 22 16 27]
[27 22 16 28]
[28 23 17 29]
[30 23 18 31]
[30 24 20 31]
[29 23 19 30]
[27 23 18 30]
[28 23 18 29]
[30 23 19 30]
[29 23 20 31]
[29 23 19 31]
[29 24 18 31]
[29 23 18 31]
[30 23 18 30]
[30 23 19 31]
[31 25 21 32]
[33 26 23 34]
[32 27 23 36]
[30 26 20 32]
[22 25 15 31]
[28 21 17 29]
[49 39 35 53]
[ 89  80  99 105]
[141 124 178 151]
[163 145 206 170]
[163 147 210 174]
[159 143 204 167]
[149 130 188 157]
[138 115 167 143]
[132 101 145 130]
[122 103 132 134]
[128 101 124 126]
[124 105 120 128]
[103 115 113 136]
[111 101 105 118]
[118  86  93 105]
[ 88  89  82 120]
[107  86  82 105]
[118  93  93 122]
[167  86 120 109]
[134  91 122  84]
[ 99  89 103 138]
[111 105 101 149]
[159  89 109 132]
[118 130 118 159]
[ 91 103 103 124]
[78 52 70 80]
[60 33 38 54]
[31 26 19 39]
[23 20 11 25]
[20 17  8 21]
[19 17  8 20]
[18 16  7 20]
[17 15  7 18]
[16 14  6 17]
[15 13  6 16]
[14 12  5 15]
[14 12  5 15]
[14 12  5 15]
[14 12  5 15]
[14 11  5 15]
[13 11  5 14]
[14 12  5 14]
[14 12  6 15]
[14 13  6 16]
[14 12  6 15]
[13 12  5 14]
[12 11  5 14]
[12 11  4 13]
[12 10  4 13]
[12 11  5 14]
[13 11  5 13]
[13 11  5 14]
[14 12  5 14]
[14 12  5 15]
[14 12  5 15]
[14 12  5 15]
[15 12  5 16]
[15 13  6 16]
[16 13  6 17]
[16 14  6 17]
[17 14  6 17]
[17 14  6 18]
[17 15  7 18]
[18 16  8 20]
[20 17  9 22]
[19 21 11 26]
[21 20 12 25]
[23 18 11 24]
[23 18 11 24]
[21 18 10 23]
[20 17  9 21]
[20 16  8 21]
[21 17  9 22]
[22 18 10 24]
[23 20 11 26]
[24 21 12 27]
[25 22 13 27]
[24 22 13 28]
[23 21 12 27]
[23 21 12 26]
[24 21 12 27]
[24 21 12 28]
[24 21 12 27]
[23 20 11 24]
[20 18  9 21]
[19 16  8 19]
[17 16  7 18]
[17 15  7 18]
[17 15  7 17]
[17 15  7 17]
[16 14  7 17]
[17 14  7 17]
[17 15  7 18]
[18 16  7 18]
[18 16  8 18]
[17 16  7 18]
[17 14  6 16]
[15 14  6 16]
[15 14  6 16]
[16 14  6 15]
[16 14  6 16]
[16 14  6 16]
[15 14  6 16]
[15 14  7 17]
[15 16  8 20]
[21 16  9 19]
[22 17 10 23]
[24 20 11 24]
[23 21 11 25]
[25 20 11 24]
[24 20 12 26]
[23 20 12 25]
[22 19 11 23]
[21 18 10 22]
[21 17 10 22]
[22 18 11 23]
[22 18 11 23]
[21 18 10 22]
[21 17 10 21]
[20 17 10 21]
[21 17 10 22]
[22 18 10 23]
[23 19 11 23]
[23 19 11 24]
[22 18 11 23]
[20 17 10 23]
[17 17  9 22]
[23 19 12 25]
[45 34 29 46]
[89 71 91 95]
[138 118 176 147]
[161 141 211 172]
[167 149 218 178]
[168 145 214 176]
[161 141 202 170]
[155 130 183 159]
[145 118 163 147]
[130 118 147 143]
[132 109 136 130]
[126 105 128 130]
[105 115 118 134]
[105 101 105 118]
[113  80  91 101]
[ 86  82  77 113]
[105  80  77 101]
[113  93  91 122]
[165  86 118 107]
[147  82 122  66]
[ 77  80 111 145]
[111  88 109 122]
[113  86 111 138]
[ 91 122 113 145]
[97 89 97 95]
[82 44 70 77]
[65 28 41 56]
[33 26 21 46]
[27 23 13 29]
[25 21 11 26]
[25 22 11 26]
[24 21 11 26]
[21 20  9 23]
[18 17  8 20]
[16 14  6 17]
[15 13  6 17]
[14 12  5 15]
[14 12  5 15]
[14 11  5 14]
[14 12  5 15]
[14 13  5 16]
[16 13  6 16]
[18 15  8 19]
[19 17  9 20]
[17 16  8 19]
[15 14  7 16]
[13 12  5 14]
[12 11  5 13]
[12 10  4 13]
[12 11  4 13]
[12 10  4 13]
[13 11  5 14]
[13 11  5 14]
[14 12  5 14]
[14 12  5 14]
[14 12  5 15]
[14 12  5 15]
[15 13  5 16]
[15 13  6 17]
[16 14  6 17]
[15 13  6 16]
[15 14  6 17]
[16 14  6 17]
[18 15  7 20]
[15 22 11 28]
[15 26 13 27]
[18 18 13 21]
[26 11 12 20]
[21 13 10 25]
[21 18 10 23]
[19 17  8 20]
[18 15  7 18]
[17 15  7 19]
[17 15  8 20]
[19 16  8 20]
[20 17  9 21]
[20 17 10 21]
[20 17 10 21]
[19 16  9 20]
[18 16  9 20]
[18 16  9 20]
[19 16  9 20]
[19 17  9 21]
[18 16  9 20]
[18 15  8 18]
[17 15  7 18]
[17 15  7 18]
[17 15  7 18]
[17 15  7 18]
[18 15  7 17]
[17 15  7 17]
[17 15  7 17]
[17 16  7 18]
[18 16  8 18]
[18 17  8 19]
[17 16  7 18]
[16 15  7 17]
[15 14  6 16]
[15 13  6 15]
[14 13  5 15]
[15 14  5 16]
[15 14  5 16]
[15 14  6 16]
[16 14  6 16]
[12 17  7 18]
[20 14  8 15]
[19 13  8 22]
[23 17  9 23]
[26 20 10 24]
[27 23 11 26]
[24 23 11 26]
[22 21 10 22]
[19 17  9 20]
[18 16  8 18]
[17 15  7 19]
[18 16  7 18]
[18 16  7 19]
[18 16  7 18]
[17 16  7 18]
[17 15  7 18]
[18 15  7 18]
[18 16  7 18]
[18 16  7 20]
[18 16  8 19]
[17 15  7 18]
[15 14  7 16]
[14 14  6 16]
[18 15  8 19]
[33 25 18 35]
[70 52 59 77]
[113  95 138 128]
[149 126 191 157]
[163 136 210 172]
[165 145 213 179]
[161 145 207 176]
[159 134 194 165]
[151 126 178 155]
[130 128 163 151]
[132 113 151 132]
[122 105 136 130]
[103 107 120 130]
[101  95 101 113]
[105  73  82  93]
[ 82  75  68 105]
[97 73 71 99]
[113  93  88 118]
[163  88 118 105]
[149  82 126  68]
[ 82  86 111 141]
[111  70 111  97]
[ 82  75 115 130]
[ 71  97 105 130]
[91 65 91 97]
[103  46  70  84]
[77 31 44 65]
[38 31 24 54]
[32 26 16 34]
[31 26 14 33]
[32 29 15 34]
[31 27 14 32]
[26 24 12 28]
[21 20  9 23]
[18 16  7 20]
[16 14  6 18]
[15 13  6 16]
[14 12  5 16]
[14 12  5 15]
[15 13  6 17]
[18 15  7 18]
[24 17  9 21]
[30 23 13 28]
[33 26 15 31]
[26 26 14 30]
[21 21 11 21]
[15 14  7 16]
[13 12  5 14]
[12 11  5 13]
[12 11  5 14]
[13 11  5 14]
[13 11  5 14]
[13 11  5 14]
[13 11  5 14]
[13 11  5 14]
[14 12  5 14]
[14 12  5 15]
[15 13  5 16]
[16 14  6 17]
[15 14  6 17]
[15 13  5 16]
[15 13  5 15]
[16 13  6 17]
[18 17  8 22]
[13 28 12 32]
[26 22 13 21]
[25 14 14 24]
[37 13 16 23]
[21 13 12 33]
[21 17 10 24]
[19 16  8 20]
[17 15  7 18]
[17 15  7 18]
[17 15  7 18]
[18 15  8 18]
[18 16  8 20]
[19 16  8 20]
[18 16  8 20]
[18 16  8 19]
[17 15  8 18]
[18 15  8 18]
[18 15  8 19]
[18 16  8 20]
[18 16  8 19]
[18 15  8 18]
[17 15  7 18]
[17 15  7 18]
[18 15  7 18]
[17 15  7 18]
[18 15  7 18]
[18 16  8 19]
[20 17  8 20]
[20 18  9 20]
[21 18 10 21]
[20 19 10 21]
[20 18  9 20]
[18 16  8 18]
[16 14  7 16]
[15 13  6 15]
[14 12  5 15]
[15 13  5 14]
[14 13  5 15]
[15 14  5 16]
[16 14  6 17]
[14 18  6 21]
[25 14  8 14]
[21 15  8 22]
[21 16  9 24]
[24 22 10 27]
[26 26 12 30]
[26 26 12 26]
[23 20 10 21]
[19 17  8 20]
[17 15  7 18]
[17 15  7 17]
[16 14  6 17]
[17 15  6 17]
[17 15  6 17]
[17 15  7 17]
[17 15  6 17]
[17 15  6 17]
[17 15  6 17]
[17 16  7 18]
[17 15  7 18]
[16 15  7 16]
[15 14  6 15]
[12 13  5 14]
[14 12  6 15]
[21 16 10 23]
[37 28 25 44]
[73 52 66 80]
[111  86 128 120]
[138 115 174 149]
[149 126 188 161]
[153 126 188 159]
[149 122 186 155]
[145 120 179 151]
[128 120 167 147]
[128 107 153 126]
[115  95 134 120]
[ 95  88 107 115]
[ 91  77  82 101]
[89 63 65 84]
[71 66 56 89]
[82 66 63 89]
[ 99  84  84 113]
[157  82 118 103]
[128  86 126  71]
[ 78  84 107 136]
[ 93  56 109  99]
[ 77  73 109 118]
[ 71  66  97 113]
[ 86  56  88 107]
[109  45  71  88]
[84 35 46 73]
[44 36 27 59]
[37 31 19 39]
[37 32 18 39]
[39 35 20 42]
[36 33 19 39]
[29 28 15 33]
[23 22 11 26]
[20 17  8 21]
[18 15  7 19]
[16 14  6 18]
[16 13  6 17]
[16 13  6 17]
[18 15  7 20]
[27 18 10 24]
[41 25 16 33]
[52 38 25 48]
[56 48 31 54]
[44 49 27 50]
[33 35 18 32]
[21 20 11 22]
[15 13  7 16]
[13 11  5 14]
[13 11  5 14]
[14 12  5 14]
[14 12  5 14]
[13 11  5 14]
[13 11  5 14]
[13 11  5 14]
[14 12  5 14]
[14 12  5 15]
[15 13  6 16]
[16 14  6 17]
[16 14  6 17]
[16 14  6 16]
[16 13  6 17]
[17 15  7 19]
[18 20  9 24]
[14 31 12 37]
[62 20 14 26]
[43 26 19 66]
[63 34 23 42]
[37 22 16 37]
[21 15 11 27]
[20 17  9 21]
[17 15  8 18]
[17 15  7 18]
[17 15  7 18]
[18 15  8 19]
[18 16  8 20]
[18 16  8 20]
[18 16  8 20]
[17 15  8 18]
[17 15  7 18]
[17 15  8 18]
[18 16  8 19]
[19 16  8 20]
[18 16  8 19]
[18 16  8 18]
[17 15  7 18]
[18 15  7 18]
[18 15  7 18]
[17 16  7 19]
[19 16  8 18]
[21 17  9 21]
[24 21 11 24]
[27 24 14 26]
[29 26 15 27]
[28 26 15 28]
[26 26 14 27]
[23 22 12 23]
[19 18  9 20]
[16 14  7 16]
[14 14  6 15]
[15 13  5 15]
[15 14  5 16]
[17 14  5 16]
[16 16  6 18]
[17 20  7 24]
[31 16  8 20]
[31 21 10 26]
[23 21 10 26]
[23 21 11 25]
[24 23 12 27]
[23 21 12 25]
[20 18  9 22]
[18 16  7 19]
[18 15  7 17]
[17 15  6 17]
[16 14  6 17]
[16 14  6 16]
[16 14  6 16]
[16 14  6 17]
[16 14  6 17]
[17 14  6 17]
[17 15  6 18]
[18 16  6 18]
[18 16  7 18]
[17 16  7 18]
[16 14  6 16]
[12 13  5 14]
[12 11  5 12]
[13 11  5 14]
[18 14  9 21]
[30 25 21 39]
[56 42 48 68]
[99 66 86 93]
[115  89 118 122]
[126  99 136 132]
[130 103 145 136]
[130  99 147 130]
[113 101 141 134]
[113  88 126 113]
[105  78 103 101]
[78 68 77 95]
[68 57 54 80]
[63 49 41 68]
[57 53 38 68]
[71 56 50 73]
[93 73 77 99]
[153  75 115  99]
[130  86 118  71]
[ 97  73 103 124]
[ 99  57 105 109]
[ 93  66 103 118]
[ 89  62 101 122]
[ 89  60  91 122]
[113  45  73  91]
[84 37 48 77]
[46 38 30 62]
[42 34 22 44]
[43 37 23 46]
[46 41 26 49]
[42 38 23 45]
[32 31 17 36]
[25 23 12 27]
[20 17  8 22]
[18 15  7 20]
[17 14  7 18]
[17 14  6 18]
[18 15  7 20]
[23 18 10 23]
[38 24 16 32]
[56 37 28 50]
[66 60 45 71]
[70 71 53 77]
[60 68 45 68]
[43 49 31 48]
[29 31 16 28]
[18 16  8 18]
[14 12  6 15]
[14 12  5 14]
[14 12  5 15]
[14 12  5 14]
[13 11  5 14]
[13 11  5 14]
[13 11  5 14]
[14 12  5 14]
[14 12  5 15]
[16 13  6 17]
[16 14  6 18]
[17 14  6 18]
[17 14  6 18]
[17 15  7 18]
[19 16  7 20]
[15 23 11 29]
[18 33 13 42]
[62 20 20 36]
[ 36  52  26 111]
[50 43 25 52]
[60 24 17 29]
[21 15 12 34]
[20 18  9 22]
[18 16  8 19]
[17 15  7 18]
[18 15  8 19]
[18 16  8 19]
[18 16  8 19]
[18 15  8 19]
[18 15  8 19]
[17 15  8 18]
[17 15  7 18]
[18 15  8 18]
[18 15  8 19]
[19 16  8 20]
[18 16  8 20]
[18 16  8 19]
[18 16  7 19]
[18 15  7 18]
[18 16  7 19]
[18 16  8 19]
[21 17  9 20]
[27 21 12 25]
[37 28 18 33]
[43 37 24 42]
[49 41 28 43]
[49 43 28 44]
[44 43 26 44]
[36 36 21 36]
[27 26 14 27]
[20 18 10 20]
[17 15  7 17]
[16 14  6 16]
[16 14  6 17]
[17 15  6 18]
[14 18  6 21]
[14 21  7 24]
[24 16  8 22]
[27 19  9 27]
[25 25 11 27]
[23 22 11 25]
[24 21 12 26]
[23 18 11 23]
[20 16  8 20]
[17 14  7 17]
[17 15  7 17]
[16 15  7 17]
[16 15  6 16]
[15 14  6 15]
[15 13  6 15]
[15 13  6 15]
[15 14  6 16]
[16 14  6 16]
[17 15  6 17]
[18 15  6 18]
[18 17  7 19]
[18 16  7 18]
[16 14  6 16]
[12 13  5 14]
[11 10  4 11]
[10  8  3 10]
[11  9  4 12]
[15 12  7 16]
[24 18 14 29]
[36 29 28 49]
[52 45 43 70]
[73 56 56 78]
[84 65 68 91]
[88 70 80 93]
[77 73 80 99]
[77 62 71 84]
[66 52 57 75]
[52 48 41 63]
[42 37 27 50]
[37 32 21 45]
[41 37 23 50]
[65 46 37 63]
[93 70 68 97]
[159  75 113  99]
[128  95 118  86]
[111  82 107 141]
[111  82 109 141]
[113  80 109 141]
[109  78 105 138]
[101  73  93 130]
[120  48  73  91]
[84 39 49 80]
[49 39 31 63]
[45 36 25 48]
[48 41 26 50]
[50 44 29 54]
[45 41 26 49]
[33 32 19 39]
[25 23 12 29]
[21 17  9 22]
[19 15  7 20]
[17 15  7 19]
[18 14  7 19]
[20 17  8 22]
[31 21 13 29]
[50 31 23 43]
[66 50 43 65]
[73 73 66 82]
[77 78 75 80]
[70 70 65 75]
[48 57 44 63]
[36 37 23 35]
[22 20 11 22]
[15 14  7 16]
[14 12  5 14]
[14 11  5 14]
[13 11  5 14]
[13 11  5 14]
[13 11  5 14]
[13 11  5 14]
[14 12  5 14]
[15 12  5 15]
[16 13  6 17]
[17 14  6 18]
[18 15  7 19]
[18 15  7 19]
[19 16  7 20]
[21 18  8 23]
[12 30 12 37]
[23 31 15 34]
[42 17 23 36]
[29 38 25 68]
[29 24 21 45]
[60 13 17 23]
[23 16 13 39]
[20 17  9 23]
[18 16  8 19]
[17 15  8 19]
[18 15  8 19]
[18 16  8 20]
[18 16  8 20]
[18 16  8 19]
[18 15  8 19]
[18 15  7 18]
[18 15  7 18]
[18 15  8 19]
[19 16  8 20]
[19 16  8 20]
[19 17  8 20]
[19 16  8 20]
[18 16  7 20]
[18 15  7 18]
[18 16  7 19]
[20 17  8 20]
[26 20 11 23]
[39 26 17 32]
[57 42 31 52]
[70 62 46 68]
[78 70 54 71]
[78 73 56 73]
[71 73 52 73]
[59 63 41 59]
[42 44 27 42]
[27 28 15 28]
[20 18  9 20]
[17 15  7 17]
[17 15  6 17]
[17 15  6 18]
[13 18  6 21]
[17 17  7 17]
[29 13  9 17]
[23 15 11 31]
[26 22 12 29]
[27 23 12 26]
[29 21 12 25]
[24 19 11 25]
[19 17  8 21]
[18 16  7 18]
[18 15  7 18]
[17 16  7 17]
[16 15  7 17]
[15 14  6 15]
[14 13  6 15]
[15 13  6 15]
[15 14  6 15]
[16 14  6 16]
[16 14  6 17]
[17 15  6 18]
[18 16  7 19]
[18 16  7 18]
[15 14  6 16]
[11 12  4 14]
[10  9  3 10]
[9 7 3 9]
[8 7 3 9]
[10  8  3 11]
[14 10  5 14]
[18 14  8 19]
[20 18 12 26]
[26 21 16 32]
[31 27 21 43]
[33 34 26 48]
[26 38 30 50]
[36 26 27 35]
[30 21 21 36]
[26 23 17 32]
[26 21 13 27]
[25 21 12 30]
[31 28 16 39]
[57 41 31 57]
[86 68 62 97]
[161  75 109  97]
[128  97 122  88]
[113  84 111 143]
[115  84 113 143]
[118  84 113 145]
[109  80 109 143]
[101  75  95 132]
[122  46  75  91]
[84 41 50 84]
[50 42 33 65]
[46 37 26 49]
[49 42 27 53]
[52 44 30 56]
[45 41 27 50]
[33 32 19 39]
[25 23 12 28]
[20 17  9 22]
[18 15  8 21]
[18 15  7 20]
[19 15  8 20]
[23 18 10 24]
[37 24 16 33]
[59 37 32 52]
[73 62 56 75]
[84 80 78 86]
[88 78 88 86]
[80 73 82 84]
[60 65 59 75]
[41 42 31 45]
[26 26 15 27]
[16 15  7 17]
[14 12  5 14]
[13 11  5 14]
[13 11  5 14]
[13 11  5 14]
[13 11  5 14]
[14 12  5 14]
[14 12  5 15]
[15 12  5 15]
[16 14  6 17]
[17 15  6 18]
[18 15  7 19]
[18 16  7 20]
[20 17  8 21]
[22 19  9 24]
[16 31 11 39]
[39 26 15 30]
[62 21 22 43]
[49 32 25 62]
[37 31 26 62]
[70 14 21 28]
[29 18 14 42]
[20 17 10 24]
[18 16  8 20]
[17 15  8 19]
[18 15  8 19]
[18 16  8 20]
[18 16  8 20]
[18 16  8 19]
[18 16  8 19]
[18 16  8 19]
[18 16  8 19]
[19 16  8 20]
[19 16  8 20]
[20 17  8 20]
[19 17  8 20]
[19 16  8 20]
[18 16  8 20]
[18 16  7 19]
[19 17  8 20]
[23 18 10 23]
[32 24 14 30]
[57 36 26 45]
[78 62 50 75]
[93 89 77 93]
[99 95 88 97]
[101  97  89  97]
[95 95 84 95]
[80 86 68 84]
[59 66 45 62]
[39 41 24 37]
[25 23 12 24]
[18 17  8 20]
[17 15  7 18]
[18 16  6 18]
[16 18  6 23]
[30 18  6 22]
[43 23 11 31]
[38 32 17 43]
[31 28 17 38]
[29 29 17 36]
[34 25 16 30]
[27 23 13 29]
[23 21 11 23]
[21 18  9 21]
[20 18  9 21]
[20 18  9 20]
[18 17  8 19]
[17 16  8 17]
[16 15  7 16]
[16 15  7 16]
[17 15  7 17]
[17 15  7 17]
[17 15  7 17]
[17 15  7 17]
[18 16  7 18]
[17 15  6 18]
[14 14  5 15]
[10 12  4 13]
[ 9  9  3 10]
[8 7 2 8]
[8 7 2 8]
[8 7 3 9]
[10  8  3 10]
[11  9  4 12]
[13 10  5 14]
[16 11  6 16]
[18 14  7 20]
[18 17 10 24]
[16 20 11 24]
[28 12 12 16]
[18 11 11 25]
[18 14  9 22]
[19 15  8 21]
[21 18  8 25]
[28 26 13 36]
[57 38 27 53]
[84 63 57 93]
[157  70 107  93]
[130  97 124  89]
[115  86 115 147]
[115  86 118 149]
[120  86 118 145]
[113  84 111 143]
[103  73  95 130]
[128  46  77  89]
[82 43 52 89]
[53 44 34 65]
[48 37 26 50]
[49 41 26 52]
[50 44 30 54]
[44 39 26 49]
[32 31 19 38]
[25 23 13 28]
[21 18  9 23]
[19 16  8 21]
[18 16  8 20]
[20 16  8 21]
[26 20 12 27]
[44 27 20 38]
[65 45 41 62]
[78 70 66 84]
[91 82 86 93]
[97 84 95 97]
[95 82 91 93]
[77 73 71 82]
[46 50 43 60]
[31 31 20 31]
[19 17  9 20]
[14 12  6 15]
[13 11  5 14]
[13 11  5 14]
[13 12  5 14]
[14 12  5 14]
[14 12  5 14]
[14 12  5 15]
[15 12  5 16]
[16 14  6 17]
[16 14  6 18]
[18 14  7 18]
[17 15  7 20]
[18 16  7 20]
[21 18  8 23]
[20 31 10 45]
[38 32 17 50]
[93 39 25 65]
[ 63  50  28 103]
[62 63 29 86]
[93 23 21 34]
[32 23 15 49]
[20 20 10 26]
[19 16  8 19]
[17 15  8 19]
[18 15  8 19]
[18 16  8 20]
[18 16  8 20]
[18 16  8 19]
[18 16  8 19]
[18 16  8 20]
[19 16  8 20]
[20 16  8 20]
[20 17  8 21]
[20 17  8 21]
[19 17  8 20]
[20 16  8 20]
[18 16  8 20]
[20 17  8 20]
[21 18  9 21]
[28 22 12 27]
[45 30 20 37]
[73 49 41 60]
[91 82 73 93]
[107 103 101 105]
[111 105 111 107]
[111 105 113 107]
[107 105 109 109]
[ 97  99  95 103]
[75 82 66 82]
[50 54 36 52]
[30 31 18 31]
[21 19 10 21]
[18 15  7 18]
[17 15  6 18]
[17 18  6 23]
[25 22  8 33]
[30 36 13 48]
[50 43 20 38]
[41 31 23 44]
[23 38 26 49]
[26 30 24 31]
[25 18 17 28]
[25 20 14 27]
[25 24 14 28]
[26 24 14 26]
[25 23 14 26]
[24 22 13 25]
[23 21 12 23]
[21 21 11 23]
[20 21 11 22]
[21 19 10 21]
[21 17  9 20]
[18 16  8 19]
[18 15  7 17]
[17 15  7 17]
[15 14  6 17]
[14 13  5 14]
[10 11  4 12]
[9 9 3 9]
[9 7 3 8]
[9 7 2 9]
[ 9  8  3 10]
[10  8  3 10]
[ 9  8  3 11]
[10  9  3 11]
[12 10  4 13]
[13 13  5 17]
[16 17  6 21]
[21 18  7 24]
[38 14  9 20]
[23 20 10 31]
[20 16  8 22]
[19 15  7 21]
[21 20  8 26]
[31 28 12 36]
[63 39 26 54]
[82 66 57 97]
[157  71 105  91]
[130  99 124  89]
[118  86 118 145]
[115  86 118 147]
[118  84 118 145]
[115  84 111 143]
[105  75  97 134]
[134  48  80  91]
[78 48 54 95]
[54 45 35 63]
[48 37 26 49]
[48 39 26 52]
[48 43 29 53]
[44 38 26 46]
[32 31 19 38]
[26 24 14 29]
[22 19 10 24]
[20 17  9 23]
[20 16  8 21]
[21 17  9 23]
[31 21 13 29]
[50 31 24 43]
[70 52 46 70]
[80 77 73 91]
[89 86 91 97]
[ 89  88  99 103]
[95 80 93 97]
[88 71 78 86]
[57 62 52 70]
[34 37 25 39]
[21 20 11 22]
[15 14  6 16]
[13 11  5 14]
[13 11  5 14]
[14 12  5 14]
[14 12  5 15]
[14 12  5 15]
[14 12  5 15]
[15 13  5 16]
[16 14  6 17]
[16 14  6 17]
[17 14  6 17]
[16 14  6 18]
[17 14  7 18]
[20 16  7 21]
[22 23 10 36]
[22 38 16 57]
[86 36 25 45]
[ 30  52  29 113]
[60 48 25 60]
[77 19 18 35]
[31 30 15 49]
[21 21 10 24]
[19 15  8 18]
[17 15  8 20]
[19 16  8 19]
[18 16  8 20]
[17 16  8 20]
[18 16  8 19]
[18 16  8 20]
[18 16  8 20]
[20 16  8 21]
[21 17  9 21]
[21 17  9 22]
[21 17  9 21]
[20 17  8 21]
[20 16  8 20]
[20 17  8 21]
[21 18  9 21]
[24 20 11 25]
[36 26 16 32]
[60 38 30 49]
[84 65 59 78]
[103  97  91 103]
[113 107 115 111]
[115 109 124 113]
[115 107 124 113]
[115 107 122 113]
[107 103 111 109]
[86 89 86 95]
[56 66 52 66]
[36 39 24 36]
[23 21 12 23]
[18 16  8 18]
[17 14  6 17]
[17 15  6 19]
[22 18  8 23]
[18 33 12 39]
[50 28 20 30]
[50 31 30 52]
[31 46 34 60]
[38 31 31 29]
[25 21 26 33]
[18 20 24 38]
[20 23 23 33]
[19 21 21 31]
[18 21 21 30]
[19 20 20 29]
[18 21 18 29]
[17 21 16 28]
[17 21 15 26]
[20 17 14 22]
[24 13 12 20]
[19 14  9 21]
[18 16  8 18]
[16 14  6 17]
[14 14  5 15]
[13 12  5 14]
[10 11  4 13]
[10  9  3 10]
[ 9  9  3 11]
[11  8  3 10]
[11  9  3 11]
[11  9  3 11]
[10  9  3 11]
[11  9  3 10]
[10 10  4 13]
[11 14  5 16]
[14 17  7 21]
[18 18  8 31]
[26 19 11 31]
[20 25 10 31]
[21 14  7 18]
[18 13  6 21]
[14 24  8 32]
[41 25 12 31]
[62 33 26 60]
[ 89  77  62 101]
[159  71 105  91]
[132  97 124  88]
[118  84 118 145]
[118  86 118 147]
[118  86 118 147]
[113  84 113 145]
[103  78 101 136]
[132  48  82  89]
[77 48 54 95]
[54 43 36 62]
[48 37 27 50]
[48 39 26 52]
[48 42 28 53]
[44 37 26 46]
[33 32 20 41]
[28 26 15 31]
[24 21 11 26]
[22 19 10 25]
[21 18  9 23]
[23 18 10 25]
[35 21 15 31]
[54 34 28 50]
[71 60 53 78]
[80 82 77 95]
[99 82 89 91]
[88 82 93 99]
[97 77 95 91]
[88 66 84 91]
[62 65 59 78]
[41 44 31 46]
[26 23 14 25]
[16 15  7 18]
[14 12  5 15]
[14 12  5 15]
[14 12  5 15]
[14 12  5 15]
[14 12  5 15]
[14 12  5 15]
[15 13  6 16]
[16 14  6 17]
[16 14  6 18]
[16 14  6 17]
[16 14  6 17]
[16 13  6 17]
[18 15  7 20]
[22 20  9 28]
[17 36 13 52]
[52 30 23 31]
[23 36 24 66]
[59 16 17 29]
[44 15 17 43]
[27 31 14 38]
[20 18  9 21]
[18 15  8 18]
[17 16  8 20]
[19 16  8 19]
[18 16  8 20]
[18 17  8 20]
[18 16  8 20]
[19 16  8 20]
[20 17  9 21]
[21 17  9 22]
[22 17 10 23]
[22 18 10 23]
[21 18  9 23]
[21 18  9 22]
[20 17  9 21]
[21 18  9 22]
[23 20 10 23]
[28 23 13 28]
[45 31 21 38]
[73 48 41 60]
[93 82 75 93]
[105 103 105 109]
[113 109 122 113]
[115 107 126 115]
[118 107 126 115]
[118 105 124 115]
[113 103 120 113]
[ 97  95  99 101]
[63 75 65 77]
[44 45 31 42]
[26 25 15 26]
[20 17  9 20]
[17 14  7 17]
[17 15  6 18]
[21 18  8 22]
[17 33 12 39]
[54 28 21 32]
[60 37 35 65]
[35 65 41 91]
[53 42 37 49]
[56 29 31 42]
[43 27 30 43]
[36 21 30 37]
[38 17 27 32]
[38 17 26 31]
[31 21 29 36]
[31 20 28 33]
[24 18 23 31]
[27 16 20 28]
[25 14 18 26]
[36 11 15 21]
[17 12 11 28]
[19 16  8 18]
[15 14  6 16]
[14 13  5 14]
[12 12  4 13]
[10 11  4 12]
[10  9  3 11]
[ 7 12  3 14]
[15 10  3 10]
[12  8  3 14]
[12 10  3 12]
[10 10  3 12]
[11  9  3 12]
[11 12  4 14]
[14 15  6 17]
[16 17  8 22]
[20 18 12 26]
[19 16 13 28]
[19 13 10 21]
[24  8  7 16]
[19 12  7 26]
[19 22  7 31]
[57 23 13 29]
[56 39 32 86]
[ 97  78  63 101]
[159  71 107  95]
[132  97 124  89]
[115  86 115 147]
[115  86 115 147]
[118  86 115 145]
[113  82 111 143]
[105  75  99 132]
[141  45  82  86]
[78 49 57 99]
[56 45 38 66]
[49 39 28 52]
[48 41 27 52]
[46 42 29 53]
[44 37 26 46]
[34 34 21 42]
[30 28 16 33]
[26 23 13 30]
[24 21 11 28]
[23 20 10 26]
[26 20 11 27]
[39 23 17 33]
[57 38 31 56]
[75 65 57 82]
[88 82 78 95]
[113  78  89  93]
[105  86  91 113]
[101  97  99 105]
[103  80  91  91]
[63 60 62 82]
[43 49 35 53]
[27 27 16 30]
[18 17  8 20]
[15 12  5 15]
[14 12  5 15]
[14 12  5 15]
[15 13  5 16]
[15 13  5 16]
[15 13  6 16]
[15 13  6 17]
[16 14  6 17]
[16 14  6 17]
[17 14  6 17]
[16 14  6 17]
[15 14  6 17]
[18 14  7 18]
[21 17  8 23]
[20 29 10 43]
[45 23 15 28]
[48 36 17 46]
[62 12 18 36]
[34 26 16 54]
[25 26 12 29]
[18 16  8 20]
[17 15  8 18]
[17 15  8 19]
[18 15  8 18]
[19 16  8 20]
[18 17  8 21]
[20 17  8 21]
[21 17  9 22]
[22 18  9 23]
[23 18 10 23]
[23 19 10 25]
[23 20 11 25]
[23 19 10 24]
[22 18  9 23]
[21 18  9 23]
[22 19 10 23]
[24 21 11 26]
[32 25 15 31]
[54 34 27 44]
[82 57 53 73]
[ 99  93  89 101]
[111 107 113 111]
[118 107 122 113]
[120 107 126 118]
[120 107 126 118]
[120 107 124 118]
[118 107 122 118]
[107  99 109 105]
[73 84 77 89]
[49 54 42 53]
[31 32 20 31]
[20 20 10 21]
[17 15  7 17]
[17 15  7 18]
[21 18  8 22]
[19 31 11 38]
[59 27 21 33]
[66 42 36 68]
[45 60 41 89]
[68 45 36 60]
[68 43 33 73]
[60 52 35 86]
[73 44 34 71]
[80 36 31 70]
[70 44 35 86]
[65 54 36 82]
[70 45 33 63]
[57 36 29 62]
[56 32 26 57]
[50 28 23 50]
[65 18 18 29]
[22 20 13 39]
[19 17  8 20]
[16 14  6 16]
[14 13  5 14]
[13 12  5 13]
[11 11  4 12]
[11 10  3 11]
[ 8 13  3 16]
[23  9  3  9]
[14  9  3 19]
[11 10  3 14]
[11 10  3 11]
[11  9  3 12]
[12 13  4 16]
[14 16  6 21]
[23 18  8 26]
[35 18 10 27]
[38 17 11 31]
[32 14 10 31]
[32 13  8 26]
[23 18  7 32]
[24 26  7 43]
[68 28 15 41]
[75 71 36 95]
[ 93  75  68 103]
[159  71 109  95]
[130  95 122  86]
[111  82 113 143]
[111  82 113 143]
[113  80 113 141]
[107  78 109 141]
[101  73  95 132]
[138  45  80  91]
[ 77  53  56 105]
[57 49 37 65]
[49 39 28 52]
[48 39 27 50]
[46 42 29 52]
[44 38 27 46]
[35 34 23 44]
[31 29 18 35]
[29 24 14 31]
[26 22 12 30]
[25 20 12 28]
[27 21 13 30]
[44 25 19 36]
[60 43 35 62]
[75 71 62 88]
[91 86 80 99]
[118  82  93 101]
[103 103  97 132]
[ 89 111  99 122]
[128  86  89  78]
[65 65 66 93]
[48 50 39 56]
[30 30 18 31]
[20 17  9 20]
[15 12  6 16]
[14 12  5 15]
[14 12  5 15]
[15 13  6 16]
[15 13  6 16]
[15 13  6 17]
[16 14  6 17]
[16 14  6 17]
[16 14  6 18]
[17 14  6 18]
[17 14  6 18]
[17 14  6 18]
[18 15  7 19]
[20 16  8 21]
[20 24  9 36]
[31 25 11 45]
[63 34 14 48]
[62 29 17 46]
[31 34 14 44]
[21 20 10 23]
[18 16  8 20]
[17 15  8 18]
[17 15  8 18]
[18 14  8 19]
[20 16  8 21]
[19 17  9 22]
[20 18  9 23]
[22 19 10 24]
[23 19 10 26]
[24 20 11 26]
[24 20 11 26]
[23 20 11 26]
[23 19 10 24]
[23 19 10 24]
[22 20 10 23]
[23 20 10 23]
[26 21 12 27]
[36 26 18 33]
[63 38 33 50]
[86 68 63 84]
[103  99  99 107]
[113 107 118 115]
[120 109 124 118]
[120 111 126 122]
[120 109 126 120]
[120 107 124 120]
[118 109 124 120]
[113 101 113 107]
[88 89 89 95]
[57 66 54 66]
[39 39 26 36]
[23 22 12 24]
[19 16  8 18]
[19 16  7 19]
[23 18  9 22]
[23 28 11 37]
[52 29 20 38]
[70 44 31 60]
[53 54 33 80]
[71 44 31 66]
[75 54 30 78]
[66 63 31 84]
[91 50 31 70]
[80 46 33 86]
[77 60 34 89]
[75 62 31 84]
[84 52 31 75]
[77 54 28 82]
[73 49 26 73]
[68 48 21 68]
[66 28 20 41]
[27 32 13 41]
[19 17  8 19]
[16 14  6 16]
[14 13  6 15]
[13 12  5 14]
[11 11  4 13]
[10 10  3 12]
[11 13  3 18]
[27  9  3 13]
[20 17  4 23]
[13 12  3 15]
[12 10  3 12]
[12 10  3 13]
[13 12  4 16]
[17 15  5 21]
[28 18  7 29]
[39 21  9 43]
[50 27 10 50]
[41 28 10 49]
[33 24  8 32]
[25 23  7 28]
[20 26  8 41]
[42 32 17 48]
[63 60 35 77]
[80 66 65 93]
[155  59 103  84]
[130  95 122  86]
[115  82 113 143]
[115  80 111 143]
[115  80 111 141]
[109  78 105 138]
[101  70  93 126]
[134  42  78  84]
[70 49 53 99]
[53 43 35 60]
[46 38 27 50]
[46 38 26 50]
[45 41 29 52]
[44 37 27 46]
[35 35 23 44]
[31 30 19 36]
[30 24 15 32]
[26 22 13 31]
[26 21 12 29]
[29 21 14 31]
[48 26 21 37]
[62 45 38 65]
[71 75 65 91]
[95 82 82 95]
[113  75  91  97]
[105  93  97 113]
[ 78 107  93 124]
[124  75  91  77]
[77 73 70 95]
[46 54 42 62]
[31 32 20 35]
[21 18 10 21]
[15 13  6 16]
[14 12  5 15]
[14 12  5 15]
[15 13  6 16]
[16 14  6 17]
[16 14  6 17]
[16 14  6 17]
[16 14  6 17]
[16 14  6 17]
[17 14  6 18]
[17 14  6 18]
[17 15  7 19]
[18 15  7 19]
[19 16  7 20]
[20 17  8 23]
[20 22  9 34]
[30 21 11 34]
[34 26 12 31]
[24 24 10 26]
[18 16  9 21]
[17 15  8 19]
[17 15  7 18]
[18 15  8 18]
[19 15  8 20]
[20 16  8 21]
[20 18  9 23]
[21 19 10 23]
[23 20 10 25]
[24 20 11 26]
[24 20 11 26]
[24 20 11 26]
[24 20 11 26]
[24 19 11 25]
[23 19 10 25]
[22 20 10 24]
[24 20 11 24]
[27 23 14 29]
[41 28 21 35]
[68 43 39 56]
[88 75 73 91]
[105 101 105 109]
[113 107 120 115]
[118 107 122 118]
[118 109 124 120]
[122 107 124 118]
[120 105 124 120]
[120 107 124 120]
[113 101 118 111]
[ 97  95  99 101]
[63 78 66 82]
[48 48 34 45]
[29 28 16 30]
[21 19  9 21]
[20 18  8 21]
[21 19  9 23]
[22 24 11 32]
[34 26 16 35]
[48 35 22 44]
[36 41 23 57]
[39 36 23 52]
[43 42 20 54]
[46 48 20 62]
[65 43 23 56]
[57 50 26 66]
[52 50 25 62]
[48 45 23 63]
[52 46 23 63]
[53 48 21 63]
[52 46 19 59]
[50 42 17 53]
[44 34 15 38]
[26 30 11 29]
[20 17  8 18]
[15 14  7 17]
[15 14  6 15]
[13 12  5 14]
[10 12  4 13]
[10  9  3 10]
[11 11  3 15]
[11 12  3 19]
[16 16  3 16]
[13 10  3 13]
[12  9  3 12]
[13 11  3 13]
[13 12  4 15]
[16 14  4 20]
[23 16  5 25]
[25 21  7 34]
[26 23  7 32]
[23 23  7 29]
[20 18  6 22]
[21 17  6 21]
[22 21  9 28]
[33 30 17 38]
[50 42 36 62]
[66 52 60 82]
[157  44  97  71]
[130  95 122  88]
[113  84 113 145]
[113  84 111 145]
[111  82 109 143]
[105  78 101 136]
[ 99  68  88 124]
[130  41  73  80]
[66 46 50 93]
[50 41 33 57]
[44 36 26 48]
[44 37 26 48]
[44 38 27 49]
[43 36 26 45]
[34 33 23 43]
[31 29 18 36]
[29 24 15 31]
[26 22 13 31]
[26 21 12 29]
[31 22 15 31]
[52 27 23 41]
[65 49 43 70]
[70 80 66 95]
[99 78 82 88]
[111  71  88  95]
[ 95  91  97 113]
[ 86 103  93 118]
[111  73  89  84]
[82 80 73 93]
[46 53 44 63]
[32 32 21 33]
[20 17 10 21]
[15 13  6 16]
[14 12  5 14]
[14 12  5 15]
[15 13  6 16]
[16 14  6 17]
[16 14  6 17]
[16 14  6 17]
[16 14  6 17]
[16 14  6 17]
[17 14  6 18]
[17 14  6 18]
[17 15  6 19]
[17 14  7 18]
[17 15  7 19]
[18 15  7 20]
[18 16  8 21]
[20 17  9 21]
[20 16  8 21]
[18 16  8 20]
[17 15  8 19]
[18 15  7 19]
[19 15  7 20]
[20 16  8 20]
[21 16  8 20]
[20 17  9 22]
[21 18  9 23]
[22 20 10 25]
[24 20 11 26]
[25 21 11 26]
[24 20 11 26]
[23 20 11 26]
[24 19 11 25]
[24 18 11 25]
[23 19 10 24]
[22 19 10 24]
[24 20 11 24]
[28 23 14 30]
[44 30 23 38]
[71 48 46 60]
[91 80 80 95]
[107 101 107 109]
[111 105 115 113]
[109 103 118 113]
[105 105 118 118]
[109 103 120 115]
[107 101 120 115]
[115  97 118 113]
[113  95 113 111]
[105  95 105 103]
[75 84 77 89]
[53 54 43 54]
[33 33 20 34]
[23 20 10 23]
[20 17  8 20]
[20 17  8 20]
[19 18 10 22]
[21 18 11 24]
[26 20 13 26]
[25 22 14 26]
[24 20 13 24]
[23 21 13 26]
[23 24 14 34]
[31 24 15 32]
[31 30 15 33]
[27 25 15 31]
[27 25 15 31]
[26 24 14 30]
[26 25 14 30]
[24 24 13 31]
[26 24 12 29]
[24 23 11 26]
[21 21  9 22]
[18 17  8 18]
[16 15  7 16]
[15 14  6 15]
[13 12  5 14]
[11 11  4 12]
[ 9  9  3 10]
[10  8  3 11]
[10 10  3 12]
[13  9  3 10]
[12  8  3 12]
[11  8  3 14]
[12 10  3 13]
[12 11  4 14]
[12 12  4 15]
[14 12  4 15]
[14 13  4 16]
[14 12  5 15]
[14 13  5 15]
[14 12  5 16]
[17 14  6 18]
[21 21  9 30]
[33 32 18 44]
[57 46 36 62]
[73 52 59 84]
[168  41  95  70]
[153  95 120  95]
[141  99 118 153]
[134  97 115 151]
[126  91 111 145]
[115  84 103 138]
[101  73  88 126]
[128  43  71  80]
[65 46 48 89]
[46 39 32 56]
[41 34 24 45]
[39 33 23 44]
[39 34 26 45]
[38 32 24 42]
[31 31 21 41]
[30 26 17 34]
[27 23 14 31]
[26 21 12 29]
[26 20 12 29]
[31 23 15 33]
[53 30 26 43]
[65 53 44 73]
[65 84 66 99]
[101  75  78  82]
[109  68  86  97]
[ 91  88  93 111]
[ 97  97  93 105]
[95 77 89 97]
[88 77 73 82]
[45 56 44 65]
[31 31 21 33]
[20 18 10 21]
[15 13  6 16]
[14 12  5 14]
[14 12  5 15]
[15 13  6 16]
[16 14  6 17]
[16 14  6 17]
[16 14  6 17]
[16 14  6 17]
[16 14  6 17]
[16 14  6 18]
[17 14  6 18]
[17 14  6 17]
[16 14  6 18]
[16 14  6 18]
[17 15  7 18]
[17 14  7 19]
[18 15  7 18]
[17 15  7 19]
[17 14  7 19]
[17 15  7 18]
[18 15  7 20]
[19 17  8 21]
[20 17  8 22]
[21 17  8 21]
[20 18  9 23]
[21 19 10 23]
[23 20 10 25]
[24 21 11 26]
[25 21 12 27]
[23 21 11 27]
[23 20 11 26]
[25 19 11 25]
[24 18 11 25]
[23 18 10 24]
[22 19 10 24]
[24 20 11 25]
[30 24 15 30]
[48 31 27 41]
[77 52 53 66]
[95 84 88 99]
[107 103 111 111]
[103 105 115 113]
[ 97 101 111 109]
[ 86  97 109 109]
[ 86  88 109 101]
[ 86  78 107  99]
[103  70 105  93]
[105  77 107 107]
[103  89 103 105]
[82 88 82 95]
[52 63 49 65]
[35 36 23 36]
[24 20 11 23]
[20 17  8 20]
[18 16  8 19]
[18 15  8 17]
[17 15  8 18]
[18 15  9 18]
[18 16  9 20]
[18 16  9 20]
[21 17  9 20]
[20 17 10 21]
[20 17 10 21]
[20 17 10 20]
[20 16 10 20]
[20 17 10 20]
[20 17 10 21]
[20 16 10 20]
[19 17 10 20]
[19 16  9 19]
[18 16  9 19]
[18 16  8 19]
[18 16  8 17]
[16 15  7 17]
[15 13  6 15]
[13 13  5 14]
[11 11  4 12]
[10  9  3 11]
[10  8  3 10]
[ 9 10  3 13]
[11 10  3 13]
[13 11  3 12]
[11  8  3 12]
[10  8  3 12]
[11  9  3 12]
[11  9  3 11]
[10  8  3 10]
[ 9  8  3 11]
[10  8  4 11]
[11  9  4 12]
[13 11  4 14]
[15 13  6 18]
[20 21 10 29]
[31 34 19 48]
[60 46 38 66]
[82 59 60 95]
[178  44  99  75]
[151 109 126 124]
[159 130 126 168]
[159 128 124 167]
[159 122 118 161]
[149 113 109 153]
[134  97  91 136]
[130  65  77  95]
[68 60 52 89]
[44 39 31 53]
[37 31 23 41]
[35 30 21 39]
[36 30 22 39]
[34 28 21 38]
[29 28 18 37]
[27 24 16 31]
[26 22 14 30]
[25 21 12 28]
[26 21 13 29]
[31 23 15 33]
[54 30 26 43]
[68 52 44 73]
[ 56  88  66 105]
[93 73 80 78]
[111  59  82  88]
[ 89  80  86 113]
[103  91  97 103]
[ 97  88  91 103]
[84 71 73 80]
[46 56 44 65]
[31 30 21 32]
[19 17 10 21]
[15 12  6 15]
[14 12  5 15]
[15 13  6 16]
[16 14  6 17]
[16 14  6 18]
[16 14  6 18]
[16 14  6 17]
[16 14  6 17]
[16 14  6 17]
[16 14  6 17]
[16 14  6 17]
[16 13  6 17]
[16 14  6 17]
[16 14  6 17]
[17 14  7 17]
[17 15  7 19]
[17 15  7 20]
[18 15  7 18]
[17 15  7 18]
[18 15  7 19]
[19 16  7 20]
[20 17  8 21]
[19 17  8 21]
[20 17  8 21]
[20 18  9 22]
[21 18  9 23]
[22 20 10 25]
[23 20 11 26]
[24 21 12 27]
[23 21 12 27]
[24 20 12 26]
[24 20 12 26]
[24 19 11 26]
[23 18 10 24]
[22 18 10 23]
[23 20 11 25]
[31 24 16 31]
[49 33 29 43]
[80 53 57 70]
[ 97  86  91 103]
[107 105 113 113]
[ 97 109 115 113]
[ 93  95 105 101]
[88 84 97 97]
[95 75 93 89]
[82 75 97 99]
[113  60 103  86]
[105  63 101 107]
[ 99  86 103 111]
[86 88 86 93]
[54 65 50 66]
[41 36 23 35]
[26 21 12 26]
[19 17  8 21]
[17 15  7 18]
[17 14  7 17]
[16 14  7 17]
[16 14  7 16]
[16 14  7 16]
[17 15  7 17]
[17 15  7 18]
[17 16  7 19]
[17 15  7 18]
[17 15  7 17]
[17 15  8 18]
[17 15  8 18]
[18 16  8 18]
[17 15  8 18]
[17 15  8 18]
[18 15  8 18]
[18 16  8 18]
[18 16  8 19]
[18 16  8 18]
[17 15  7 17]
[15 14  6 15]
[13 12  5 14]
[11 11  4 12]
[10  9  3 11]
[10  8  3  9]
[ 9  8  3 11]
[ 9  9  3 12]
[11  8  3 10]
[12  8  3 10]
[10  8  3 12]
[11  9  3 11]
[10  9  3 11]
[10  9  3 10]
[10  8  3 10]
[10  8  3 10]
[11  9  4 12]
[12 11  4 14]
[17 14  6 17]
[21 21 10 30]
[31 36 21 52]
[62 49 41 70]
[86 59 63 99]
[185  45  99  77]
[118 115 134 118]
[115 111 126 151]
[118 115 126 155]
[122 118 124 157]
[118 115 113 153]
[111 105  93 138]
[109  77  75  99]
[71 66 52 77]
[46 41 34 52]
[38 31 25 41]
[35 30 22 39]
[33 29 21 38]
[33 27 20 36]
[30 26 18 35]
[29 25 17 32]
[26 24 15 33]
[27 22 14 30]
[28 21 14 30]
[32 24 16 34]
[56 31 26 44]
[70 54 44 77]
[ 60  89  63 107]
[105  71  75  75]
[120  57  84  88]
[ 89  78  89 122]
[ 97  95  97 109]
[103  93  93  99]
[82 70 73 84]
[46 57 44 63]
[30 29 20 31]
[18 17 10 20]
[14 13  6 15]
[14 12  6 15]
[15 13  6 16]
[16 14  6 17]
[16 14  6 17]
[16 14  6 17]
[16 14  6 17]
[15 14  6 17]
[16 13  6 17]
[16 14  6 17]
[16 14  6 17]
[16 14  6 17]
[16 14  6 17]
[17 14  6 17]
[17 14  6 18]
[18 15  7 18]
[17 15  7 19]
[18 15  7 18]
[17 15  7 19]
[18 15  7 19]
[19 16  7 20]
[20 17  8 21]
[20 17  8 21]
[21 17  8 21]
[20 18  9 22]
[21 18  9 23]
[21 19 10 24]
[22 20 11 25]
[23 20 11 26]
[24 21 12 27]
[25 21 12 27]
[26 20 12 27]
[26 20 12 26]
[24 18 11 25]
[22 18 10 23]
[23 20 11 25]
[31 24 16 31]
[50 33 30 43]
[80 54 60 70]
[ 95  88  95 105]
[107 109 118 115]
[ 99 111 118 118]
[103  95 105 101]
[103  84  95 109]
[101  91  95 120]
[ 89 105  99 126]
[118  78 103  93]
[113  63 101 105]
[ 97  73  97 109]
[88 82 86 91]
[54 66 52 71]
[41 37 25 39]
[26 24 12 27]
[20 18  8 20]
[17 15  7 18]
[16 14  7 16]
[15 14  7 16]
[15 13  7 15]
[15 14  6 16]
[16 14  7 16]
[16 14  7 16]
[16 14  6 16]
[15 14  6 16]
[15 14  7 16]
[16 14  7 16]
[16 14  7 16]
[16 14  7 16]
[16 14  7 16]
[16 14  7 16]
[16 14  7 17]
[18 15  7 17]
[18 16  8 18]
[18 16  8 18]
[17 15  7 17]
[15 14  6 16]
[13 13  5 14]
[11 11  4 12]
[10  9  3 11]
[9 8 3 9]
[9 8 3 9]
[ 9  8  3 11]
[ 9  8  3 11]
[13  8  3 10]
[11  9  3 12]
[10  9  3 12]
[10  9  3 11]
[10  8  3 10]
[10  8  3 11]
[10  9  3 11]
[12 10  4 12]
[13 11  4 14]
[16 14  6 19]
[22 23 11 31]
[33 38 21 53]
[66 49 42 71]
[ 86  63  66 103]
[185  44 103  77]
[107  99 126  82]
[ 88  70 113 109]
[ 88  71 118 111]
[ 89  71 118 111]
[ 82  70 107 109]
[73 63 93 99]
[65 54 75 84]
[54 46 56 68]
[49 38 41 53]
[42 33 32 48]
[42 33 28 44]
[38 33 26 43]
[38 32 24 41]
[34 32 23 43]
[34 31 21 39]
[33 29 20 37]
[33 26 18 35]
[32 25 17 35]
[37 28 20 38]
[57 33 28 48]
[71 56 46 77]
[ 71  91  63 111]
[107  80  77  95]
[130  75  89  97]
[ 99  86  91 118]
[ 84  91  95 111]
[107  84  91  89]
[78 66 71 86]
[46 56 43 62]
[30 30 20 31]
[19 17 10 20]
[15 13  7 16]
[15 12  6 16]
[15 13  6 17]
[16 14  6 17]
[16 14  6 17]
[16 14  6 17]
[16 14  6 17]
[16 14  6 17]
[16 13  6 17]
[15 14  6 17]
[16 14  6 17]
[16 14  6 17]
[16 14  6 17]
[17 14  6 17]
[16 14  6 18]
[17 14  7 18]
[17 15  7 18]
[17 14  7 18]
[17 14  7 18]
[18 15  7 19]
[19 15  7 20]
[19 16  7 21]
[20 17  8 21]
[20 17  8 21]
[20 18  9 22]
[21 18  9 22]
[21 19 10 23]
[22 19 10 24]
[23 20 11 26]
[25 21 12 27]
[26 21 12 29]
[27 21 13 29]
[27 21 12 28]
[26 20 12 26]
[24 20 11 25]
[24 20 12 26]
[31 25 17 31]
[52 34 31 44]
[84 56 62 70]
[ 97  91  97 107]
[111 111 122 118]
[ 95 120 124 128]
[118  93 109 103]
[111  88  99 118]
[103 103  99 130]
[ 86 122  95 134]
[113  82  99  91]
[130  59  97  88]
[ 91  57  93 111]
[82 73 82 93]
[54 65 52 68]
[38 36 25 37]
[24 23 12 26]
[20 17  8 19]
[17 15  6 18]
[16 14  6 16]
[16 14  7 16]
[15 14  7 16]
[16 14  6 16]
[16 14  6 16]
[15 14  6 16]
[15 14  6 15]
[15 13  6 15]
[15 14  6 15]
[15 14  6 15]
[15 14  7 15]
[15 14  6 15]
[15 14  6 16]
[15 14  6 16]
[16 14  7 16]
[17 15  7 17]
[18 16  7 18]
[18 16  7 18]
[17 15  7 17]
[15 14  6 15]
[13 12  5 14]
[10 11  4 12]
[ 9  9  3 10]
[8 7 3 9]
[8 7 3 8]
[8 7 2 9]
[ 8  8  2 10]
[10  8  3 10]
[11 10  3 12]
[11  9  3 11]
[11  9  3 11]
[10  8  3 11]
[10  9  3 11]
[11  9  3 11]
[12 10  4 12]
[13 12  4 15]
[16 15  6 19]
[23 23 11 31]
[34 38 22 57]
[68 52 45 78]
[ 89  65  68 107]
[188  45 105  77]
[120  89 115  75]
[ 97  66 105 111]
[ 99  70 109 115]
[101  70 109 113]
[ 93  66 105 109]
[84 60 95 97]
[73 52 82 82]
[57 45 68 73]
[49 38 57 63]
[41 38 48 60]
[39 37 43 54]
[37 36 37 53]
[42 35 34 48]
[42 35 31 49]
[45 34 30 46]
[44 35 28 49]
[42 34 26 48]
[42 33 24 44]
[45 33 26 45]
[63 39 35 54]
[75 60 53 80]
[ 80  88  70 111]
[ 89  93  84 113]
[132  82  89  89]
[103  78  88 107]
[ 78  91  91 113]
[107  75  88  82]
[77 68 70 89]
[48 57 44 63]
[32 32 22 34]
[21 20 12 23]
[17 15  8 18]
[16 14  7 18]
[17 15  7 18]
[17 15  7 18]
[17 15  7 18]
[17 14  7 18]
[16 14  7 18]
[16 14  7 18]
[16 14  7 17]
[16 14  6 17]
[16 14  6 17]
[16 14  6 17]
[16 14  6 17]
[16 14  6 17]
[16 14  6 18]
[16 14  7 17]
[16 14  7 17]
[17 14  7 17]
[16 14  7 17]
[17 14  7 18]
[18 15  7 18]
[18 16  7 20]
[19 17  8 21]
[20 17  8 21]
[20 18  9 21]
[21 18  9 22]
[21 19 10 23]
[22 20 10 24]
[24 20 11 26]
[25 21 12 27]
[26 22 12 29]
[27 23 13 30]
[27 22 12 29]
[27 21 12 28]
[25 20 12 26]
[26 21 13 27]
[32 26 18 32]
[53 35 32 45]
[84 56 62 71]
[ 99  91  99 109]
[113 113 122 122]
[105 118 122 126]
[128  93 111 103]
[107  93 107 124]
[ 99 107 101 126]
[ 77 118  93 136]
[107  93  93 105]
[153  57  95  84]
[107  63  91 118]
[78 73 82 99]
[53 63 52 66]
[36 35 25 36]
[23 23 12 25]
[19 17  7 18]
[16 15  6 17]
[16 14  6 16]
[16 14  7 16]
[16 14  7 16]
[16 14  7 16]
[15 14  6 16]
[15 14  6 15]
[15 13  6 15]
[14 13  6 15]
[15 13  6 15]
[15 13  6 15]
[15 14  6 15]
[15 14  6 15]
[15 14  6 15]
[15 14  6 16]
[16 14  7 16]
[17 15  7 17]
[18 16  7 18]
[18 16  7 18]
[17 15  7 17]
[15 14  6 15]
[12 12  5 13]
[10 10  4 11]
[ 9  8  3 10]
[8 7 3 8]
[8 7 2 8]
[8 6 2 8]
[7 7 2 9]
[9 7 3 9]
[10  9  3 11]
[11  9  3 11]
[11  9  3 11]
[11  9  3 11]
[11  9  3 11]
[11  9  3 12]
[12 10  4 13]
[12 12  4 15]
[16 15  6 19]
[24 23 11 32]
[36 41 23 59]
[70 53 46 78]
[ 89  65  70 109]
[190  44 105  77]
[120  89 113  84]
[103  77 101 126]
[105  80 105 130]
[109  82 107 130]
[107  80 105 128]
[101  77 101 122]
[ 97  68  93 109]
[86 62 84 97]
[78 53 77 82]
[63 48 68 75]
[57 41 62 63]
[50 38 56 63]
[48 36 53 60]
[44 37 49 62]
[43 37 46 63]
[44 38 43 60]
[44 38 38 56]
[46 37 36 53]
[49 38 37 56]
[68 45 46 63]
[86 60 62 82]
[ 86  84  78 109]
[ 77  99  88 115]
[105  82  91  88]
[ 86  70  89 101]
[80 73 80 99]
[107  63  80  80]
[80 75 71 93]
[52 63 48 68]
[39 38 27 39]
[28 26 16 30]
[23 20 12 23]
[21 18 10 22]
[21 18 10 22]
[21 18 10 22]
[20 18  9 21]
[20 17  9 21]
[18 16  8 20]
[18 16  8 20]
[18 15  8 19]
[17 15  7 18]
[17 15  7 18]
[17 14  7 18]
[16 14  7 18]
[17 14  7 17]
[16 14  7 17]
[17 14  7 17]
[16 14  7 17]
[17 14  7 17]
[17 14  7 18]
[17 15  7 18]
[18 15  7 18]
[18 16  8 20]
[18 16  8 20]
[19 17  8 21]
[20 17  9 21]
[20 17  9 22]
[21 18  9 23]
[22 19 10 24]
[23 20 11 26]
[25 21 11 27]
[26 22 12 29]
[28 23 12 30]
[27 23 12 30]
[27 22 12 28]
[26 21 12 26]
[26 21 13 28]
[33 26 18 33]
[53 35 32 46]
[84 56 62 71]
[ 99  91  97 109]
[113 111 122 120]
[ 97 124 122 136]
[132  91 115 103]
[109  99 107 120]
[103 103 103 115]
[ 82 109  95 132]
[ 97 103  95 120]
[165  65  99  88]
[122  70  95 124]
[ 86  84  84 105]
[54 63 52 65]
[35 35 24 36]
[23 21 11 23]
[19 16  7 19]
[17 15  7 18]
[17 14  6 17]
[16 14  7 17]
[17 14  7 17]
[16 14  7 16]
[16 14  6 16]
[16 14  6 16]
[15 14  6 15]
[15 14  6 15]
[15 14  6 15]
[15 14  6 15]
[16 14  7 16]
[16 14  7 16]
[16 14  7 16]
[16 14  7 16]
[17 15  7 17]
[17 15  7 17]
[18 16  7 18]
[18 16  7 18]
[17 15  7 17]
[15 14  6 15]
[12 12  5 13]
[10 10  4 11]
[9 8 3 9]
[8 7 3 8]
[8 7 2 8]
[7 7 2 8]
[8 7 2 8]
[8 8 2 9]
[10  8  3 11]
[11  9  3 12]
[11 10  3 12]
[11 11  3 12]
[11 10  4 12]
[12 11  4 12]
[12 11  4 13]
[13 12  5 15]
[16 15  7 20]
[23 24 12 33]
[39 41 24 59]
[73 52 46 80]
[ 93  68  71 111]
[190  45 107  78]
[118  89 109  80]
[101  75  97 122]
[101  77  99 126]
[105  78 103 128]
[107  80 103 128]
[105  80 103 130]
[105  78  99 126]
[101  77  97 124]
[ 99  73  91 115]
[ 95  71  88 111]
[ 93  63  84 101]
[86 62 78 99]
[77 56 73 89]
[73 49 66 77]
[65 42 60 70]
[59 41 57 66]
[54 39 54 66]
[54 41 53 65]
[56 43 54 66]
[68 44 60 70]
[93 53 71 82]
[ 91  75  84 109]
[ 91  97  86 115]
[113  77  89  86]
[107  75  88  89]
[89 65 84 99]
[99 65 86 97]
[89 82 77 97]
[71 70 56 77]
[62 52 39 54]
[48 43 28 46]
[38 35 21 39]
[33 31 18 33]
[31 28 17 31]
[29 26 16 31]
[27 24 15 29]
[26 23 14 27]
[26 21 13 26]
[24 21 12 25]
[23 20 11 24]
[22 19 11 23]
[21 18 10 23]
[21 18 10 21]
[19 17  9 21]
[19 16  9 20]
[18 16  8 20]
[18 16  8 20]
[18 16  8 20]
[19 16  8 20]
[19 17  9 20]
[19 17  9 20]
[19 17  9 20]
[20 17  9 20]
[20 17  9 21]
[20 17  9 21]
[20 17  9 21]
[20 17  9 21]
[21 18 10 23]
[21 19 10 24]
[23 20 11 25]
[25 21 11 27]
[26 22 12 29]
[27 23 12 30]
[26 23 12 30]
[26 21 12 28]
[25 21 12 26]
[26 21 13 27]
[33 25 18 33]
[53 34 32 45]
[82 54 60 71]
[ 97  89  93 107]
[109 109 118 118]
[ 91 122 122 128]
[132  88 113  93]
[101  91 107 124]
[107 105 107 115]
[ 97 111 101 134]
[ 89 113  99 138]
[176  77 105  88]
[128  78 101 132]
[ 89  89  89 111]
[57 66 54 66]
[35 36 24 36]
[23 21 12 23]
[19 17  8 20]
[17 16  7 18]
[17 15  7 17]
[17 15  7 17]
[17 15  7 17]
[17 15  7 17]
[17 15  7 17]
[16 14  6 16]
[16 14  6 16]
[16 14  6 16]
[16 14  6 16]
[16 14  7 16]
[16 14  7 16]
[16 14  7 16]
[16 14  7 16]
[16 14  7 17]
[17 15  7 17]
[17 15  7 18]
[18 16  7 18]
[18 16  7 18]
[17 15  7 17]
[14 14  6 15]
[12 12  5 13]
[10 10  4 11]
[ 9  8  3 10]
[8 7 3 8]
[8 7 2 8]
[8 7 2 8]
[8 7 2 8]
[9 7 2 9]
[10  8  3 10]
[12  9  3 12]
[13 11  4 14]
[14 12  4 14]
[14 12  5 14]
[14 12  5 14]
[13 12  5 15]
[14 13  5 15]
[16 15  7 20]
[23 23 12 33]
[41 38 25 59]
[71 53 49 86]
[ 95  70  73 113]
[191  48 107  80]
[118  89 109  82]
[101  75  93 122]
[101  75  95 124]
[103  77  97 126]
[105  78  97 126]
[103  80  99 130]
[105  78  99 128]
[105  80  99 128]
[105  80  99 128]
[105  80  97 130]
[105  78  95 126]
[101  78  91 124]
[ 95  71  84 115]
[ 95  63  77 105]
[ 95  60  71 101]
[91 60 71 99]
[97 63 73 97]
[95 60 71 93]
[101  60  71  88]
[107  59  77  89]
[118  63  88  97]
[ 95  88  95 124]
[ 95 101  93 126]
[111  93  89 115]
[128  95  89 109]
[120  91  91 111]
[107  88  91 107]
[99 88 86 99]
[86 82 71 95]
[84 77 60 84]
[78 75 49 77]
[66 68 42 66]
[59 57 36 57]
[53 48 32 52]
[49 44 30 48]
[46 39 28 45]
[44 37 26 43]
[43 35 24 41]
[42 34 22 39]
[39 33 21 37]
[38 31 20 35]
[34 31 18 34]
[34 28 17 31]
[31 27 16 31]
[31 25 15 28]
[27 25 15 28]
[26 23 14 26]
[26 22 14 26]
[24 22 13 26]
[24 22 13 25]
[24 21 12 25]
[23 21 12 24]
[23 21 12 24]
[23 20 12 23]
[22 20 11 23]
[22 20 11 23]
[23 19 11 23]
[22 20 11 24]
[23 20 11 25]
[24 21 11 26]
[26 22 12 28]
[26 23 12 29]
[27 23 13 30]
[27 23 12 29]
[26 21 12 28]
[25 21 12 26]
[26 21 14 28]
[34 25 18 33]
[53 34 32 46]
[82 54 59 70]
[ 93  88  91 103]
[105 107 113 115]
[103 115 113 124]
[132  89 115  97]
[105 101 113 130]
[101 101 109 120]
[105 113 111 128]
[ 88 115 103 147]
[181  73 107  88]
[134  95 111 143]
[ 93  99  95 115]
[60 68 56 68]
[35 36 25 37]
[24 21 12 23]
[19 17  8 20]
[17 16  7 18]
[17 15  7 17]
[16 14  7 17]
[17 14  7 17]
[17 15  7 17]
[17 15  7 17]
[17 15  6 17]
[17 15  6 17]
[17 15  7 17]
[17 15  7 17]
[17 15  7 17]
[17 15  7 17]
[17 15  7 17]
[16 14  7 17]
[17 15  7 17]
[17 15  7 17]
[18 16  7 18]
[18 16  7 18]
[18 16  7 18]
[17 15  7 17]
[15 14  6 15]
[12 12  5 13]
[10 10  4 11]
[ 9  8  3 10]
[8 7 3 9]
[8 7 2 8]
[8 7 2 8]
[8 7 2 8]
[ 9  8  2 10]
[10  9  3 11]
[12 11  3 13]
[14 14  5 17]
[17 16  6 19]
[18 17  7 20]
[17 16  7 20]
[16 14  7 18]
[15 13  6 17]
[18 17  8 22]
[24 26 14 37]
[43 41 27 59]
[70 54 52 88]
[ 93  68  77 113]
[191  45 109  80]
[118  89 105  84]
[101  75  89 120]
[ 99  75  89 122]
[ 99  75  89 122]
[101  73  89 120]
[ 97  75  89 122]
[101  73  89 120]
[101  75  91 124]
[ 99  77  93 126]
[ 99  78  93 124]
[101  73  91 120]
[ 99  70  88 120]
[ 99  68  82 115]
[ 99  65  78 113]
[105  66  77 111]
[105  73  77 118]
[118  82  84 120]
[126  88  88 128]
[128  93  89 130]
[134  99  91 126]
[130  97  97 120]
[107 105  97 120]
[101  93  91 109]
[ 97  93  91 115]
[109  93  91 111]
[113  95  91 107]
[107  91  91 105]
[103  88  89  99]
[ 95  89  86 101]
[91 89 80 97]
[89 89 73 93]
[84 88 66 89]
[86 80 60 78]
[82 73 57 78]
[82 70 54 75]
[80 68 52 73]
[77 65 49 71]
[75 62 46 68]
[73 60 43 66]
[70 60 42 65]
[70 59 39 62]
[65 57 37 60]
[63 54 35 56]
[57 53 33 54]
[56 49 32 50]
[50 48 31 49]
[46 43 29 44]
[42 38 26 42]
[36 35 23 39]
[35 31 21 35]
[35 30 20 34]
[33 30 20 34]
[33 29 19 33]
[31 28 18 32]
[30 27 17 31]
[29 26 16 30]
[29 25 15 29]
[27 25 14 30]
[27 25 14 29]
[28 25 14 30]
[29 25 14 31]
[29 26 14 31]
[29 25 14 31]
[29 24 14 31]
[27 23 14 31]
[27 23 14 29]
[29 23 15 31]
[37 27 21 36]
[57 37 35 49]
[82 56 62 71]
[ 93  88  91 103]
[107 105 113 111]
[ 95 120 118 134]
[122  97 120 107]
[120 103 111 115]
[ 99  95 111 124]
[111 105 113 118]
[107 111 107 141]
[172  75 115 107]
[136 118 120 149]
[ 99 107  99 113]
[60 68 57 70]
[35 37 26 38]
[25 21 12 23]
[20 17  8 20]
[17 16  7 18]
[16 15  7 17]
[16 14  6 16]
[16 14  7 16]
[16 14  7 17]
[16 14  7 17]
[16 14  6 17]
[17 15  7 17]
[17 15  7 17]
[17 15  7 18]
[17 15  7 17]
[17 15  7 17]
[17 15  7 17]
[16 14  7 17]
[17 15  7 17]
[17 15  7 17]
[18 16  7 18]
[18 16  7 18]
[18 16  7 18]
[17 16  7 17]
[15 14  6 15]
[12 12  5 13]
[10 10  4 11]
[9 8 3 9]
[8 7 3 8]
[8 7 2 8]
[7 7 2 8]
[8 7 2 8]
[8 7 2 9]
[10  8  3 10]
[12 11  4 14]
[13 16  6 19]
[18 20  9 23]
[18 20 11 26]
[20 17 11 23]
[20 13  8 19]
[17 14  8 22]
[21 19 10 25]
[26 30 16 42]
[46 43 31 60]
[77 56 56 89]
[ 97  68  80 115]
[194  45 113  80]
[111  88 101  84]
[ 95  71  84 115]
[ 93  71  82 115]
[ 91  71  80 115]
[ 91  68  80 111]
[ 91  68  78 113]
[ 91  66  78 111]
[ 93  68  78 113]
[ 88  70  78 115]
[ 89  68  78 109]
[ 89  62  77 107]
[ 88  60  73 109]
[ 88  62  71 107]
[ 84  62  70 107]
[ 86  63  70 103]
[ 84  68  71 109]
[ 89  73  78 111]
[ 95  82  86 115]
[ 93  84  86 120]
[ 95  86  86 111]
[ 78  88  86 105]
[89 75 78 86]
[89 65 75 89]
[93 80 82 99]
[101  84  84  97]
[103  82  84  97]
[105  84  86  97]
[103  86  88  99]
[99 91 89 99]
[97 91 88 97]
[97 89 86 95]
[91 91 84 99]
[97 86 80 95]
[95 89 78 99]
[97 91 78 99]
[97 91 77 99]
[97 89 73 95]
[95 88 71 93]
[91 86 70 91]
[88 86 66 89]
[86 84 65 86]
[84 84 63 86]
[84 82 62 82]
[80 80 60 80]
[82 77 59 77]
[80 77 57 77]
[78 71 54 71]
[75 65 50 66]
[65 60 44 62]
[62 53 39 56]
[60 50 38 56]
[56 50 38 57]
[54 49 36 53]
[52 46 33 50]
[48 44 31 49]
[45 42 28 45]
[44 37 26 42]
[42 36 23 42]
[41 35 21 39]
[41 34 20 39]
[38 34 20 41]
[37 33 19 39]
[36 31 18 37]
[35 30 18 36]
[34 30 18 36]
[34 29 18 34]
[35 30 21 37]
[46 33 27 43]
[63 44 42 56]
[89 62 68 77]
[ 95  89  97 105]
[109 105 115 113]
[ 99 115 120 124]
[122  99 113 103]
[120  91 113 113]
[ 97 109 115 134]
[111 101 115 120]
[126 103 109 132]
[153  89 122 124]
[130 124 120 143]
[101 103  99 107]
[63 70 60 73]
[38 41 28 41]
[26 23 14 25]
[21 19 10 21]
[18 17  8 19]
[17 15  7 17]
[16 14  7 16]
[16 14  7 16]
[16 14  7 16]
[16 14  7 16]
[16 14  7 16]
[17 15  7 17]
[17 15  7 17]
[17 15  7 18]
[17 15  7 17]
[17 15  7 17]
[16 14  7 17]
[16 14  7 16]
[17 15  7 17]
[17 15  7 18]
[18 16  7 18]
[19 17  8 19]
[19 17  8 19]
[17 16  7 18]
[15 14  6 16]
[12 12  5 13]
[10 10  4 11]
[9 8 3 9]
[8 7 2 8]
[7 7 2 8]
[7 6 2 8]
[8 7 2 8]
[8 7 2 8]
[10  8  3 10]
[12 12  4 14]
[13 20  7 23]
[26 22 12 23]
[29 21 15 32]
[31 20 16 31]
[34 15 14 26]
[21 18 12 33]
[26 24 14 31]
[30 34 19 48]
[54 46 35 66]
[ 84  62  60 101]
[105  75  84 124]
[200  48 115  84]
[109  84  95  77]
[ 89  65  75 107]
[ 88  65  73 107]
[ 86  63  71 105]
[ 84  62  70 103]
[ 84  62  68 103]
[ 82  60  66 103]
[ 84  60  65 101]
[ 80  62  63 103]
[84 59 62 99]
[86 57 60 97]
[82 56 59 99]
[78 53 59 93]
[75 53 56 88]
[73 49 56 80]
[70 50 57 82]
[65 50 62 82]
[70 49 65 75]
[62 50 65 78]
[57 48 63 71]
[54 46 57 65]
[65 41 57 59]
[53 46 63 82]
[57 60 65 84]
[66 62 66 80]
[71 63 68 84]
[77 66 70 86]
[78 71 73 88]
[80 77 75 88]
[84 78 78 89]
[88 80 80 91]
[88 84 80 95]
[93 82 80 91]
[91 84 82 97]
[93 86 82 95]
[95 86 80 95]
[97 86 80 95]
[97 86 80 93]
[95 86 80 91]
[89 86 80 91]
[91 84 80 88]
[89 84 78 88]
[89 84 80 88]
[89 86 80 88]
[89 86 80 89]
[89 88 80 93]
[91 89 78 93]
[93 88 75 91]
[89 89 70 91]
[93 86 65 86]
[95 84 65 88]
[91 84 65 88]
[89 82 63 82]
[86 77 60 78]
[82 71 57 77]
[80 66 50 71]
[75 63 46 68]
[68 60 42 65]
[62 57 37 63]
[57 54 33 59]
[49 53 31 57]
[46 46 28 50]
[42 42 26 49]
[43 38 26 46]
[43 37 26 46]
[46 36 26 45]
[50 39 30 49]
[62 45 38 54]
[77 56 56 70]
[99 73 82 86]
[101  97 105 111]
[111 107 120 115]
[107 115 120 124]
[122 103 118 115]
[118 107 120 126]
[113 109 113 122]
[122  97 111 115]
[130  97 118 128]
[136 101 122 126]
[120 113 118 126]
[ 99  95  99 105]
[66 73 65 77]
[43 45 33 45]
[30 27 17 29]
[23 22 12 25]
[21 20 10 21]
[19 17  9 19]
[18 16  8 18]
[17 16  8 18]
[17 16  8 17]
[17 15  7 17]
[17 15  7 17]
[18 16  7 17]
[17 16  8 18]
[17 16  8 18]
[17 15  7 17]
[17 14  7 17]
[16 14  7 16]
[16 14  7 17]
[17 15  7 17]
[18 16  7 18]
[19 17  8 19]
[20 17  8 20]
[19 18  8 20]
[18 17  8 18]
[16 15  7 16]
[13 13  5 14]
[10 11  4 12]
[ 9  9  3 10]
[8 7 3 8]
[8 7 2 8]
[8 7 2 8]
[8 7 3 9]
[ 9  8  3 10]
[11 10  4 11]
[14 14  6 18]
[14 26 10 32]
[38 29 17 33]
[42 33 23 59]
[56 31 25 53]
[63 25 22 43]
[31 32 20 54]
[33 36 21 43]
[35 43 27 59]
[63 50 42 75]
[ 91  65  65 107]
[111  80  84 128]
[199  52 115  89]
[105  80  89  75]
[ 84  62  65 103]
[ 82  62  63 101]
[80 60 62 99]
[80 60 62 99]
[80 59 60 97]
[78 57 57 95]
[77 56 56 93]
[75 56 53 95]
[75 54 50 95]
[75 54 49 91]
[73 54 48 89]
[70 52 45 86]
[68 49 45 80]
[66 48 45 80]
[66 46 45 77]
[65 46 45 75]
[66 43 45 70]
[62 43 46 70]
[56 42 44 66]
[56 39 41 65]
[62 35 44 60]
[57 44 45 63]
[50 38 45 59]
[50 37 48 57]
[50 38 49 59]
[48 39 50 60]
[45 43 53 62]
[46 45 54 63]
[49 46 57 65]
[53 50 60 70]
[56 54 62 73]
[60 56 63 75]
[63 60 65 77]
[65 60 65 77]
[68 62 66 78]
[71 65 68 82]
[73 70 70 84]
[75 73 71 84]
[80 73 73 82]
[84 73 75 84]
[86 78 78 88]
[88 80 80 89]
[91 84 84 89]
[93 84 86 89]
[93 86 88 93]
[95 88 89 95]
[97 89 89 97]
[ 95  95  88 101]
[101  95  86  99]
[103  99  88 103]
[103 101  89 107]
[105 101  89 105]
[107  99  88 105]
[105  97  84 103]
[101  95  78 101]
[97 91 71 97]
[93 84 62 88]
[86 77 54 80]
[77 71 49 75]
[66 68 44 70]
[65 57 38 60]
[60 52 36 59]
[63 49 36 57]
[65 50 38 63]
[68 53 43 66]
[73 59 48 71]
[82 63 59 77]
[95 77 75 88]
[111  88  97  99]
[111 105 115 118]
[118 111 124 120]
[113 118 124 128]
[126 107 122 120]
[132 111 118 122]
[126 111 115 128]
[130 109 120 132]
[136 113 122 130]
[130 109 120 122]
[118 107 115 118]
[101  97 101 105]
[71 78 71 82]
[50 52 42 53]
[38 34 24 36]
[31 28 18 31]
[27 25 15 27]
[24 22 13 24]
[23 21 12 22]
[22 20 11 21]
[21 19 11 21]
[20 18 10 20]
[20 18  9 20]
[20 18  9 20]
[20 18  9 20]
[19 17  9 18]
[18 16  8 18]
[18 15  8 18]
[17 15  8 17]
[17 15  8 17]
[17 16  8 17]
[18 16  8 18]
[19 17  8 20]
[20 18  9 20]
[20 18  9 20]
[20 17  8 19]
[17 16  8 18]
[15 14  6 15]
[13 12  5 13]
[11 10  4 11]
[11  9  4 11]
[10  9  3 10]
[10  9  3 11]
[11 10  4 11]
[13 11  4 13]
[16 14  6 15]
[21 20  9 23]
[26 34 14 43]
[68 36 26 48]
[84 52 36 82]
[89 53 42 84]
[78 46 42 75]
[38 56 34 77]
[41 43 31 50]
[48 44 35 62]
[70 49 49 82]
[ 89  68  70 113]
[105  78  86 128]
[194  53 113  88]
[101  78  84  71]
[78 59 59 97]
[78 57 57 95]
[78 57 57 95]
[78 59 56 95]
[78 57 56 95]
[77 57 53 93]
[75 56 52 91]
[73 54 49 89]
[68 52 46 88]
[66 50 43 84]
[65 48 41 78]
[63 46 39 77]
[62 46 38 77]
[62 45 39 75]
[62 45 38 75]
[62 45 37 75]
[63 45 36 75]
[60 46 36 75]
[60 44 34 70]
[60 42 33 70]
[59 42 34 70]
[59 43 34 66]
[57 41 34 65]
[57 39 35 63]
[56 38 36 60]
[53 36 36 56]
[50 34 36 52]
[50 32 38 52]
[50 32 41 52]
[52 33 43 54]
[52 36 45 57]
[50 37 46 59]
[52 38 46 57]
[50 38 48 59]
[50 41 49 60]
[52 43 50 62]
[50 44 53 63]
[49 46 54 65]
[52 48 57 65]
[52 49 60 70]
[57 54 63 71]
[60 57 66 73]
[66 60 70 75]
[73 63 73 78]
[78 70 77 84]
[82 75 80 86]
[86 78 84 88]
[89 84 86 93]
[97 88 89 95]
[101  91  93  99]
[101  95  95 101]
[103  97  97 103]
[103  97  97 105]
[101  97  93 105]
[97 93 88 99]
[88 91 80 97]
[84 84 71 89]
[77 78 65 86]
[70 75 59 82]
[68 73 52 77]
[68 66 48 73]
[71 66 45 75]
[80 66 49 78]
[86 75 56 88]
[91 80 63 89]
[97 80 68 91]
[99 84 78 97]
[109  93  93 103]
[118 101 111 111]
[120 113 124 122]
[120 115 130 124]
[120 115 128 126]
[122 113 124 124]
[122 115 124 130]
[126 115 122 134]
[128 120 122 130]
[126 118 122 126]
[122 107 118 120]
[118 103 115 115]
[107  99 105 107]
[82 88 84 91]
[63 66 57 66]
[50 49 38 50]
[44 41 30 44]
[41 35 25 38]
[37 32 21 35]
[34 31 20 33]
[33 30 19 31]
[31 28 17 31]
[29 26 16 27]
[27 24 15 26]
[26 23 14 26]
[25 23 14 25]
[23 21 13 23]
[21 20 12 23]
[21 20 11 21]
[21 18 10 20]
[20 18 10 20]
[20 18 10 20]
[20 18 10 20]
[21 19 10 21]
[21 20 11 22]
[22 20 11 23]
[22 20 11 22]
[20 20 10 21]
[18 18  9 19]
[17 16  7 18]
[16 15  7 17]
[16 14  6 16]
[17 14  6 16]
[19 15  6 16]
[21 18  7 19]
[21 22 10 23]
[23 26 13 28]
[29 33 18 37]
[33 48 26 63]
[66 54 42 80]
[ 78  78  54 115]
[ 82  77  59 107]
[73 63 54 82]
[49 54 43 70]
[52 41 41 59]
[60 46 48 77]
[77 57 60 95]
[ 93  68  73 111]
[101  75  82 122]
[188  50 109  84]
[99 77 82 70]
[77 57 56 93]
[77 56 54 91]
[75 57 54 93]
[77 57 53 93]
[77 59 53 93]
[78 59 53 95]
[77 57 52 91]
[75 54 49 88]
[68 53 45 84]
[66 49 42 78]
[63 46 38 75]
[62 45 37 75]
[60 46 36 75]
[63 46 37 75]
[63 45 36 73]
[62 46 35 75]
[60 46 33 75]
[59 46 32 71]
[60 43 31 70]
[59 43 31 70]
[57 45 31 68]
[54 42 30 68]
[56 43 30 68]
[56 42 30 68]
[57 42 30 66]
[57 42 31 66]
[59 42 31 68]
[59 43 32 70]
[60 44 34 70]
[62 45 35 70]
[62 44 36 68]
[60 44 36 68]
[60 42 37 65]
[60 41 37 65]
[57 41 38 63]
[57 39 39 60]
[56 38 39 59]
[53 38 41 59]
[56 36 43 54]
[53 37 45 57]
[52 36 48 56]
[50 37 50 57]
[50 38 53 60]
[52 42 56 63]
[52 46 59 66]
[54 50 62 68]
[60 54 66 71]
[65 59 73 78]
[71 66 78 84]
[77 71 84 88]
[82 75 86 89]
[86 78 88 91]
[89 82 88 91]
[89 82 86 89]
[84 80 82 88]
[78 77 75 84]
[78 68 68 75]
[71 65 63 73]
[71 60 59 68]
[71 60 54 70]
[70 63 54 75]
[78 68 54 77]
[84 71 60 86]
[95 84 70 95]
[101  89  78  99]
[107  91  86 103]
[105  95  95 107]
[113 101 105 109]
[122 105 118 113]
[124 111 126 122]
[124 113 130 122]
[120 115 128 126]
[120 111 124 122]
[120 109 124 120]
[118 109 124 122]
[115 105 122 122]
[118 105 120 118]
[120 103 118 113]
[118 103 118 115]
[115 105 115 113]
[101 101 101 105]
[88 88 82 88]
[77 71 63 71]
[70 62 53 65]
[66 56 46 60]
[63 53 42 59]
[62 53 39 56]
[60 53 37 53]
[56 50 34 50]
[53 46 31 46]
[50 44 29 44]
[48 42 27 43]
[44 39 26 41]
[38 37 23 37]
[34 33 21 33]
[32 29 19 30]
[30 27 17 29]
[29 26 16 28]
[28 26 15 27]
[28 26 14 26]
[30 25 15 27]
[31 26 15 28]
[31 27 16 30]
[31 28 16 30]
[31 28 16 29]
[33 27 15 28]
[32 27 15 30]
[32 29 14 30]
[34 29 14 30]
[37 30 15 31]
[42 34 17 37]
[42 42 20 44]
[45 49 24 46]
[50 48 29 46]
[59 48 35 52]
[63 56 44 71]
[88 59 56 80]
[97 68 65 95]
[93 63 65 91]
[82 57 62 84]
[71 54 56 84]
[75 52 57 88]
[ 80  63  65 101]
[ 91  68  71 105]
[ 97  71  78 115]
[101  77  84 122]
[188  52 109  82]
[99 78 82 70]
[77 57 56 91]
[75 56 54 91]
[75 57 53 91]
[77 57 53 93]
[78 59 53 93]
[80 60 54 95]
[78 60 53 95]
[77 57 50 91]
[73 56 46 88]
[70 52 43 82]
[66 50 41 80]
[65 49 39 78]
[63 49 38 77]
[66 48 38 77]
[66 49 37 78]
[65 49 36 78]
[63 49 34 77]
[62 48 32 73]
[62 45 32 73]
[59 46 31 73]
[59 45 31 68]
[56 44 30 68]
[56 42 29 66]
[56 43 29 68]
[56 43 29 68]
[57 44 30 70]
[59 45 31 71]
[59 46 31 71]
[60 45 32 71]
[60 45 32 71]
[62 45 32 71]
[62 46 34 75]
[65 48 34 75]
[65 49 35 75]
[63 49 35 75]
[65 48 35 73]
[65 48 35 75]
[63 48 36 75]
[66 48 37 73]
[68 49 38 75]
[68 48 41 71]
[68 45 42 68]
[65 44 44 66]
[63 43 45 63]
[59 41 48 62]
[59 41 49 60]
[62 42 53 63]
[65 46 60 68]
[65 50 66 73]
[65 52 71 73]
[65 53 73 73]
[65 54 73 77]
[65 59 73 78]
[68 62 73 77]
[70 62 68 77]
[68 63 63 77]
[73 62 60 73]
[66 63 59 77]
[77 60 57 71]
[77 62 57 78]
[78 73 59 84]
[91 75 62 80]
[95 82 68 93]
[103  93  80 101]
[107  97  89 107]
[111  99  97 109]
[109 101 101 111]
[111 101 109 111]
[120 103 118 115]
[120 109 124 122]
[122 111 126 124]
[120 113 122 122]
[120 111 120 122]
[122 109 120 120]
[126 109 122 120]
[120 109 122 122]
[115 107 122 120]
[122  99 118 113]
[120 105 122 118]
[122 111 124 120]
[115 111 122 120]
[111 107 109 111]
[109 101  95 103]
[107  95  88  97]
[101  89  80  93]
[95 88 77 91]
[91 88 71 89]
[88 86 70 86]
[86 84 66 82]
[82 78 62 78]
[78 77 59 75]
[80 75 56 71]
[71 71 52 70]
[63 68 46 63]
[56 62 43 56]
[49 52 38 50]
[43 45 34 48]
[38 41 31 43]
[36 36 27 39]
[36 34 26 38]
[37 35 26 39]
[39 38 26 42]
[44 39 28 42]
[46 42 29 44]
[48 44 30 48]
[52 46 31 50]
[54 52 31 53]
[57 54 31 56]
[63 57 33 56]
[66 62 36 62]
[70 68 41 66]
[71 75 45 73]
[80 77 49 75]
[88 78 56 84]
[97 82 63 93]
[103  91  70 109]
[118  95  77 118]
[126 103  78 128]
[126 103  77 128]
[120  99  73 124]
[118  95  71 120]
[118  89  75 118]
[115  91  78 124]
[115  91  84 124]
[111  91  88 128]
[115  88  89 128]
[190  59 111  89]
[101  80  84  73]
[78 60 57 93]
[77 59 56 91]
[77 57 54 91]
[77 59 54 93]
[80 60 54 95]
[82 62 56 97]
[82 62 56 97]
[80 60 54 95]
[77 59 50 91]
[73 56 46 88]
[70 53 44 84]
[68 52 42 82]
[68 52 42 80]
[70 52 42 80]
[68 53 42 82]
[68 53 39 82]
[66 52 37 80]
[66 50 35 78]
[65 49 35 75]
[63 50 35 75]
[62 46 34 73]
[62 48 33 71]
[57 45 32 71]
[59 45 31 70]
[60 45 31 71]
[62 46 32 73]
[63 48 33 73]
[62 48 33 73]
[60 45 33 71]
[59 45 32 71]
[62 45 33 71]
[63 48 34 75]
[65 49 35 77]
[66 50 36 77]
[65 50 35 77]
[65 50 36 77]
[65 50 36 78]
[65 50 36 78]
[66 52 36 80]
[68 53 37 82]
[71 54 38 82]
[73 54 39 82]
[73 56 42 84]
[75 56 43 82]
[73 56 44 80]
[73 54 45 82]
[77 56 48 82]
[82 59 53 84]
[80 59 57 86]
[78 57 60 80]
[75 53 62 75]
[68 52 63 73]
[62 50 62 71]
[60 49 62 68]
[57 49 59 70]
[56 50 56 71]
[62 50 53 68]
[59 54 52 73]
[68 53 54 66]
[62 57 57 78]
[62 65 59 80]
[70 65 63 80]
[78 75 70 89]
[88 84 80 97]
[ 95  91  89 103]
[ 99  93  95 103]
[103  93  99 103]
[109  93 105 107]
[118  97 113 109]
[113 103 118 115]
[113 105 118 115]
[111 105 115 115]
[115 105 113 115]
[120 109 115 122]
[124 113 120 124]
[126 113 120 124]
[124 109 118 118]
[122 105 118 115]
[120 105 122 120]
[122 109 126 118]
[120 115 132 124]
[120 115 128 124]
[118 113 122 122]
[120 111 115 118]
[118 109 109 111]
[113 109 105 111]
[111 107 103 107]
[107 105 101 107]
[107 101  99  99]
[103  97  95  99]
[101  97  93  97]
[101  95  93  95]
[95 95 88 95]
[88 93 80 91]
[89 84 73 80]
[86 77 66 75]
[77 70 62 70]
[70 60 54 62]
[63 52 49 57]
[59 49 46 56]
[56 49 46 57]
[53 50 46 57]
[53 52 49 59]
[53 52 50 62]
[53 56 52 63]
[54 57 53 63]
[56 59 53 65]
[60 60 54 68]
[68 65 57 71]
[73 73 62 78]
[78 78 66 82]
[84 82 70 88]
[93 86 77 97]
[101  95  84 109]
[107 103  89 111]
[105 105  91 118]
[111 105  91 120]
[115 109  91 126]
[113 113  89 128]
[111 111  84 128]
[118 107  82 126]
[124 109  88 132]
[122 115  91 138]
[126 111  91 136]
[126 111  93 136]
[130 105  93 134]
[186  73 118 103]
[103  82  88  75]
[82 63 60 97]
[80 60 59 95]
[78 59 54 93]
[78 59 54 93]
[82 60 56 97]
[84 63 57 99]
[86 63 57 99]
[84 63 57 99]
[80 62 54 95]
[77 59 50 91]
[73 56 48 86]
[71 54 45 84]
[71 54 45 86]
[73 54 46 86]
[71 56 45 86]
[70 54 43 84]
[68 53 41 82]
[66 52 38 80]
[66 52 38 78]
[66 52 39 78]
[66 52 39 78]
[65 50 38 77]
[63 50 36 75]
[65 49 35 73]
[65 49 36 77]
[66 52 37 78]
[66 52 37 80]
[66 50 36 77]
[63 49 35 75]
[62 46 33 71]
[63 45 34 71]
[66 49 35 77]
[68 52 37 78]
[71 53 38 80]
[71 53 38 80]
[70 53 38 80]
[70 53 38 80]
[70 52 38 78]
[68 52 38 80]
[70 53 39 80]
[70 54 39 82]
[71 56 41 84]
[73 57 43 86]
[75 59 44 86]
[75 60 45 86]
[78 60 46 88]
[80 62 48 91]
[82 65 50 93]
[84 66 53 95]
[82 65 54 93]
[82 63 56 88]
[77 60 57 84]
[73 56 56 78]
[71 53 56 75]
[68 50 53 71]
[65 49 50 70]
[63 46 50 68]
[63 50 49 73]
[66 48 52 66]
[63 53 53 70]
[62 49 54 65]
[65 48 59 65]
[68 54 66 73]
[70 62 77 84]
[77 70 84 88]
[77 73 89 93]
[82 75 95 93]
[ 82  78  99 101]
[ 91  82 103  99]
[ 88  88 107 105]
[ 93  88 105  99]
[105  84 103  99]
[105  91 105 107]
[109 103 109 115]
[118 105 113 115]
[118 109 113 120]
[115 109 115 120]
[118 103 113 111]
[118 103 115 111]
[113 101 122 113]
[120 109 128 115]
[122 111 132 118]
[118 113 132 120]
[115 109 126 115]
[113 107 120 111]
[113 107 118 113]
[115 109 118 111]
[115 111 118 115]
[120 109 118 111]
[118 109 118 113]
[115 111 118 113]
[115 109 120 111]
[111 109 115 109]
[107 107 109 109]
[107 103 101 109]
[109 105  97 109]
[111 105  89 107]
[111  97  82 101]
[109  91  77  97]
[105  88  73  93]
[103  84  71  89]
[103  82  71  86]
[103  77  73  82]
[99 77 75 82]
[91 71 75 78]
[84 66 73 75]
[77 63 73 73]
[71 62 73 75]
[71 62 73 77]
[71 65 77 80]
[75 68 78 82]
[77 71 82 88]
[78 75 88 93]
[77 78 91 97]
[78 80 93 93]
[80 82 93 95]
[86 80 93 95]
[ 89  86  95 101]
[ 95  88  91 101]
[ 95  89  88 103]
[101  91  89 109]
[107  97  93 115]
[107 105  97 122]
[109 105  95 126]
[113 105  93 130]
[124 105  95 130]
[178  86 118 105]
[165  88  95  93]
[159 107  89 130]
[157 105  86 128]
[155 103  84 126]
[155 103  82 126]
[157 105  84 128]
[157 107  86 130]
[159 107  86 132]
[159 107  86 130]
[155 105  82 128]
[153 101  80 124]
[149  99  77 122]
[147  99  77 120]
[147  99  77 120]
[147  99  77 118]
[147  99  75 120]
[145  97  73 118]
[143  95  70 113]
[141  93  68 113]
[138  93  70 113]
[141  95  70 113]
[143  95  71 113]
[138  93  70 113]
[138  93  66 111]
[138  91  66 111]
[141  95  66 111]
[141  95  68 113]
[141  95  68 113]
[138  93  68 113]
[134  91  65 109]
[132  89  63 105]
[132  89  63 107]
[134  93  65 111]
[136  97  68 113]
[138  97  68 113]
[138  97  68 115]
[136  97  68 115]
[138  97  66 113]
[138  95  68 113]
[138  97  68 113]
[138  95  68 113]
[138  95  70 113]
[138  95  70 113]
[136  97  71 113]
[136  97  71 113]
[138  97  73 115]
[141  99  75 118]
[143 101  75 118]
[143 101  77 120]
[143 101  78 120]
[143 101  78 120]
[143 101  80 118]
[143 101  82 118]
[141  99  82 115]
[141  97  82 115]
[138  97  78 113]
[138  95  78 111]
[136  95  77 109]
[136  95  75 109]
[134  91  77 107]
[136  95  78 105]
[134  89  80 105]
[136  91  84 107]
[138  93  89 107]
[138  97  95 111]
[138  95 101 111]
[141  97 105 111]
[143  93 107 107]
[138  95 111 109]
[136  93 115 107]
[130  95 115 109]
[130  95 115 107]
[126  99 118 113]
[120 107 120 122]
[126 111 118 118]
[130 113 122 120]
[128 115 124 122]
[130 115 122 118]
[128 111 122 118]
[126 109 124 115]
[124 113 128 118]
[126 113 132 120]
[128 118 136 122]
[126 120 136 122]
[126 115 132 115]
[122 113 128 113]
[122 113 128 115]
[124 113 128 118]
[126 118 128 120]
[128 118 130 122]
[128 120 132 122]
[128 120 132 122]
[128 118 132 120]
[126 118 132 120]
[124 115 130 120]
[122 115 126 120]
[122 118 122 120]
[120 118 118 122]
[122 120 113 124]
[124 120 109 124]
[124 122 107 124]
[124 122 105 126]
[128 124 107 128]
[132 126 107 132]
[134 128 109 132]
[136 126 105 128]
[138 120 103 124]
[138 113 101 118]
[141 107  99 111]
[138 101  99 109]
[134  99  99 109]
[136  97  99 107]
[138  95 101 107]
[136  93 105 103]
[128  91 107 101]
[124  88 107  99]
[124  89 109  99]
[128  91 111 103]
[128  97 113 111]
[128 101 113 113]
[126 103 111 118]
[130 107 109 115]
[130 111 111 122]
[134 111 113 122]
[134 113 111 124]
[138 115 109 130]
[147 118 109 134]
[168 115 130 124]
