[184 177 190 172]
[176 168 189 175]
[177 168 189 173]
[176 166 188 173]
[175 166 188 172]
[176 165 188 172]
[175 165 187 172]
[174 165 186 172]
[172 164 185 171]
[170 162 182 168]
[168 159 180 167]
[168 158 179 166]
[169 158 179 167]
[170 160 180 170]
[173 164 183 171]
[175 166 185 173]
[176 168 186 174]
[176 169 187 174]
[177 169 188 174]
[177 169 188 175]
[177 169 187 175]
[176 170 187 175]
[176 169 186 174]
[175 168 185 173]
[175 167 185 173]
[174 167 184 173]
[174 166 183 172]
[174 165 183 172]
[175 165 183 172]
[174 165 183 172]
[174 165 182 172]
[174 165 182 172]
[174 165 182 172]
[174 166 182 172]
[174 166 181 173]
[174 166 180 172]
[174 165 180 171]
[173 164 179 171]
[173 164 179 171]
[173 164 178 171]
[173 165 178 171]
[173 165 179 171]
[173 166 179 171]
[174 166 180 171]
[175 166 181 172]
[175 167 182 173]
[175 168 183 174]
[175 168 183 174]
[176 168 183 174]
[176 168 183 174]
[176 169 183 175]
[176 169 183 173]
[176 167 183 173]
[175 166 184 172]
[175 164 184 171]
[175 163 184 171]
[174 163 184 171]
[174 162 184 171]
[174 162 183 170]
[172 161 182 170]
[171 160 182 169]
[170 159 181 168]
[170 157 180 167]
[170 157 180 167]
[170 158 181 168]
[171 158 181 168]
[171 157 181 167]
[171 156 182 167]
[170 156 182 167]
[171 156 183 167]
[172 156 184 167]
[173 156 185 169]
[175 159 187 171]
[177 162 188 174]
[178 167 190 176]
[179 170 191 177]
[180 171 191 178]
[179 172 191 178]
[177 173 191 177]
[177 170 190 174]
[175 166 189 171]
[175 163 189 170]
[174 161 189 170]
[174 160 189 170]
[173 160 190 170]
[173 160 190 169]
[173 158 190 168]
[175 156 190 168]
[174 157 190 171]
[175 161 191 173]
[175 164 191 173]
[176 164 190 172]
[175 163 190 172]
[176 163 190 172]
[176 162 190 171]
[175 162 189 171]
[174 161 187 170]
[173 160 185 170]
[174 159 185 169]
[174 159 185 170]
[175 161 186 172]
[175 163 186 172]
[175 163 187 172]
[174 164 187 172]
[175 164 187 172]
[173 164 186 172]
[173 164 186 171]
[172 162 185 170]
[172 160 185 169]
[172 159 184 168]
[172 157 184 167]
[172 156 183 168]
[172 157 184 168]
[171 156 184 168]
[170 155 184 167]
[168 154 183 165]
[167 152 183 163]
[165 150 183 163]
[165 149 182 162]
[165 147 182 161]
[165 147 182 162]
[165 147 181 162]
[166 147 181 162]
[166 147 181 162]
[166 146 181 162]
[165 146 181 162]
[165 146 182 161]
[191 139 184 159]
[186 179 191 178]
[181 177 189 184]
[182 175 189 182]
[181 175 188 182]
[181 175 188 182]
[181 174 188 182]
[180 175 187 182]
[178 173 185 180]
[174 172 182 178]
[173 168 179 175]
[171 165 175 173]
[170 163 173 171]
[171 162 173 171]
[172 164 175 173]
[174 167 178 175]
[176 170 181 177]
[178 172 183 178]
[178 173 185 179]
[179 173 186 179]
[179 173 186 180]
[179 173 186 179]
[177 174 185 179]
[177 173 184 179]
[177 173 183 178]
[177 172 182 178]
[176 172 181 178]
[176 172 180 179]
[177 171 179 178]
[178 171 180 178]
[177 171 180 178]
[177 171 179 178]
[177 171 179 177]
[177 171 179 178]
[177 171 178 177]
[176 171 177 177]
[175 170 176 176]
[175 169 175 175]
[174 169 174 174]
[174 168 173 174]
[173 168 173 173]
[173 168 173 174]
[174 169 173 174]
[174 169 174 175]
[175 170 175 175]
[176 170 176 176]
[176 171 177 177]
[177 172 179 178]
[177 172 179 178]
[178 172 179 178]
[178 173 179 179]
[178 174 180 180]
[178 175 180 181]
[179 176 181 182]
[180 175 181 183]
[181 175 182 184]
[182 175 183 184]
[182 175 183 185]
[182 175 182 185]
[181 174 182 184]
[180 174 181 183]
[179 173 180 182]
[178 172 178 182]
[179 171 178 182]
[179 171 178 182]
[179 173 178 184]
[181 173 179 184]
[181 173 180 185]
[181 174 181 186]
[182 174 181 186]
[182 174 183 187]
[184 174 184 186]
[186 174 186 186]
[187 174 187 185]
[187 175 189 187]
[186 178 191 187]
[185 180 192 187]
[185 179 192 186]
[184 180 192 186]
[182 181 192 187]
[183 180 191 187]
[183 179 191 189]
[186 179 191 189]
[186 179 191 191]
[187 179 192 191]
[185 180 193 192]
[186 179 193 191]
[187 177 193 191]
[190 175 193 189]
[187 177 194 191]
[185 179 194 190]
[184 179 193 189]
[185 177 192 188]
[185 177 192 189]
[186 178 192 190]
[187 178 192 190]
[186 179 191 191]
[185 178 188 189]
[184 176 186 188]
[185 175 186 187]
[185 175 186 187]
[184 176 186 187]
[183 176 187 186]
[183 175 187 186]
[182 176 187 185]
[182 175 187 185]
[181 175 186 185]
[179 175 185 185]
[181 174 184 185]
[181 174 184 186]
[182 174 183 187]
[183 174 183 188]
[184 175 183 189]
[184 176 184 190]
[183 176 184 189]
[182 175 184 189]
[180 173 184 188]
[180 172 183 186]
[179 170 183 186]
[178 170 183 187]
[180 170 182 187]
[181 170 182 188]
[181 171 182 189]
[182 171 182 190]
[183 172 182 190]
[183 172 182 190]
[183 172 183 190]
[182 172 183 190]
[214 155 189 172]
[186 179 191 178]
[182 176 190 184]
[182 175 189 182]
[181 175 189 183]
[181 176 189 183]
[181 175 188 181]
[180 175 187 181]
[177 174 185 180]
[174 172 181 178]
[172 168 177 174]
[170 164 173 172]
[169 161 171 170]
[170 161 171 170]
[171 163 173 172]
[173 166 176 174]
[175 168 178 176]
[176 170 180 177]
[176 171 182 178]
[177 171 183 178]
[178 171 184 178]
[177 172 184 178]
[177 172 183 178]
[177 172 183 178]
[176 173 182 178]
[176 172 181 178]
[176 171 180 178]
[176 171 179 178]
[177 170 179 178]
[178 170 179 178]
[177 170 179 178]
[177 170 179 178]
[177 171 179 178]
[177 172 179 178]
[177 171 178 177]
[176 171 177 177]
[176 170 176 176]
[175 169 175 175]
[174 169 174 174]
[174 169 173 174]
[173 168 173 174]
[173 168 173 173]
[173 168 173 174]
[174 169 174 174]
[175 169 175 175]
[175 170 175 175]
[176 171 176 176]
[177 171 177 177]
[176 172 178 178]
[178 172 178 177]
[177 172 178 178]
[177 173 179 179]
[177 174 179 180]
[178 175 180 181]
[179 175 181 182]
[180 174 181 183]
[181 174 182 183]
[181 174 182 184]
[181 174 182 184]
[180 174 181 183]
[179 173 180 183]
[179 173 180 182]
[179 172 179 182]
[180 172 179 182]
[180 172 179 183]
[179 174 179 184]
[181 173 179 184]
[181 173 180 185]
[181 174 181 185]
[182 174 181 185]
[183 174 182 186]
[184 174 184 186]
[186 175 186 186]
[188 175 187 186]
[187 177 190 188]
[185 179 191 187]
[185 179 192 186]
[185 179 192 186]
[184 180 192 187]
[182 181 192 188]
[184 180 191 187]
[184 180 191 189]
[186 179 191 189]
[186 179 191 191]
[187 179 192 191]
[185 180 193 192]
[185 179 193 191]
[187 176 193 191]
[190 175 193 189]
[186 177 194 192]
[184 178 193 190]
[183 177 192 188]
[184 175 191 187]
[184 176 191 189]
[185 177 191 190]
[186 177 191 190]
[185 178 190 190]
[184 177 188 189]
[184 177 186 188]
[185 175 186 187]
[184 175 186 187]
[184 175 187 187]
[184 175 187 186]
[183 175 187 186]
[182 176 187 186]
[182 176 187 185]
[181 176 186 185]
[180 175 185 185]
[181 174 184 186]
[182 174 184 186]
[182 174 183 187]
[182 174 183 188]
[183 174 183 188]
[182 175 183 189]
[182 175 184 188]
[181 174 184 188]
[180 173 183 187]
[180 171 183 186]
[179 170 183 186]
[179 170 183 187]
[181 170 183 187]
[181 171 182 189]
[182 171 182 190]
[183 172 182 190]
[183 172 183 191]
[183 172 183 191]
[183 172 183 191]
[183 172 183 191]
[214 156 189 172]
[186 179 191 178]
[183 176 190 184]
[183 175 189 183]
[181 175 189 183]
[181 176 189 182]
[181 175 188 181]
[179 175 187 181]
[176 174 184 180]
[172 171 180 177]
[171 166 175 173]
[169 162 171 171]
[168 160 168 170]
[169 160 168 169]
[169 162 170 171]
[171 164 172 172]
[172 166 174 174]
[173 168 177 175]
[174 169 178 176]
[175 169 180 176]
[176 169 181 176]
[176 170 181 177]
[175 171 182 178]
[175 172 182 178]
[175 172 181 178]
[176 171 180 177]
[175 170 179 178]
[176 169 178 177]
[177 169 178 178]
[177 169 178 178]
[177 170 178 178]
[177 170 178 177]
[177 171 179 178]
[177 172 179 178]
[177 171 178 177]
[176 171 177 177]
[176 170 176 176]
[175 170 175 175]
[174 169 174 174]
[173 168 173 174]
[173 168 172 173]
[173 168 172 173]
[173 168 173 173]
[174 169 173 174]
[174 169 174 174]
[175 170 175 175]
[175 170 175 176]
[176 171 176 176]
[175 171 176 177]
[177 171 177 176]
[177 171 177 177]
[176 172 178 178]
[176 173 178 179]
[177 173 179 180]
[178 173 180 180]
[179 173 180 181]
[180 173 180 182]
[180 173 181 182]
[180 173 181 182]
[180 174 181 182]
[179 173 180 182]
[180 173 180 182]
[180 173 180 183]
[180 173 180 183]
[180 173 180 183]
[179 174 179 184]
[181 173 179 183]
[181 173 179 184]
[181 174 180 185]
[184 174 181 185]
[185 175 182 187]
[186 176 184 187]
[187 177 186 188]
[189 177 188 187]
[187 179 190 188]
[185 179 190 187]
[184 179 191 186]
[186 178 192 185]
[184 180 192 187]
[182 181 192 188]
[184 180 191 187]
[184 180 191 189]
[187 179 191 189]
[186 179 191 191]
[186 180 192 191]
[184 180 193 192]
[186 178 193 190]
[187 176 192 190]
[189 174 192 189]
[185 177 193 191]
[184 178 192 189]
[184 176 191 188]
[185 175 190 187]
[185 176 191 189]
[186 177 191 189]
[186 177 191 189]
[185 178 190 189]
[184 177 188 189]
[184 176 187 187]
[184 175 186 187]
[184 175 186 187]
[184 175 187 187]
[184 175 187 186]
[184 176 187 186]
[183 176 187 186]
[182 177 186 186]
[181 176 186 186]
[181 175 185 186]
[181 174 184 186]
[182 174 183 186]
[182 174 183 187]
[182 174 183 187]
[181 174 183 187]
[180 174 183 187]
[180 173 183 187]
[180 172 183 187]
[179 172 183 187]
[179 171 183 186]
[179 170 183 187]
[180 170 183 188]
[181 171 183 188]
[182 171 182 189]
[183 172 182 191]
[184 173 182 191]
[184 173 182 191]
[184 173 182 191]
[184 172 183 191]
[183 172 183 191]
[214 156 188 173]
[187 179 191 178]
[184 176 190 185]
[184 175 190 183]
[181 176 189 183]
[181 176 189 182]
[181 175 188 181]
[178 175 186 181]
[175 173 183 179]
[171 170 178 176]
[169 164 173 172]
[168 161 168 170]
[167 159 166 169]
[167 158 165 168]
[167 160 166 169]
[169 161 168 169]
[170 163 171 172]
[171 165 173 173]
[172 166 175 174]
[173 166 176 174]
[173 167 177 174]
[174 167 178 175]
[174 169 179 176]
[175 170 180 177]
[174 171 179 178]
[175 170 179 177]
[175 169 177 177]
[176 168 177 177]
[176 168 177 177]
[176 168 177 177]
[176 169 177 177]
[176 169 177 177]
[176 170 178 177]
[176 171 178 177]
[176 170 177 177]
[176 170 177 177]
[175 170 176 176]
[175 169 175 175]
[174 168 174 174]
[173 168 173 173]
[172 167 172 173]
[172 167 172 173]
[173 168 172 173]
[173 168 173 173]
[174 169 173 174]
[174 170 174 175]
[174 170 175 175]
[175 170 175 175]
[175 170 176 176]
[176 171 176 176]
[176 171 177 177]
[175 171 177 177]
[176 172 177 178]
[176 172 178 179]
[177 172 179 179]
[178 172 179 180]
[179 172 180 181]
[179 172 180 181]
[179 173 180 182]
[179 173 180 182]
[179 173 180 182]
[180 173 181 182]
[181 173 181 183]
[181 173 181 183]
[180 173 180 183]
[179 174 179 183]
[181 173 179 182]
[181 173 179 184]
[181 174 180 185]
[184 174 181 185]
[184 176 183 187]
[186 177 184 188]
[187 178 186 188]
[189 179 188 187]
[186 180 190 187]
[185 180 190 186]
[184 179 191 186]
[185 178 191 185]
[184 179 191 186]
[182 180 191 187]
[184 180 191 187]
[184 180 191 189]
[187 179 191 189]
[186 180 192 190]
[186 180 193 191]
[185 181 192 192]
[187 179 192 191]
[188 177 192 190]
[189 175 192 189]
[184 178 192 192]
[184 177 191 189]
[184 176 190 188]
[185 176 190 188]
[186 177 190 189]
[186 177 191 189]
[186 178 191 190]
[185 178 190 189]
[183 178 188 189]
[184 176 187 187]
[184 175 186 187]
[184 175 187 187]
[184 175 187 186]
[184 175 187 186]
[184 176 187 187]
[183 177 187 187]
[181 177 186 187]
[181 176 185 185]
[181 175 185 186]
[181 174 184 186]
[181 174 183 186]
[181 174 182 187]
[181 174 182 187]
[180 173 183 186]
[179 172 182 186]
[179 171 183 186]
[179 171 183 186]
[179 171 183 187]
[179 171 183 187]
[180 170 183 187]
[181 171 182 188]
[182 171 182 189]
[183 172 182 190]
[183 173 182 191]
[183 173 182 191]
[183 172 181 191]
[183 172 181 191]
[183 171 181 190]
[182 171 181 190]
[213 155 186 172]
[187 179 191 178]
[184 176 190 185]
[184 176 190 184]
[181 176 189 183]
[181 176 189 182]
[180 175 188 181]
[177 175 186 181]
[174 172 182 178]
[170 168 177 175]
[169 163 171 171]
[166 160 167 169]
[164 158 163 167]
[165 156 162 166]
[165 157 162 166]
[166 158 164 167]
[168 161 167 169]
[169 163 170 171]
[170 164 172 172]
[171 165 173 173]
[172 165 175 173]
[173 166 176 174]
[172 167 177 175]
[173 168 178 176]
[173 170 177 177]
[174 169 177 176]
[174 168 175 176]
[176 167 175 176]
[176 167 174 176]
[175 168 175 176]
[175 168 175 176]
[175 168 175 175]
[174 169 175 176]
[175 169 176 176]
[176 169 176 176]
[175 170 176 176]
[174 169 175 175]
[174 168 174 174]
[173 168 173 173]
[172 167 172 173]
[172 167 171 172]
[171 167 171 172]
[172 167 171 172]
[173 167 172 173]
[173 168 173 174]
[174 169 174 174]
[174 169 174 174]
[174 169 175 175]
[174 170 175 176]
[175 170 176 176]
[176 171 177 177]
[176 171 177 177]
[176 171 177 178]
[176 172 178 178]
[177 172 178 179]
[177 172 179 180]
[178 172 179 180]
[178 172 180 181]
[178 172 180 181]
[179 172 180 181]
[179 173 180 182]
[180 173 181 182]
[181 173 181 183]
[181 173 181 183]
[180 173 180 183]
[179 173 179 183]
[180 172 179 182]
[180 173 179 183]
[181 173 180 183]
[183 174 181 184]
[184 175 183 185]
[186 176 184 186]
[186 178 186 187]
[187 179 188 186]
[185 180 189 187]
[185 180 190 185]
[184 179 190 185]
[185 179 191 185]
[184 179 191 186]
[182 180 191 187]
[184 179 191 186]
[184 180 191 188]
[187 179 191 189]
[186 180 192 191]
[187 180 192 191]
[186 181 192 192]
[188 179 192 191]
[189 178 192 191]
[189 177 192 190]
[184 179 192 191]
[184 177 190 188]
[184 176 189 188]
[185 175 189 188]
[185 177 190 189]
[186 177 190 189]
[186 178 190 189]
[185 178 189 189]
[182 178 188 189]
[183 176 187 187]
[184 175 187 187]
[184 175 187 187]
[184 175 187 186]
[185 174 187 186]
[184 176 187 187]
[183 177 187 187]
[181 177 186 187]
[181 175 185 185]
[182 175 184 186]
[181 175 183 186]
[182 174 183 186]
[181 174 182 187]
[180 174 182 187]
[179 173 182 186]
[179 171 182 185]
[179 170 183 185]
[179 170 183 186]
[179 171 183 187]
[180 171 183 187]
[181 171 182 188]
[181 171 182 189]
[182 172 182 190]
[183 172 182 190]
[183 173 182 191]
[183 172 181 190]
[182 171 180 190]
[182 171 179 189]
[181 170 178 188]
[180 169 177 188]
[212 154 184 170]
[187 179 191 178]
[184 177 191 185]
[184 176 191 184]
[181 176 190 183]
[181 175 189 182]
[179 175 187 181]
[176 175 185 181]
[174 171 181 176]
[170 167 175 175]
[168 163 170 171]
[165 159 164 168]
[163 156 161 165]
[163 154 159 164]
[163 155 159 165]
[164 156 161 166]
[166 159 164 168]
[168 161 167 170]
[169 163 169 171]
[170 164 171 172]
[171 165 172 172]
[172 165 174 173]
[172 166 175 174]
[173 166 176 175]
[172 168 175 176]
[173 168 174 176]
[173 167 173 176]
[175 166 172 175]
[174 166 172 176]
[174 166 172 175]
[173 166 172 174]
[173 166 172 173]
[172 167 172 174]
[173 167 173 174]
[173 167 173 174]
[173 168 173 174]
[172 167 173 173]
[172 167 172 173]
[171 166 171 172]
[171 165 170 171]
[170 165 170 171]
[170 165 170 171]
[171 166 170 171]
[172 166 171 172]
[172 167 172 173]
[173 168 173 173]
[173 169 173 174]
[174 169 174 174]
[174 170 175 176]
[176 171 176 176]
[176 171 177 177]
[177 171 177 177]
[176 171 177 178]
[176 172 178 178]
[176 172 178 179]
[177 172 178 179]
[178 172 179 180]
[178 172 179 180]
[178 172 179 180]
[179 172 180 181]
[179 172 180 181]
[179 173 180 182]
[181 173 181 183]
[181 174 181 183]
[180 174 180 183]
[178 173 179 182]
[179 172 178 181]
[179 172 178 182]
[181 172 179 182]
[182 172 181 183]
[182 175 182 184]
[185 175 184 184]
[184 177 185 185]
[185 179 187 185]
[184 179 188 186]
[185 179 189 185]
[184 179 190 186]
[185 179 191 185]
[184 180 191 186]
[182 180 191 187]
[184 179 190 186]
[184 180 191 188]
[187 179 191 188]
[186 180 192 191]
[187 180 192 191]
[186 181 192 192]
[187 180 192 192]
[189 179 192 191]
[188 178 192 190]
[185 179 191 191]
[184 177 190 188]
[185 175 189 188]
[185 176 189 188]
[185 177 190 189]
[186 177 190 189]
[185 178 190 189]
[184 178 189 189]
[182 178 188 189]
[183 176 187 186]
[184 174 187 187]
[184 175 187 187]
[184 174 187 186]
[185 174 187 186]
[184 176 187 187]
[182 177 187 187]
[180 177 186 186]
[181 175 184 185]
[182 174 184 186]
[181 175 183 187]
[182 175 183 187]
[181 174 182 187]
[179 173 182 187]
[178 172 182 185]
[179 170 182 185]
[179 169 182 185]
[179 169 183 186]
[179 170 183 187]
[180 171 183 187]
[181 171 182 188]
[182 171 182 189]
[182 172 182 190]
[183 172 181 190]
[182 172 180 190]
[181 171 179 189]
[181 169 177 188]
[180 168 175 187]
[178 167 174 186]
[177 166 172 184]
[209 151 180 168]
[187 179 192 179]
[185 176 191 185]
[184 176 191 184]
[182 176 190 183]
[182 175 189 182]
[178 176 187 182]
[175 175 185 180]
[175 170 180 176]
[170 167 175 175]
[167 163 169 171]
[164 159 163 167]
[162 155 159 165]
[161 153 157 163]
[161 153 157 163]
[163 154 159 164]
[165 157 162 167]
[167 161 165 169]
[169 163 168 171]
[170 164 169 172]
[171 164 171 172]
[171 165 172 173]
[171 165 173 174]
[172 165 174 174]
[171 166 173 175]
[171 166 172 175]
[172 166 170 174]
[173 164 169 173]
[172 164 169 174]
[171 164 168 173]
[171 163 168 171]
[170 164 168 171]
[169 164 168 171]
[171 164 169 170]
[171 165 170 172]
[171 165 170 172]
[171 165 170 171]
[171 164 169 171]
[170 164 169 170]
[169 164 168 170]
[169 164 168 170]
[169 164 168 170]
[171 165 169 170]
[172 166 170 171]
[172 167 171 172]
[172 168 172 173]
[173 168 173 174]
[174 169 173 174]
[175 170 175 176]
[176 171 176 177]
[177 172 178 178]
[178 172 178 179]
[177 172 178 179]
[177 172 178 179]
[177 172 178 179]
[177 172 178 179]
[178 172 179 180]
[177 172 179 180]
[178 171 179 180]
[179 172 179 181]
[179 172 180 181]
[179 173 180 182]
[181 173 180 182]
[181 174 180 183]
[180 174 180 182]
[179 173 179 181]
[178 172 178 181]
[179 172 178 181]
[181 172 179 181]
[182 173 181 183]
[183 174 182 183]
[184 176 184 184]
[183 178 185 185]
[184 178 186 184]
[184 178 187 185]
[184 178 188 185]
[185 179 190 186]
[185 180 190 186]
[184 180 191 186]
[183 180 190 186]
[184 179 190 186]
[185 179 191 188]
[186 180 192 188]
[186 180 192 190]
[187 180 192 190]
[186 181 192 191]
[187 180 192 191]
[188 179 192 191]
[187 178 191 190]
[185 178 190 190]
[185 176 189 188]
[185 176 189 188]
[185 176 189 188]
[185 176 189 187]
[185 176 189 188]
[184 178 190 189]
[183 178 189 188]
[182 178 188 188]
[183 175 187 186]
[184 174 187 187]
[184 175 187 188]
[185 174 187 187]
[185 175 187 187]
[183 176 187 188]
[182 177 186 187]
[181 176 185 186]
[182 175 184 185]
[182 175 184 187]
[181 175 183 187]
[181 175 183 187]
[180 174 182 187]
[178 173 182 186]
[179 171 181 185]
[178 169 182 185]
[179 169 182 186]
[179 169 183 186]
[179 170 182 187]
[180 170 182 187]
[181 171 182 188]
[182 171 182 189]
[182 171 181 190]
[182 171 180 189]
[180 170 178 188]
[180 168 176 186]
[178 166 173 185]
[176 166 171 184]
[174 164 168 182]
[173 161 165 180]
[206 148 175 165]
[187 179 191 179]
[186 176 191 185]
[184 176 191 185]
[183 177 190 184]
[182 176 189 183]
[178 176 187 182]
[176 175 184 180]
[175 169 180 176]
[171 167 174 175]
[167 163 168 171]
[164 158 162 167]
[162 154 158 164]
[160 153 156 163]
[161 153 156 162]
[162 154 157 164]
[164 157 160 167]
[168 160 164 169]
[169 163 167 171]
[170 164 169 172]
[170 164 170 173]
[171 165 170 173]
[171 165 171 173]
[171 164 171 173]
[170 164 170 173]
[170 164 169 173]
[171 164 167 173]
[172 162 166 171]
[170 162 165 171]
[168 162 164 170]
[167 160 164 169]
[166 161 163 168]
[166 161 163 168]
[168 161 165 168]
[168 162 166 170]
[169 163 166 169]
[168 163 166 169]
[168 163 166 169]
[168 163 166 169]
[168 163 166 169]
[169 163 166 168]
[169 163 167 169]
[170 164 167 170]
[171 165 169 171]
[172 167 170 172]
[172 168 171 173]
[173 168 172 174]
[174 169 173 174]
[175 170 174 176]
[177 171 177 178]
[178 172 178 179]
[178 173 179 179]
[177 173 179 179]
[177 172 179 179]
[177 173 179 180]
[177 173 178 180]
[178 172 179 180]
[177 172 178 180]
[178 171 179 180]
[178 171 179 181]
[179 172 180 181]
[179 173 180 182]
[180 173 180 182]
[180 173 180 182]
[179 173 179 182]
[179 172 178 181]
[179 172 178 181]
[180 172 178 181]
[181 172 179 182]
[182 173 180 182]
[182 175 182 183]
[183 176 184 183]
[183 178 185 184]
[183 178 186 183]
[183 179 187 185]
[184 179 188 185]
[184 179 189 185]
[185 180 190 186]
[184 180 191 186]
[183 180 190 186]
[184 179 190 186]
[184 179 190 187]
[186 180 191 188]
[186 180 192 189]
[186 180 192 190]
[186 181 192 191]
[186 180 192 190]
[187 179 191 190]
[186 178 191 190]
[185 178 190 189]
[184 177 189 189]
[184 176 189 188]
[185 176 188 187]
[185 175 188 187]
[185 176 189 188]
[184 178 189 188]
[182 178 189 188]
[182 177 187 187]
[183 175 186 186]
[184 174 186 187]
[184 175 186 187]
[185 174 186 187]
[185 175 186 187]
[183 176 186 187]
[181 177 186 187]
[181 176 185 186]
[182 175 184 186]
[182 175 183 186]
[180 175 183 187]
[180 174 182 187]
[179 174 182 186]
[178 173 181 186]
[178 171 181 186]
[178 169 181 186]
[179 168 182 185]
[179 168 182 185]
[179 169 182 187]
[180 170 182 188]
[181 171 182 188]
[182 171 181 189]
[180 171 180 189]
[180 170 178 188]
[179 168 175 186]
[177 166 172 184]
[175 164 169 183]
[171 162 165 180]
[167 160 161 177]
[165 156 157 174]
[202 142 168 160]
[187 179 191 178]
[186 175 190 184]
[184 176 190 185]
[183 176 190 184]
[182 176 189 183]
[177 177 187 183]
[176 174 184 180]
[176 170 180 177]
[171 168 174 176]
[167 164 168 171]
[164 158 162 167]
[162 154 157 164]
[160 153 155 163]
[161 153 154 162]
[162 154 155 163]
[164 157 159 166]
[167 160 163 169]
[169 163 167 172]
[170 164 168 172]
[170 164 169 172]
[170 164 169 172]
[170 164 169 172]
[170 163 169 172]
[169 163 168 172]
[169 162 166 172]
[168 162 164 171]
[168 161 163 170]
[167 160 161 169]
[165 159 160 167]
[164 158 159 166]
[162 158 159 166]
[163 157 159 165]
[166 158 160 165]
[165 159 161 167]
[166 159 161 166]
[167 160 162 167]
[166 161 163 167]
[166 161 163 167]
[166 161 163 167]
[167 161 164 168]
[168 163 165 168]
[169 163 165 169]
[170 164 167 170]
[171 166 168 172]
[172 167 169 173]
[172 168 170 173]
[173 168 171 174]
[175 169 173 176]
[177 171 176 178]
[179 173 178 179]
[179 173 179 180]
[179 173 179 180]
[178 173 179 180]
[177 173 179 180]
[177 173 178 179]
[177 172 178 179]
[177 171 178 180]
[178 171 179 180]
[179 171 179 180]
[178 172 179 181]
[179 172 179 181]
[179 172 179 181]
[179 172 179 181]
[178 172 179 181]
[178 172 178 181]
[179 172 178 181]
[180 172 178 181]
[181 173 180 181]
[182 173 180 182]
[183 175 182 183]
[183 176 183 183]
[182 178 185 184]
[183 177 185 183]
[183 178 187 184]
[184 178 187 184]
[184 179 189 185]
[184 179 190 186]
[183 180 191 186]
[183 179 190 185]
[184 178 190 185]
[184 179 190 187]
[185 179 191 188]
[186 180 192 189]
[186 180 192 190]
[186 180 192 190]
[186 180 192 190]
[187 179 191 190]
[185 178 190 189]
[185 178 190 188]
[184 176 188 187]
[183 176 188 187]
[184 175 188 186]
[184 175 188 186]
[184 176 189 187]
[183 177 189 187]
[182 178 188 188]
[182 177 187 187]
[183 175 186 186]
[184 174 185 186]
[183 174 185 187]
[185 174 186 186]
[185 175 186 186]
[183 176 186 187]
[181 177 185 187]
[182 176 184 186]
[182 175 184 186]
[182 175 183 186]
[180 175 183 187]
[179 174 182 186]
[178 173 181 186]
[178 172 181 186]
[178 170 181 186]
[179 169 181 186]
[179 168 181 186]
[179 168 181 186]
[180 169 182 187]
[180 170 182 188]
[181 170 181 188]
[181 170 180 188]
[180 170 179 188]
[179 169 176 186]
[176 166 173 184]
[174 163 169 181]
[171 160 163 178]
[166 157 158 175]
[159 155 153 172]
[158 149 148 165]
[199 133 161 153]
[187 179 191 178]
[185 176 190 185]
[184 177 190 185]
[183 177 190 184]
[182 176 189 183]
[178 177 187 183]
[177 175 184 181]
[176 171 180 177]
[171 168 175 176]
[167 163 168 171]
[164 158 162 167]
[162 155 157 164]
[160 153 155 163]
[160 153 154 162]
[162 154 155 163]
[164 156 158 167]
[168 160 162 170]
[170 163 166 172]
[170 164 168 172]
[170 163 168 172]
[169 163 168 172]
[169 163 167 172]
[169 162 166 171]
[168 162 165 171]
[167 161 163 170]
[164 161 161 170]
[165 159 159 167]
[163 156 157 165]
[161 155 156 165]
[160 155 155 163]
[159 154 154 162]
[160 153 154 162]
[162 153 156 163]
[162 156 157 165]
[163 156 158 164]
[164 157 158 165]
[164 159 159 166]
[165 160 160 165]
[165 160 161 166]
[166 160 162 166]
[166 161 163 167]
[168 162 164 168]
[169 163 165 169]
[169 165 166 170]
[170 166 168 172]
[171 166 168 172]
[172 167 169 173]
[174 168 171 175]
[176 170 174 177]
[178 172 177 179]
[178 173 178 180]
[178 173 178 180]
[178 173 178 180]
[177 173 178 180]
[177 173 178 180]
[178 172 178 179]
[177 172 178 180]
[178 171 178 180]
[178 171 178 180]
[178 172 178 181]
[178 172 178 180]
[178 172 178 180]
[178 172 179 180]
[178 171 178 180]
[178 171 178 180]
[178 172 178 181]
[180 172 179 181]
[181 173 180 181]
[182 173 181 181]
[183 175 182 183]
[182 176 183 183]
[183 178 185 183]
[183 178 185 184]
[184 178 187 184]
[184 179 188 184]
[184 179 189 185]
[184 179 190 185]
[183 180 190 186]
[183 179 190 185]
[184 178 190 185]
[184 179 190 187]
[185 179 191 187]
[186 179 191 188]
[186 180 192 189]
[186 180 192 190]
[186 180 192 190]
[186 179 192 189]
[185 178 190 189]
[185 177 190 188]
[184 176 188 187]
[184 176 188 187]
[184 175 188 186]
[184 176 188 187]
[183 176 189 187]
[183 177 189 187]
[181 177 188 187]
[182 176 186 187]
[183 175 185 186]
[183 174 185 186]
[183 174 185 187]
[184 174 185 186]
[184 175 185 186]
[183 176 185 187]
[182 177 185 187]
[182 176 184 186]
[182 176 184 187]
[181 175 183 186]
[180 175 183 187]
[178 174 182 187]
[179 172 181 186]
[179 171 181 186]
[179 170 181 187]
[180 169 181 186]
[180 168 181 187]
[180 168 181 187]
[181 169 181 188]
[181 170 181 188]
[181 171 181 188]
[181 170 180 188]
[179 170 178 187]
[177 167 175 185]
[174 164 171 182]
[171 160 165 178]
[168 157 159 175]
[162 154 152 172]
[153 152 145 169]
[155 144 139 159]
[200 128 155 149]
[188 179 191 178]
[185 177 190 186]
[183 177 190 185]
[182 176 189 183]
[181 175 189 182]
[179 176 187 183]
[177 175 185 181]
[176 171 181 178]
[172 168 175 176]
[167 163 168 172]
[165 159 162 167]
[162 156 158 165]
[160 154 155 163]
[160 153 154 162]
[162 153 155 163]
[164 156 158 167]
[168 160 162 170]
[170 163 166 172]
[171 163 167 172]
[170 163 167 172]
[169 163 166 172]
[168 162 166 171]
[167 161 164 170]
[167 160 162 169]
[165 159 160 169]
[160 160 158 169]
[160 156 155 164]
[160 151 153 162]
[156 152 151 163]
[155 152 151 162]
[155 150 150 159]
[157 147 150 159]
[159 148 151 160]
[160 151 153 162]
[161 153 155 162]
[163 155 156 163]
[162 157 157 164]
[163 158 158 164]
[164 159 159 164]
[165 159 159 165]
[165 160 161 166]
[167 161 162 166]
[168 162 163 168]
[168 163 164 169]
[169 164 165 170]
[169 165 166 170]
[170 165 167 172]
[173 167 169 173]
[175 169 172 176]
[176 170 174 177]
[177 171 175 178]
[177 171 176 178]
[178 172 177 179]
[177 173 177 180]
[177 173 178 180]
[178 172 178 179]
[177 172 178 180]
[178 171 178 180]
[178 171 178 180]
[177 172 178 180]
[178 171 178 180]
[178 171 178 180]
[178 171 179 180]
[177 171 179 180]
[178 171 178 179]
[178 172 178 180]
[179 172 179 181]
[181 173 180 181]
[182 173 181 181]
[183 175 182 183]
[182 177 183 183]
[183 178 185 183]
[183 178 186 184]
[184 179 187 184]
[184 179 188 185]
[185 180 189 185]
[184 180 190 186]
[183 180 190 186]
[183 179 190 186]
[184 179 190 186]
[184 179 190 186]
[185 179 191 187]
[186 179 191 188]
[186 180 192 189]
[186 180 192 190]
[186 180 192 189]
[187 179 191 189]
[186 179 190 189]
[185 177 189 188]
[184 177 188 188]
[184 176 188 187]
[184 176 188 187]
[184 176 189 187]
[183 177 189 187]
[182 176 189 186]
[181 176 187 187]
[181 175 186 186]
[182 174 184 186]
[183 173 183 185]
[183 173 183 186]
[183 173 184 186]
[183 174 184 186]
[182 175 184 186]
[182 176 184 186]
[181 176 184 187]
[181 176 183 186]
[180 175 183 186]
[179 174 182 187]
[178 173 182 186]
[179 172 181 186]
[180 170 181 187]
[180 170 181 188]
[181 170 181 188]
[181 170 181 188]
[181 170 181 188]
[181 170 181 188]
[181 171 181 189]
[181 171 181 188]
[180 170 180 187]
[178 169 177 186]
[175 167 174 184]
[174 163 169 180]
[169 158 162 176]
[165 154 155 172]
[158 151 147 169]
[148 150 139 166]
[153 140 132 156]
[200 126 150 148]
[188 179 191 179]
[184 178 190 186]
[182 178 190 184]
[181 175 189 182]
[181 175 188 182]
[179 175 187 183]
[177 175 185 182]
[176 171 181 178]
[173 167 175 176]
[168 163 169 172]
[165 159 163 168]
[162 157 159 165]
[160 155 156 164]
[161 153 155 162]
[162 153 156 164]
[165 157 159 167]
[168 160 162 170]
[170 163 165 172]
[170 163 166 172]
[169 163 166 172]
[168 162 165 171]
[167 161 164 170]
[166 160 162 169]
[165 159 160 168]
[161 158 158 167]
[152 159 155 167]
[154 152 151 160]
[158 144 148 158]
[153 146 146 162]
[150 149 147 161]
[151 146 146 157]
[157 140 145 155]
[159 141 147 159]
[160 149 151 162]
[161 153 153 163]
[162 154 154 162]
[161 156 155 163]
[162 156 155 163]
[163 157 156 163]
[164 158 158 164]
[164 159 159 165]
[165 159 160 165]
[166 160 161 166]
[166 161 162 167]
[167 162 162 168]
[167 163 163 169]
[168 163 164 170]
[170 165 166 171]
[172 166 169 173]
[174 168 171 175]
[175 169 172 176]
[176 169 173 177]
[176 171 175 178]
[176 172 176 179]
[177 172 176 179]
[177 172 177 179]
[178 172 178 180]
[178 172 178 180]
[178 171 178 180]
[178 172 178 180]
[178 172 178 179]
[178 171 179 180]
[177 171 179 180]
[178 171 179 180]
[178 171 179 179]
[179 171 179 180]
[179 172 179 180]
[182 173 180 181]
[183 174 181 182]
[183 176 182 183]
[183 177 183 183]
[184 178 185 184]
[184 179 186 184]
[185 179 188 185]
[185 180 189 185]
[185 180 190 186]
[184 180 190 186]
[184 180 191 186]
[184 179 191 186]
[184 179 191 186]
[184 179 190 187]
[184 179 190 187]
[185 179 191 187]
[185 179 191 188]
[186 180 192 189]
[186 180 192 189]
[186 180 191 190]
[186 179 190 189]
[185 178 189 188]
[184 177 188 188]
[184 177 188 187]
[184 176 188 187]
[183 177 189 187]
[183 177 189 187]
[182 176 189 187]
[182 175 187 186]
[181 174 185 186]
[182 174 183 186]
[183 173 183 186]
[184 174 183 186]
[183 174 183 186]
[183 174 184 186]
[182 175 183 185]
[181 175 183 186]
[180 176 183 186]
[180 176 183 186]
[180 175 182 186]
[179 174 182 186]
[178 172 181 186]
[180 171 181 186]
[181 170 181 187]
[181 171 181 189]
[181 171 180 188]
[181 171 180 188]
[181 171 180 188]
[181 171 181 188]
[181 171 181 188]
[181 171 181 188]
[180 170 180 188]
[178 169 177 186]
[175 166 173 183]
[174 161 167 179]
[167 158 161 176]
[163 153 153 170]
[155 148 143 166]
[145 146 133 163]
[150 136 126 154]
[199 126 147 147]
[187 179 191 179]
[182 178 190 186]
[181 177 189 183]
[180 175 188 182]
[180 173 188 181]
[179 174 187 182]
[176 174 185 182]
[176 171 181 178]
[173 168 175 176]
[169 164 170 173]
[166 160 164 169]
[162 157 159 166]
[161 155 156 164]
[161 154 155 163]
[163 154 157 164]
[165 157 159 168]
[168 160 162 170]
[169 162 165 171]
[170 162 165 171]
[168 162 165 171]
[167 161 164 170]
[166 160 162 169]
[165 159 160 167]
[164 158 157 167]
[157 158 155 167]
[147 159 151 165]
[151 147 146 155]
[156 137 143 155]
[151 141 142 163]
[149 147 143 162]
[152 144 142 157]
[162 136 142 155]
[159 140 146 163]
[160 149 150 164]
[160 152 151 163]
[162 153 152 162]
[161 155 153 163]
[162 155 154 162]
[163 156 155 163]
[162 157 156 164]
[163 158 157 164]
[163 158 157 164]
[164 158 158 164]
[164 159 159 165]
[164 160 159 166]
[165 161 160 166]
[166 161 161 167]
[168 162 163 169]
[170 164 165 171]
[171 166 168 173]
[173 167 169 174]
[174 168 170 175]
[175 169 172 176]
[175 170 174 178]
[177 171 175 178]
[177 172 176 179]
[178 173 177 180]
[178 172 178 180]
[179 172 178 180]
[178 172 178 180]
[178 172 179 180]
[178 172 179 180]
[177 172 179 180]
[178 171 179 180]
[178 171 179 179]
[179 172 179 180]
[179 172 180 181]
[181 173 181 181]
[182 174 182 182]
[183 176 183 183]
[183 177 184 183]
[184 178 185 184]
[184 179 187 185]
[185 180 188 185]
[185 180 189 186]
[185 180 190 186]
[185 180 190 186]
[184 180 191 186]
[185 180 191 186]
[184 179 191 187]
[184 179 191 186]
[184 179 190 186]
[184 178 190 187]
[185 179 191 188]
[185 179 191 189]
[186 180 191 189]
[186 180 191 189]
[185 179 190 188]
[185 178 189 188]
[184 177 188 187]
[184 177 188 187]
[184 177 189 187]
[184 177 189 187]
[183 177 189 188]
[183 176 189 187]
[183 175 187 186]
[182 174 184 186]
[182 173 182 185]
[183 173 182 185]
[183 174 182 186]
[183 175 182 186]
[182 175 183 185]
[182 174 183 185]
[181 175 183 185]
[180 175 182 185]
[179 176 182 186]
[179 175 182 186]
[179 173 182 186]
[179 172 182 187]
[180 171 182 187]
[182 170 182 187]
[181 171 181 188]
[180 170 180 188]
[180 170 179 187]
[180 170 179 187]
[181 170 180 188]
[181 171 181 188]
[181 171 181 188]
[180 170 180 187]
[178 168 177 185]
[176 165 173 183]
[174 160 167 178]
[166 159 160 177]
[162 153 151 168]
[153 147 141 164]
[145 143 130 160]
[148 135 123 154]
[199 125 144 146]
[186 179 191 178]
[180 177 189 185]
[179 176 188 182]
[179 173 188 181]
[180 172 187 181]
[180 172 187 182]
[176 174 185 183]
[176 171 181 179]
[174 168 176 176]
[169 164 170 173]
[166 161 165 170]
[163 158 160 167]
[161 156 157 165]
[162 155 156 164]
[164 155 157 165]
[165 158 160 168]
[168 160 162 170]
[169 161 164 171]
[169 161 165 171]
[167 161 164 170]
[166 160 162 169]
[165 159 160 168]
[164 158 158 167]
[162 157 155 166]
[154 159 152 167]
[145 158 147 165]
[153 145 142 155]
[159 134 140 155]
[151 141 140 166]
[150 146 139 165]
[156 143 138 160]
[166 137 141 158]
[160 143 145 166]
[159 148 147 163]
[159 149 148 161]
[161 150 149 161]
[160 153 151 163]
[161 155 152 162]
[162 155 153 162]
[160 156 154 163]
[161 156 155 162]
[162 156 155 162]
[162 156 156 163]
[162 157 156 163]
[162 158 156 164]
[162 158 157 164]
[163 158 157 164]
[165 159 159 166]
[167 161 161 168]
[168 163 164 170]
[170 164 166 171]
[172 165 168 173]
[173 167 170 174]
[174 169 172 176]
[175 170 174 177]
[176 171 176 179]
[178 172 177 179]
[178 172 178 180]
[179 172 178 180]
[178 172 178 180]
[178 172 179 180]
[178 171 179 179]
[177 171 179 180]
[178 171 179 179]
[178 171 179 179]
[178 171 179 180]
[179 171 180 180]
[181 172 181 180]
[181 174 181 181]
[182 176 183 182]
[182 177 184 183]
[184 178 186 184]
[184 179 187 185]
[185 180 189 185]
[185 180 189 185]
[185 180 190 186]
[185 180 190 186]
[185 181 191 186]
[185 180 191 186]
[184 179 191 186]
[184 179 190 186]
[183 178 190 186]
[184 178 189 186]
[185 177 189 187]
[185 178 190 188]
[185 179 190 188]
[185 179 189 188]
[185 178 189 188]
[185 177 189 188]
[184 177 188 187]
[184 177 188 187]
[184 177 188 187]
[183 177 189 187]
[184 178 189 188]
[184 177 189 188]
[184 176 187 187]
[183 174 184 186]
[182 173 182 185]
[182 173 181 185]
[182 173 181 184]
[180 173 180 184]
[181 173 180 184]
[182 174 181 184]
[181 175 182 185]
[180 176 182 185]
[178 176 182 186]
[178 175 182 186]
[179 173 182 186]
[179 171 182 187]
[180 171 182 187]
[181 170 181 187]
[181 170 181 187]
[180 170 179 187]
[179 170 179 187]
[180 170 179 187]
[181 170 180 187]
[181 170 180 188]
[181 170 181 188]
[180 170 180 187]
[178 168 177 185]
[177 165 173 182]
[175 160 167 179]
[164 161 159 178]
[161 155 149 168]
[153 147 138 163]
[146 141 128 159]
[146 135 121 154]
[199 125 143 144]
[186 178 190 177]
[178 177 188 185]
[179 175 188 182]
[179 172 187 181]
[181 171 187 181]
[179 172 186 182]
[177 173 184 182]
[176 170 180 179]
[174 168 175 177]
[171 165 170 174]
[168 162 166 171]
[165 159 162 168]
[163 157 158 166]
[163 155 156 165]
[165 156 157 166]
[166 159 159 169]
[168 160 162 170]
[169 161 163 171]
[168 160 163 170]
[167 160 162 169]
[165 159 160 168]
[164 158 159 167]
[163 157 156 166]
[160 157 153 166]
[152 159 149 167]
[143 158 144 168]
[155 145 140 158]
[160 137 139 160]
[155 142 138 166]
[154 143 136 166]
[160 143 136 164]
[168 141 140 162]
[163 146 142 166]
[160 146 144 162]
[159 147 145 161]
[160 148 147 160]
[159 150 148 162]
[159 152 149 161]
[160 152 150 160]
[158 153 151 161]
[159 153 152 160]
[160 154 153 161]
[160 154 153 161]
[160 154 153 161]
[159 155 153 161]
[159 155 153 161]
[160 155 154 162]
[162 156 155 164]
[164 158 157 165]
[166 159 160 167]
[167 161 162 169]
[169 163 165 171]
[171 165 168 172]
[173 166 170 175]
[175 168 172 176]
[175 171 175 178]
[177 171 176 179]
[178 171 177 179]
[178 172 178 180]
[178 172 178 180]
[178 171 178 179]
[177 171 178 179]
[177 171 178 179]
[177 170 178 179]
[178 171 179 180]
[179 171 179 179]
[179 171 179 179]
[180 171 180 180]
[181 173 181 181]
[182 175 182 182]
[182 177 184 183]
[183 178 186 183]
[183 179 187 184]
[184 180 189 185]
[184 180 190 185]
[185 180 190 186]
[185 180 191 186]
[184 180 191 186]
[184 179 190 185]
[183 178 189 186]
[183 179 190 186]
[184 178 188 186]
[183 176 187 185]
[182 176 186 185]
[182 175 185 185]
[181 175 184 185]
[181 175 185 185]
[182 175 186 186]
[183 175 187 186]
[183 176 187 186]
[183 176 188 187]
[184 176 188 186]
[183 177 188 187]
[184 178 189 188]
[185 178 188 188]
[185 176 186 187]
[183 174 184 185]
[182 172 181 184]
[180 171 179 182]
[177 171 177 181]
[176 169 174 179]
[176 169 174 180]
[180 171 178 181]
[180 174 180 185]
[179 176 182 185]
[177 176 182 186]
[177 175 183 186]
[180 172 182 186]
[180 171 181 187]
[180 171 181 188]
[182 169 181 186]
[181 169 180 187]
[179 170 179 187]
[178 170 178 187]
[180 170 178 186]
[181 170 179 187]
[180 170 180 188]
[180 169 180 187]
[178 168 178 186]
[177 167 176 184]
[175 164 172 181]
[173 160 166 177]
[160 160 156 177]
[159 152 146 165]
[152 145 136 162]
[146 141 128 159]
[147 136 122 155]
[200 125 145 144]
[184 177 188 177]
[179 175 186 183]
[178 174 186 181]
[179 171 186 181]
[179 171 185 181]
[179 172 184 181]
[176 172 182 181]
[175 170 179 179]
[174 168 174 177]
[171 165 170 175]
[169 163 167 172]
[166 160 163 169]
[164 158 159 167]
[164 156 156 166]
[165 156 156 167]
[166 159 159 170]
[169 160 161 170]
[169 161 163 170]
[167 160 162 169]
[165 159 160 168]
[164 158 158 167]
[163 157 156 166]
[162 157 154 165]
[160 156 151 165]
[152 158 147 167]
[141 160 142 169]
[157 144 137 157]
[164 135 135 160]
[165 140 135 166]
[161 145 136 170]
[165 148 137 169]
[169 148 139 166]
[165 151 141 167]
[161 149 142 164]
[160 149 143 162]
[161 149 144 160]
[159 150 145 161]
[157 150 146 159]
[157 150 146 157]
[156 151 147 158]
[157 151 149 158]
[157 152 150 159]
[158 152 150 158]
[158 151 150 158]
[157 151 149 158]
[157 152 149 159]
[158 153 149 160]
[160 154 151 162]
[162 156 154 163]
[163 157 156 165]
[165 159 159 167]
[168 162 163 169]
[171 163 166 171]
[173 165 169 174]
[174 167 172 176]
[175 169 173 177]
[176 170 175 178]
[177 171 176 179]
[178 172 177 179]
[178 171 178 179]
[177 171 178 180]
[176 171 177 179]
[176 170 177 178]
[176 170 177 179]
[178 171 178 179]
[179 171 178 179]
[179 170 178 179]
[179 171 179 179]
[180 173 180 180]
[181 175 183 181]
[182 177 184 182]
[183 178 186 183]
[183 178 187 184]
[184 179 188 184]
[184 179 189 185]
[185 179 190 185]
[184 179 190 186]
[182 179 189 185]
[182 176 187 183]
[181 175 186 184]
[182 176 185 184]
[181 175 184 183]
[178 172 180 181]
[176 170 177 180]
[176 169 176 178]
[175 168 176 179]
[177 170 178 180]
[179 172 181 181]
[182 173 184 183]
[182 174 186 186]
[183 176 187 185]
[183 175 187 185]
[183 177 187 187]
[184 178 188 188]
[185 178 187 188]
[184 177 186 188]
[183 174 184 185]
[181 172 180 183]
[177 170 177 180]
[172 165 170 175]
[170 162 165 172]
[170 162 165 174]
[177 167 171 177]
[179 172 177 183]
[180 174 180 184]
[178 177 183 186]
[179 176 183 187]
[179 174 183 187]
[179 172 182 188]
[181 169 180 186]
[181 168 180 187]
[180 169 181 187]
[180 169 179 186]
[178 170 178 186]
[179 170 178 186]
[179 170 179 187]
[178 170 179 187]
[178 168 178 184]
[177 166 177 184]
[176 165 175 183]
[173 163 171 180]
[171 158 163 174]
[155 157 153 174]
[156 147 142 161]
[149 142 134 161]
[147 141 128 159]
[149 138 125 156]
[201 127 148 147]
[181 175 186 174]
[175 170 181 180]
[175 169 182 179]
[177 170 183 179]
[177 168 182 179]
[176 170 182 179]
[176 170 181 179]
[175 169 178 178]
[172 167 174 177]
[170 164 170 174]
[168 162 167 171]
[166 159 164 169]
[164 157 159 167]
[163 155 156 166]
[163 155 156 166]
[165 157 158 168]
[167 159 160 169]
[168 160 162 170]
[167 160 161 169]
[165 158 159 167]
[164 157 157 165]
[162 156 155 165]
[161 156 153 165]
[158 156 150 165]
[150 157 145 167]
[138 159 139 169]
[161 141 134 153]
[167 133 132 164]
[170 142 135 171]
[167 153 138 175]
[169 156 138 172]
[168 155 139 169]
[165 156 141 167]
[162 153 142 164]
[161 152 143 163]
[162 151 144 161]
[160 151 145 161]
[157 150 144 159]
[156 149 145 157]
[154 149 145 156]
[155 149 146 156]
[155 149 147 156]
[155 149 147 156]
[155 148 146 155]
[154 148 144 156]
[153 150 144 157]
[156 151 145 158]
[157 153 147 160]
[160 154 150 161]
[162 155 153 163]
[164 158 157 167]
[167 161 162 169]
[171 163 166 172]
[173 165 169 174]
[174 167 171 176]
[175 169 173 177]
[176 170 174 178]
[177 171 175 179]
[177 171 176 179]
[178 171 177 179]
[177 171 178 180]
[175 171 177 179]
[175 169 176 177]
[175 169 176 178]
[177 170 177 178]
[179 170 178 179]
[179 170 178 179]
[179 171 179 179]
[180 173 180 180]
[181 175 183 181]
[182 177 185 183]
[183 178 186 183]
[182 178 187 184]
[183 178 187 184]
[182 178 187 184]
[183 177 187 184]
[181 177 186 184]
[179 175 183 182]
[178 172 180 178]
[175 170 177 178]
[173 168 175 177]
[171 165 171 174]
[168 162 167 171]
[165 159 163 169]
[166 159 163 168]
[168 161 166 171]
[171 164 170 174]
[176 169 176 179]
[182 172 182 182]
[182 175 186 185]
[183 176 187 185]
[184 176 188 185]
[183 177 187 187]
[183 178 187 188]
[185 178 186 187]
[185 176 185 186]
[185 174 183 184]
[180 171 180 182]
[175 169 175 177]
[165 162 165 170]
[161 155 156 164]
[165 155 154 165]
[167 163 163 174]
[181 170 173 177]
[178 172 178 185]
[183 179 183 187]
[182 180 184 190]
[180 178 184 189]
[182 173 181 186]
[179 168 179 187]
[179 169 180 187]
[178 169 180 186]
[178 167 179 185]
[177 168 178 186]
[179 169 179 186]
[180 170 180 186]
[178 169 179 186]
[178 166 179 184]
[176 166 177 184]
[175 164 174 181]
[172 162 169 178]
[169 156 161 172]
[155 155 150 171]
[155 145 140 159]
[149 143 133 161]
[147 142 129 159]
[151 139 128 158]
[203 129 151 149]
[180 170 181 168]
[170 164 175 175]
[171 166 176 176]
[172 165 177 174]
[173 166 177 175]
[175 166 178 176]
[175 169 179 179]
[174 169 177 179]
[173 167 173 175]
[169 163 169 173]
[167 160 166 170]
[165 158 163 168]
[162 156 159 166]
[161 154 156 164]
[162 154 155 164]
[163 155 156 166]
[166 157 159 167]
[167 159 160 169]
[166 160 160 169]
[165 158 158 166]
[163 156 156 165]
[161 156 153 165]
[160 155 151 164]
[158 154 148 163]
[151 155 143 165]
[139 157 135 169]
[164 140 132 153]
[169 136 132 165]
[167 144 135 172]
[163 156 138 173]
[164 157 139 168]
[162 156 140 167]
[163 155 141 164]
[162 154 143 164]
[163 153 145 163]
[163 153 146 163]
[162 153 147 162]
[159 152 146 160]
[156 151 145 158]
[155 150 144 156]
[154 148 144 155]
[153 147 143 155]
[152 146 142 153]
[151 144 140 152]
[150 145 139 153]
[150 147 139 154]
[153 148 141 155]
[155 150 143 158]
[158 151 147 159]
[161 154 151 163]
[164 157 155 166]
[167 160 160 169]
[171 162 164 172]
[173 164 168 174]
[173 166 170 175]
[174 168 172 176]
[175 169 173 177]
[176 170 175 178]
[177 171 176 179]
[178 171 177 179]
[177 171 177 179]
[174 171 176 179]
[175 169 176 176]
[174 168 175 177]
[176 168 176 177]
[178 169 177 179]
[179 170 178 179]
[180 171 179 179]
[180 173 181 181]
[181 175 182 182]
[181 177 184 182]
[181 176 184 182]
[180 176 183 181]
[180 174 182 180]
[178 173 181 180]
[177 171 179 178]
[174 170 177 177]
[170 167 173 175]
[168 163 168 170]
[164 159 163 167]
[160 155 158 164]
[157 151 153 160]
[154 148 149 157]
[154 147 148 157]
[157 149 150 159]
[162 154 156 164]
[168 160 164 170]
[174 168 173 177]
[182 173 181 181]
[184 177 187 186]
[185 178 189 187]
[186 178 189 187]
[184 179 188 187]
[184 179 187 187]
[184 178 186 187]
[185 177 185 187]
[184 175 184 185]
[179 174 180 183]
[174 168 173 175]
[161 159 160 165]
[153 149 148 155]
[156 144 144 154]
[158 155 152 167]
[178 163 166 169]
[176 172 177 186]
[181 179 183 188]
[186 181 185 190]
[187 181 183 190]
[184 180 183 191]
[180 176 182 190]
[178 169 179 185]
[176 165 178 183]
[178 164 178 182]
[178 166 179 186]
[179 169 181 187]
[179 170 182 187]
[178 169 181 187]
[178 168 180 185]
[177 167 178 184]
[175 164 174 181]
[171 161 168 178]
[167 156 160 172]
[157 154 150 169]
[154 145 141 161]
[149 144 134 160]
[147 141 130 159]
[151 140 129 159]
[203 129 151 149]
[171 164 174 161]
[163 150 160 165]
[165 157 163 168]
[166 161 167 170]
[169 162 171 171]
[173 164 175 175]
[173 167 177 178]
[174 169 176 177]
[171 166 172 174]
[167 162 168 171]
[165 158 164 168]
[163 156 161 166]
[162 155 158 165]
[161 154 155 163]
[161 153 154 163]
[161 154 155 164]
[164 155 156 165]
[164 157 158 167]
[165 158 158 167]
[164 157 156 166]
[162 155 154 164]
[159 154 151 163]
[158 153 147 162]
[155 153 145 162]
[152 153 140 163]
[143 156 133 170]
[163 142 131 156]
[171 139 131 161]
[162 143 133 167]
[159 151 136 165]
[160 151 138 161]
[159 153 140 163]
[159 153 142 163]
[162 153 144 163]
[164 154 147 164]
[164 155 149 165]
[163 156 149 164]
[160 154 148 162]
[157 153 146 160]
[156 151 144 157]
[154 148 142 155]
[151 146 139 154]
[149 143 135 151]
[148 141 132 149]
[147 141 132 149]
[148 143 133 151]
[151 146 137 154]
[154 149 141 157]
[158 150 144 159]
[161 153 149 163]
[164 157 154 167]
[167 160 159 169]
[171 162 163 171]
[172 164 167 174]
[173 166 169 175]
[173 167 171 175]
[174 168 172 177]
[175 169 174 177]
[176 170 176 179]
[178 171 177 179]
[177 171 177 180]
[175 171 176 179]
[175 169 175 177]
[175 168 175 177]
[177 168 176 178]
[179 169 178 179]
[180 170 179 179]
[180 171 179 180]
[180 173 180 180]
[179 174 180 180]
[178 173 180 179]
[176 172 178 178]
[173 169 175 176]
[172 166 172 173]
[168 163 168 171]
[166 160 164 167]
[161 157 160 165]
[157 153 155 161]
[155 149 150 157]
[151 144 145 153]
[146 140 139 149]
[143 137 135 145]
[143 136 133 144]
[145 138 134 146]
[150 143 139 151]
[157 150 149 159]
[167 159 160 167]
[174 168 172 177]
[182 174 182 182]
[186 178 188 186]
[187 179 190 188]
[186 180 191 187]
[185 180 190 187]
[184 180 188 187]
[184 179 187 187]
[186 178 187 186]
[183 176 185 184]
[180 173 180 181]
[172 167 172 174]
[156 157 157 162]
[146 144 140 148]
[145 135 134 144]
[152 144 140 157]
[161 158 159 168]
[177 172 174 177]
[177 171 181 184]
[181 181 187 190]
[182 181 185 194]
[188 181 183 191]
[185 182 181 190]
[179 175 181 187]
[177 166 178 184]
[181 162 177 183]
[180 166 180 187]
[180 170 182 188]
[180 171 183 187]
[179 170 182 186]
[179 168 181 185]
[179 166 179 183]
[175 164 174 182]
[170 161 167 177]
[164 155 159 171]
[158 152 150 166]
[152 147 142 162]
[151 145 136 159]
[146 142 131 159]
[151 140 129 158]
[202 128 151 149]
[164 152 161 143]
[144 130 141 154]
[149 140 145 159]
[158 151 153 162]
[164 157 163 168]
[170 161 171 171]
[172 164 174 175]
[171 165 174 176]
[170 165 172 174]
[166 161 168 170]
[164 157 164 167]
[162 155 160 165]
[161 154 157 164]
[160 153 155 163]
[160 152 153 162]
[160 152 152 162]
[160 153 152 163]
[161 155 153 164]
[162 155 153 164]
[161 154 153 163]
[159 153 150 162]
[157 152 147 160]
[155 151 144 159]
[154 150 141 160]
[155 150 138 160]
[148 154 132 168]
[161 144 130 159]
[171 141 131 157]
[158 144 131 164]
[156 149 134 161]
[157 150 136 161]
[159 152 139 161]
[159 153 142 162]
[162 153 145 162]
[164 154 148 164]
[163 156 150 165]
[162 156 150 163]
[160 154 149 162]
[157 153 146 160]
[156 151 143 157]
[154 148 139 155]
[149 145 134 152]
[145 141 129 148]
[144 137 125 145]
[143 138 125 146]
[146 141 128 149]
[150 145 133 153]
[154 148 138 157]
[158 150 142 159]
[161 153 147 163]
[163 156 152 166]
[166 159 157 169]
[170 161 161 170]
[171 163 165 173]
[171 165 168 174]
[172 166 170 174]
[173 167 171 176]
[175 168 173 177]
[176 170 175 179]
[177 170 177 179]
[176 171 177 180]
[174 171 176 179]
[175 169 175 177]
[176 168 174 178]
[178 168 176 178]
[179 169 178 179]
[180 170 179 180]
[180 170 178 179]
[177 171 177 178]
[174 170 175 176]
[171 167 172 173]
[168 164 168 170]
[163 160 163 166]
[160 155 157 162]
[155 151 152 158]
[151 146 146 154]
[147 143 141 150]
[143 139 136 147]
[142 136 132 143]
[138 133 129 141]
[135 131 125 138]
[134 129 123 136]
[136 130 124 137]
[141 134 128 141]
[147 141 135 148]
[157 150 146 157]
[168 160 160 167]
[176 170 173 178]
[183 175 182 183]
[186 179 188 186]
[187 180 191 188]
[186 180 191 187]
[185 180 191 187]
[185 180 190 187]
[185 181 189 187]
[186 179 188 186]
[183 178 185 185]
[181 173 181 180]
[171 167 172 174]
[152 157 154 161]
[140 138 134 142]
[135 127 123 134]
[143 133 129 144]
[146 150 148 163]
[182 160 166 162]
[174 167 180 187]
[185 177 187 184]
[183 179 187 188]
[181 180 186 194]
[184 180 183 193]
[188 179 180 188]
[186 175 179 187]
[186 169 180 188]
[183 171 181 191]
[181 173 183 191]
[179 172 183 189]
[180 170 182 186]
[178 168 181 186]
[180 166 178 184]
[175 163 173 181]
[168 159 165 174]
[161 153 157 167]
[157 147 149 163]
[151 147 142 162]
[150 145 137 158]
[146 144 131 159]
[149 140 128 157]
[201 128 149 147]
[165 141 144 130]
[132 120 120 145]
[138 124 125 144]
[146 130 135 152]
[157 149 153 163]
[168 157 166 168]
[170 160 172 173]
[168 162 172 174]
[167 161 170 171]
[165 159 167 168]
[163 156 163 166]
[161 154 160 165]
[160 153 156 163]
[159 152 153 162]
[159 151 150 160]
[157 150 148 160]
[156 149 146 159]
[156 150 146 159]
[156 150 146 159]
[156 149 146 159]
[156 148 144 158]
[154 148 142 157]
[153 148 140 157]
[153 149 138 158]
[154 149 136 160]
[152 152 132 165]
[158 148 129 162]
[169 144 130 156]
[158 148 130 162]
[156 148 132 158]
[156 149 135 158]
[157 151 138 159]
[158 151 141 161]
[162 152 144 162]
[162 154 147 164]
[161 156 149 163]
[161 154 149 161]
[159 153 148 161]
[157 153 146 160]
[156 150 142 157]
[153 147 136 154]
[146 143 129 150]
[142 138 122 144]
[140 134 118 141]
[140 134 119 142]
[144 138 124 147]
[149 144 131 152]
[154 147 137 156]
[157 149 141 159]
[160 152 145 162]
[163 155 150 165]
[165 158 155 168]
[168 160 159 170]
[170 162 163 172]
[171 164 166 173]
[171 165 169 174]
[173 166 170 175]
[175 167 172 176]
[175 169 174 178]
[177 170 176 179]
[176 171 176 180]
[175 170 176 179]
[175 169 175 178]
[176 167 174 178]
[177 168 175 179]
[179 168 177 178]
[179 169 177 178]
[177 168 176 177]
[173 167 173 174]
[168 164 168 170]
[163 160 163 165]
[158 155 157 161]
[153 150 150 156]
[149 144 144 150]
[144 139 137 146]
[140 134 131 141]
[135 131 126 138]
[133 129 122 135]
[134 128 121 134]
[134 128 120 134]
[134 129 121 134]
[135 130 122 135]
[139 133 126 138]
[143 138 131 143]
[150 144 138 149]
[160 153 150 159]
[170 163 163 170]
[179 173 175 179]
[184 177 184 184]
[187 179 188 186]
[187 180 191 187]
[185 180 191 187]
[185 180 192 186]
[186 181 192 187]
[186 182 191 188]
[187 181 190 187]
[184 179 187 185]
[182 175 183 180]
[171 168 173 174]
[150 157 153 159]
[136 135 129 137]
[127 121 113 128]
[136 123 119 131]
[145 142 134 156]
[172 153 161 164]
[179 176 181 188]
[183 174 184 186]
[185 180 188 189]
[186 181 187 188]
[182 180 185 192]
[183 179 183 194]
[191 179 180 192]
[197 180 181 191]
[189 181 183 196]
[185 179 184 192]
[180 175 182 189]
[180 170 181 186]
[178 167 179 185]
[181 164 176 181]
[173 162 171 180]
[164 157 163 172]
[160 150 154 163]
[156 144 147 160]
[150 146 141 161]
[148 145 136 158]
[144 145 130 159]
[146 140 126 155]
[201 125 147 144]
[161 137 131 131]
[133 118  97 140]
[143 117 106 133]
[142 125 123 151]
[154 144 145 161]
[165 154 162 167]
[168 157 169 171]
[167 157 168 170]
[164 157 168 170]
[164 157 166 167]
[163 155 163 165]
[161 154 159 164]
[159 152 154 162]
[158 150 150 159]
[156 148 145 157]
[152 146 141 155]
[150 143 137 152]
[148 142 135 152]
[149 143 136 152]
[150 143 136 152]
[151 142 136 152]
[150 144 136 154]
[150 146 136 155]
[152 146 135 155]
[153 146 134 156]
[152 148 132 160]
[155 148 129 160]
[162 145 130 156]
[156 150 130 160]
[154 147 132 156]
[155 149 134 158]
[156 150 137 159]
[158 151 140 159]
[160 151 143 161]
[160 154 146 162]
[160 154 147 162]
[159 153 147 160]
[158 152 146 160]
[156 152 144 159]
[155 149 139 156]
[151 145 132 152]
[143 141 124 148]
[138 135 116 141]
[136 130 113 138]
[138 131 114 140]
[142 136 121 146]
[148 142 129 152]
[153 146 135 155]
[157 148 139 159]
[159 151 143 161]
[161 154 147 164]
[164 157 152 167]
[167 158 157 169]
[169 160 161 170]
[169 162 164 172]
[170 164 167 173]
[172 165 169 174]
[174 166 171 176]
[175 168 173 178]
[177 169 175 178]
[177 170 176 180]
[176 171 175 180]
[177 169 175 178]
[177 168 174 178]
[176 168 174 178]
[177 168 175 177]
[177 168 175 177]
[175 167 173 175]
[169 164 169 171]
[163 160 163 165]
[157 154 156 159]
[152 149 149 154]
[148 144 143 150]
[144 140 137 145]
[139 135 131 140]
[136 131 126 136]
[133 129 122 134]
[133 129 121 134]
[136 130 122 134]
[139 134 125 138]
[143 138 129 141]
[147 141 133 144]
[149 145 137 148]
[152 149 141 151]
[158 152 146 155]
[166 158 156 164]
[174 168 168 174]
[182 175 179 181]
[185 179 186 186]
[187 181 190 186]
[187 181 192 187]
[185 181 192 186]
[186 181 192 186]
[187 182 193 187]
[187 183 193 188]
[187 182 192 187]
[185 180 188 185]
[183 176 184 181]
[174 171 175 175]
[151 158 154 160]
[135 137 129 137]
[122 121 109 126]
[129 116 109 124]
[145 135 125 149]
[152 156 156 171]
[189 172 176 171]
[178 165 183 187]
[185 181 188 189]
[185 180 189 188]
[185 179 187 188]
[183 179 185 189]
[184 180 184 193]
[191 181 184 193]
[189 185 184 196]
[187 183 183 193]
[182 179 181 190]
[180 173 179 186]
[177 168 176 185]
[179 162 173 180]
[170 160 167 178]
[161 155 158 169]
[158 146 149 159]
[155 142 143 158]
[148 145 139 159]
[145 145 134 157]
[139 144 127 156]
[143 138 122 152]
[201 121 143 141]
[154 136 121 130]
[130 116  82 139]
[141 114  93 135]
[149 131 114 150]
[154 144 138 162]
[165 154 158 167]
[167 156 164 169]
[164 154 165 168]
[161 155 164 168]
[163 155 164 166]
[163 155 162 165]
[161 154 158 164]
[156 151 151 160]
[153 147 144 156]
[150 142 136 152]
[146 139 129 149]
[142 136 124 145]
[139 134 122 143]
[138 134 122 143]
[143 134 124 142]
[144 135 126 146]
[146 140 129 150]
[147 143 130 152]
[150 144 131 152]
[151 144 131 154]
[151 146 131 156]
[152 146 129 156]
[155 144 130 154]
[154 147 130 154]
[153 145 132 154]
[153 147 134 156]
[154 148 136 157]
[158 148 139 157]
[158 150 142 160]
[159 152 145 160]
[158 153 145 160]
[157 151 145 158]
[155 150 143 158]
[154 149 140 157]
[153 146 135 154]
[149 143 128 150]
[140 138 119 145]
[133 132 111 139]
[134 127 107 135]
[136 128 110 138]
[142 134 118 145]
[147 141 127 151]
[153 145 133 155]
[156 148 137 158]
[158 150 141 161]
[161 153 145 164]
[164 156 150 166]
[166 158 155 168]
[168 159 160 170]
[168 161 163 171]
[169 162 165 172]
[171 163 167 173]
[173 165 170 175]
[174 167 172 177]
[176 169 174 178]
[178 170 175 180]
[178 171 175 181]
[178 170 175 180]
[177 170 175 179]
[176 169 174 178]
[176 168 174 176]
[177 167 174 176]
[174 166 172 173]
[168 164 168 169]
[162 159 161 163]
[156 153 154 157]
[152 149 148 152]
[149 145 143 149]
[146 142 139 146]
[144 139 135 143]
[142 137 132 140]
[143 137 130 140]
[145 139 131 142]
[149 143 135 145]
[155 148 141 151]
[158 154 148 157]
[163 158 153 159]
[162 160 154 162]
[158 162 154 163]
[165 159 156 160]
[170 162 162 168]
[177 172 173 177]
[184 178 182 183]
[187 182 189 187]
[187 182 192 187]
[187 182 193 187]
[186 182 193 186]
[186 181 193 186]
[187 182 193 187]
[187 182 193 187]
[187 182 192 187]
[186 181 190 186]
[184 179 187 184]
[176 174 179 177]
[154 162 158 164]
[136 140 131 139]
[122 121 107 123]
[121 114 102 121]
[144 124 119 136]
[133 159 145 173]
[195 156 171 155]
[175 165 181 193]
[186 181 189 188]
[186 180 189 188]
[186 180 189 188]
[184 179 187 188]
[183 179 186 188]
[185 178 186 187]
[182 180 185 191]
[181 179 183 190]
[182 177 179 187]
[177 173 177 186]
[176 169 174 183]
[180 157 169 175]
[165 157 163 177]
[159 153 154 166]
[155 143 144 157]
[153 142 139 156]
[146 144 134 157]
[142 144 129 154]
[140 140 121 153]
[145 134 115 149]
[201 123 141 143]
[153 137 118 130]
[133 115  78 136]
[136 117  90 140]
[150 130 110 146]
[153 144 134 162]
[162 153 152 165]
[164 154 159 167]
[162 153 160 165]
[160 153 161 165]
[162 152 161 165]
[163 154 160 166]
[160 154 156 163]
[154 149 147 159]
[147 142 136 151]
[142 135 124 145]
[135 129 115 140]
[132 126 109 136]
[130 124 106 133]
[128 124 106 134]
[135 124 109 133]
[137 127 114 139]
[141 134 119 144]
[143 139 124 148]
[148 141 127 149]
[149 142 128 151]
[149 143 129 152]
[149 142 128 152]
[150 142 129 152]
[151 144 130 153]
[152 145 132 153]
[153 146 134 154]
[153 147 136 156]
[156 147 138 156]
[157 150 142 159]
[158 152 144 159]
[156 151 144 159]
[155 150 142 156]
[152 147 138 155]
[151 146 135 153]
[149 143 130 152]
[145 140 123 148]
[137 135 114 143]
[129 130 106 137]
[130 124 103 131]
[134 123 106 135]
[140 131 114 143]
[146 139 123 150]
[152 144 130 154]
[155 147 135 157]
[157 149 139 160]
[160 152 143 163]
[163 155 149 166]
[165 157 154 168]
[167 159 158 169]
[167 160 161 170]
[168 161 163 171]
[170 163 166 173]
[173 165 169 175]
[174 167 171 177]
[176 168 173 178]
[178 170 175 180]
[178 171 175 181]
[179 171 175 181]
[178 171 175 179]
[177 170 175 178]
[178 169 175 177]
[178 169 176 177]
[176 169 174 176]
[171 167 170 171]
[166 162 164 165]
[160 158 158 161]
[159 154 154 157]
[157 152 151 156]
[156 152 149 154]
[156 150 147 153]
[157 150 146 152]
[158 152 147 154]
[160 156 151 158]
[165 161 155 162]
[170 167 162 167]
[171 171 168 172]
[174 171 170 170]
[171 171 169 172]
[164 169 165 169]
[171 162 163 162]
[170 163 167 172]
[178 173 176 178]
[184 179 185 184]
[187 183 190 187]
[188 183 193 187]
[188 183 195 187]
[186 182 194 187]
[186 181 194 186]
[187 181 193 185]
[186 181 192 186]
[186 181 192 186]
[187 181 190 186]
[184 181 189 185]
[179 175 182 177]
[158 165 163 166]
[138 144 136 144]
[123 123 109 124]
[118 113  99 120]
[141 118 112 127]
[130 154 134 170]
[200 148 166 150]
[177 173 182 199]
[186 180 189 187]
[186 181 190 188]
[187 180 189 187]
[185 180 189 187]
[183 180 188 188]
[184 178 188 185]
[181 177 186 186]
[181 175 182 185]
[176 176 180 189]
[173 175 176 187]
[177 166 169 178]
[179 156 166 174]
[159 159 160 178]
[153 152 150 162]
[146 141 140 155]
[143 138 134 152]
[133 139 129 154]
[130 136 122 149]
[138 130 114 147]
[143 127 110 151]
[200 127 139 146]
[159 139 123 131]
[138 115  86 139]
[141 126  96 143]
[151 130 112 146]
[151 145 132 161]
[158 151 148 162]
[159 152 154 164]
[158 152 156 163]
[159 152 157 163]
[163 151 158 163]
[162 152 157 166]
[158 152 153 163]
[151 147 142 156]
[141 138 127 146]
[133 128 112 137]
[126 120 100 130]
[121 115  92 126]
[121 113  89 124]
[119 115  89 126]
[126 114  94 124]
[129 119 100 131]
[134 126 108 137]
[138 134 115 143]
[143 137 121 146]
[145 139 124 148]
[146 140 125 149]
[147 139 126 149]
[148 140 127 150]
[149 142 129 151]
[150 144 131 152]
[151 145 133 153]
[152 146 135 154]
[155 147 138 155]
[156 149 141 157]
[156 150 143 158]
[154 150 142 157]
[151 147 138 154]
[148 144 133 152]
[148 141 129 150]
[147 139 124 148]
[142 136 118 145]
[133 133 109 141]
[124 128 101 135]
[129 120  98 127]
[134 118 101 133]
[138 128 110 142]
[145 137 119 148]
[150 142 127 152]
[153 145 132 156]
[156 148 137 159]
[159 151 142 162]
[162 154 147 164]
[164 156 152 166]
[165 158 156 168]
[166 159 159 169]
[168 160 162 170]
[170 162 164 172]
[172 164 168 174]
[174 166 170 177]
[176 168 173 178]
[178 169 174 179]
[178 170 175 180]
[178 171 175 180]
[178 172 176 180]
[178 172 177 180]
[180 172 178 180]
[181 172 179 179]
[180 171 178 178]
[177 170 175 176]
[174 168 171 172]
[171 166 168 169]
[170 164 165 167]
[169 165 164 168]
[169 165 164 167]
[170 165 164 167]
[171 167 165 168]
[172 168 167 169]
[173 171 170 172]
[176 174 174 174]
[179 176 179 177]
[180 179 182 179]
[181 176 183 178]
[176 176 180 178]
[166 173 173 175]
[175 162 168 163]
[172 165 169 173]
[179 173 177 178]
[185 179 186 184]
[188 183 191 187]
[188 183 194 188]
[189 184 196 188]
[188 183 195 187]
[187 182 194 186]
[186 180 193 185]
[184 181 192 186]
[184 181 191 185]
[185 180 191 185]
[185 180 190 185]
[181 176 185 180]
[163 169 169 170]
[143 150 142 150]
[126 127 113 127]
[115 115  98 120]
[137 113 106 121]
[133 149 127 168]
[190 149 163 158]
[184 182 180 195]
[185 177 187 186]
[187 182 190 188]
[187 180 190 187]
[186 182 190 189]
[185 182 189 188]
[185 180 189 186]
[182 179 187 187]
[181 176 184 186]
[176 174 179 186]
[174 175 172 182]
[173 164 168 179]
[173 158 164 174]
[151 160 156 175]
[148 145 145 155]
[141 134 134 150]
[136 130 128 146]
[131 128 121 144]
[130 122 115 141]
[146 115 111 139]
[143 123 111 155]
[195 131 141 150]
[171 141 135 129]
[136 122 104 154]
[151 131 109 145]
[151 131 118 150]
[151 146 132 159]
[154 148 142 158]
[154 150 148 160]
[155 150 151 160]
[157 149 153 162]
[162 149 155 163]
[161 150 154 164]
[155 149 148 161]
[148 143 136 153]
[136 133 119 142]
[126 123 102 132]
[119 114  86 123]
[117 107  77 119]
[116 105  74 118]
[113 107  74 120]
[119 107  78 118]
[123 111  86 123]
[128 118  96 130]
[132 127 106 138]
[138 132 113 141]
[141 135 118 144]
[142 135 120 145]
[145 136 122 146]
[146 137 124 147]
[147 140 127 149]
[148 141 129 150]
[149 143 131 151]
[151 144 134 152]
[153 145 137 154]
[155 148 140 156]
[155 149 141 157]
[152 148 138 155]
[146 144 132 151]
[144 140 126 147]
[143 136 121 146]
[142 135 118 145]
[138 134 113 143]
[130 131 105 139]
[123 126  97 133]
[132 116  95 126]
[136 118 100 134]
[138 129 109 144]
[143 137 117 148]
[148 141 124 151]
[152 144 130 154]
[155 147 136 158]
[158 150 141 161]
[161 153 146 163]
[163 155 151 166]
[165 157 155 167]
[165 158 157 168]
[167 159 160 170]
[169 161 163 171]
[171 163 166 173]
[174 165 169 176]
[175 168 172 178]
[177 168 174 178]
[178 169 174 179]
[178 170 175 179]
[179 171 176 180]
[181 173 178 181]
[182 174 180 181]
[184 174 181 182]
[183 174 181 182]
[181 174 180 181]
[179 175 178 179]
[178 175 177 178]
[178 174 176 176]
[177 175 176 176]
[177 175 176 176]
[178 175 177 176]
[179 176 179 176]
[179 177 181 177]
[180 178 183 178]
[182 179 186 180]
[184 180 189 182]
[184 181 190 183]
[184 179 189 182]
[178 178 185 181]
[168 176 177 177]
[176 163 171 164]
[173 165 171 174]
[179 173 179 179]
[184 180 187 185]
[187 182 191 187]
[187 183 193 188]
[188 183 195 188]
[188 183 195 188]
[187 182 194 187]
[185 181 193 186]
[182 181 192 185]
[181 180 191 183]
[183 177 190 182]
[185 176 190 184]
[182 176 187 182]
[167 172 173 174]
[147 156 148 155]
[129 131 118 131]
[113 116  98 121]
[134 110 102 117]
[138 140 123 158]
[170 153 159 164]
[187 176 177 181]
[181 172 185 186]
[186 181 190 187]
[186 180 190 186]
[184 181 191 188]
[185 181 190 188]
[185 181 189 188]
[184 181 187 186]
[182 177 184 183]
[178 175 178 185]
[173 172 172 185]
[174 171 168 180]
[170 160 161 172]
[151 157 151 170]
[150 142 141 155]
[145 135 133 154]
[143 131 126 152]
[143 129 121 151]
[145 127 117 152]
[164 121 118 149]
[151 136 119 166]
[195 141 146 155]
[174 147 153 134]
[131 134 126 165]
[160 120 121 138]
[147 126 123 156]
[150 146 132 156]
[148 145 137 156]
[149 146 142 156]
[152 146 146 156]
[154 147 148 160]
[159 147 150 161]
[158 147 148 161]
[151 144 142 157]
[144 137 130 148]
[131 128 112 138]
[120 119  93 128]
[114 111  76 121]
[115 104  66 116]
[114 101  61 116]
[110 104  61 118]
[113 103  65 114]
[118 105  72 118]
[122 112  83 125]
[126 120  94 132]
[133 125 103 135]
[137 129 110 139]
[139 131 114 141]
[142 133 118 143]
[143 135 121 145]
[145 138 124 147]
[146 139 126 148]
[147 141 129 150]
[150 142 132 150]
[151 144 135 152]
[154 145 137 154]
[152 147 137 155]
[148 144 133 151]
[141 140 125 147]
[139 134 118 142]
[139 131 113 141]
[139 131 111 141]
[137 130 107 139]
[131 128 102 137]
[130 125  96 134]
[140 119  97 131]
[144 127 104 141]
[143 136 111 147]
[144 139 117 148]
[148 141 123 149]
[150 142 129 154]
[155 146 135 157]
[158 150 141 160]
[160 152 146 163]
[162 155 150 165]
[163 156 153 166]
[164 157 156 167]
[166 158 158 169]
[167 160 161 170]
[170 162 164 172]
[173 164 167 175]
[175 166 171 177]
[177 168 173 177]
[178 168 174 178]
[179 169 175 179]
[179 172 176 180]
[180 175 178 182]
[182 176 180 182]
[183 176 181 182]
[184 175 182 181]
[183 175 182 181]
[181 177 183 182]
[181 178 183 180]
[181 178 184 180]
[181 178 184 179]
[181 178 185 180]
[182 178 186 180]
[183 179 187 181]
[184 180 189 182]
[185 180 190 183]
[185 181 192 184]
[185 181 192 184]
[184 181 192 184]
[183 179 190 182]
[178 178 186 181]
[168 175 178 177]
[177 162 172 164]
[174 166 172 175]
[180 175 180 179]
[185 181 188 184]
[187 182 191 185]
[186 182 192 186]
[187 182 193 186]
[186 182 193 186]
[186 182 193 186]
[184 182 193 186]
[179 182 191 185]
[178 179 190 182]
[182 173 190 179]
[184 172 190 183]
[181 174 188 182]
[169 172 176 176]
[150 159 153 159]
[133 134 122 134]
[114 118  99 123]
[133 109 100 116]
[141 133 120 150]
[151 158 153 169]
[191 164 173 165]
[177 167 182 188]
[184 180 190 185]
[185 179 190 184]
[184 180 191 186]
[186 179 191 186]
[184 180 190 188]
[183 181 187 188]
[183 179 183 184]
[181 176 179 184]
[175 174 173 186]
[173 172 166 179]
[167 165 159 173]
[158 157 149 171]
[159 147 142 164]
[160 146 137 166]
[158 144 132 166]
[160 142 128 166]
[160 143 128 168]
[177 136 131 159]
[159 148 131 173]
[192 149 154 159]
[178 152 165 137]
[145 141 142 165]
[167 112 135 139]
[141 126 130 166]
[148 138 127 151]
[145 139 129 151]
[145 141 134 152]
[148 141 140 153]
[150 143 142 157]
[154 142 143 157]
[153 141 140 156]
[146 138 133 152]
[139 130 122 143]
[126 122 105 134]
[116 116  86 126]
[110 111  69 120]
[115 102  58 114]
[114  97  51 115]
[108 101  50 117]
[110 100  53 112]
[114 100  60 113]
[116 105  70 119]
[120 113  82 124]
[128 118  93 129]
[132 124 102 135]
[137 128 108 138]
[139 130 113 141]
[140 133 116 142]
[141 135 120 144]
[143 136 123 145]
[145 139 126 147]
[148 140 128 148]
[149 142 131 151]
[150 143 133 152]
[148 144 131 152]
[143 140 125 147]
[135 135 116 142]
[134 128 108 136]
[135 126 105 136]
[135 127 104 138]
[137 128 103 138]
[134 129 101 140]
[137 130 100 140]
[145 130 103 142]
[147 139 111 149]
[146 144 116 150]
[144 144 120 150]
[148 142 124 149]
[150 143 129 153]
[154 145 135 156]
[157 149 141 160]
[160 152 145 162]
[161 154 149 165]
[162 155 152 165]
[163 156 154 166]
[164 157 157 168]
[166 159 159 169]
[169 160 162 171]
[172 163 166 173]
[174 166 170 176]
[177 167 172 177]
[178 168 174 178]
[178 169 175 178]
[177 171 176 179]
[177 174 177 180]
[178 173 177 179]
[178 173 178 179]
[181 172 179 177]
[182 172 181 180]
[181 177 183 182]
[183 178 185 181]
[183 179 187 182]
[184 180 189 183]
[185 180 190 183]
[186 181 191 184]
[186 182 192 185]
[186 182 193 185]
[185 182 193 185]
[185 181 193 184]
[184 180 192 183]
[182 179 191 182]
[182 178 189 181]
[177 178 186 180]
[169 175 179 177]
[179 162 173 165]
[176 167 174 176]
[181 176 182 181]
[186 181 188 184]
[186 181 191 185]
[185 181 191 185]
[185 180 191 184]
[184 181 192 185]
[185 181 192 185]
[182 181 192 185]
[178 182 191 185]
[178 178 189 182]
[183 172 189 179]
[183 171 190 182]
[179 171 187 181]
[168 168 176 174]
[150 158 154 161]
[135 135 124 136]
[115 120  99 126]
[132 110  98 116]
[144 128 118 144]
[136 162 147 173]
[196 152 168 151]
[174 163 179 191]
[183 180 188 185]
[185 179 190 184]
[185 180 191 186]
[187 179 191 186]
[185 181 190 188]
[182 181 187 188]
[181 179 184 185]
[181 175 180 182]
[178 174 174 183]
[168 172 167 183]
[165 170 159 175]
[162 161 151 173]
[162 153 146 174]
[168 156 144 176]
[167 156 141 177]
[168 155 140 177]
[166 155 141 176]
[179 145 144 162]
[161 153 144 173]
[187 151 161 162]
[183 158 170 150]
[166 148 152 180]
[177 123 146 154]
[142 135 132 169]
[144 121 117 144]
[139 128 115 148]
[140 138 124 149]
[144 138 130 149]
[146 137 132 151]
[147 137 132 152]
[146 135 129 151]
[139 131 122 146]
[132 123 110 136]
[121 116  95 129]
[113 112  78 124]
[109 110  62 122]
[121 102  51 114]
[118  99  45 119]
[110 102  43 119]
[109 100  45 112]
[112  97  50 110]
[112 101  59 115]
[118 107  71 119]
[124 113  83 126]
[129 120  94 132]
[134 125 102 135]
[136 128 107 138]
[137 130 111 139]
[138 132 115 140]
[141 133 118 142]
[143 136 122 145]
[145 138 125 147]
[146 140 126 148]
[145 140 126 148]
[142 140 124 147]
[136 134 117 141]
[130 128 106 136]
[129 121  99 131]
[131 120  97 132]
[133 123  98 135]
[136 126 101 137]
[135 130 103 140]
[138 131 106 140]
[144 134 111 143]
[145 142 117 148]
[147 144 122 149]
[144 145 124 151]
[148 143 127 149]
[150 143 130 152]
[153 144 135 155]
[156 147 140 159]
[159 151 145 162]
[160 154 148 164]
[162 154 151 164]
[163 155 153 165]
[163 156 155 167]
[166 158 158 168]
[168 160 161 170]
[172 162 165 173]
[173 165 169 176]
[176 167 172 176]
[177 167 174 176]
[176 168 175 176]
[175 169 175 176]
[175 171 176 176]
[176 170 176 175]
[173 171 176 177]
[179 169 177 174]
[180 170 179 178]
[180 176 183 181]
[183 179 187 182]
[185 181 189 184]
[185 181 190 184]
[186 182 192 185]
[186 182 193 185]
[187 183 194 186]
[187 182 194 185]
[185 181 193 184]
[183 179 191 182]
[182 177 190 181]
[181 177 189 181]
[181 177 189 180]
[177 178 186 181]
[170 176 180 178]
[180 163 175 166]
[177 169 176 178]
[181 178 183 182]
[187 182 190 185]
[186 182 191 186]
[185 181 191 184]
[184 180 191 183]
[183 181 192 184]
[183 180 192 184]
[180 181 191 185]
[177 181 190 185]
[179 178 189 183]
[183 173 188 181]
[182 172 189 182]
[178 168 186 178]
[168 163 175 172]
[148 155 154 162]
[135 135 125 136]
[115 121 100 127]
[129 111  97 118]
[146 124 115 138]
[123 163 141 177]
[203 143 165 140]
[171 162 176 194]
[183 179 187 184]
[186 180 189 185]
[187 182 191 187]
[187 181 191 187]
[186 181 189 187]
[183 180 186 186]
[181 179 184 185]
[181 175 182 181]
[177 172 177 181]
[165 172 168 182]
[163 167 158 174]
[164 162 152 172]
[168 158 151 175]
[169 157 150 179]
[169 160 150 180]
[168 158 150 178]
[167 157 151 176]
[181 145 155 163]
[165 152 156 172]
[186 152 169 164]
[183 164 172 160]
[173 154 157 192]
[184 135 145 166]
[151 139 125 168]
[154 116 107 139]
[134 121 104 152]
[138 134 111 146]
[141 132 117 144]
[140 132 120 147]
[141 132 119 147]
[140 130 116 145]
[132 124 108 140]
[125 116  96 130]
[117 109  82 124]
[112 107  68 122]
[109 110  55 125]
[124 104  46 118]
[123 105  41 124]
[113 106  39 123]
[110 102  39 114]
[112  97  43 111]
[110 100  51 114]
[116 103  62 116]
[120 109  75 123]
[126 117  87 129]
[131 122  95 132]
[132 125 101 135]
[133 127 105 135]
[135 128 108 137]
[138 129 112 139]
[141 132 115 142]
[141 135 118 144]
[142 136 118 143]
[139 135 116 143]
[137 133 113 141]
[131 128 105 136]
[126 121  96 130]
[125 115  90 127]
[128 116  90 128]
[130 121  94 133]
[134 126 100 136]
[136 130 105 138]
[138 131 110 139]
[143 135 116 141]
[146 140 122 147]
[148 144 128 151]
[146 148 130 153]
[149 145 130 151]
[150 143 132 152]
[153 143 135 155]
[156 146 140 158]
[158 150 144 161]
[159 153 148 163]
[161 154 151 164]
[162 154 153 165]
[163 156 155 166]
[165 157 157 168]
[168 159 160 169]
[172 162 164 172]
[173 165 168 175]
[175 167 171 176]
[177 167 173 175]
[176 167 175 175]
[175 169 176 176]
[174 170 176 176]
[175 169 175 175]
[171 171 174 176]
[180 167 176 171]
[179 170 179 178]
[182 176 184 181]
[183 180 187 183]
[186 181 190 184]
[186 181 191 185]
[186 181 192 185]
[186 181 193 185]
[187 182 194 185]
[186 181 193 185]
[184 180 192 183]
[182 178 190 181]
[181 177 189 180]
[181 178 189 180]
[182 178 189 181]
[178 179 187 182]
[171 176 180 178]
[182 164 176 167]
[178 170 176 179]
[182 179 184 183]
[187 182 191 185]
[185 182 192 185]
[184 180 191 184]
[184 180 191 184]
[182 181 192 184]
[182 180 192 183]
[179 179 191 184]
[176 179 189 185]
[179 176 188 184]
[182 173 188 183]
[183 172 188 183]
[180 167 184 178]
[171 161 174 172]
[148 155 154 163]
[136 134 126 136]
[115 120 101 128]
[124 111  97 119]
[148 119 113 131]
[113 163 135 181]
[209 136 162 132]
[171 163 175 198]
[183 180 187 184]
[185 181 190 186]
[187 183 191 188]
[188 182 191 187]
[186 181 189 187]
[183 180 188 187]
[181 179 185 185]
[181 176 183 182]
[178 172 179 178]
[168 170 169 178]
[161 166 159 177]
[163 167 155 176]
[174 164 155 176]
[172 160 156 183]
[174 161 156 181]
[172 160 157 180]
[170 159 159 179]
[183 148 163 168]
[170 155 164 177]
[190 156 175 168]
[183 164 172 161]
[175 154 156 191]
[183 140 138 174]
[154 145 117 180]
[164 129 101 147]
[139 128  95 157]
[137 128  97 144]
[138 128 105 142]
[136 130 108 143]
[135 128 106 141]
[132 123 101 138]
[126 119  93 134]
[121 111  81 126]
[114 106  69 121]
[113 104  57 120]
[111 108  47 126]
[126 106  41 122]
[126 109  38 128]
[116 111  37 128]
[114 106  37 119]
[113 100  40 114]
[110  99  45 114]
[113 100  55 114]
[114 105  66 119]
[120 111  77 122]
[124 115  87 126]
[128 119  93 129]
[127 122  96 132]
[131 123  98 132]
[134 123 100 134]
[137 127 103 138]
[136 130 105 140]
[134 130 105 139]
[130 129 102 138]
[129 124  97 134]
[124 120  90 131]
[123 114  84 125]
[122 112  81 125]
[126 114  84 126]
[128 119  91 131]
[133 125  99 134]
[137 128 106 136]
[139 132 113 140]
[145 136 120 143]
[148 141 127 149]
[149 145 132 154]
[147 150 133 155]
[148 147 133 153]
[151 144 133 152]
[153 143 135 155]
[155 145 139 157]
[156 149 144 161]
[159 152 147 162]
[161 153 150 163]
[163 154 153 165]
[164 156 155 166]
[166 158 157 168]
[169 159 161 170]
[172 162 165 173]
[173 166 168 175]
[175 167 171 176]
[177 168 174 176]
[177 169 176 176]
[176 170 177 176]
[176 171 177 176]
[175 169 175 174]
[169 171 173 176]
[179 166 174 170]
[180 170 179 179]
[182 178 185 183]
[184 181 189 184]
[186 181 191 184]
[186 181 192 185]
[186 181 192 185]
[186 181 192 184]
[186 180 192 184]
[185 180 192 184]
[183 179 191 182]
[182 178 189 180]
[181 177 189 180]
[182 178 189 181]
[183 179 189 182]
[178 180 187 183]
[171 177 180 179]
[182 163 175 167]
[176 170 176 179]
[181 179 184 183]
[185 182 190 185]
[185 181 191 185]
[184 179 191 183]
[183 180 192 184]
[182 182 193 185]
[182 181 193 184]
[178 180 192 184]
[176 178 189 184]
[179 174 187 183]
[181 174 188 185]
[183 173 188 184]
[182 168 184 180]
[175 162 174 173]
[149 157 153 166]
[137 135 127 138]
[117 121 102 128]
[122 112  96 120]
[149 116 112 128]
[113 162 131 182]
[212 132 160 131]
[172 169 176 201]
[184 179 187 183]
[185 181 189 185]
[186 183 190 187]
[187 182 190 187]
[186 180 189 187]
[185 180 188 185]
[183 179 187 186]
[182 177 185 183]
[179 175 180 180]
[173 171 172 178]
[162 170 163 181]
[159 172 158 181]
[178 162 157 173]
[174 162 158 186]
[176 164 161 185]
[174 163 162 184]
[173 161 163 182]
[186 151 167 170]
[172 158 169 180]
[191 157 178 170]
[184 164 173 161]
[176 153 154 190]
[181 141 135 178]
[156 150 109 186]
[165 134  93 154]
[146 136  87 157]
[137 117  87 143]
[132 120  92 140]
[131 124  96 137]
[128 121  93 134]
[125 118  88 132]
[120 114  79 128]
[116 108  68 123]
[113 103  56 119]
[113 101  46 118]
[111 106  40 127]
[124 107  37 125]
[127 113  36 132]
[120 115  35 132]
[122 110  35 124]
[121 105  38 121]
[116 103  42 119]
[114  99  49 114]
[112 102  57 116]
[114 104  66 116]
[119 108  76 120]
[122 113  83 125]
[115 120  87 131]
[124 117  84 124]
[123 113  82 128]
[128 118  85 130]
[126 121  87 133]
[124 122  86 131]
[122 120  83 129]
[121 114  78 125]
[118 111  73 125]
[120 108  71 122]
[120 109  72 123]
[124 113  79 125]
[127 118  88 129]
[132 123  98 133]
[138 128 108 137]
[141 135 116 143]
[146 139 124 146]
[150 142 130 148]
[149 145 134 153]
[148 148 134 154]
[148 147 134 153]
[150 145 135 152]
[152 143 136 154]
[155 144 139 156]
[156 148 143 160]
[159 151 147 162]
[160 153 151 164]
[163 155 153 166]
[165 156 156 167]
[167 159 158 169]
[170 161 162 171]
[172 163 165 173]
[174 166 168 175]
[176 167 172 176]
[178 169 175 177]
[178 170 177 177]
[177 171 178 178]
[176 171 177 177]
[175 169 175 174]
[167 170 171 175]
[179 165 172 168]
[180 171 179 179]
[183 179 186 184]
[185 182 190 184]
[185 181 192 184]
[185 181 192 184]
[184 180 192 184]
[184 180 191 183]
[184 179 190 183]
[184 179 190 183]
[183 180 190 182]
[183 179 190 181]
[183 179 190 181]
[183 179 189 182]
[182 179 189 182]
[177 180 186 182]
[171 175 179 177]
[181 162 174 166]
[174 169 176 178]
[180 177 183 180]
[183 180 189 184]
[184 180 190 183]
[184 178 191 183]
[182 180 192 185]
[182 182 194 186]
[183 181 194 185]
[180 180 192 185]
[178 177 189 184]
[179 174 188 185]
[182 174 187 186]
[184 174 188 186]
[182 171 184 183]
[177 162 173 173]
[148 157 152 168]
[139 136 126 137]
[119 120 103 129]
[119 114  97 123]
[149 113 111 124]
[117 159 127 180]
[208 133 159 136]
[176 175 176 200]
[184 178 186 183]
[183 181 188 186]
[183 182 189 186]
[186 181 188 184]
[185 180 188 186]
[184 180 188 186]
[183 180 188 185]
[181 179 185 186]
[178 177 181 183]
[178 172 174 177]
[164 172 166 182]
[158 174 160 181]
[179 160 159 172]
[174 162 160 188]
[178 164 163 185]
[176 163 164 186]
[173 162 164 184]
[186 152 167 171]
[175 158 170 180]
[192 157 180 171]
[185 164 172 161]
[174 154 155 192]
[183 141 132 176]
[161 150 103 187]
[166 143  85 168]
[158 141  80 160]
[153 119  81 143]
[129 115  84 144]
[129 121  85 134]
[123 116  82 130]
[120 115  76 127]
[116 111  67 124]
[114 105  57 120]
[111 102  47 118]
[113  99  40 117]
[113 105  35 125]
[122 108  34 127]
[128 116  35 133]
[126 119  35 138]
[131 117  37 136]
[132 116  39 134]
[127 112  41 129]
[120 106  44 122]
[115 103  48 117]
[114 102  55 115]
[117 105  65 118]
[118 109  72 122]
[106 117  72 127]
[118 108  68 114]
[113 102  63 121]
[116 106  64 122]
[120 108  66 123]
[115 111  66 125]
[114 112  65 123]
[116 106  62 119]
[114 104  59 120]
[117 104  60 119]
[120 107  65 122]
[124 111  75 124]
[128 118  86 129]
[133 122  98 133]
[139 128 109 138]
[142 136 119 145]
[146 141 126 147]
[150 142 131 148]
[149 144 134 152]
[148 146 134 154]
[148 147 134 155]
[150 147 135 153]
[152 144 136 153]
[155 142 138 156]
[154 148 143 161]
[160 151 147 161]
[161 152 150 164]
[164 154 153 165]
[166 156 156 167]
[168 159 159 170]
[169 161 162 171]
[171 163 165 172]
[173 165 168 174]
[175 167 171 176]
[177 169 175 177]
[178 170 177 177]
[178 171 178 178]
[176 171 178 176]
[173 168 174 172]
[165 169 169 174]
[178 163 171 167]
[180 171 178 180]
[183 180 187 185]
[186 181 191 185]
[185 181 192 184]
[185 180 193 184]
[183 179 191 183]
[183 179 190 182]
[183 178 189 181]
[183 178 189 182]
[183 180 190 183]
[184 180 192 183]
[185 180 192 183]
[184 180 191 183]
[182 179 189 182]
[176 179 186 182]
[170 174 179 176]
[181 161 174 165]
[172 169 175 178]
[179 176 183 179]
[183 179 188 183]
[184 179 190 183]
[184 178 190 183]
[182 181 192 185]
[183 183 195 187]
[184 182 195 187]
[181 181 193 188]
[181 178 190 186]
[181 175 188 185]
[181 174 187 186]
[183 173 187 186]
[181 170 183 183]
[178 160 171 171]
[146 156 150 168]
[138 134 125 137]
[121 120 104 129]
[117 115  97 124]
[148 112 109 122]
[121 153 126 176]
[198 138 158 143]
[178 176 176 195]
[183 176 186 182]
[183 180 188 184]
[182 181 188 185]
[184 179 188 184]
[185 179 188 185]
[183 179 188 186]
[183 178 187 184]
[181 177 185 184]
[177 177 181 183]
[179 171 175 178]
[167 174 168 184]
[159 175 161 184]
[180 162 160 173]
[176 164 161 188]
[177 163 164 186]
[176 164 164 186]
[173 162 162 183]
[184 152 165 171]
[172 158 170 180]
[192 155 180 170]
[183 164 172 162]
[174 153 154 189]
[186 141 132 175]
[160 148 102 189]
[165 151  79 176]
[163 147  73 169]
[171 127  77 148]
[134 124  78 154]
[127 120  76 133]
[122 114  71 126]
[116 110  65 124]
[114 109  58 122]
[112 104  48 118]
[111 101  40 117]
[114 100  36 117]
[115 105  33 124]
[121 110  33 130]
[130 120  36 138]
[137 126  39 145]
[141 127  41 149]
[142 126  41 147]
[138 120  40 140]
[126 113  40 132]
[119 106  41 122]
[115 102  46 118]
[115 104  54 117]
[116 107  60 118]
[104 113  58 126]
[121 103  54 111]
[117 103  49 121]
[117 101  48 120]
[120 101  50 120]
[111 107  52 127]
[112 109  52 121]
[116 102  49 116]
[114 100  48 118]
[116 102  52 118]
[120 105  59 120]
[122 111  71 125]
[127 117  85 128]
[134 122  98 132]
[140 129 111 139]
[143 137 121 146]
[146 143 128 149]
[150 144 132 149]
[150 144 134 151]
[149 145 134 153]
[148 147 134 156]
[149 148 134 155]
[154 146 136 153]
[156 144 138 156]
[154 148 142 161]
[159 149 146 160]
[160 152 150 164]
[164 154 153 166]
[166 156 156 168]
[168 160 159 170]
[169 161 161 171]
[171 163 164 172]
[173 165 167 174]
[174 167 171 176]
[176 168 174 176]
[177 169 176 176]
[177 170 178 177]
[175 170 178 176]
[173 167 174 172]
[163 168 169 173]
[178 162 171 166]
[180 170 178 179]
[183 180 187 184]
[185 181 192 184]
[185 181 193 184]
[185 180 193 184]
[183 179 192 183]
[183 179 190 182]
[183 178 189 181]
[183 179 189 182]
[184 180 190 183]
[185 181 192 184]
[185 181 193 184]
[185 181 193 183]
[182 180 191 182]
[176 179 187 181]
[170 174 179 176]
[180 161 175 164]
[172 169 176 178]
[179 175 183 179]
[183 179 189 183]
[184 179 190 184]
[183 179 190 184]
[183 181 192 186]
[184 183 194 188]
[185 183 195 189]
[183 182 193 189]
[182 178 190 187]
[182 175 188 186]
[181 173 186 186]
[182 172 185 185]
[180 169 180 182]
[174 159 169 171]
[144 154 146 165]
[135 130 121 134]
[122 118 102 128]
[113 116  96 127]
[148 110 108 119]
[126 147 125 170]
[188 142 156 148]
[179 173 175 188]
[182 174 185 183]
[183 180 188 185]
[183 182 189 185]
[184 180 189 184]
[184 179 188 184]
[183 179 187 185]
[183 178 186 184]
[182 178 185 184]
[178 177 181 184]
[180 171 176 179]
[169 174 169 184]
[161 176 162 185]
[179 164 160 175]
[178 165 160 187]
[178 163 162 186]
[176 163 162 185]
[174 161 160 183]
[184 153 164 173]
[175 158 170 178]
[194 154 180 168]
[183 164 172 161]
[173 155 157 191]
[185 139 137 173]
[158 146 104 187]
[160 146  75 172]
[161 147  65 173]
[168 131  70 153]
[140 131  71 156]
[123 116  63 133]
[122 111  61 124]
[117 106  56 123]
[112 108  50 122]
[112 105  42 117]
[110 100  35 117]
[114 100  32 118]
[117 105  31 123]
[122 113  32 133]
[134 125  37 145]
[148 134  43 155]
[155 138  47 163]
[155 137  46 161]
[149 129  42 151]
[135 120  38 141]
[126 109  36 126]
[117 103  39 120]
[115 101  45 116]
[115 102  51 115]
[108 111  50 126]
[125 105  46 118]
[125 112  42 128]
[126 111  40 126]
[125 108  42 125]
[114 112  42 130]
[115 107  40 122]
[118 102  40 118]
[118 101  42 120]
[117 102  47 120]
[121 105  56 120]
[121 111  69 125]
[128 117  84 127]
[135 122  99 133]
[142 130 113 140]
[145 139 124 147]
[147 145 130 150]
[151 146 134 151]
[152 146 135 152]
[151 145 135 153]
[149 147 134 155]
[150 148 134 156]
[155 147 136 155]
[158 147 138 157]
[156 149 141 161]
[160 150 145 161]
[161 153 149 165]
[165 155 153 165]
[166 157 156 168]
[168 159 159 169]
[169 161 161 171]
[171 163 164 172]
[172 165 167 173]
[173 167 170 175]
[175 167 172 175]
[176 168 175 175]
[176 169 177 176]
[175 170 178 175]
[173 167 175 172]
[163 169 170 173]
[179 162 172 165]
[180 171 179 180]
[183 180 188 185]
[186 182 192 185]
[186 181 193 185]
[185 181 193 184]
[184 180 192 184]
[184 179 191 183]
[184 179 190 182]
[184 179 190 182]
[184 180 191 184]
[186 181 193 184]
[186 182 194 185]
[185 181 193 184]
[182 180 191 183]
[175 179 187 181]
[169 173 179 175]
[179 160 175 164]
[172 168 176 178]
[179 175 184 179]
[184 180 190 184]
[184 180 191 185]
[184 180 191 184]
[183 181 192 187]
[184 183 193 188]
[185 182 194 189]
[183 181 192 190]
[183 178 190 188]
[182 174 187 186]
[181 173 185 185]
[181 172 184 185]
[179 168 179 180]
[168 158 166 169]
[142 149 141 158]
[131 124 116 132]
[121 116 100 125]
[108 118  95 128]
[147 108 106 115]
[133 140 123 164]
[177 146 155 155]
[182 172 175 182]
[182 173 184 183]
[184 181 189 186]
[184 182 190 186]
[185 181 190 185]
[183 179 188 184]
[182 178 186 184]
[182 178 185 184]
[182 178 184 184]
[180 177 181 184]
[181 172 176 180]
[172 174 170 184]
[163 176 162 187]
[176 168 159 179]
[181 166 157 185]
[180 163 156 187]
[179 165 156 187]
[177 164 156 185]
[186 157 161 176]
[183 160 167 180]
[197 159 181 174]
[182 164 173 161]
[172 154 159 190]
[183 137 142 170]
[159 140 108 179]
[154 137  75 167]
[157 143  60 168]
[160 133  60 155]
[146 131  59 150]
[123 117  53 139]
[123 112  53 126]
[122 105  49 124]
[111 106  43 126]
[114 106  38 117]
[110 100  31 116]
[112  99  29 117]
[116 104  28 122]
[122 115  29 134]
[137 130  37 150]
[157 141  47 164]
[168 149  53 175]
[168 148  52 174]
[160 138  46 162]
[144 126  39 150]
[130 114  34 133]
[121 106  35 122]
[115 100  40 117]
[112 101  47 117]
[111 109  48 123]
[120 108  47 124]
[123 118  42 131]
[125 118  39 129]
[124 114  36 127]
[117 114  33 128]
[118 108  32 124]
[120 104  34 122]
[121 103  37 121]
[117 104  42 122]
[122 106  54 119]
[121 111  67 125]
[130 117  84 127]
[137 124 101 135]
[144 133 117 142]
[147 141 128 149]
[150 147 134 152]
[153 149 137 153]
[154 149 138 154]
[153 147 137 154]
[150 147 136 155]
[151 148 135 156]
[155 149 136 157]
[160 150 139 158]
[160 152 142 162]
[163 153 146 163]
[163 156 150 166]
[166 158 154 166]
[167 159 157 168]
[168 160 159 170]
[170 162 161 171]
[171 163 164 172]
[172 165 166 173]
[173 166 169 174]
[174 167 171 174]
[176 167 174 175]
[177 169 177 176]
[176 170 178 176]
[174 168 176 172]
[164 169 171 174]
[180 163 172 165]
[180 171 179 181]
[184 181 189 185]
[186 182 193 185]
[186 182 194 185]
[186 181 194 185]
[185 181 193 184]
[185 180 192 183]
[185 180 190 183]
[185 180 190 183]
[184 181 191 184]
[186 182 193 185]
[186 182 194 185]
[185 180 193 183]
[182 179 190 182]
[173 178 186 181]
[169 171 178 173]
[178 159 174 164]
[172 168 177 177]
[180 175 185 180]
[185 180 191 185]
[185 182 193 186]
[185 181 192 185]
[183 182 193 187]
[183 182 193 188]
[183 182 193 189]
[183 180 191 188]
[183 177 189 187]
[181 174 187 187]
[181 173 185 185]
[179 171 183 184]
[181 165 176 177]
[161 157 161 169]
[142 145 136 150]
[127 120 111 130]
[119 113  97 123]
[106 118  92 128]
[145 106 104 113]
[141 135 123 159]
[160 153 154 166]
[188 170 175 173]
[181 169 183 185]
[184 181 190 186]
[185 182 191 187]
[185 181 190 185]
[184 179 188 184]
[181 178 185 184]
[182 178 185 184]
[183 178 184 185]
[181 177 182 185]
[181 173 177 181]
[175 174 170 183]
[164 177 162 187]
[173 170 155 180]
[184 164 150 182]
[181 164 148 189]
[181 168 148 189]
[181 167 148 187]
[188 161 154 179]
[188 163 164 184]
[195 167 180 182]
[182 164 174 161]
[170 154 162 192]
[176 141 149 173]
[162 136 117 171]
[147 131  81 164]
[153 138  60 161]
[149 138  52 158]
[152 133  51 148]
[130 126  46 148]
[131 120  48 135]
[133 111  48 128]
[116 109  43 133]
[115 105  35 120]
[112 102  30 116]
[111  99  26 115]
[112 102  25 120]
[119 113  27 132]
[136 130  36 151]
[160 145  48 168]
[175 155  57 183]
[176 155  56 184]
[169 145  50 171]
[152 132  41 157]
[134 118  33 140]
[125 108  33 124]
[117 101  39 117]
[112 101  46 115]
[111 103  49 116]
[114 106  49 119]
[114 113  44 124]
[116 112  38 123]
[119 111  31 123]
[116 110  27 126]
[119 109  27 126]
[122 106  29 124]
[123 104  34 122]
[117 106  40 123]
[121 107  53 120]
[123 112  68 125]
[131 117  86 129]
[139 127 104 138]
[147 137 121 144]
[151 145 133 151]
[153 149 139 155]
[155 152 142 157]
[156 151 141 156]
[155 149 140 155]
[152 148 138 155]
[154 148 138 155]
[153 149 138 158]
[159 152 141 159]
[160 154 144 162]
[163 155 148 164]
[165 159 151 167]
[167 161 155 168]
[170 162 159 170]
[170 162 161 171]
[170 163 163 172]
[171 164 165 172]
[171 165 167 173]
[172 166 169 174]
[174 167 171 174]
[176 167 173 175]
[177 169 176 176]
[177 170 178 176]
[174 168 176 173]
[163 170 170 175]
[181 162 172 165]
[179 171 179 181]
[184 180 188 185]
[186 182 192 185]
[186 182 193 186]
[186 182 194 185]
[185 181 193 185]
[185 180 192 184]
[185 180 190 183]
[184 180 190 183]
[184 181 190 184]
[186 181 192 184]
[186 182 193 185]
[184 180 193 183]
[181 178 189 181]
[171 177 184 180]
[169 170 176 171]
[176 159 173 164]
[173 167 176 176]
[180 175 185 180]
[186 181 192 186]
[186 183 194 188]
[186 182 194 186]
[183 183 194 188]
[182 183 194 188]
[183 180 193 188]
[183 179 192 188]
[184 177 191 188]
[184 176 189 188]
[183 174 187 186]
[180 171 182 184]
[180 163 173 175]
[152 156 155 169]
[139 139 129 142]
[123 117 106 126]
[116 110  93 119]
[103 116  89 127]
[144 106 102 113]
[148 132 124 153]
[143 161 154 175]
[197 162 174 159]
[178 165 182 190]
[186 183 191 187]
[186 182 191 187]
[184 181 190 186]
[184 179 187 183]
[181 178 185 184]
[182 178 185 184]
[183 178 185 185]
[182 177 183 185]
[181 174 179 182]
[176 173 171 182]
[164 177 160 187]
[172 171 150 180]
[185 162 143 180]
[182 166 139 191]
[183 170 137 190]
[182 169 137 188]
[188 165 146 182]
[190 165 159 182]
[191 170 176 184]
[182 165 174 161]
[171 156 163 193]
[172 145 155 177]
[165 135 129 165]
[140 128  94 165]
[147 130  65 153]
[139 135  50 159]
[154 133  46 148]
[139 134  43 157]
[140 131  47 150]
[144 123  51 140]
[133 117  48 138]
[117 106  38 128]
[116 104  32 118]
[112 100  27 116]
[111 102  25 118]
[119 111  26 128]
[133 129  35 151]
[161 146  47 168]
[177 156  56 185]
[179 158  56 188]
[172 148  49 176]
[158 135  40 160]
[136 122  32 144]
[126 110  32 127]
[117 103  37 118]
[112 100  44 113]
[110 100  50 113]
[111 105  51 115]
[107 110  45 120]
[110 108  35 118]
[114 105  26 119]
[115 108  23 124]
[119 108  24 125]
[124 106  28 124]
[125 104  34 123]
[120 108  42 124]
[122 109  55 122]
[126 114  70 125]
[134 119  88 131]
[142 130 108 141]
[150 140 125 148]
[154 148 137 154]
[156 153 144 158]
[157 154 146 159]
[157 153 144 158]
[157 151 142 157]
[156 150 141 156]
[159 149 141 156]
[156 152 142 160]
[160 154 144 159]
[160 156 147 162]
[164 156 150 163]
[166 158 153 167]
[167 163 158 170]
[171 165 161 171]
[172 165 163 172]
[172 165 165 173]
[172 166 167 173]
[172 166 168 174]
[172 167 170 174]
[174 167 171 174]
[176 167 173 175]
[178 168 176 176]
[177 169 177 177]
[173 168 174 173]
[162 169 169 174]
[180 160 170 163]
[178 170 177 180]
[183 179 186 184]
[185 182 191 185]
[186 182 193 185]
[186 181 193 185]
[184 181 192 184]
[184 180 191 183]
[184 179 190 183]
[184 180 190 183]
[184 181 190 184]
[185 181 192 184]
[185 181 193 184]
[184 181 193 184]
[181 178 189 180]
[169 177 183 180]
[169 168 175 169]
[174 159 172 165]
[173 167 175 175]
[179 174 184 180]
[185 180 191 185]
[186 182 194 187]
[185 182 194 187]
[182 183 194 188]
[181 182 194 187]
[183 179 194 187]
[184 178 193 189]
[185 178 193 190]
[186 177 191 189]
[183 174 187 187]
[182 168 179 181]
[169 160 168 173]
[144 154 147 161]
[132 127 120 133]
[120 112  99 122]
[114 107  90 116]
[100 115  87 126]
[141 104  99 111]
[150 128 123 149]
[133 169 151 181]
[207 151 174 148]
[176 167 183 198]
[187 184 191 187]
[187 182 191 187]
[184 181 189 186]
[183 178 186 184]
[182 179 184 184]
[182 179 185 184]
[184 179 186 185]
[183 178 185 186]
[182 175 180 182]
[178 172 172 181]
[163 176 158 187]
[170 171 146 181]
[185 162 136 179]
[181 166 129 190]
[182 169 126 189]
[182 170 128 188]
[187 167 138 183]
[194 164 153 179]
[191 171 172 184]
[183 165 175 162]
[172 157 165 195]
[173 150 159 185]
[169 140 142 168]
[147 133 110 164]
[144 121  77 150]
[136 131  55 160]
[153 130  44 151]
[146 141  43 164]
[148 143  52 164]
[153 136  61 155]
[149 124  62 146]
[126 112  50 140]
[121 106  38 123]
[114 103  32 119]
[111 103  27 119]
[119 110  28 126]
[131 128  34 150]
[159 145  46 168]
[178 157  53 184]
[180 158  53 189]
[173 149  46 177]
[159 136  38 161]
[136 124  31 146]
[125 111  30 126]
[114 103  34 118]
[111  97  41 111]
[109  98  48 111]
[104 104  50 115]
[104 106  43 115]
[109 103  32 115]
[113 101  24 118]
[116 105  21 122]
[117 107  24 125]
[124 105  30 123]
[124 105  37 124]
[121 110  46 125]
[121 113  58 125]
[129 115  73 125]
[137 121  92 133]
[144 134 111 144]
[152 144 129 151]
[157 151 141 157]
[159 155 147 160]
[159 156 149 161]
[158 154 147 159]
[158 152 145 158]
[159 151 144 158]
[162 151 145 159]
[157 158 146 163]
[161 157 148 160]
[160 157 149 162]
[165 157 152 162]
[167 159 157 167]
[169 165 161 172]
[174 168 165 172]
[175 169 167 175]
[174 169 169 176]
[173 168 170 175]
[173 168 170 175]
[173 167 171 175]
[174 167 172 175]
[176 167 174 175]
[178 168 176 176]
[176 169 177 176]
[172 167 173 171]
[161 167 166 172]
[178 158 167 162]
[176 169 174 178]
[181 178 184 182]
[184 180 189 184]
[185 181 192 184]
[185 181 193 184]
[185 180 192 184]
[185 180 191 183]
[185 180 190 183]
[184 180 191 184]
[184 181 191 184]
[186 181 193 184]
[186 182 193 185]
[185 181 193 184]
[182 178 189 180]
[167 178 182 180]
[169 167 174 167]
[173 158 170 165]
[173 165 174 174]
[178 173 182 180]
[184 179 190 184]
[186 181 193 186]
[184 181 193 187]
[180 183 193 188]
[180 181 193 186]
[183 178 193 187]
[185 177 193 190]
[186 178 193 191]
[185 176 190 189]
[183 170 182 184]
[178 162 171 176]
[154 156 158 168]
[140 143 134 145]
[124 116 110 127]
[115 109  94 119]
[111 105  87 114]
[101 112  84 122]
[135 104  97 112]
[149 125 122 145]
[126 171 148 185]
[214 145 175 144]
[177 170 183 203]
[186 183 191 187]
[186 182 190 186]
[185 179 187 184]
[183 178 185 184]
[182 179 184 184]
[182 180 185 185]
[184 180 187 186]
[183 179 186 186]
[182 175 181 183]
[179 172 173 181]
[164 176 158 187]
[168 171 144 180]
[185 160 131 176]
[179 164 122 188]
[180 168 119 187]
[180 169 121 186]
[184 167 132 183]
[195 163 149 179]
[191 172 171 187]
[183 166 176 162]
[173 158 167 196]
[172 155 162 193]
[173 147 150 179]
[162 141 125 169]
[153 124  93 157]
[145 131  63 162]
[151 131  47 159]
[153 145  45 169]
[155 150  58 172]
[160 146  75 167]
[159 131  80 154]
[140 119  66 148]
[125 107  48 131]
[118 107  38 123]
[112 105  31 120]
[119 108  29 125]
[129 126  33 147]
[155 143  43 166]
[176 155  49 181]
[178 158  49 188]
[172 149  42 176]
[158 135  36 159]
[135 124  30 145]
[122 111  28 126]
[112 102  31 117]
[111  95  37 109]
[107  96  43 112]
[105 101  45 113]
[108 103  39 113]
[111 101  31 117]
[119 102  23 118]
[118 103  22 124]
[121 107  26 124]
[127 106  34 122]
[125 109  43 125]
[121 112  53 125]
[121 114  63 124]
[130 115  77 125]
[138 123  95 134]
[145 136 115 145]
[153 146 132 153]
[158 153 143 158]
[160 155 149 161]
[159 156 150 161]
[159 155 149 160]
[158 153 147 159]
[161 152 147 158]
[162 153 148 160]
[157 158 150 163]
[163 157 150 158]
[158 157 152 164]
[166 157 155 161]
[169 159 159 167]
[170 167 164 173]
[175 170 169 175]
[178 173 171 177]
[177 174 172 178]
[176 172 172 176]
[174 170 172 175]
[173 168 172 175]
[174 168 173 175]
[176 168 174 175]
[178 168 176 176]
[175 169 176 176]
[170 166 172 170]
[158 166 165 171]
[177 156 166 160]
[175 167 173 177]
[180 177 183 181]
[184 180 188 183]
[185 181 191 184]
[185 181 193 184]
[185 181 193 184]
[185 180 192 184]
[185 181 192 184]
[185 181 192 184]
[185 182 193 184]
[186 182 195 185]
[186 182 195 185]
[185 182 193 184]
[181 178 189 181]
[167 178 181 180]
[171 166 173 166]
[174 158 170 166]
[172 165 173 174]
[177 173 181 179]
[181 178 188 183]
[182 179 190 184]
[179 179 190 185]
[176 179 188 184]
[177 176 187 183]
[181 173 187 184]
[183 174 188 187]
[183 174 187 188]
[184 169 181 183]
[175 164 172 178]
[163 155 160 168]
[141 148 140 156]
[134 126 119 131]
[120 114 102 125]
[113 108  90 116]
[110 105  84 112]
[103 110  82 120]
[127 105  95 114]
[150 124 120 138]
[119 167 144 187]
[217 140 174 139]
[176 171 183 205]
[185 180 189 185]
[186 180 188 184]
[184 179 187 184]
[183 179 185 183]
[182 180 184 184]
[182 181 185 186]
[185 180 187 185]
[184 179 186 186]
[183 176 183 184]
[180 173 174 182]
[167 176 159 186]
[168 172 143 181]
[185 161 130 175]
[178 164 120 188]
[179 167 115 185]
[179 168 117 185]
[183 166 129 183]
[196 162 147 178]
[190 172 170 188]
[183 167 176 164]
[173 159 168 197]
[172 156 164 194]
[171 153 156 189]
[171 146 139 177]
[165 135 109 168]
[154 132  75 167]
[153 138  53 167]
[158 148  49 172]
[159 155  65 180]
[167 154  89 178]
[168 140 100 166]
[154 128  87 157]
[132 112  61 141]
[121 107  44 126]
[112 105  34 121]
[118 106  31 123]
[126 123  32 144]
[152 142  41 164]
[175 153  46 179]
[178 158  48 187]
[171 149  41 175]
[156 135  36 159]
[134 123  29 143]
[120 110  27 125]
[111 101  27 115]
[111  92  32 107]
[106  95  39 112]
[103 101  41 115]
[111 101  37 115]
[113 105  31 121]
[123 103  26 119]
[117 105  26 126]
[120 111  32 125]
[122 110  41 124]
[123 114  50 124]
[123 112  58 122]
[120 115  69 125]
[130 117  83 126]
[139 124  99 134]
[145 136 117 145]
[153 147 133 153]
[159 153 144 158]
[161 156 150 161]
[160 157 151 162]
[159 155 149 160]
[158 154 148 159]
[162 152 148 158]
[163 154 151 160]
[158 160 152 165]
[163 157 154 160]
[158 160 154 165]
[168 157 157 160]
[169 160 161 168]
[172 168 167 173]
[177 171 172 176]
[178 174 174 179]
[178 176 175 180]
[177 174 174 178]
[175 172 173 177]
[174 170 172 175]
[175 168 173 174]
[177 167 174 175]
[177 168 176 176]
[174 169 176 175]
[168 165 170 169]
[157 164 164 168]
[175 154 164 158]
[173 165 172 176]
[178 175 181 180]
[182 178 187 181]
[184 179 190 183]
[185 181 193 184]
[185 181 193 184]
[186 181 193 184]
[185 180 193 184]
[186 181 194 185]
[186 182 194 185]
[187 182 196 186]
[187 182 195 186]
[186 181 194 184]
[182 178 189 180]
[166 178 180 181]
[171 165 173 166]
[174 159 169 166]
[171 165 172 174]
[175 172 178 177]
[178 175 183 180]
[178 174 185 179]
[174 173 183 179]
[171 170 180 178]
[174 167 177 177]
[179 165 176 178]
[182 167 176 182]
[182 168 174 182]
[177 164 168 177]
[163 156 156 168]
[148 145 140 151]
[129 131 121 138]
[123 113 105 123]
[116 112  94 120]
[112 107  86 114]
[109 104  82 112]
[105 109  82 118]
[119 109  93 117]
[152 119 117 130]
[116 166 141 187]
[218 136 171 137]
[176 171 181 204]
[183 180 187 184]
[184 179 187 184]
[184 179 186 183]
[183 178 185 183]
[183 179 185 184]
[182 181 185 186]
[185 181 187 186]
[185 181 187 187]
[184 178 183 185]
[180 174 175 182]
[170 175 161 185]
[166 173 145 184]
[184 163 132 175]
[177 165 120 185]
[177 165 114 184]
[178 166 115 183]
[181 167 128 183]
[198 161 148 177]
[190 173 171 189]
[183 167 176 164]
[173 158 167 196]
[171 156 165 194]
[171 155 161 192]
[173 149 149 184]
[175 138 122 172]
[160 135  88 173]
[155 142  60 172]
[161 150  54 175]
[162 160  71 185]
[171 158  98 183]
[175 147 113 176]
[165 137 104 166]
[144 120  75 148]
[122 106  51 131]
[113 104  37 122]
[118 105  31 122]
[126 122  32 143]
[151 140  39 162]
[174 152  45 178]
[177 158  48 187]
[172 149  42 175]
[157 135  37 159]
[133 123  31 143]
[119 109  27 125]
[112  99  26 114]
[112  93  29 109]
[107  98  35 113]
[106 101  38 114]
[111 100  36 114]
[109 105  31 121]
[121 100  29 113]
[111 103  30 121]
[111 107  37 119]
[112 109  47 119]
[122 105  55 115]
[123 107  64 121]
[119 118  76 128]
[134 120  88 125]
[139 125 102 135]
[144 138 120 147]
[153 147 135 153]
[159 153 145 158]
[161 155 150 160]
[159 156 151 161]
[157 155 149 160]
[158 153 148 158]
[162 152 150 158]
[165 155 153 161]
[161 161 155 166]
[163 159 156 162]
[157 162 156 166]
[171 155 158 159]
[169 160 163 170]
[173 169 169 174]
[177 172 174 176]
[178 175 176 179]
[177 175 176 179]
[176 174 175 177]
[175 172 173 176]
[175 170 172 175]
[176 168 173 175]
[178 168 175 176]
[177 170 177 177]
[175 170 175 174]
[167 165 170 169]
[158 164 163 167]
[175 153 164 157]
[172 165 171 175]
[177 173 180 177]
[181 176 185 179]
[182 178 189 182]
[183 179 192 184]
[184 179 192 183]
[185 179 192 183]
[184 179 191 183]
[184 180 192 183]
[184 180 192 184]
[184 180 193 183]
[184 180 193 183]
[182 179 190 183]
[178 175 185 178]
[164 174 175 178]
[168 162 168 164]
[171 155 164 163]
[166 161 166 170]
[170 165 169 171]
[172 168 172 174]
[173 167 172 173]
[171 163 169 171]
[170 161 165 170]
[171 160 163 171]
[171 161 161 173]
[170 162 161 175]
[166 161 157 173]
[157 155 149 163]
[144 144 134 150]
[128 127 117 133]
[119 115 102 122]
[113 106  92 116]
[111 108  86 114]
[111 106  83 112]
[109 105  82 112]
[106 108  82 115]
[112 111  91 120]
[153 115 115 124]
[118 162 137 186]
[216 136 169 138]
[175 172 179 204]
[182 178 185 183]
[183 178 185 182]
[183 177 185 182]
[182 178 185 183]
[183 179 185 183]
[182 180 185 185]
[185 180 186 186]
[184 182 186 187]
[183 179 183 184]
[180 174 175 181]
[173 174 162 183]
[164 175 148 185]
[181 165 134 173]
[177 164 122 183]
[176 164 114 183]
[178 166 116 183]
[181 167 128 184]
[200 162 148 177]
[190 174 171 191]
[183 166 175 163]
[172 157 166 195]
[171 156 166 195]
[172 156 163 194]
[173 152 155 189]
[179 140 132 175]
[163 139  99 177]
[156 145  67 174]
[162 152  59 176]
[163 162  74 188]
[174 159 102 186]
[179 153 120 186]
[174 146 115 177]
[159 128  88 155]
[128 110  59 139]
[114 105  39 124]
[118 105  33 122]
[127 121  33 142]
[149 140  40 162]
[172 153  45 178]
[178 159  48 188]
[173 151  44 177]
[159 138  39 162]
[137 123  32 144]
[120 109  27 127]
[112  99  26 116]
[112  95  29 111]
[108 101  33 116]
[108 103  36 115]
[113 101  35 114]
[108 104  31 119]
[120  96  30 108]
[111 100  34 116]
[113 103  42 114]
[124 104  51 112]
[127 109  65 120]
[124 117  78 129]
[120 124  84 131]
[134 121  94 125]
[140 127 107 136]
[145 139 122 146]
[153 147 136 152]
[158 152 145 158]
[160 155 150 160]
[158 156 151 160]
[156 155 149 158]
[159 152 148 157]
[163 153 151 160]
[165 158 155 163]
[164 161 157 166]
[163 160 157 164]
[158 163 156 166]
[173 154 159 158]
[169 161 164 172]
[174 170 170 174]
[177 172 175 176]
[178 174 177 178]
[177 174 177 178]
[176 173 175 177]
[174 171 173 176]
[175 169 172 175]
[176 168 173 175]
[177 170 175 176]
[176 171 177 177]
[175 170 176 174]
[166 167 171 171]
[159 164 164 167]
[175 154 163 158]
[171 165 170 175]
[177 172 178 177]
[180 175 184 179]
[181 176 186 180]
[181 177 188 180]
[181 176 188 180]
[181 175 187 180]
[180 175 186 179]
[179 175 185 179]
[178 174 185 178]
[178 174 185 178]
[178 173 184 177]
[173 171 180 176]
[168 166 173 169]
[155 163 162 168]
[157 151 154 155]
[159 146 151 154]
[153 149 150 160]
[155 150 151 158]
[155 152 152 161]
[156 151 151 159]
[153 150 148 160]
[150 149 145 159]
[149 148 141 158]
[148 146 138 155]
[146 143 135 151]
[141 137 130 145]
[132 130 122 137]
[123 120 109 126]
[113 109  96 117]
[109 102  87 109]
[105 102  82 110]
[107 104  80 110]
[109 104  81 110]
[108 105  81 111]
[108 106  82 113]
[103 115  90 124]
[154 112 114 118]
[122 157 134 184]
[209 139 168 143]
[176 175 178 200]
[181 175 183 181]
[182 177 185 182]
[183 177 185 182]
[182 178 185 183]
[183 178 186 182]
[182 179 186 184]
[184 180 186 185]
[183 181 185 186]
[183 178 181 183]
[181 174 175 181]
[175 173 164 182]
[162 177 150 187]
[177 165 137 173]
[177 162 124 180]
[175 162 116 182]
[178 166 117 183]
[181 168 128 185]
[201 162 148 177]
[190 175 171 192]
[182 165 175 162]
[171 157 166 195]
[171 157 166 195]
[171 156 164 194]
[172 154 158 191]
[179 141 138 175]
[163 140 107 177]
[155 144  75 173]
[162 151  64 176]
[163 162  76 188]
[174 159 102 186]
[179 156 122 189]
[177 151 119 185]
[168 133  95 162]
[139 119  66 147]
[119 108  43 129]
[120 107  36 124]
[127 119  35 141]
[145 139  40 161]
[169 153  46 176]
[177 158  49 186]
[174 152  46 179]
[161 141  41 166]
[142 125  32 146]
[123 111  28 131]
[118 102  27 117]
[114  98  30 114]
[109 104  33 118]
[110 104  34 117]
[114 102  33 116]
[109 103  30 119]
[119  95  32 109]
[111 101  38 117]
[113 107  49 118]
[123 113  62 125]
[129 120  76 129]
[132 128  85 128]
[123 126  91 131]
[136 122 100 127]
[142 130 112 138]
[146 141 126 148]
[155 149 138 153]
[159 154 147 159]
[161 156 151 161]
[159 157 151 161]
[157 155 150 159]
[161 153 149 158]
[163 155 152 161]
[166 159 156 164]
[165 161 158 165]
[163 161 158 165]
[158 163 156 166]
[175 154 159 158]
[169 164 164 173]
[174 170 170 173]
[177 172 175 176]
[178 174 177 178]
[177 174 176 178]
[175 173 175 177]
[173 171 172 175]
[174 168 171 173]
[174 167 171 173]
[175 169 174 174]
[175 170 176 175]
[174 169 176 173]
[165 167 171 170]
[159 162 163 165]
[172 151 161 157]
[169 163 167 173]
[174 169 174 174]
[176 171 178 176]
[176 172 179 176]
[175 171 179 175]
[174 170 178 175]
[172 169 177 173]
[170 167 174 171]
[168 165 172 169]
[166 163 170 168]
[165 162 169 167]
[162 160 167 165]
[156 156 160 161]
[150 149 152 153]
[138 144 141 150]
[139 133 132 140]
[140 129 128 138]
[134 132 127 141]
[134 129 126 137]
[132 129 126 139]
[132 127 124 137]
[131 126 121 135]
[129 124 118 133]
[127 121 114 130]
[125 118 110 127]
[124 116 107 125]
[122 113 103 124]
[117 111  98 120]
[112 106  91 114]
[107 102  83 109]
[104  98  79 105]
[103 100  76 105]
[105 101  77 107]
[107 103  79 109]
[107 104  80 110]
[108 105  81 111]
[ 97 118  89 127]
[157 108 112 111]
[127 150 133 182]
[198 144 167 150]
[180 176 178 193]
[180 173 182 182]
[183 177 185 183]
[184 178 186 183]
[182 179 186 183]
[183 178 186 182]
[182 178 186 183]
[183 179 186 184]
[181 180 184 185]
[182 177 181 183]
[181 174 174 181]
[177 173 165 181]
[163 178 152 187]
[174 167 139 174]
[179 161 126 178]
[175 162 117 183]
[178 167 117 184]
[181 169 128 185]
[202 162 148 177]
[191 175 171 192]
[182 165 175 162]
[171 157 167 195]
[172 157 166 195]
[171 156 165 194]
[173 155 160 192]
[178 143 143 176]
[165 140 115 176]
[155 141  82 174]
[162 149  68 176]
[163 161  77 188]
[174 159 101 186]
[179 157 122 190]
[178 153 122 188]
[169 137 101 169]
[149 124  73 152]
[125 112  47 136]
[122 112  39 128]
[126 120  39 140]
[139 137  42 159]
[164 150  48 172]
[176 156  52 183]
[175 152  49 181]
[164 143  42 169]
[147 127  33 150]
[127 115  28 136]
[122 105  28 122]
[116 106  32 121]
[112 109  34 122]
[114 106  33 119]
[115 103  31 118]
[111 103  30 118]
[117  95  34 109]
[113 100  42 115]
[116 106  55 116]
[125 112  70 120]
[124 122  83 129]
[129 123  92 127]
[127 128  98 133]
[137 126 107 132]
[145 133 117 141]
[148 144 129 151]
[158 151 141 155]
[161 156 149 161]
[162 158 153 162]
[160 157 153 161]
[159 156 151 160]
[163 154 151 159]
[164 157 153 163]
[166 160 156 164]
[165 161 158 165]
[162 161 158 165]
[158 162 156 166]
[173 154 158 158]
[167 164 163 172]
[173 168 169 172]
[177 171 174 176]
[178 174 176 178]
[177 174 176 177]
[174 172 174 176]
[171 170 171 173]
[172 167 169 170]
[172 166 169 171]
[172 167 171 172]
[172 168 173 172]
[170 166 172 171]
[161 163 165 167]
[156 156 156 160]
[166 147 154 154]
[161 157 158 167]
[165 160 164 166]
[164 162 166 167]
[163 161 165 165]
[161 158 164 164]
[158 156 161 162]
[155 153 157 158]
[152 149 153 155]
[149 146 149 152]
[147 143 146 150]
[145 140 144 148]
[140 138 141 145]
[135 134 133 140]
[129 126 124 133]
[122 121 114 129]
[121 113 107 122]
[121 112 104 121]
[117 113 102 121]
[117 111 101 118]
[117 110 100 118]
[117 109  99 118]
[116 110  98 118]
[115 109  96 118]
[114 108  93 117]
[114 107  90 116]
[113 106  87 115]
[111 105  84 113]
[108 104  81 112]
[105 102  79 109]
[104 100  76 105]
[102  98  75 104]
[103  99  74 104]
[105 101  76 107]
[106 102  77 107]
[105 102  78 108]
[107 103  81 109]
[ 92 121  88 129]
[159 105 112 108]
[135 147 134 178]
[182 150 166 159]
[184 173 177 184]
[179 172 182 183]
[185 179 186 184]
[185 179 186 184]
[184 180 186 184]
[184 178 187 183]
[182 178 187 183]
[182 178 186 183]
[180 179 184 184]
[181 176 180 181]
[180 173 174 180]
[179 172 166 180]
[163 179 154 188]
[172 171 141 176]
[182 162 128 176]
[175 162 118 184]
[178 167 118 184]
[181 169 128 185]
[202 162 148 177]
[191 175 171 192]
[183 166 176 162]
[172 158 168 196]
[172 157 167 195]
[173 158 166 196]
[173 156 162 194]
[178 147 148 180]
[168 142 123 177]
[158 142  91 175]
[162 149  74 178]
[163 161  79 188]
[173 160 101 187]
[178 158 123 190]
[176 155 127 188]
[169 141 110 172]
[159 126  82 155]
[132 119  56 147]
[123 119  45 135]
[126 123  43 139]
[135 134  47 156]
[159 145  55 170]
[173 152  60 181]
[174 152  56 182]
[167 143  45 171]
[152 130  35 154]
[133 121  30 141]
[124 113  32 129]
[116 115  36 129]
[116 113  37 125]
[118 105  34 122]
[118 102  32 121]
[114 101  31 118]
[117  95  36 110]
[114 100  46 115]
[117 107  60 119]
[125 116  76 123]
[128 124  89 129]
[132 126  98 130]
[130 130 105 137]
[142 129 112 134]
[146 135 121 143]
[150 146 133 152]
[159 152 144 157]
[161 157 151 162]
[163 159 154 162]
[162 157 154 162]
[160 157 152 162]
[164 156 152 160]
[164 158 153 163]
[165 159 156 164]
[165 160 157 164]
[160 160 156 164]
[157 160 154 163]
[169 152 156 156]
[164 160 159 169]
[170 163 165 168]
[173 167 169 173]
[174 170 171 174]
[173 169 170 173]
[170 167 168 171]
[166 165 165 169]
[167 161 163 165]
[166 159 162 165]
[165 160 163 166]
[163 160 163 165]
[159 157 160 162]
[150 152 152 157]
[146 145 143 151]
[153 138 140 145]
[147 144 142 154]
[150 145 145 151]
[146 144 145 152]
[145 142 144 148]
[142 138 140 145]
[139 135 136 142]
[137 131 132 139]
[133 128 127 136]
[131 126 123 134]
[129 123 120 131]
[127 121 118 129]
[124 119 114 127]
[121 116 109 124]
[116 111 101 119]
[112 107  93 115]
[109 102  88 111]
[108 102  85 110]
[107 103  84 110]
[107 102  84 110]
[108 103  84 110]
[108 103  84 111]
[108 104  84 111]
[108 103  83 111]
[107 103  81 110]
[106 102  79 109]
[105 100  76 107]
[104  99  74 105]
[102  99  73 104]
[103  99  72 104]
[103  98  73 103]
[104  99  74 104]
[105  99  75 105]
[105 102  76 107]
[105 102  76 107]
[104 101  77 106]
[106 102  80 107]
[ 90 121  86 129]
[158 103 112 108]
[141 144 135 172]
[165 156 164 166]
[188 165 176 171]
[177 166 180 186]
[186 179 186 184]
[186 181 187 187]
[185 181 186 186]
[185 179 186 184]
[183 178 186 183]
[182 178 186 183]
[179 178 184 183]
[180 175 181 180]
[179 173 175 179]
[179 171 167 178]
[162 180 156 189]
[169 174 143 178]
[182 161 130 173]
[174 162 121 185]
[176 166 121 184]
[180 169 130 185]
[200 161 148 177]
[191 174 170 191]
[184 166 176 163]
[173 159 168 197]
[173 158 168 197]
[173 159 168 196]
[172 157 165 196]
[175 150 153 184]
[172 144 131 178]
[164 142  99 177]
[163 151  81 181]
[167 161  81 188]
[173 161 101 189]
[176 160 125 191]
[175 154 133 187]
[171 144 121 176]
[168 129  97 160]
[142 127  70 157]
[128 129  55 146]
[130 131  54 143]
[140 136  60 156]
[158 142  71 170]
[171 149  74 180]
[174 148  66 180]
[169 141  51 172]
[155 134  39 159]
[140 127  34 147]
[130 124  37 139]
[125 125  41 136]
[128 119  45 133]
[132 109  42 129]
[122 105  38 129]
[116 102  34 120]
[117  97  39 111]
[116 101  50 115]
[119 110  65 120]
[126 117  81 125]
[131 126  94 132]
[135 128 103 135]
[134 135 109 140]
[146 133 116 138]
[149 139 125 147]
[153 148 135 154]
[159 152 145 157]
[160 156 151 162]
[163 156 153 161]
[162 157 153 162]
[160 157 152 162]
[161 156 151 161]
[162 156 152 161]
[161 156 153 162]
[163 156 154 161]
[158 158 153 163]
[156 157 151 161]
[165 148 150 153]
[158 153 151 162]
[161 155 154 161]
[162 157 156 163]
[162 158 157 164]
[161 157 157 163]
[158 156 154 162]
[154 153 151 159]
[154 149 148 155]
[151 146 146 154]
[148 145 145 153]
[146 142 142 149]
[142 138 138 145]
[134 133 130 141]
[133 128 122 135]
[136 124 119 131]
[132 128 119 136]
[132 125 120 133]
[130 125 119 133]
[128 122 117 130]
[127 120 114 128]
[125 118 110 127]
[123 116 107 125]
[122 115 104 123]
[119 115 102 122]
[120 113 100 120]
[118 112  99 120]
[117 113  98 120]
[114 111  95 118]
[110 108  89 114]
[107 102  82 108]
[103  99  77 105]
[104  98  76 104]
[103  99  76 105]
[104  99  77 105]
[104  99  77 105]
[103  99  76 105]
[103  99  76 105]
[103  98  75 104]
[103  98  75 104]
[103  98  74 104]
[102  97  72 103]
[100  96  70 102]
[100  97  69 102]
[102  98  71 103]
[103  99  73 105]
[105 100  74 105]
[106 101  75 107]
[106 103  76 108]
[105 102  76 107]
[104 101  76 106]
[107 101  79 107]
[ 92 120  86 129]
[157 105 110 110]
[146 141 135 167]
[154 160 160 171]
[195 156 174 160]
[174 165 179 190]
[185 178 186 185]
[186 181 186 186]
[185 180 185 186]
[185 180 186 185]
[184 179 187 183]
[182 178 187 183]
[179 178 186 183]
[180 175 182 179]
[179 172 177 179]
[179 171 170 178]
[161 181 158 188]
[166 174 146 178]
[186 158 135 170]
[175 162 128 185]
[177 167 129 183]
[182 168 136 184]
[198 162 151 178]
[192 174 171 190]
[184 166 176 163]
[174 160 168 198]
[174 160 168 198]
[174 159 168 197]
[173 158 166 196]
[173 151 157 186]
[175 145 137 179]
[167 143 109 181]
[167 154  88 185]
[170 162  85 189]
[173 163 102 191]
[177 161 126 190]
[175 156 138 189]
[173 147 133 181]
[175 136 115 167]
[146 138  89 170]
[133 139  72 159]
[139 137  70 153]
[151 140  81 162]
[163 144  94 174]
[172 148  94 181]
[174 146  80 180]
[171 142  61 174]
[154 140  47 166]
[142 136  43 155]
[132 133  45 150]
[137 134  51 150]
[147 128  57 149]
[150 119  54 142]
[130 113  46 138]
[120 103  37 120]
[115  98  42 113]
[117 102  54 114]
[120 110  70 120]
[126 119  85 127]
[132 126  96 132]
[136 130 104 136]
[136 134 109 141]
[147 134 116 140]
[149 140 125 148]
[152 146 134 152]
[155 149 142 155]
[156 152 146 157]
[157 151 148 157]
[156 153 148 159]
[156 153 146 158]
[157 150 145 155]
[156 150 145 155]
[155 148 145 154]
[151 149 147 156]
[151 151 146 157]
[151 147 141 153]
[152 142 139 149]
[146 143 137 151]
[143 140 136 147]
[144 141 136 147]
[142 139 136 147]
[143 138 135 145]
[139 138 133 146]
[137 136 129 142]
[137 130 125 137]
[133 127 122 136]
[130 125 120 133]
[128 122 117 131]
[126 119 113 128]
[121 118 108 126]
[121 115 103 124]
[122 114 102 122]
[121 117 101 124]
[120 114 100 122]
[119 114  99 122]
[118 112  98 121]
[118 113  96 120]
[117 113  95 119]
[116 112  94 119]
[115 113  94 119]
[116 113  93 118]
[118 113  94 119]
[118 115  96 121]
[116 117  96 121]
[113 115  95 118]
[109 106  87 111]
[104  99  79 105]
[102  96  74 103]
[103  98  74 104]
[104 100  75 105]
[103 100  75 105]
[102  99  74 104]
[101  97  73 102]
[100  96  72 101]
[100  96  71 102]
[101  97  72 102]
[102  98  72 103]
[101  97  71 102]
[100  97  70 101]
[101  97  69 102]
[103  98  71 103]
[103 100  73 105]
[105  99  74 105]
[105 101  75 106]
[106 102  75 107]
[105 102  76 107]
[105 101  76 106]
[107 102  79 108]
[ 94 120  85 130]
[151 107 108 112]
[151 137 132 160]
[142 164 156 178]
[201 151 173 153]
[175 165 177 192]
[184 178 185 184]
[185 179 186 184]
[184 180 185 185]
[184 180 186 184]
[184 179 187 183]
[182 179 188 183]
[180 178 186 182]
[180 175 184 180]
[179 173 179 179]
[178 172 172 177]
[165 179 161 185]
[166 174 149 179]
[195 159 142 169]
[184 165 138 190]
[190 174 140 186]
[189 177 147 190]
[194 174 158 185]
[195 176 172 186]
[184 166 175 163]
[174 159 167 198]
[174 159 167 197]
[173 159 168 197]
[174 157 166 195]
[172 153 160 191]
[176 148 145 182]
[167 147 118 184]
[169 152  94 185]
[172 160  88 190]
[175 165 101 194]
[177 164 124 193]
[175 158 140 190]
[173 150 142 185]
[173 142 131 173]
[151 145 110 175]
[142 142  93 165]
[148 140  94 166]
[161 143 106 173]
[170 148 117 182]
[174 149 113 185]
[176 146  95 181]
[171 145  74 178]
[154 146  58 172]
[147 142  54 159]
[142 138  57 158]
[152 137  65 160]
[162 134  70 163]
[159 125  64 155]
[136 119  51 144]
[124 103  40 121]
[113 101  45 116]
[118 104  57 113]
[118 110  73 120]
[124 118  86 125]
[127 123  95 130]
[131 127 101 133]
[133 131 105 138]
[141 131 112 138]
[144 136 120 144]
[144 139 128 147]
[145 141 134 147]
[146 141 136 147]
[145 140 136 147]
[145 142 135 148]
[145 141 134 148]
[146 141 133 148]
[144 139 132 146]
[143 138 132 144]
[141 135 131 143]
[142 136 129 142]
[136 134 127 144]
[136 129 121 136]
[131 126 116 131]
[125 122 114 130]
[126 120 113 126]
[122 119 113 128]
[126 119 112 126]
[125 119 111 128]
[124 119 108 127]
[123 116 106 124]
[119 114 102 123]
[118 113 101 120]
[118 112  99 118]
[117 112  98 119]
[117 112  96 119]
[117 113  95 119]
[117 113  95 119]
[118 113  94 118]
[116 114  94 119]
[116 113  94 118]
[116 113  93 117]
[115 114  94 119]
[113 117  95 120]
[117 114  96 118]
[115 115  97 120]
[116 119 100 123]
[115 119 102 125]
[117 120 103 125]
[114 119 104 126]
[106 119 102 123]
[116 100  92 107]
[107  90  80 106]
[105  98  77 107]
[104  99  76 106]
[105 101  75 106]
[104  99  75 105]
[102  98  73 103]
[100  96  72 102]
[100  96  71 101]
[100  96  71 101]
[101  97  72 102]
[102  98  73 103]
[102  98  72 103]
[101  97  70 102]
[101  97  69 102]
[102  98  71 103]
[103  99  72 104]
[104  99  73 104]
[105 100  74 106]
[106 102  75 107]
[106 102  76 107]
[106 102  77 107]
[107 102  79 108]
[ 98 117  84 126]
[141 108 105 115]
[155 133 130 151]
[127 166 152 184]
[206 146 170 143]
[172 162 176 194]
[183 177 185 183]
[185 179 186 184]
[185 180 186 184]
[184 180 186 185]
[185 180 188 184]
[182 179 188 184]
[181 178 187 182]
[182 176 185 180]
[180 175 180 180]
[179 173 174 178]
[169 178 164 185]
[166 176 155 185]
[191 165 153 174]
[176 174 151 195]
[177 178 153 191]
[179 180 155 190]
[178 177 160 183]
[198 167 170 172]
[186 166 173 164]
[174 160 166 198]
[173 160 166 197]
[172 159 167 197]
[172 157 166 196]
[172 156 162 193]
[177 150 150 184]
[170 149 127 183]
[171 148 102 183]
[171 156  91 193]
[176 165  99 196]
[177 166 120 195]
[176 160 140 191]
[174 152 148 188]
[172 148 143 179]
[160 149 127 178]
[155 143 116 174]
[160 145 118 178]
[169 147 127 182]
[174 151 132 186]
[176 151 125 188]
[177 150 107 185]
[171 149  87 181]
[159 148  68 176]
[157 142  63 166]
[158 143  69 169]
[168 140  75 171]
[170 137  75 171]
[157 130  66 159]
[135 119  49 140]
[121 103  41 120]
[107 103  45 116]
[113 102  57 109]
[113 107  71 116]
[118 112  82 119]
[120 116  90 124]
[125 118  94 125]
[127 121  98 130]
[133 123 105 132]
[135 128 112 135]
[134 129 118 137]
[133 128 121 136]
[133 127 121 134]
[130 127 121 135]
[132 127 120 134]
[132 127 118 135]
[132 128 118 135]
[129 126 116 134]
[129 121 113 128]
[126 123 112 131]
[127 121 111 130]
[124 121 107 129]
[122 116 102 123]
[117 112  99 120]
[117 112  97 118]
[116 110  99 117]
[116 111  98 118]
[119 111  99 118]
[117 115 100 123]
[117 114  98 122]
[121 113  96 118]
[118 112  95 118]
[117 113  97 119]
[118 115  99 120]
[117 117 100 122]
[117 118 101 122]
[115 118 102 123]
[113 119 102 123]
[111 118 103 123]
[110 116 102 121]
[114 114 101 119]
[118 112 102 120]
[122 118 104 125]
[114 125 108 129]
[126 122 110 123]
[126 116 109 129]
[132 123 112 130]
[129 128 116 135]
[130 127 118 133]
[125 124 117 135]
[121 117 110 128]
[138  98 101 110]
[112  96  91 124]
[109 103  83 113]
[106 102  77 107]
[103  99  75 105]
[103  99  73 104]
[101  97  72 103]
[100  97  71 102]
[100  96  71 101]
[101  97  72 102]
[102  98  73 103]
[103  99  74 104]
[103  98  73 103]
[101  98  71 103]
[101  97  70 102]
[102  98  70 103]
[102  99  72 104]
[104  98  73 104]
[105 100  74 106]
[106 102  75 107]
[106 103  76 108]
[107 102  77 108]
[107 103  79 109]
[103 115  83 124]
[132 114 103 121]
[159 130 128 141]
[115 166 146 187]
[208 138 167 133]
[168 160 174 196]
[182 175 184 181]
[183 177 186 184]
[185 180 186 184]
[184 180 187 185]
[185 180 188 184]
[184 180 188 184]
[182 179 187 183]
[182 177 185 182]
[179 176 181 181]
[178 174 175 178]
[171 176 168 183]
[164 178 161 185]
[183 165 160 169]
[173 168 157 180]
[168 162 156 175]
[170 163 157 175]
[165 163 159 176]
[203 151 169 161]
[186 165 172 163]
[176 160 163 196]
[179 161 164 195]
[178 160 166 197]
[174 160 167 198]
[174 158 163 195]
[175 153 153 189]
[176 151 133 185]
[176 148 111 184]
[170 157  97 194]
[173 163  99 194]
[175 165 116 195]
[176 160 138 191]
[175 154 150 190]
[174 153 150 187]
[171 153 140 185]
[169 151 135 186]
[172 152 135 189]
[177 153 138 189]
[179 153 137 190]
[179 153 127 191]
[177 153 111 187]
[173 152  95 183]
[166 149  79 179]
[166 142  72 175]
[169 143  72 176]
[170 141  74 174]
[159 136  70 167]
[143 127  57 150]
[127 110  43 128]
[115  97  39 112]
[103  97  43 109]
[107  94  54 102]
[108 100  65 109]
[112 103  75 112]
[114 108  81 117]
[118 110  85 118]
[119 113  90 123]
[123 116  95 125]
[125 119 101 127]
[125 120 105 127]
[123 118 107 125]
[122 116 107 123]
[120 116 105 123]
[122 114 104 122]
[121 115 103 124]
[122 116 103 123]
[120 115 101 121]
[119 113  99 120]
[118 113  97 120]
[119 113  96 118]
[115 112  93 119]
[115 109  91 115]
[113 110  90 115]
[115 111  93 116]
[117 112  96 118]
[119 115  98 120]
[119 117 100 122]
[117 121 102 124]
[114 120 102 124]
[111 116 101 123]
[109 118 103 124]
[109 119 106 125]
[111 119 109 124]
[110 119 111 127]
[121 114 112 122]
[111 119 114 131]
[116 120 117 126]
[115 114 115 124]
[120 111 115 124]
[128 108 116 126]
[131 116 120 134]
[141 123 124 138]
[130 136 125 149]
[144 136 130 138]
[153 126 127 144]
[155 132 129 155]
[151 155 135 165]
[155 153 136 157]
[151 144 132 156]
[146 137 125 156]
[160 114 117 134]
[128 120 102 140]
[114 111  87 117]
[106 101  78 107]
[102  98  73 104]
[100  96  71 102]
[100  97  71 101]
[100  96  71 101]
[101  96  72 102]
[102  98  73 103]
[103  99  74 104]
[104  99  74 104]
[103  98  73 104]
[101  98  71 103]
[100  97  69 102]
[101  97  70 102]
[102  98  71 103]
[103  98  72 103]
[104 100  74 105]
[106 102  75 107]
[107 103  77 108]
[107 103  78 108]
[107 104  80 109]
[106 112  84 121]
[120 118 101 126]
[161 123 125 130]
[109 165 140 189]
[208 131 164 129]
[167 162 172 197]
[180 172 183 179]
[180 175 185 183]
[182 176 187 183]
[182 178 187 184]
[184 178 187 184]
[184 179 187 184]
[183 179 187 184]
[182 178 184 182]
[180 177 181 181]
[179 173 176 178]
[173 174 171 180]
[163 177 165 184]
[176 166 163 171]
[175 163 159 175]
[171 161 159 178]
[171 164 161 179]
[168 168 160 183]
[211 148 172 162]
[186 163 172 157]
[166 157 162 196]
[174 159 164 192]
[174 160 164 196]
[178 162 165 196]
[179 160 162 194]
[176 156 154 192]
[177 152 138 188]
[177 149 118 186]
[169 157 102 191]
[170 159 101 190]
[173 161 115 193]
[177 158 135 191]
[178 155 147 192]
[177 156 148 194]
[178 156 143 193]
[179 157 139 194]
[180 158 137 195]
[183 157 135 194]
[185 156 128 194]
[183 156 117 193]
[181 156 104 189]
[178 154  92 184]
[177 147  81 178]
[172 143  72 177]
[161 142  67 175]
[156 136  63 162]
[142 126  54 148]
[129 114  44 131]
[117 101  39 117]
[106  93  38 108]
[ 96  93  42 104]
[ 99  91  49 100]
[103  95  58 104]
[106  98  65 108]
[108 103  71 111]
[112 105  75 113]
[113 107  80 116]
[115 110  85 117]
[116 112  91 120]
[118 112  94 120]
[117 111  96 119]
[117 110  95 118]
[116 110  93 118]
[117 110  94 118]
[117 113  94 119]
[117 112  94 120]
[118 112  94 119]
[117 113  94 118]
[116 113  92 119]
[117 112  91 118]
[116 114  91 119]
[118 113  91 117]
[115 116  95 121]
[108 123 101 126]
[107 123 106 125]
[105 117 107 123]
[112 114 106 122]
[115 114 106 124]
[110 120 110 127]
[114 116 111 121]
[114 110 110 121]
[115 112 115 125]
[122 111 120 125]
[130 110 122 128]
[150 109 125 131]
[127 130 132 155]
[154 131 133 137]
[137 127 132 152]
[150 132 137 149]
[146 130 138 156]
[151 135 141 156]
[163 134 141 155]
[151 150 141 173]
[155 157 146 164]
[184 145 147 154]
[158 148 146 183]
[148 177 151 186]
[163 165 146 165]
[163 150 140 168]
[151 152 138 172]
[165 127 127 143]
[130 121 105 141]
[115 111  89 117]
[105 101  78 107]
[101  97  72 102]
[ 98  95  70 101]
[100  95  69 100]
[100  96  71 101]
[101  96  72 102]
[102  97  73 103]
[103  99  74 104]
[104  99  74 104]
[103  98  73 104]
[101  97  71 103]
[100  96  69 101]
[101  97  69 102]
[101  97  70 102]
[103  97  72 103]
[104  99  73 105]
[106 101  75 107]
[107 103  77 108]
[107 103  78 108]
[108 104  80 109]
[108 110  84 117]
[108 121  98 129]
[161 115 120 120]
[106 162 134 189]
[206 130 160 129]
[168 163 170 196]
[180 170 181 179]
[180 173 184 182]
[181 173 186 181]
[180 174 186 182]
[181 175 186 183]
[181 176 186 183]
[180 177 184 183]
[180 176 182 182]
[178 175 179 181]
[179 173 176 178]
[176 173 173 179]
[161 178 168 186]
[171 169 165 173]
[177 160 161 174]
[172 162 161 182]
[173 168 163 182]
[171 169 161 184]
[214 149 173 164]
[189 160 171 153]
[165 155 161 191]
[172 153 163 183]
[168 154 164 191]
[169 156 163 192]
[170 156 161 192]
[171 155 153 189]
[173 151 138 184]
[174 147 119 181]
[166 152 104 186]
[169 153 101 184]
[174 156 111 189]
[180 156 125 191]
[182 157 133 194]
[183 160 133 197]
[186 160 129 196]
[189 162 125 199]
[189 164 121 200]
[191 163 116 199]
[189 161 108 198]
[183 161  97 195]
[180 159  86 190]
[176 156  79 186]
[171 149  72 178]
[159 142  64 170]
[141 134  54 157]
[133 120  46 136]
[120 109  40 127]
[111 101  36 118]
[107  95  36 107]
[102  89  38 100]
[94 87 41 97]
[95 86 45 94]
[98 89 51 97]
[ 99  94  57 102]
[102  98  62 106]
[105 100  66 108]
[108 103  71 110]
[111 105  77 113]
[113 108  83 115]
[114 109  87 116]
[114 109  89 117]
[116 109  89 116]
[115 110  89 118]
[119 111  90 118]
[120 114  91 120]
[120 116  94 121]
[118 118  96 123]
[114 120  97 125]
[117 117  95 121]
[107 116  95 124]
[115 114  95 119]
[125 108  96 119]
[120 123 105 132]
[115 133 112 133]
[121 122 114 121]
[122 108 114 120]
[145  99 115 118]
[142 111 119 141]
[127 139 127 153]
[141 133 127 138]
[137 120 124 145]
[142 127 129 151]
[148 131 135 155]
[161 131 138 159]
[165 135 146 169]
[152 162 148 186]
[182 150 148 163]
[172 159 150 187]
[173 167 155 179]
[167 162 158 177]
[175 144 152 164]
[182 138 156 167]
[166 165 159 191]
[154 175 159 187]
[206 151 158 151]
[148 163 159 194]
[145 172 155 173]
[160 145 146 156]
[162 144 146 171]
[150 148 141 172]
[168 124 128 136]
[125 113 107 141]
[113 106  89 116]
[104 100  77 106]
[100  95  71 101]
[ 99  95  69 100]
[ 99  94  69 100]
[100  96  71 101]
[101  96  72 102]
[101  97  72 102]
[102  98  73 103]
[104  98  74 104]
[103  98  73 104]
[101  98  71 102]
[100  96  69 101]
[101  97  69 102]
[101  97  70 102]
[102  97  71 102]
[104  99  73 104]
[106 101  75 107]
[107 103  77 108]
[107 103  78 108]
[108 103  79 109]
[109 109  84 115]
[100 124  95 131]
[162 108 117 112]
[107 156 129 188]
[200 132 156 132]
[171 165 168 195]
[180 169 179 181]
[183 174 183 183]
[183 173 184 183]
[181 174 184 183]
[181 174 184 182]
[179 175 183 183]
[178 174 181 181]
[177 172 179 180]
[176 171 176 180]
[178 169 174 177]
[179 169 172 178]
[158 179 169 188]
[170 170 165 172]
[179 156 161 171]
[173 160 161 183]
[172 169 162 185]
[174 170 161 185]
[215 150 173 166]
[188 161 172 154]
[164 158 161 195]
[173 153 162 184]
[172 153 162 187]
[170 152 162 187]
[168 150 159 185]
[166 146 151 182]
[167 142 136 178]
[168 140 119 175]
[162 145 103 180]
[167 147  98 179]
[173 152 102 185]
[179 156 109 191]
[182 160 112 195]
[186 163 109 198]
[188 165 104 200]
[190 168 101 204]
[190 170  96 204]
[191 168  91 200]
[187 164  82 196]
[179 160  72 190]
[174 154  63 183]
[165 149  58 176]
[157 139  53 162]
[144 128  48 149]
[126 117  42 136]
[117 103  38 120]
[108  97  36 113]
[102  92  35 107]
[100  88  36 101]
[98 86 39 98]
[92 87 42 98]
[93 87 45 96]
[94 90 48 98]
[ 96  93  53 100]
[ 99  95  57 103]
[103  97  61 106]
[108 101  67 109]
[109 105  74 114]
[108 110  81 118]
[110 110  86 117]
[111 108  86 117]
[114 107  87 118]
[113 111  89 121]
[123 112  90 119]
[124 115  93 126]
[125 124  99 130]
[129 126 102 128]
[123 126 102 131]
[136 118 101 122]
[120 119 100 131]
[135 117 103 120]
[137 112 108 133]
[130 133 117 149]
[129 147 122 150]
[142 135 126 144]
[144 131 128 154]
[178 123 133 152]
[162 146 139 185]
[147 178 141 187]
[169 159 139 158]
[164 146 138 169]
[167 147 141 176]
[167 154 147 180]
[181 151 152 174]
[167 151 157 179]
[159 166 155 184]
[168 148 160 174]
[166 171 162 194]
[160 167 162 190]
[182 166 160 173]
[200 142 159 171]
[190 157 168 191]
[179 182 173 196]
[150 188 165 197]
[207 149 165 151]
[143 172 161 197]
[155 164 154 164]
[160 136 149 164]
[167 146 149 173]
[149 150 140 177]
[168 119 128 137]
[131 116 106 141]
[112 105  88 117]
[104  99  77 106]
[100  96  71 102]
[100  95  70 100]
[ 99  95  70 101]
[100  97  71 102]
[100  96  72 101]
[100  96  71 101]
[101  96  72 102]
[102  97  73 103]
[102  98  72 103]
[101  97  71 102]
[100  97  70 102]
[101  97  70 102]
[101  97  71 103]
[102  97  72 103]
[104  99  73 104]
[105 100  75 106]
[106 102  76 107]
[107 102  78 108]
[106 103  79 109]
[109 107  84 114]
[ 94 125  92 133]
[164 104 114 106]
[111 153 127 186]
[190 135 154 139]
[174 166 166 190]
[178 168 176 182]
[181 173 181 185]
[183 174 183 185]
[182 175 182 184]
[182 175 182 184]
[181 175 180 183]
[180 173 178 182]
[179 170 176 180]
[177 169 174 180]
[177 168 172 178]
[179 168 171 179]
[158 179 166 189]
[169 171 163 174]
[184 156 160 170]
[172 162 160 187]
[173 171 161 187]
[178 169 159 184]
[215 151 172 168]
[189 161 172 154]
[166 159 161 195]
[173 153 162 185]
[171 154 162 190]
[170 154 162 190]
[171 152 158 186]
[167 147 150 183]
[164 142 136 176]
[163 136 118 170]
[155 137 101 171]
[157 138  91 170]
[161 144  87 175]
[166 150  87 180]
[173 155  86 185]
[178 159  82 190]
[183 161  78 193]
[183 165  73 196]
[184 164  68 195]
[183 162  65 193]
[179 160  60 189]
[172 154  53 182]
[167 147  47 174]
[158 142  43 167]
[149 133  40 155]
[137 124  39 143]
[125 114  38 131]
[115 103  38 120]
[109  99  38 113]
[103  96  39 109]
[ 99  92  41 105]
[98 88 43 99]
[95 87 45 98]
[95 87 47 97]
[ 92  92  50 100]
[ 96  94  53 100]
[ 98  95  57 105]
[102  98  62 108]
[107 101  69 112]
[106 106  76 118]
[102 112  82 120]
[114 105  83 112]
[116 100  84 117]
[122 106  89 121]
[122 113  92 126]
[133 114  97 125]
[131 121 102 137]
[126 133 107 141]
[140 132 110 135]
[134 133 108 146]
[148 132 112 142]
[138 140 110 156]
[147 137 113 146]
[160 135 121 147]
[140 146 125 165]
[138 158 132 167]
[157 150 136 160]
[158 145 138 170]
[198 129 145 154]
[164 154 149 190]
[143 181 149 191]
[169 159 147 164]
[176 153 146 176]
[176 157 150 186]
[172 166 155 191]
[182 162 160 179]
[166 164 160 184]
[166 156 159 174]
[168 147 162 171]
[163 155 165 174]
[149 158 163 183]
[178 143 161 170]
[197 147 168 183]
[175 175 176 203]
[176 181 173 183]
[151 177 162 189]
[197 147 166 153]
[141 178 160 202]
[165 154 154 163]
[166 146 151 175]
[167 148 149 175]
[158 146 138 172]
[169 117 125 141]
[133 121 107 144]
[113 109  89 119]
[104 100  76 106]
[100  97  72 103]
[101  96  71 100]
[101  97  72 102]
[101  97  72 102]
[101  96  72 101]
[ 99  95  70 101]
[100  95  70 101]
[101  96  71 101]
[101  97  72 102]
[101  97  71 102]
[101  98  71 103]
[101  98  71 103]
[103  98  72 103]
[103  98  72 103]
[103  99  74 104]
[104 100  74 105]
[106 101  75 106]
[106 102  77 107]
[107 103  78 107]
[110 106  83 112]
[ 91 126  90 135]
[165 101 111 103]
[117 150 126 183]
[180 140 151 145]
[177 163 164 183]
[177 167 174 183]
[181 172 179 183]
[183 172 180 183]
[181 173 180 184]
[181 175 180 185]
[181 176 178 185]
[181 174 176 184]
[181 173 174 183]
[180 172 172 183]
[179 169 170 180]
[181 167 169 176]
[158 178 164 191]
[166 171 161 177]
[188 158 159 170]
[173 162 158 188]
[174 171 158 186]
[177 169 158 186]
[215 153 171 169]
[191 161 172 155]
[166 159 161 196]
[174 156 163 186]
[171 154 162 189]
[172 154 160 189]
[170 151 158 188]
[167 149 151 183]
[163 141 136 173]
[159 131 117 165]
[149 129  97 162]
[145 128  82 157]
[146 132  73 160]
[151 137  68 164]
[161 144  66 172]
[169 151  64 180]
[175 156  59 185]
[176 158  55 188]
[178 159  52 187]
[177 157  51 187]
[174 155  49 182]
[168 150  45 176]
[161 143  42 169]
[153 138  38 162]
[143 133  38 154]
[136 125  38 142]
[128 114  39 131]
[118 107  41 125]
[112 104  43 120]
[107 102  44 115]
[104  96  45 108]
[107  88  46 101]
[100  89  49 105]
[104  94  54 105]
[105  97  55 108]
[112  99  58 107]
[112 103  63 114]
[122 104  68 114]
[120 108  75 121]
[116 115  82 125]
[112 114  83 124]
[130 103  84 116]
[126 108  89 133]
[134 119  96 136]
[137 124  99 140]
[144 125 105 139]
[147 133 111 143]
[135 139 113 150]
[150 137 117 141]
[136 142 118 159]
[150 137 119 147]
[147 141 114 156]
[140 140 118 156]
[170 140 125 143]
[143 147 130 171]
[142 162 136 172]
[160 152 141 165]
[161 150 142 175]
[203 128 149 154]
[156 161 154 196]
[143 176 151 184]
[161 154 148 165]
[167 153 151 176]
[171 153 154 180]
[167 162 156 188]
[177 160 161 178]
[167 167 162 184]
[172 153 162 174]
[174 152 162 179]
[165 158 166 183]
[163 163 164 181]
[184 140 164 172]
[195 146 171 178]
[167 174 173 191]
[168 164 172 170]
[157 163 162 183]
[184 147 165 164]
[150 183 160 198]
[169 150 155 167]
[169 152 152 179]
[168 150 150 176]
[160 145 140 173]
[162 122 127 150]
[132 123 107 142]
[115 110  88 116]
[103  99  77 106]
[101  98  73 103]
[102  96  72 101]
[102  98  73 104]
[102  98  73 103]
[100  97  72 102]
[ 99  95  70 100]
[ 99  94  69 100]
[100  95  70 100]
[101  96  71 102]
[101  97  71 102]
[101  98  71 103]
[103  99  72 103]
[103  99  73 105]
[102  99  74 104]
[104  98  74 103]
[104 100  74 105]
[105 101  76 106]
[104 101  76 107]
[106 102  77 107]
[110 105  82 112]
[ 94 127  88 135]
[164 102 110 106]
[126 149 126 179]
[174 144 149 152]
[179 164 164 180]
[177 167 172 184]
[181 172 177 183]
[182 172 178 184]
[181 174 179 185]
[180 175 178 185]
[181 175 176 185]
[181 174 174 185]
[182 173 172 184]
[182 172 171 183]
[179 171 169 182]
[184 167 168 176]
[161 177 163 191]
[163 174 159 181]
[190 156 158 168]
[173 165 157 190]
[173 169 158 186]
[177 169 157 185]
[215 153 170 168]
[190 162 174 156]
[166 161 163 198]
[173 155 163 186]
[172 155 162 189]
[170 153 161 189]
[169 152 157 187]
[169 149 148 181]
[163 139 135 173]
[157 129 117 162]
[144 124  95 155]
[137 121  77 148]
[135 124  64 148]
[140 128  58 153]
[151 134  56 161]
[160 144  54 172]
[168 149  51 177]
[171 153  47 182]
[173 153  44 182]
[173 155  44 182]
[168 152  45 180]
[165 148  45 173]
[159 141  43 165]
[152 136  41 160]
[142 132  40 154]
[140 125  41 142]
[133 116  43 136]
[124 113  46 132]
[119 110  48 126]
[115 106  48 122]
[117 100  49 116]
[120  94  52 113]
[113 100  57 120]
[119 106  62 116]
[120 109  66 123]
[126 113  70 127]
[127 123  74 133]
[139 123  80 132]
[132 128  85 142]
[133 133  88 138]
[126 129  88 140]
[145 116  91 132]
[137 126  95 149]
[144 131 101 144]
[148 131 106 147]
[149 134 112 150]
[157 140 118 149]
[140 149 120 162]
[156 143 123 148]
[146 148 120 158]
[151 138 119 147]
[154 135 119 151]
[137 146 120 165]
[174 136 128 142]
[146 154 134 176]
[144 163 139 173]
[160 153 142 167]
[162 150 142 175]
[201 128 149 154]
[149 160 150 193]
[145 167 148 172]
[154 146 146 163]
[164 145 148 165]
[166 142 152 169]
[160 148 155 179]
[170 154 159 178]
[175 160 161 182]
[180 160 164 181]
[178 162 168 187]
[164 168 166 192]
[169 162 163 180]
[195 142 164 171]
[191 150 169 185]
[175 174 171 192]
[178 168 170 175]
[166 173 168 186]
[176 156 166 175]
[157 175 157 190]
[171 158 157 174]
[169 157 153 183]
[169 154 150 178]
[164 144 143 169]
[163 124 128 146]
[128 118 107 140]
[113 106  89 115]
[104 101  78 106]
[101  98  74 103]
[102  97  73 102]
[102  99  74 104]
[103  98  74 103]
[101  97  73 102]
[ 99  95  71 100]
[ 99  95  70 100]
[100  95  71 101]
[101  96  71 102]
[101  97  71 102]
[103  98  71 103]
[104 100  73 105]
[105 100  74 105]
[105 100  74 104]
[105  99  75 105]
[104 101  76 107]
[105 101  76 104]
[104 100  75 105]
[106 100  77 106]
[110 106  82 112]
[ 94 127  88 136]
[159 105 110 109]
[138 146 125 171]
[163 151 149 163]
[182 166 165 175]
[176 166 170 183]
[180 171 175 182]
[181 172 177 183]
[181 174 177 184]
[180 174 176 185]
[181 174 175 185]
[182 174 173 185]
[182 173 172 185]
[181 172 170 184]
[178 172 168 183]
[186 166 167 176]
[164 176 162 190]
[162 176 159 183]
[191 157 158 168]
[173 165 157 190]
[175 170 159 185]
[177 168 158 185]
[214 153 171 169]
[192 164 174 159]
[173 167 165 198]
[174 157 164 189]
[175 157 163 190]
[171 154 161 189]
[169 151 156 186]
[167 146 146 181]
[162 139 133 172]
[155 129 116 160]
[142 122  95 151]
[133 119  76 144]
[131 120  63 142]
[135 123  56 146]
[145 129  54 154]
[155 138  52 165]
[163 144  49 172]
[168 149  45 177]
[169 151  42 179]
[170 152  42 179]
[167 151  44 178]
[164 146  45 171]
[162 139  44 164]
[153 135  44 161]
[143 135  45 157]
[144 126  46 146]
[136 121  49 143]
[127 119  51 138]
[122 114  52 131]
[121 109  52 128]
[127 103  53 124]
[128 103  58 124]
[119 115  64 131]
[125 114  70 125]
[128 118  75 129]
[129 122  79 134]
[127 130  83 139]
[142 126  89 134]
[131 134  92 146]
[134 134  93 141]
[134 132  91 143]
[149 124  95 137]
[141 134  99 152]
[141 136 105 149]
[155 133 112 146]
[150 137 116 155]
[158 142 124 152]
[143 153 125 163]
[153 145 125 150]
[146 148 122 160]
[150 142 121 153]
[157 137 121 151]
[138 148 120 167]
[172 136 129 145]
[147 159 136 177]
[146 164 140 172]
[158 153 141 168]
[162 149 141 173]
[190 128 147 155]
[144 157 144 188]
[143 154 141 166]
[153 148 142 165]
[159 142 144 167]
[169 138 149 166]
[163 145 153 176]
[169 150 158 177]
[174 159 161 186]
[177 164 165 189]
[177 172 168 186]
[165 169 164 188]
[169 155 160 179]
[197 145 165 171]
[167 162 172 195]
[163 174 171 187]
[156 163 166 181]
[165 166 164 173]
[167 157 161 171]
[149 162 157 187]
[168 155 155 172]
[167 157 153 181]
[168 152 151 178]
[165 146 144 171]
[166 124 131 147]
[130 119 109 142]
[114 108  91 117]
[104 101  78 107]
[102  97  73 103]
[102  97  73 103]
[102  98  74 104]
[103  98  74 104]
[102  98  73 103]
[100  96  72 102]
[100  96  71 101]
[101  96  72 102]
[101  97  72 102]
[102  97  72 103]
[103  99  72 105]
[105 100  73 106]
[106 102  75 107]
[106 101  76 107]
[105 103  78 107]
[106 102  77 106]
[105 100  76 105]
[105 101  76 106]
[105 101  77 107]
[110 106  81 111]
[ 98 124  88 132]
[153 107 108 111]
[147 140 127 164]
[146 160 151 174]
[186 164 164 163]
[173 160 168 183]
[179 170 174 182]
[180 172 176 183]
[181 174 176 184]
[181 174 176 185]
[182 175 175 185]
[182 174 174 185]
[182 174 172 185]
[181 173 171 184]
[178 172 168 182]
[187 165 168 175]
[168 176 164 190]
[162 179 160 187]
[191 161 161 169]
[174 167 159 190]
[176 168 160 184]
[178 169 160 185]
[213 155 173 170]
[195 168 174 170]
[187 175 167 199]
[184 169 167 196]
[181 166 167 194]
[176 161 163 191]
[169 154 156 187]
[166 146 145 179]
[159 137 131 170]
[152 127 114 158]
[142 120  96 149]
[132 118  78 143]
[131 119  66 141]
[134 123  59 145]
[143 128  56 152]
[152 136  53 162]
[161 143  51 171]
[166 148  48 175]
[168 150  44 178]
[168 151  43 178]
[166 152  45 178]
[165 147  47 173]
[166 140  48 166]
[151 139  49 165]
[144 137  49 157]
[145 126  52 146]
[134 124  55 146]
[127 121  56 138]
[124 112  55 131]
[124 108  56 129]
[131 102  58 126]
[126 107  62 129]
[123 118  68 129]
[126 116  75 125]
[122 120  82 131]
[130 120  85 129]
[124 123  86 136]
[137 125  94 131]
[130 129  96 141]
[133 127  95 138]
[126 133  95 146]
[143 126  97 136]
[143 132  99 147]
[137 138 107 152]
[161 135 116 142]
[148 137 121 159]
[150 146 128 154]
[139 151 127 158]
[150 138 124 146]
[142 143 121 156]
[145 141 120 151]
[157 132 120 144]
[140 144 121 163]
[167 136 130 148]
[148 159 136 175]
[148 162 140 171]
[159 154 142 169]
[164 148 140 172]
[184 129 142 154]
[141 153 138 182]
[146 143 135 162]
[152 146 137 167]
[163 147 145 170]
[170 140 148 169]
[165 147 154 178]
[170 151 158 176]
[171 155 162 181]
[168 164 165 186]
[163 167 165 183]
[167 163 162 178]
[164 155 160 182]
[183 149 167 173]
[163 158 166 180]
[164 150 163 160]
[150 146 163 169]
[155 148 160 167]
[161 147 161 167]
[150 156 156 179]
[161 146 154 171]
[166 151 153 178]
[169 151 152 179]
[167 146 146 174]
[171 126 134 150]
[133 122 112 146]
[116 111  93 119]
[105 101  79 107]
[102  97  73 103]
[101  97  72 103]
[102  98  73 103]
[102  98  74 104]
[102  98  74 103]
[102  97  73 103]
[102  97  73 102]
[102  98  73 103]
[102  98  73 102]
[102  98  72 103]
[103  98  72 103]
[105 101  73 106]
[106 102  76 107]
[107 103  78 108]
[108 102  79 107]
[108 103  79 108]
[105 103  79 108]
[105 101  77 105]
[105 101  76 106]
[109 104  80 110]
[100 121  87 130]
[146 109 107 116]
[153 137 129 156]
[131 166 149 181]
[194 154 163 150]
[170 156 167 187]
[179 171 174 181]
[179 172 175 183]
[181 173 176 183]
[181 174 176 185]
[181 175 176 186]
[182 175 175 186]
[182 174 173 185]
[181 173 172 184]
[179 172 170 183]
[187 166 170 176]
[172 175 167 189]
[164 180 163 189]
[191 165 164 170]
[180 169 162 188]
[182 168 163 185]
[185 172 164 188]
[213 162 177 175]
[186 174 176 176]
[182 175 169 200]
[184 175 168 198]
[185 172 168 195]
[184 167 164 192]
[174 161 158 188]
[168 153 146 179]
[158 139 131 169]
[150 127 114 157]
[142 119  96 147]
[133 118  81 144]
[131 120  70 142]
[133 124  63 145]
[141 128  58 150]
[149 135  55 160]
[158 141  53 168]
[165 146  51 173]
[167 148  48 176]
[166 149  46 176]
[164 150  47 177]
[164 146  49 172]
[165 138  52 164]
[144 138  52 164]
[141 133  53 151]
[142 121  57 143]
[130 124  60 146]
[129 119  61 137]
[127 111  60 133]
[128 108  60 130]
[135 104  63 125]
[119 112  67 133]
[124 116  71 126]
[126 115  78 127]
[115 125  86 133]
[136 115  87 119]
[119 117  89 139]
[137 123  98 130]
[133 127  99 138]
[129 125  99 139]
[126 129  95 139]
[138 122  95 131]
[130 129 102 147]
[125 139 108 153]
[156 126 117 136]
[151 134 123 155]
[150 141 128 152]
[143 148 129 153]
[150 135 126 146]
[141 139 122 156]
[144 140 120 150]
[157 132 121 145]
[142 143 123 162]
[164 139 131 150]
[147 159 136 174]
[147 163 141 174]
[159 156 142 170]
[167 145 138 170]
[177 132 136 159]
[144 148 131 174]
[152 141 129 159]
[145 147 135 175]
[180 149 142 166]
[178 145 150 178]
[176 159 158 182]
[169 157 161 180]
[169 156 163 176]
[160 157 163 179]
[160 159 162 178]
[169 154 161 174]
[166 157 162 184]
[180 149 165 169]
[180 151 161 176]
[164 150 165 180]
[172 166 166 179]
[161 154 161 180]
[167 157 161 174]
[162 154 156 178]
[165 148 155 176]
[168 151 154 181]
[170 152 153 182]
[167 149 147 177]
[173 126 135 151]
[134 123 113 148]
[116 111  93 120]
[106 101  79 107]
[102  97  73 103]
[100  97  71 103]
[102  98  72 102]
[102  98  73 103]
[102  98  74 103]
[102  98  74 103]
[102  98  73 103]
[102  98  74 103]
[102  98  73 103]
[102  97  72 103]
[103  98  71 103]
[103 100  73 106]
[107 102  76 107]
[104 105  79 110]
[105 106  83 110]
[109 101  81 108]
[108 103  79 108]
[106 101  77 106]
[105 101  76 106]
[108 104  79 110]
[103 119  87 127]
[138 114 106 120]
[157 131 129 146]
[120 170 146 188]
[206 144 162 140]
[173 159 167 194]
[182 175 176 183]
[181 175 177 184]
[182 174 177 183]
[182 175 177 185]
[182 176 177 186]
[182 175 176 185]
[183 174 174 185]
[182 173 173 185]
[180 173 171 184]
[185 168 172 178]
[176 174 170 185]
[165 179 166 190]
[185 170 167 176]
[183 173 167 188]
[181 172 168 189]
[182 177 169 192]
[209 167 179 177]
[186 172 176 171]
[182 170 169 189]
[180 169 170 193]
[181 171 170 194]
[179 170 168 194]
[169 169 161 193]
[165 157 148 178]
[158 142 131 166]
[149 127 113 155]
[143 118  97 146]
[133 118  83 144]
[130 120  73 141]
[129 123  66 144]
[137 126  61 147]
[145 133  59 157]
[155 139  58 165]
[161 143  57 172]
[163 146  54 174]
[164 145  50 173]
[159 147  51 175]
[162 144  53 167]
[160 135  57 161]
[140 136  56 160]
[138 126  58 145]
[140 119  62 142]
[128 123  65 147]
[131 119  66 137]
[128 112  65 136]
[127 110  65 133]
[134 105  67 124]
[112 116  70 134]
[127 110  74 118]
[122 111  79 129]
[115 128  85 135]
[147 111  90 115]
[117 125  95 148]
[143 124 101 131]
[131 126 102 142]
[130 129 102 137]
[129 122  93 135]
[139 119  95 133]
[128 136 104 146]
[131 136 109 142]
[147 117 118 136]
[156 127 127 151]
[147 138 130 162]
[147 153 132 160]
[159 142 129 148]
[149 141 124 157]
[148 143 123 156]
[160 140 126 149]
[146 147 126 162]
[162 139 131 150]
[147 156 136 172]
[145 162 140 171]
[156 152 139 166]
[170 136 133 163]
[171 127 128 159]
[149 143 121 167]
[158 136 122 155]
[138 159 131 181]
[187 145 142 162]
[172 153 150 192]
[179 172 160 187]
[170 165 161 182]
[176 157 160 171]
[159 156 161 180]
[168 156 160 176]
[168 153 162 182]
[172 164 163 186]
[172 157 165 182]
[190 152 166 180]
[162 164 165 200]
[188 169 166 176]
[164 167 164 192]
[171 163 161 180]
[168 156 157 182]
[170 153 155 182]
[170 155 154 184]
[169 153 152 182]
[166 148 145 175]
[172 124 133 149]
[132 122 112 147]
[116 110  92 118]
[105 101  79 107]
[102  96  73 102]
[ 99  97  70 102]
[101  97  71 101]
[101  97  72 103]
[102  98  73 103]
[102  97  73 103]
[102  98  74 104]
[103  99  74 104]
[102  98  73 103]
[101  97  72 102]
[101  97  71 103]
[103  99  72 104]
[106 102  76 107]
[101 107  80 112]
[104 106  84 107]
[114  96  82 104]
[105  97  80 111]
[108 104  79 108]
[105 102  77 107]
[107 104  79 109]
[106 116  85 123]
[127 119 104 124]
[163 127 128 137]
[115 169 143 192]
[216 139 164 137]
[175 165 170 204]
[188 180 178 185]
[187 180 180 186]
[188 179 181 186]
[187 179 180 188]
[186 180 179 189]
[185 180 178 188]
[184 177 176 187]
[181 175 175 186]
[181 173 173 183]
[183 169 173 179]
[179 172 172 181]
[166 178 169 189]
[177 172 170 179]
[184 170 169 180]
[178 168 169 184]
[179 172 170 185]
[203 162 178 174]
[179 173 178 171]
[177 165 169 186]
[178 168 170 189]
[180 169 170 189]
[177 169 168 188]
[163 169 161 187]
[160 154 148 172]
[154 136 131 162]
[148 125 114 154]
[142 118  97 145]
[131 118  83 143]
[128 118  73 138]
[127 120  67 140]
[134 123  64 144]
[143 130  64 155]
[153 135  64 161]
[158 139  63 167]
[158 140  60 169]
[161 138  55 165]
[151 143  55 172]
[158 138  58 160]
[153 131  64 157]
[138 132  62 155]
[137 123  63 144]
[139 120  67 142]
[127 124  69 148]
[132 117  69 137]
[129 113  69 136]
[127 109  68 132]
[133 103  69 123]
[110 116  71 134]
[134 105  76 113]
[120 112  83 135]
[116 130  88 141]
[150 113  95 122]
[122 135  99 154]
[140 128 105 134]
[129 127 105 144]
[135 123 100 132]
[131 121  97 137]
[137 123  98 141]
[125 142 102 153]
[145 139 110 144]
[153 126 121 148]
[169 130 131 151]
[148 141 135 168]
[145 154 135 164]
[162 143 132 149]
[156 144 129 160]
[149 150 129 164]
[159 148 130 153]
[149 149 128 159]
[160 138 131 150]
[148 154 134 169]
[145 160 136 170]
[154 150 135 164]
[173 129 127 154]
[155 126 120 161]
[139 140 113 161]
[144 135 113 151]
[129 159 121 172]
[184 137 138 146]
[158 154 148 190]
[167 164 157 177]
[164 163 157 178]
[174 152 157 171]
[162 160 158 183]
[173 156 160 176]
[166 159 162 187]
[170 163 162 184]
[167 159 162 183]
[201 142 164 163]
[153 167 164 205]
[178 163 168 177]
[158 171 163 193]
[173 159 158 175]
[176 151 154 179]
[172 157 155 186]
[171 158 155 184]
[167 153 150 180]
[162 144 142 171]
[169 120 129 145]
[129 120 109 145]
[115 108  90 117]
[105 100  78 107]
[102  97  73 102]
[ 99  96  70 102]
[101  96  71 102]
[101  97  71 102]
[101  97  72 102]
[102  97  72 102]
[102  98  73 103]
[102  98  73 103]
[102  97  73 103]
[101  97  71 102]
[101  96  70 101]
[103  98  71 103]
[105 101  75 107]
[109 107  78 111]
[115 105  82 110]
[126 105  88 110]
[109 108  88 122]
[109 105  82 109]
[106 102  78 106]
[107 103  79 108]
[108 114  86 122]
[117 123 103 130]
[169 124 127 129]
[121 166 140 195]
[218 140 167 141]
[176 176 176 208]
[184 180 181 186]
[185 183 183 188]
[188 183 184 188]
[190 184 183 190]
[190 186 182 192]
[191 186 181 191]
[191 183 179 189]
[188 180 177 187]
[185 176 175 185]
[185 172 175 182]
[182 172 175 182]
[169 179 173 189]
[171 175 171 181]
[186 166 170 175]
[178 167 169 186]
[181 172 171 184]
[203 162 179 174]
[176 168 178 160]
[164 153 169 178]
[166 157 169 181]
[168 158 169 182]
[167 161 166 183]
[157 162 158 182]
[159 151 147 169]
[155 135 131 162]
[149 126 113 154]
[141 119  96 146]
[128 119  82 142]
[125 116  71 135]
[128 116  66 136]
[132 122  66 144]
[141 130  68 152]
[149 132  69 158]
[153 134  68 162]
[153 134  63 162]
[154 131  59 158]
[143 138  60 166]
[152 131  64 152]
[143 130  70 155]
[135 128  69 150]
[135 120  68 143]
[137 119  71 141]
[128 125  72 147]
[131 117  73 138]
[129 114  72 136]
[129 111  73 132]
[137 102  72 124]
[109 119  72 140]
[142 107  80 115]
[120 121  87 141]
[120 130  92 139]
[145 114  98 125]
[119 139 102 156]
[140 124 107 130]
[133 126 104 141]
[134 116 101 137]
[133 122  98 139]
[140 125  99 138]
[116 142 102 160]
[148 137 113 145]
[156 135 123 158]
[174 130 133 153]
[155 145 137 169]
[142 154 137 167]
[164 142 135 148]
[156 143 133 161]
[147 153 133 165]
[151 148 133 154]
[144 148 132 156]
[158 134 131 146]
[148 147 132 165]
[143 159 134 171]
[149 152 131 162]
[173 123 122 143]
[140 122 111 154]
[130 128 103 138]
[130 121 102 134]
[114 146 111 161]
[178 126 133 134]
[149 154 146 183]
[158 156 155 170]
[159 154 155 173]
[168 148 156 170]
[160 157 154 182]
[173 152 157 172]
[170 160 158 183]
[169 159 160 182]
[167 162 159 185]
[206 139 164 164]
[171 166 162 202]
[182 167 167 178]
[160 177 165 191]
[174 153 157 172]
[172 151 155 185]
[173 158 153 187]
[170 161 150 183]
[165 155 147 178]
[156 142 137 167]
[165 115 124 139]
[126 115 104 141]
[113 107  88 116]
[105 101  78 107]
[102  97  72 102]
[100  97  70 102]
[100  96  70 101]
[100  96  70 101]
[100  95  70 101]
[100  96  71 101]
[101  96  71 102]
[101  97  72 102]
[102  97  71 102]
[101  97  71 102]
[101  98  71 102]
[103  98  72 103]
[105 101  75 107]
[109 106  79 113]
[116 113  85 124]
[130 115  93 120]
[120 122  92 123]
[110 108  87 112]
[107 104  82 108]
[108 104  82 109]
[111 113  89 119]
[107 129 102 136]
[172 117 126 121]
[136 160 138 193]
[207 146 169 154]
[181 187 180 201]
[179 174 182 181]
[181 177 185 182]
[183 177 185 183]
[184 181 186 187]
[185 184 185 190]
[187 186 183 191]
[189 186 182 192]
[188 184 179 190]
[188 180 177 187]
[188 178 176 185]
[184 177 177 184]
[172 181 174 188]
[168 178 171 183]
[189 164 171 173]
[177 168 170 189]
[182 173 172 186]
[204 164 180 175]
[179 165 176 157]
[168 151 166 176]
[166 150 167 175]
[166 150 166 175]
[162 150 163 176]
[151 154 156 179]
[155 144 145 166]
[153 134 130 161]
[150 125 112 154]
[140 120  95 147]
[126 122  81 142]
[124 115  71 133]
[130 111  66 134]
[125 121  68 147]
[138 128  70 146]
[142 125  70 151]
[146 127  69 153]
[145 127  65 154]
[144 124  63 150]
[137 132  64 155]
[144 124  69 146]
[136 129  74 151]
[134 124  74 144]
[132 117  73 141]
[130 117  75 142]
[129 121  74 142]
[131 117  75 138]
[130 117  77 139]
[132 113  77 134]
[138 105  77 127]
[114 118  74 142]
[139 111  82 119]
[119 129  90 143]
[129 123  93 132]
[143 113 100 130]
[129 136 103 152]
[149 125 106 135]
[141 130 108 149]
[141 128 105 144]
[137 123  98 141]
[143 124  99 138]
[116 146 104 163]
[150 135 114 143]
[153 135 124 160]
[175 130 133 152]
[158 143 137 169]
[142 157 138 169]
[168 141 136 147]
[155 142 134 161]
[147 151 134 161]
[143 147 134 155]
[143 142 132 150]
[157 128 132 142]
[135 144 134 168]
[129 157 134 169]
[144 139 123 151]
[168 109 114 132]
[128 120 103 150]
[123 119  95 127]
[125 116  95 128]
[111 141 106 155]
[169 129 131 136]
[149 153 145 179]
[163 152 153 165]
[159 149 155 172]
[165 145 153 167]
[157 148 149 175]
[166 145 150 170]
[173 154 152 178]
[165 161 155 186]
[169 165 154 183]
[203 139 159 163]
[171 168 159 203]
[165 173 164 191]
[163 183 158 185]
[174 151 151 167]
[165 147 149 176]
[165 149 145 175]
[154 149 141 178]
[158 151 137 168]
[152 135 127 158]
[160 110 117 133]
[123 112 101 139]
[112 105  86 115]
[106 101  76 106]
[102  98  73 104]
[100  98  71 102]
[100  96  71 101]
[100  95  70 100]
[100  95  70 100]
[100  95  70 100]
[100  95  70 101]
[100  96  70 101]
[101  97  70 102]
[102  98  72 103]
[102  98  72 103]
[103  98  74 103]
[104 100  75 106]
[110 103  79 109]
[116 111  86 119]
[123 117  95 123]
[122 121  97 123]
[115 113  92 115]
[111 106  86 110]
[110 107  87 112]
[114 113  92 119]
[101 132 102 139]
[174 113 125 115]
[144 153 141 189]
[193 156 169 166]
[188 185 179 189]
[182 175 183 182]
[183 177 186 183]
[182 178 188 183]
[182 179 188 183]
[182 179 187 185]
[183 180 186 186]
[184 180 184 187]
[184 179 181 186]
[183 178 179 186]
[184 177 178 184]
[181 178 177 183]
[174 179 174 185]
[166 179 171 186]
[192 164 172 171]
[177 170 172 191]
[182 173 174 185]
[204 163 181 174]
[185 167 175 162]
[175 160 168 185]
[171 157 167 183]
[172 153 165 177]
[165 151 162 177]
[152 154 155 178]
[155 143 144 165]
[154 132 129 159]
[150 125 113 153]
[135 123  96 149]
[126 122  81 141]
[127 112  70 130]
[132 108  68 133]
[119 122  69 147]
[136 122  71 138]
[136 119  71 146]
[138 121  69 146]
[137 120  66 144]
[132 120  65 143]
[130 124  67 144]
[136 122  73 143]
[135 127  77 148]
[134 122  78 142]
[133 118  78 140]
[130 116  78 140]
[129 117  78 141]
[131 117  81 142]
[133 120  82 142]
[136 115  82 137]
[138 107  82 129]
[119 119  78 141]
[124 113  85 128]
[117 131  91 138]
[130 114  95 128]
[137 113 102 136]
[138 133 105 151]
[148 133 111 150]
[141 147 113 159]
[148 135 106 142]
[142 124  98 142]
[141 125 101 143]
[119 152 105 163]
[152 135 115 143]
[153 136 124 162]
[177 129 132 151]
[159 143 137 171]
[141 161 137 172]
[171 141 137 145]
[152 145 134 164]
[143 151 135 160]
[139 147 133 155]
[140 139 131 150]
[163 123 132 140]
[134 143 132 166]
[134 148 129 156]
[143 123 118 144]
[160 101 112 132]
[122 118  97 145]
[118 112  88 121]
[121 112  90 123]
[109 138 103 152]
[162 129 131 136]
[153 153 145 176]
[164 148 154 170]
[161 151 152 175]
[160 142 145 164]
[157 138 138 163]
[157 135 137 163]
[164 145 141 169]
[149 156 142 180]
[162 152 140 167]
[187 131 144 154]
[162 154 148 181]
[149 159 146 174]
[155 155 139 164]
[170 139 136 157]
[165 141 133 165]
[162 138 131 161]
[150 141 126 166]
[158 135 121 154]
[158 132 115 153]
[157 118 112 137]
[125 121  98 136]
[110 106  84 115]
[104 101  76 107]
[102  99  73 104]
[101  97  71 101]
[100  96  71 101]
[100  95  71 100]
[100  96  71 101]
[101  96  70 101]
[101  97  70 101]
[101  97  70 101]
[101  97  70 102]
[102  98  72 102]
[102  99  74 104]
[104  99  75 104]
[105 100  75 105]
[109 103  79 108]
[118 110  87 117]
[123 119  96 126]
[124 122 100 125]
[114 118  97 121]
[108 110  91 114]
[109 107  89 112]
[116 110  93 117]
[ 99 132 101 143]
[178 112 124 114]
[151 150 144 183]
[181 162 169 172]
[182 178 180 186]
[184 179 185 185]
[185 179 187 185]
[186 180 188 184]
[187 179 188 184]
[187 179 188 185]
[186 180 188 186]
[185 179 187 186]
[184 177 183 184]
[182 176 180 183]
[181 176 178 182]
[177 176 177 181]
[173 176 174 183]
[163 179 170 188]
[194 164 172 171]
[178 172 173 192]
[184 173 175 185]
[204 164 183 176]
[193 171 176 174]
[193 174 171 191]
[184 171 169 191]
[181 165 168 185]
[168 161 164 183]
[156 158 156 179]
[154 144 144 167]
[155 133 130 160]
[149 125 114 154]
[135 124  97 148]
[130 118  80 138]
[131 110  71 132]
[133 112  71 134]
[116 125  71 148]
[133 118  73 134]
[133 116  73 142]
[132 117  70 140]
[131 115  68 137]
[126 116  67 137]
[127 118  70 137]
[131 119  76 140]
[138 121  80 142]
[136 121  82 146]
[140 123  83 142]
[135 121  83 143]
[134 120  84 143]
[133 121  85 144]
[132 122  86 144]
[136 116  85 139]
[139 108  83 130]
[121 117  82 138]
[115 117  85 131]
[115 120  88 129]
[134 104  96 121]
[131 110 102 136]
[135 124 108 144]
[133 131 113 150]
[133 142 110 149]
[133 128 105 138]
[139 119 100 136]
[134 120  98 142]
[118 146 103 159]
[152 133 114 142]
[150 137 122 162]
[166 129 131 152]
[157 139 133 164]
[138 152 131 168]
[168 139 134 144]
[146 146 132 163]
[139 146 130 154]
[138 138 127 149]
[141 132 125 149]
[167 122 129 143]
[131 148 129 176]
[144 149 126 158]
[150 127 118 150]
[162 108 109 134]
[120 116  93 142]
[114 110  84 118]
[121 109  86 119]
[107 136 102 151]
[158 133 131 141]
[157 150 147 174]
[164 146 152 170]
[166 142 143 166]
[160 134 131 158]
[158 133 126 154]
[149 133 124 157]
[153 135 125 152]
[143 141 121 158]
[156 133 119 148]
[164 129 126 148]
[145 143 129 158]
[133 139 123 152]
[139 133 118 151]
[154 135 118 151]
[151 141 116 157]
[147 136 114 151]
[139 138 109 152]
[139 132 107 150]
[141 134 105 150]
[140 128 101 136]
[122 123  90 125]
[109 106  79 109]
[104 100  75 105]
[102  99  73 104]
[101  97  72 102]
[100  97  72 102]
[100  96  72 101]
[101  97  72 102]
[102  98  72 102]
[102  99  72 103]
[101  98  71 102]
[102  98  71 102]
[102  98  72 103]
[102  99  74 104]
[105  99  75 104]
[105 101  76 106]
[110 104  80 109]
[119 111  88 117]
[124 121  97 127]
[125 123 101 127]
[110 122  98 124]
[105 112  92 112]
[102 102  89 110]
[115 100  93 114]
[ 96 127  99 146]
[178 109 124 116]
[159 149 146 179]
[179 165 170 174]
[183 177 181 183]
[184 178 186 183]
[184 180 188 186]
[185 181 189 187]
[187 182 189 188]
[189 184 190 189]
[189 184 190 190]
[187 183 188 188]
[185 179 184 185]
[183 177 181 183]
[181 176 179 182]
[178 175 177 180]
[176 174 174 180]
[167 178 170 187]
[194 164 173 172]
[181 176 175 194]
[186 175 177 187]
[204 167 184 178]
[185 178 182 183]
[187 179 175 197]
[185 180 171 196]
[182 176 169 189]
[167 173 165 186]
[158 161 156 176]
[157 142 144 166]
[157 133 132 160]
[148 127 117 155]
[136 123  98 146]
[133 115  83 138]
[128 113  74 137]
[130 117  73 133]
[115 126  72 143]
[131 114  74 129]
[133 113  74 138]
[129 113  71 138]
[129 113  69 134]
[125 114  69 135]
[124 117  73 136]
[127 120  80 139]
[140 116  84 138]
[128 123  86 151]
[140 126  87 142]
[137 123  85 145]
[138 125  87 144]
[130 126  88 146]
[133 122  86 140]
[133 114  84 136]
[136 108  83 131]
[116 113  81 136]
[116 116  81 128]
[116 111  85 129]
[144 102  93 121]
[131 113 100 140]
[133 120 107 136]
[122 125 107 141]
[124 125 103 137]
[125 118  98 132]
[136 111  95 124]
[129 110  95 135]
[115 131  97 153]
[148 128 108 140]
[152 132 115 156]
[157 126 122 146]
[151 131 125 151]
[128 136 122 162]
[158 129 124 138]
[142 141 123 156]
[140 136 119 146]
[143 130 116 146]
[148 131 116 151]
[167 128 124 147]
[131 157 126 180]
[144 146 123 157]
[151 129 117 152]
[161 109 108 135]
[117 116  92 142]
[114 110  82 116]
[119 109  86 119]
[107 137 103 151]
[161 134 131 141]
[158 150 149 175]
[160 148 152 168]
[163 131 135 158]
[145 129 119 159]
[146 134 113 146]
[136 132 107 143]
[133 125 105 135]
[125 128 101 141]
[130 123 101 138]
[136 124 103 133]
[128 126 102 129]
[118 117 100 127]
[118 116  99 130]
[124 118  99 130]
[123 122  97 130]
[121 118  95 125]
[117 115  92 123]
[116 113  91 121]
[115 112  89 119]
[112 107  86 114]
[108 105  80 109]
[105  99  76 105]
[103 100  75 105]
[103 100  75 104]
[102  98  74 103]
[101  97  73 102]
[101  96  73 101]
[102  97  74 102]
[103  98  75 103]
[102  99  74 104]
[102  99  73 103]
[102  98  73 102]
[102  98  73 103]
[102  99  74 104]
[105  99  76 104]
[105 102  77 107]
[111 105  81 110]
[119 112  89 118]
[124 121  98 127]
[125 123 102 128]
[111 124  98 127]
[117 112  91 110]
[120 102  89 112]
[131 102  96 118]
[102 132 104 153]
[178 112 127 120]
[160 150 149 181]
[176 168 172 178]
[185 178 183 183]
[184 179 187 186]
[185 182 189 185]
[184 180 189 186]
[185 180 189 186]
[187 181 189 187]
[187 182 189 188]
[187 182 188 187]
[186 180 185 185]
[182 179 182 184]
[181 177 180 182]
[178 176 178 181]
[173 175 175 182]
[170 178 171 186]
[189 166 173 176]
[182 179 175 193]
[184 176 177 186]
[203 168 184 177]
[183 175 183 172]
[176 168 176 184]
[172 170 173 186]
[168 169 169 184]
[159 168 163 181]
[160 155 155 170]
[156 142 145 169]
[158 133 134 161]
[150 128 119 155]
[138 122 102 146]
[131 115  87 137]
[122 114  76 133]
[121 112  72 127]
[111 122  73 138]
[128 112  75 127]
[131 110  76 135]
[125 111  71 136]
[125 111  70 131]
[121 112  70 131]
[118 114  73 133]
[123 116  78 132]
[137 108  84 128]
[117 118  85 145]
[132 113  84 129]
[124 114  83 139]
[126 118  83 137]
[123 120  81 137]
[128 115  80 133]
[128 108  78 132]
[135 103  77 124]
[114 111  74 134]
[119 110  75 124]
[121 112  80 133]
[146 105  89 126]
[131 119  94 143]
[132 120  98 130]
[125 120  97 132]
[127 114  94 130]
[130 116  89 134]
[143 110  89 125]
[136 117  92 134]
[122 127  92 148]
[147 122  99 138]
[153 135 108 153]
[153 131 111 149]
[153 128 113 139]
[130 133 111 150]
[140 120 112 135]
[134 133 110 145]
[133 127 106 141]
[138 128 106 144]
[143 133 107 150]
[154 135 115 148]
[129 161 119 171]
[142 142 119 152]
[148 129 115 151]
[161 108 108 133]
[118 115  92 141]
[115 109  82 117]
[118 111  87 120]
[111 138 105 149]
[160 132 133 145]
[155 152 151 178]
[161 145 149 160]
[158 119 130 143]
[123 119 109 147]
[120 118  98 125]
[115 112  90 118]
[113 106  87 114]
[109 107  84 115]
[108 103  83 111]
[109 104  82 110]
[108 103  83 111]
[108 103  84 110]
[107 103  84 110]
[108 102  84 109]
[107 102  83 108]
[107 102  83 108]
[106 100  82 107]
[106 100  80 106]
[104  99  79 105]
[102  98  77 104]
[101  97  75 104]
[103  98  75 104]
[104 101  76 107]
[106 101  77 106]
[106 102  79 106]
[106 102  80 106]
[106 102  80 106]
[106 102  80 107]
[107 103  81 107]
[106 103  80 107]
[106 102  79 107]
[106 103  79 107]
[107 104  80 107]
[107 104  81 108]
[109 104  83 108]
[110 107  84 111]
[115 109  88 114]
[122 116  96 121]
[126 123 104 128]
[129 126 108 130]
[122 128 103 134]
[134 120  99 127]
[141 125 101 137]
[146 130 108 141]
[116 154 113 165]
[184 122 131 124]
[163 151 152 180]
[174 169 174 178]
[180 175 184 182]
[180 179 188 185]
[183 177 189 183]
[183 177 188 183]
[184 177 188 183]
[185 178 189 185]
[185 180 190 187]
[184 181 188 187]
[184 180 186 185]
[182 178 183 183]
[181 176 180 181]
[178 175 178 181]
[171 175 175 181]
[173 172 171 179]
[181 164 173 177]
[179 175 175 186]
[180 172 176 183]
[201 165 183 175]
[183 174 183 171]
[176 166 177 182]
[173 165 172 180]
[164 165 168 180]
[153 165 162 180]
[159 151 155 169]
[158 141 146 168]
[159 133 135 161]
[151 127 121 156]
[139 123 105 146]
[129 116  90 134]
[119 111  78 126]
[114 107  72 122]
[107 117  73 133]
[126 108  74 122]
[128 106  74 129]
[118 106  69 130]
[116 104  66 123]
[113 104  65 122]
[112 106  67 124]
[120 106  71 125]
[132 101  78 122]
[115 113  78 135]
[125 101  76 118]
[119 105  75 126]
[120 106  72 123]
[121 108  70 126]
[128 106  70 125]
[131 109  70 128]
[130 106  71 125]
[116 114  67 130]
[121 107  67 122]
[128 113  72 130]
[138 110  83 127]
[123 123  86 138]
[123 113  85 124]
[123 115  86 126]
[122 115  86 130]
[124 118  83 135]
[129 117  82 131]
[131 121  84 129]
[122 126  85 137]
[130 120  92 138]
[137 131  98 143]
[135 132  99 142]
[134 123  98 132]
[126 126  96 134]
[126 116  97 126]
[124 120  95 128]
[120 116  94 128]
[122 118  94 128]
[125 121  96 132]
[132 127 104 137]
[121 149 110 157]
[140 139 116 148]
[146 129 115 151]
[161 108 109 131]
[117 114  92 142]
[115 110  83 119]
[117 112  86 122]
[114 136 104 147]
[152 135 135 148]
[149 150 149 175]
[156 135 144 155]
[157 110 125 134]
[118 112 101 133]
[110 105  88 110]
[104  99  80 106]
[102  96  76 103]
[101  96  74 102]
[100  95  71 101]
[100  95  71 102]
[102  97  73 102]
[102  98  74 104]
[103  98  75 103]
[104  98  76 103]
[102 100  77 107]
[104 100  78 105]
[103 100  77 105]
[101  98  77 104]
[101  98  75 103]
[101  96  73 101]
[102  97  73 102]
[105  99  76 104]
[108 103  80 108]
[112 106  85 111]
[114 111  90 116]
[117 113  93 116]
[118 114  94 116]
[118 114  95 117]
[118 115  95 117]
[118 115  94 117]
[118 114  94 117]
[120 115  94 118]
[122 117  97 120]
[124 119  99 121]
[125 121 101 122]
[128 122 102 124]
[130 125 105 128]
[135 130 112 132]
[138 134 119 137]
[140 136 122 138]
[141 138 120 144]
[146 137 119 147]
[153 147 121 152]
[155 147 123 150]
[126 163 121 166]
[183 130 137 131]
[166 156 154 180]
[174 168 173 177]
[182 173 183 179]
[181 175 186 182]
[183 175 188 182]
[183 176 188 184]
[183 177 188 185]
[183 178 189 185]
[183 179 189 185]
[182 178 188 184]
[182 176 185 182]
[180 176 183 182]
[179 175 181 182]
[178 174 178 180]
[171 174 174 180]
[175 170 172 176]
[177 168 173 180]
[177 172 174 183]
[177 170 175 183]
[201 162 182 173]
[183 173 183 171]
[176 167 177 182]
[171 166 173 182]
[162 167 169 182]
[154 164 161 179]
[160 149 154 168]
[158 140 146 169]
[159 131 136 161]
[151 128 123 156]
[136 123 107 146]
[125 116  92 132]
[117 108  80 122]
[111 105  73 120]
[110 111  70 127]
[128 103  71 120]
[129 105  71 126]
[118 105  64 124]
[114  99  59 115]
[109  98  58 114]
[111  99  59 116]
[118  99  62 119]
[124 102  69 120]
[116 111  68 126]
[117  99  67 115]
[111 105  65 119]
[108 101  62 117]
[109 103  60 119]
[112 106  61 122]
[115 109  61 122]
[115 107  61 117]
[107 108  58 116]
[108 103  60 116]
[112 109  66 122]
[118 108  73 118]
[111 112  73 117]
[107 104  74 113]
[108 104  76 115]
[110 106  76 115]
[110 106  74 115]
[109 104  73 114]
[111 106  73 114]
[113 108  77 116]
[116 110  83 121]
[117 113  87 122]
[117 112  86 119]
[115 109  86 117]
[113 109  85 117]
[113 107  85 116]
[112 108  86 116]
[110 107  85 115]
[111 106  85 114]
[116 109  88 117]
[122 118  96 128]
[117 140 107 151]
[140 139 118 149]
[153 129 117 150]
[161 109 110 134]
[119 117  94 143]
[115 107  82 117]
[116 112  85 123]
[115 132 102 146]
[152 135 131 146]
[155 145 145 167]
[155 129 142 156]
[158 111 124 134]
[115 112 100 136]
[109 106  85 111]
[104  99  76 104]
[100  97  72 102]
[ 99  95  69 100]
[98 94 67 99]
[98 94 67 99]
[100  96  69 100]
[101  96  71 102]
[101  97  72 103]
[101  98  74 104]
[102  99  74 103]
[103  98  75 103]
[103  98  76 103]
[102  98  75 102]
[101  96  73 101]
[100  96  73 101]
[102  98  73 103]
[106 101  78 107]
[115 108  85 113]
[124 115  97 121]
[130 125 107 129]
[135 131 115 132]
[137 132 118 134]
[137 134 118 135]
[137 134 118 135]
[138 133 117 134]
[139 133 117 135]
[141 135 119 137]
[144 139 123 141]
[147 143 126 143]
[149 145 128 145]
[152 146 128 146]
[152 149 130 150]
[155 151 133 151]
[157 152 138 153]
[158 152 141 154]
[159 154 142 157]
[158 156 142 160]
[160 157 141 158]
[156 156 139 157]
[131 166 132 170]
[177 140 142 139]
[171 159 155 174]
[173 163 170 178]
[182 174 181 182]
[184 177 186 185]
[187 177 187 185]
[186 179 188 186]
[186 179 188 186]
[186 179 188 185]
[185 179 189 185]
[183 177 188 184]
[182 176 186 183]
[180 174 183 181]
[180 174 181 180]
[177 173 179 180]
[171 174 174 181]
[173 170 172 178]
[176 170 172 179]
[175 169 173 180]
[177 168 174 181]
[201 159 181 171]
[182 173 183 170]
[176 166 177 182]
[172 166 174 181]
[162 167 169 182]
[155 162 161 179]
[163 147 153 169]
[160 142 146 170]
[160 133 136 161]
[149 126 123 154]
[134 121 108 143]
[123 113  93 129]
[115 106  81 120]
[110 103  73 117]
[109 105  69 123]
[118 103  69 122]
[119 107  67 123]
[110 103  58 117]
[103  97  52 109]
[100  95  50 107]
[100  94  51 107]
[101  95  54 111]
[102  97  57 110]
[100  99  56 109]
[ 98  93  55 105]
[ 97  93  53 101]
[94 89 51 98]
[93 88 50 99]
[ 94  90  51 100]
[96 89 51 98]
[94 90 51 98]
[92 89 51 98]
[95 90 53 98]
[ 98  92  57 100]
[100  93  62 101]
[ 96  93  64 102]
[ 98  92  66 100]
[100  93  67 101]
[100  94  68 103]
[101  94  68 102]
[102  96  67 103]
[104  98  69 106]
[108 101  74 110]
[111 105  79 113]
[112 107  82 114]
[110 106  82 114]
[110 105  81 112]
[110 105  81 111]
[110 105  82 112]
[110 105  83 111]
[109 105  83 111]
[109 104  84 112]
[115 108  88 115]
[121 117  96 127]
[123 138 108 150]
[139 145 121 155]
[164 134 122 151]
[157 113 112 143]
[124 125  95 141]
[114 108  82 118]
[117 112  84 123]
[118 131 100 145]
[151 139 128 153]
[161 149 145 171]
[161 139 143 163]
[161 116 125 138]
[118 116 100 137]
[109 106  85 111]
[103  99  76 105]
[100  96  71 102]
[100  95  68 100]
[98 94 66 99]
[ 99  95  67 100]
[100  95  68 101]
[102  98  70 102]
[101  97  71 103]
[102  98  72 101]
[102  97  73 102]
[101  97  74 104]
[102  99  74 104]
[103  98  74 103]
[102  98  74 103]
[101  98  73 103]
[103  99  74 103]
[108 102  80 108]
[120 111  92 118]
[136 125 110 131]
[147 141 128 146]
[154 152 140 153]
[157 155 145 155]
[158 154 145 156]
[158 155 144 156]
[159 156 145 156]
[160 156 145 157]
[161 158 148 160]
[162 161 152 162]
[164 163 154 163]
[166 164 155 165]
[166 164 153 165]
[152 171 153 172]
[158 164 150 162]
[163 153 147 160]
[166 157 152 165]
[169 163 158 166]
[167 167 161 168]
[165 164 159 165]
[160 159 153 159]
[133 166 142 169]
[166 143 144 143]
[172 153 153 165]
[169 163 168 180]
[180 173 179 182]
[184 178 184 186]
[184 179 187 187]
[185 180 188 187]
[186 180 187 187]
[186 181 188 188]
[187 182 188 188]
[186 180 187 186]
[184 178 186 184]
[183 176 183 183]
[181 174 182 182]
[178 174 179 181]
[173 173 174 180]
[170 171 172 178]
[176 169 171 177]
[175 167 171 181]
[178 169 173 182]
[203 158 181 172]
[182 172 183 170]
[176 165 177 182]
[172 166 174 183]
[164 168 169 184]
[160 164 162 180]
[164 151 155 173]
[160 144 146 172]
[161 133 135 159]
[146 127 123 154]
[134 120 107 141]
[121 111  93 129]
[115 105  81 119]
[109 102  74 115]
[107 101  69 116]
[107 100  66 115]
[108  97  61 108]
[ 97  91  54 104]
[91 87 48 98]
[89 85 46 94]
[89 83 46 92]
[91 83 47 91]
[88 83 48 92]
[89 82 50 91]
[87 83 49 92]
[88 82 48 90]
[88 81 47 90]
[89 83 48 91]
[90 85 49 92]
[91 86 51 94]
[92 86 52 94]
[93 87 52 94]
[94 88 54 96]
[96 91 57 99]
[ 97  92  61 100]
[ 96  94  63 100]
[ 98  93  66 100]
[ 99  94  68 102]
[ 99  96  70 103]
[101  97  70 104]
[103  98  71 106]
[107 102  74 109]
[111 105  79 112]
[115 109  84 115]
[114 111  87 118]
[114 111  88 116]
[115 110  87 115]
[115 110  88 116]
[117 112  90 117]
[117 113  92 118]
[118 112  93 117]
[117 114  94 119]
[120 114  95 120]
[128 121 102 128]
[133 139 113 152]
[134 154 126 165]
[178 134 126 143]
[146 121 112 154]
[124 127  95 136]
[115 108  81 117]
[117 110  84 122]
[120 130 101 145]
[147 142 128 157]
[160 152 145 170]
[164 140 142 161]
[159 117 124 139]
[120 118 100 135]
[108 105  84 111]
[103  98  75 103]
[100  96  69 101]
[ 99  94  67 100]
[ 99  95  66 100]
[100  95  66 100]
[101  97  68 102]
[102  97  70 102]
[101  98  70 102]
[100  97  70 102]
[101  96  71 101]
[101  97  72 102]
[101  96  72 102]
[101  98  73 103]
[103  98  74 103]
[102  99  73 103]
[104  99  75 104]
[111 104  82 110]
[125 115  98 122]
[144 132 122 140]
[157 153 145 159]
[168 165 161 167]
[172 169 167 170]
[172 169 168 170]
[171 169 167 172]
[173 170 167 172]
[174 171 168 171]
[174 171 170 172]
[175 171 172 173]
[174 171 173 173]
[175 171 172 173]
[174 169 167 172]
[141 180 162 180]
[158 160 152 150]
[154 135 145 156]
[169 141 150 162]
[169 158 161 172]
[175 171 172 173]
[172 168 171 170]
[163 163 163 164]
[137 164 148 168]
[160 146 144 147]
[173 147 151 160]
[171 162 164 178]
[179 172 176 181]
[184 176 183 184]
[185 177 186 184]
[185 176 186 184]
[183 177 187 186]
[183 179 187 187]
[184 180 187 186]
[184 180 187 186]
[183 178 185 185]
[182 177 184 184]
[181 175 182 182]
[176 174 178 181]
[173 172 174 179]
[170 170 170 179]
[179 168 170 176]
[177 170 171 184]
[181 170 173 183]
[206 161 181 173]
[182 172 182 169]
[177 165 177 182]
[173 167 175 184]
[167 169 170 185]
[163 166 164 183]
[167 155 156 174]
[162 145 146 171]
[159 132 134 160]
[147 127 121 153]
[135 119 106 139]
[121 111  93 130]
[113 106  82 120]
[108 100  74 114]
[107  98  68 111]
[104  96  64 110]
[105  93  61 103]
[ 97  91  58 102]
[91 89 54 97]
[90 86 52 93]
[88 85 51 93]
[88 84 51 92]
[88 85 52 94]
[90 86 54 94]
[91 87 54 95]
[90 88 55 96]
[92 88 55 95]
[94 89 56 97]
[96 91 58 99]
[ 99  94  62 100]
[ 99  95  64 102]
[100  95  65 103]
[101  97  66 104]
[104  98  68 105]
[105 100  71 106]
[106 102  74 108]
[109 103  78 109]
[111 105  81 111]
[111 107  83 113]
[115 106  84 112]
[117 108  85 115]
[123 112  90 118]
[126 118  95 124]
[131 123 100 128]
[132 126 104 130]
[133 126 105 130]
[134 126 107 130]
[134 128 108 133]
[137 129 110 133]
[137 131 112 135]
[137 132 114 135]
[134 132 113 134]
[131 130 112 133]
[136 130 113 135]
[140 142 122 154]
[126 163 130 173]
[183 130 129 133]
[136 125 111 158]
[125 124  93 129]
[118 109  82 117]
[119 113  87 125]
[121 131 104 144]
[143 143 129 155]
[159 146 143 164]
[164 136 140 158]
[154 120 124 142]
[118 117  99 132]
[106 103  81 109]
[100  96  72 101]
[98 94 67 99]
[97 93 65 99]
[98 94 65 99]
[ 99  95  66 100]
[101  97  68 102]
[102  98  70 103]
[102  98  70 102]
[100  97  70 101]
[100  96  70 101]
[100  96  71 101]
[101  96  71 101]
[102  98  72 103]
[104  99  74 103]
[103  99  74 104]
[105 100  76 105]
[112 105  84 111]
[128 117 103 124]
[148 136 129 144]
[164 159 156 165]
[176 171 174 176]
[179 176 181 180]
[181 176 182 179]
[180 176 181 180]
[180 176 181 180]
[181 176 182 180]
[181 177 183 180]
[180 176 183 180]
[181 174 183 179]
[180 174 180 179]
[180 174 175 178]
[143 185 159 188]
[182 154 144 145]
[175 135 137 162]
[184 144 148 170]
[171 164 165 186]
[181 177 179 179]
[177 174 179 178]
[169 167 169 168]
[144 166 152 169]
[155 149 144 152]
[173 147 149 158]
[170 161 161 179]
[179 173 175 182]
[184 177 182 185]
[186 178 185 186]
[185 177 185 186]
[183 178 185 185]
[183 177 185 184]
[183 177 185 184]
[184 178 186 185]
[183 177 185 185]
[181 177 184 184]
[181 174 182 181]
[173 172 178 180]
[172 169 173 176]
[168 168 168 178]
[177 167 169 178]
[176 173 171 185]
[182 173 173 184]
[205 162 181 175]
[182 172 182 170]
[176 166 176 182]
[173 167 175 184]
[169 168 171 185]
[163 167 165 185]
[166 158 157 176]
[163 147 146 171]
[158 133 133 161]
[147 128 120 153]
[136 119 106 140]
[123 114  93 130]
[115 105  82 118]
[108 100  73 113]
[106  96  68 109]
[103  97  64 110]
[107  95  66 107]
[107 100  68 108]
[104  99  70 107]
[104  99  70 105]
[102  97  68 103]
[103  94  66 101]
[104  95  67 103]
[108  97  70 104]
[109 101  73 108]
[111 102  74 109]
[114 102  74 108]
[116 104  76 111]
[117 107  79 115]
[120 111  82 117]
[122 112  84 117]
[120 113  86 119]
[121 114  87 118]
[124 113  88 119]
[125 116  91 123]
[128 122  96 127]
[132 124 101 129]
[133 127 104 132]
[133 127 105 132]
[137 125 105 130]
[138 128 106 135]
[143 133 111 138]
[144 139 116 144]
[147 143 120 146]
[149 144 123 148]
[151 145 125 149]
[153 147 127 149]
[154 148 129 151]
[154 149 132 152]
[155 151 134 154]
[153 152 135 153]
[148 150 134 151]
[143 145 128 145]
[145 137 125 140]
[143 145 130 154]
[126 162 131 172]
[182 123 130 126]
[132 129 111 158]
[123 117  91 127]
[119 112  85 122]
[123 118  91 127]
[121 132 107 144]
[146 140 129 151]
[160 143 144 164]
[162 137 142 160]
[149 123 123 142]
[116 115  96 127]
[104  99  78 105]
[97 93 69 99]
[96 91 65 97]
[95 92 63 97]
[97 92 64 97]
[ 99  95  66 100]
[101  97  68 102]
[102  99  70 103]
[102  98  71 103]
[101  97  70 102]
[100  97  70 101]
[100  96  71 101]
[101  97  71 102]
[102  99  72 104]
[104  99  73 104]
[104 100  74 105]
[106 101  77 106]
[113 106  85 112]
[130 118 104 124]
[148 138 132 147]
[166 160 159 167]
[179 172 178 178]
[181 177 186 183]
[183 177 186 182]
[182 178 187 183]
[182 179 187 184]
[183 178 188 183]
[182 177 187 183]
[181 175 187 181]
[178 176 187 182]
[178 175 183 181]
[182 173 177 177]
[140 192 157 203]
[183 161 142 164]
[194 154 131 180]
[197 159 144 183]
[181 182 166 194]
[183 179 181 182]
[180 178 183 180]
[172 169 172 171]
[151 165 154 170]
[150 154 143 158]
[173 147 147 154]
[166 158 158 177]
[175 171 172 181]
[182 175 181 184]
[184 175 183 185]
[182 176 183 185]
[181 176 183 183]
[182 175 183 183]
[182 177 184 185]
[183 178 185 186]
[184 178 185 185]
[183 177 183 184]
[182 175 182 182]
[173 174 177 181]
[173 167 172 174]
[168 165 167 177]
[175 165 168 176]
[173 170 170 183]
[182 170 172 181]
[203 161 181 175]
[182 173 182 169]
[175 165 176 182]
[172 165 174 182]
[170 164 170 182]
[163 164 165 184]
[163 158 157 176]
[164 147 146 169]
[158 135 133 161]
[148 128 119 152]
[135 121 105 141]
[123 114  92 129]
[113 106  81 119]
[107  99  73 112]
[105  96  67 108]
[105  98  66 110]
[113 101  72 112]
[119 109  84 120]
[122 117  93 125]
[123 119  95 125]
[122 117  92 123]
[122 114  91 122]
[121 117  92 126]
[126 122  96 129]
[130 125  99 131]
[134 126 100 132]
[136 128 102 136]
[139 132 104 138]
[139 135 106 139]
[141 135 107 139]
[141 136 109 140]
[136 139 110 142]
[138 136 111 138]
[140 133 112 139]
[141 137 116 144]
[144 142 121 147]
[148 146 126 150]
[148 147 128 151]
[146 145 127 149]
[147 140 125 146]
[148 140 123 148]
[149 144 126 150]
[152 149 129 152]
[154 148 130 152]
[155 149 132 154]
[155 151 134 156]
[156 152 136 157]
[156 153 138 157]
[157 153 140 158]
[160 155 144 158]
[159 157 147 161]
[153 157 146 159]
[147 150 139 151]
[147 139 132 144]
[143 144 134 153]
[130 159 132 170]
[174 122 130 130]
[134 134 110 153]
[121 115  91 126]
[118 113  86 123]
[125 119  95 127]
[121 134 111 147]
[153 139 132 151]
[161 145 147 168]
[163 143 145 160]
[146 125 123 141]
[116 112  95 124]
[103  99  77 105]
[97 93 68 98]
[96 91 64 96]
[96 92 64 97]
[98 93 64 98]
[100  96  67 101]
[102  98  70 103]
[103  99  71 104]
[102  99  71 104]
[102  98  71 103]
[101  97  71 102]
[101  97  71 102]
[102  97  71 102]
[103  99  72 104]
[104 100  73 105]
[104 100  74 105]
[106 102  77 107]
[112 107  86 113]
[129 117 104 124]
[145 138 132 147]
[165 158 159 164]
[178 168 178 176]
[180 175 185 183]
[182 177 186 182]
[181 178 187 183]
[181 179 188 184]
[183 177 188 183]
[181 176 187 182]
[181 174 186 180]
[177 174 186 180]
[177 173 183 178]
[181 166 176 176]
[141 188 156 201]
[177 162 140 164]
[196 150 128 173]
[187 158 141 188]
[184 180 163 188]
[183 179 181 183]
[182 179 184 182]
[173 170 173 173]
[155 165 155 170]
[144 158 143 163]
[174 145 145 148]
[164 155 155 176]
[171 168 170 179]
[179 172 179 181]
[182 170 181 183]
[180 171 180 183]
[180 173 180 182]
[180 173 180 182]
[181 175 182 184]
[179 176 184 185]
[184 175 184 183]
[181 175 182 186]
[179 177 182 185]
[173 175 176 182]
[175 166 170 174]
[169 165 166 177]
[175 165 167 176]
[174 170 169 183]
[183 169 172 181]
[204 163 181 176]
[183 173 181 169]
[176 165 175 182]
[174 164 173 182]
[173 162 170 180]
[164 163 165 184]
[163 159 157 178]
[165 148 147 169]
[159 138 134 162]
[151 128 120 152]
[134 122 105 142]
[123 115  92 129]
[110 105  80 118]
[107  97  72 108]
[101  93  66 108]
[106  97  68 109]
[119 106  80 118]
[130 122 100 133]
[136 133 115 142]
[138 134 118 142]
[138 130 115 138]
[139 128 113 137]
[137 132 115 140]
[142 136 119 141]
[144 139 123 146]
[148 139 126 148]
[148 143 127 150]
[150 145 127 150]
[151 145 127 149]
[149 145 127 150]
[147 146 127 150]
[144 147 126 148]
[146 143 127 144]
[150 141 131 146]
[151 145 137 152]
[155 150 142 156]
[157 153 146 158]
[158 154 146 158]
[153 150 142 155]
[152 143 136 148]
[147 141 132 149]
[141 144 131 151]
[142 144 130 148]
[139 141 129 149]
[136 142 129 150]
[136 142 128 148]
[136 138 128 147]
[136 138 129 146]
[138 139 133 147]
[145 139 138 149]
[148 145 144 155]
[148 149 146 155]
[145 145 140 150]
[149 137 134 143]
[143 142 134 152]
[135 153 133 163]
[164 126 129 136]
[134 132 110 148]
[122 117  92 125]
[118 115  88 124]
[127 119  98 128]
[124 137 114 149]
[158 140 137 151]
[161 149 151 173]
[163 146 148 160]
[147 127 125 141]
[118 113  97 125]
[105 101  80 107]
[ 99  96  70 100]
[97 92 66 97]
[97 93 65 98]
[98 94 66 99]
[101  97  68 101]
[103  98  71 103]
[104 100  72 105]
[103  99  72 104]
[102  98  71 103]
[101  97  70 102]
[101  97  70 102]
[102  97  70 103]
[103  98  71 103]
[104  99  71 104]
[104 100  73 105]
[106 101  76 106]
[112 107  86 113]
[129 116 104 123]
[143 137 131 147]
[164 156 158 162]
[178 166 177 174]
[179 174 185 183]
[181 176 186 181]
[180 178 186 183]
[181 179 187 183]
[184 176 187 183]
[183 175 187 183]
[182 175 187 183]
[177 177 186 184]
[180 174 183 178]
[185 168 176 176]
[145 186 156 201]
[175 165 139 167]
[201 147 130 166]
[183 160 140 189]
[180 176 163 186]
[182 179 181 184]
[181 179 184 182]
[174 171 174 174]
[158 164 157 169]
[139 162 143 166]
[175 142 143 145]
[163 154 152 175]
[170 167 166 178]
[179 169 175 180]
[183 168 179 182]
[179 169 178 184]
[179 171 178 182]
[179 171 178 182]
[182 173 180 182]
[176 176 182 186]
[184 172 182 180]
[179 172 181 186]
[176 175 180 184]
[173 172 174 180]
[175 163 169 174]
[170 165 165 179]
[175 166 166 177]
[175 170 168 184]
[183 170 171 183]
[204 164 180 176]
[183 174 181 170]
[176 166 174 184]
[176 163 172 182]
[174 161 169 181]
[165 165 165 184]
[163 160 157 178]
[164 150 148 170]
[161 140 135 162]
[152 130 121 153]
[133 125 106 144]
[121 116  92 128]
[112 102  78 115]
[107  94  71 108]
[102  96  67 108]
[107  98  70 110]
[122 109  86 123]
[137 129 111 141]
[148 141 129 151]
[150 142 134 152]
[148 139 132 150]
[145 139 131 150]
[140 143 133 153]
[144 145 137 153]
[147 146 141 155]
[151 145 142 155]
[149 145 142 156]
[148 145 141 155]
[147 145 139 153]
[143 145 137 152]
[140 143 134 149]
[140 140 131 147]
[148 138 133 147]
[156 144 141 153]
[159 153 150 161]
[164 157 156 164]
[164 162 159 169]
[165 161 158 167]
[159 156 151 162]
[157 147 143 153]
[146 145 136 152]
[140 143 131 146]
[141 133 125 138]
[139 130 121 138]
[137 129 119 137]
[141 125 118 133]
[140 124 118 136]
[139 125 119 137]
[142 127 123 137]
[146 129 131 141]
[148 135 139 149]
[149 141 144 153]
[145 142 141 151]
[149 137 137 144]
[141 144 136 155]
[138 152 136 160]
[161 131 131 138]
[135 133 113 147]
[126 122  99 128]
[123 121  96 128]
[129 124 105 133]
[132 140 120 152]
[161 143 142 155]
[163 156 155 175]
[162 146 150 162]
[150 129 128 143]
[121 115 101 128]
[107 104  83 110]
[100  97  72 101]
[98 93 67 98]
[98 93 66 98]
[ 98  95  67 100]
[101  97  69 101]
[103  98  71 104]
[104 100  72 105]
[102  99  71 104]
[101  97  70 102]
[100  96  69 101]
[100  96  69 101]
[101  96  69 102]
[101  97  69 102]
[102  97  69 103]
[102  98  70 103]
[106 101  75 106]
[112 107  85 113]
[130 116 104 123]
[142 139 130 148]
[166 156 158 162]
[181 167 178 175]
[180 176 185 184]
[181 177 186 182]
[181 179 186 184]
[184 179 186 184]
[187 177 187 184]
[186 178 187 186]
[184 178 187 185]
[177 181 186 187]
[182 175 183 180]
[188 168 177 177]
[160 185 158 199]
[182 168 143 174]
[209 158 141 170]
[184 171 150 193]
[180 176 166 184]
[180 178 180 183]
[179 177 184 182]
[175 169 174 173]
[159 163 159 169]
[137 164 144 169]
[175 140 143 143]
[162 154 151 177]
[170 167 164 179]
[180 170 173 181]
[185 169 177 184]
[180 170 176 185]
[178 169 176 182]
[178 169 175 182]
[184 170 177 182]
[176 178 179 189]
[188 173 181 180]
[181 173 180 187]
[177 174 178 185]
[175 170 174 180]
[176 163 169 176]
[171 165 165 179]
[175 166 166 178]
[177 170 168 183]
[184 170 171 184]
[204 164 180 177]
[184 174 181 170]
[178 165 174 184]
[177 162 171 183]
[175 161 169 181]
[165 165 165 183]
[162 160 158 177]
[162 151 148 170]
[162 140 136 161]
[151 131 122 153]
[133 126 106 143]
[119 114  90 126]
[113 101  77 113]
[103  95  71 111]
[103  97  67 106]
[108  98  71 109]
[125 112  90 125]
[141 132 117 146]
[154 146 138 158]
[157 148 144 161]
[154 145 141 157]
[151 143 139 153]
[148 144 139 153]
[156 142 144 152]
[160 144 148 157]
[162 145 151 159]
[160 146 150 159]
[157 145 148 157]
[156 141 145 153]
[153 139 140 150]
[149 138 136 147]
[148 137 135 147]
[150 139 139 153]
[157 146 147 158]
[164 155 156 165]
[169 161 164 170]
[169 167 167 174]
[170 165 165 171]
[163 159 157 166]
[161 150 147 157]
[155 146 138 154]
[157 144 132 149]
[158 142 130 151]
[156 145 127 155]
[158 147 125 156]
[163 147 125 157]
[161 151 126 160]
[160 152 126 160]
[162 149 128 158]
[163 151 135 158]
[161 153 143 161]
[156 153 146 161]
[149 150 144 156]
[152 140 140 145]
[142 145 139 155]
[145 149 140 156]
[160 135 137 144]
[139 140 123 152]
[134 130 109 136]
[130 129 107 135]
[132 133 116 140]
[139 141 128 154]
[159 144 146 160]
[165 158 157 173]
[161 146 150 163]
[151 128 128 143]
[122 117 102 130]
[108 105  84 110]
[101  96  73 102]
[98 94 68 99]
[99 94 66 98]
[ 98  95  66 100]
[101  96  68 101]
[102  98  70 104]
[103  99  71 104]
[102  98  70 103]
[100  96  68 101]
[ 99  95  67 100]
[ 99  95  67 100]
[100  95  67 101]
[100  96  67 101]
[100  96  67 101]
[101  97  69 102]
[105 100  74 106]
[112 108  85 113]
[131 116 104 123]
[141 140 131 150]
[168 157 159 163]
[183 169 179 178]
[182 178 187 186]
[184 179 187 184]
[184 180 186 186]
[186 180 186 186]
[189 180 187 187]
[187 181 187 188]
[186 181 188 187]
[178 183 186 188]
[183 176 184 181]
[190 168 178 178]
[173 182 164 197]
[187 175 153 188]
[208 176 155 181]
[187 187 162 193]
[180 178 170 182]
[177 177 181 182]
[178 177 183 179]
[176 166 174 172]
[161 162 160 169]
[136 165 145 171]
[174 139 144 142]
[160 153 150 176]
[168 165 162 178]
[178 169 171 182]
[183 170 175 184]
[181 170 175 185]
[178 169 174 183]
[180 168 174 181]
[184 168 176 183]
[175 180 178 193]
[190 174 180 181]
[184 175 180 189]
[179 176 178 188]
[178 173 174 183]
[177 167 169 178]
[172 166 165 179]
[174 166 165 179]
[177 170 167 183]
[184 170 170 184]
[204 165 181 178]
[183 173 181 170]
[179 165 174 184]
[180 162 172 183]
[176 163 170 182]
[165 166 166 183]
[162 160 158 175]
[160 149 147 168]
[160 137 134 158]
[147 130 120 152]
[131 123 103 140]
[119 111  87 125]
[113  99  77 111]
[103  97  70 109]
[101  94  67 105]
[108  99  73 111]
[126 114  93 127]
[143 135 120 149]
[158 149 141 160]
[160 151 148 163]
[156 147 144 159]
[155 144 141 155]
[153 148 142 161]
[164 152 149 164]
[169 158 155 173]
[173 161 157 175]
[173 161 156 173]
[172 160 154 170]
[169 158 152 168]
[165 158 150 168]
[161 156 145 164]
[160 154 143 161]
[158 153 144 159]
[163 152 150 159]
[165 156 158 167]
[170 164 166 172]
[171 168 169 176]
[171 167 167 173]
[164 161 160 169]
[163 152 150 160]
[157 153 143 164]
[159 156 143 166]
[163 162 144 168]
[163 163 141 168]
[163 163 140 169]
[165 163 141 170]
[164 165 141 169]
[162 163 140 167]
[161 161 141 166]
[163 160 144 165]
[164 160 148 163]
[158 158 150 162]
[150 151 145 155]
[148 142 142 147]
[144 145 142 154]
[149 148 145 158]
[159 143 146 153]
[147 146 134 155]
[140 136 122 143]
[134 138 121 146]
[139 140 127 145]
[148 142 136 153]
[157 146 151 166]
[165 155 158 171]
[161 146 150 162]
[150 128 129 143]
[121 117 102 130]
[109 104  83 110]
[101  97  73 102]
[ 98  95  69 100]
[99 94 67 99]
[ 98  95  67 101]
[101  96  68 100]
[102  97  69 102]
[101  98  70 103]
[101  97  69 102]
[100  96  68 101]
[ 99  95  67 100]
[99 95 66 99]
[ 99  95  67 100]
[100  96  67 100]
[ 99  96  67 100]
[101  97  69 102]
[106 100  75 105]
[112 107  85 113]
[131 116 104 123]
[140 141 130 151]
[169 157 159 163]
[184 170 180 179]
[184 180 188 188]
[186 180 188 185]
[185 181 187 187]
[186 180 186 187]
[187 180 186 187]
[186 181 187 187]
[186 181 187 186]
[178 183 186 189]
[184 176 184 181]
[189 169 180 179]
[177 178 173 192]
[178 180 167 191]
[190 179 167 183]
[183 186 169 184]
[182 175 175 177]
[176 177 181 183]
[179 176 183 179]
[176 166 175 173]
[162 162 161 170]
[136 165 145 171]
[174 139 143 142]
[160 153 148 175]
[168 164 161 177]
[177 169 170 182]
[182 170 175 184]
[181 170 175 185]
[178 170 175 185]
[183 168 175 181]
[185 169 177 184]
[173 180 178 193]
[189 173 179 180]
[185 175 179 189]
[179 178 179 190]
[179 174 175 184]
[178 168 170 179]
[173 166 165 178]
[171 166 164 179]
[177 167 166 180]
[182 168 169 184]
[204 165 180 178]
[184 172 180 169]
[182 163 173 183]
[181 163 173 185]
[176 166 172 185]
[164 168 166 183]
[160 160 158 174]
[159 147 146 165]
[156 134 132 156]
[143 128 117 148]
[127 119 100 136]
[117 110  86 123]
[110 100  75 113]
[104  99  69 108]
[101  95  67 105]
[109 100  74 111]
[126 114  95 127]
[143 136 122 149]
[157 149 143 162]
[160 152 149 164]
[157 148 145 159]
[154 145 142 158]
[150 151 144 164]
[162 155 151 165]
[166 159 157 172]
[167 161 160 174]
[167 161 159 173]
[169 160 158 172]
[169 161 158 171]
[169 163 157 170]
[165 161 155 168]
[160 158 151 164]
[159 156 149 160]
[163 152 152 160]
[165 157 159 167]
[170 163 165 171]
[171 168 169 175]
[171 166 167 174]
[165 162 160 168]
[164 152 153 160]
[159 152 149 162]
[161 157 152 163]
[164 160 155 164]
[164 159 155 165]
[166 159 155 164]
[165 160 156 165]
[164 161 156 165]
[161 158 155 163]
[162 157 155 162]
[162 157 155 163]
[162 157 156 163]
[158 156 153 161]
[148 150 146 155]
[142 143 142 149]
[147 142 142 149]
[150 144 148 159]
[158 149 153 159]
[151 147 144 156]
[145 138 134 149]
[139 144 132 153]
[144 146 136 153]
[157 144 145 158]
[163 152 156 171]
[165 155 161 174]
[160 146 151 163]
[151 127 128 141]
[120 115 101 129]
[107 103  83 109]
[101  96  72 101]
[ 99  95  69 100]
[100  95  69 100]
[ 99  96  68 101]
[100  95  67 100]
[101  96  68 102]
[100  97  69 102]
[101  97  69 101]
[ 99  96  68 101]
[99 95 67 99]
[99 94 66 99]
[ 99  95  67 100]
[100  96  68 100]
[101  96  69 101]
[102  98  71 102]
[107 101  75 106]
[113 108  85 115]
[131 116 103 123]
[140 141 129 151]
[170 156 158 162]
[183 169 179 180]
[185 180 188 188]
[186 180 188 186]
[185 180 187 186]
[185 179 186 185]
[184 179 186 185]
[184 180 186 186]
[184 180 187 186]
[178 183 185 189]
[184 176 183 181]
[189 169 181 178]
[180 174 177 184]
[177 175 174 180]
[180 173 174 177]
[176 176 176 180]
[183 174 180 177]
[175 179 183 186]
[180 176 183 179]
[176 167 175 172]
[163 162 161 169]
[134 165 145 173]
[173 139 141 142]
[160 153 146 175]
[169 164 160 178]
[178 170 171 183]
[182 171 175 185]
[183 170 176 186]
[179 171 176 187]
[186 168 176 182]
[185 169 177 185]
[174 179 177 192]
[189 171 179 180]
[183 175 179 190]
[180 177 178 188]
[178 174 175 184]
[179 169 171 179]
[173 165 166 179]
[169 166 163 178]
[176 164 164 177]
[181 167 168 183]
[204 164 180 177]
[183 171 179 168]
[182 162 173 184]
[179 166 175 187]
[170 169 174 185]
[159 166 167 180]
[157 153 156 169]
[157 142 144 161]
[153 131 130 153]
[140 124 114 144]
[125 117  98 132]
[115 107  84 119]
[107 100  74 111]
[102  96  68 106]
[101  95  67 105]
[110 100  75 111]
[127 116  97 129]
[145 137 124 149]
[158 150 145 162]
[161 152 149 164]
[158 147 146 159]
[156 145 143 157]
[150 151 145 162]
[160 152 152 160]
[164 154 157 166]
[165 154 160 167]
[165 154 160 166]
[167 153 160 166]
[167 157 161 170]
[168 161 163 170]
[166 161 161 168]
[159 159 157 166]
[159 154 153 160]
[164 150 154 159]
[165 156 159 167]
[168 163 164 171]
[170 168 168 174]
[171 166 167 173]
[162 162 160 169]
[164 153 154 159]
[159 153 152 163]
[161 159 158 166]
[167 162 163 168]
[169 162 165 170]
[171 163 166 171]
[170 165 168 172]
[170 165 168 171]
[167 163 166 169]
[168 161 165 168]
[166 162 165 169]
[164 160 163 167]
[158 156 156 163]
[148 149 147 156]
[142 143 140 149]
[153 140 143 148]
[148 150 153 167]
[156 153 158 163]
[154 145 151 157]
[150 138 144 153]
[142 145 140 160]
[149 149 144 160]
[165 149 152 164]
[168 156 163 178]
[169 159 166 177]
[158 149 155 165]
[152 125 130 140]
[119 113 101 130]
[107 104  83 108]
[100  96  72 101]
[ 99  95  69 101]
[101  96  69 101]
[100  97  69 102]
[101  96  68 100]
[100  96  68 101]
[100  97  68 102]
[100  96  68 101]
[ 99  96  68 100]
[99 94 67 99]
[99 94 66 99]
[ 99  96  67 101]
[100  96  69 101]
[101  96  70 101]
[102  97  71 103]
[106 100  75 106]
[111 107  84 113]
[130 115 102 122]
[139 140 128 150]
[169 155 157 161]
[183 170 179 180]
[185 179 187 188]
[185 181 189 186]
[185 180 188 185]
[184 179 187 184]
[183 178 186 184]
[183 179 186 184]
[183 179 186 184]
[177 182 184 188]
[183 175 183 181]
[188 170 181 179]
[181 174 179 184]
[179 175 178 181]
[182 175 179 179]
[178 178 181 183]
[186 175 184 178]
[177 181 185 188]
[180 177 184 180]
[177 168 175 173]
[165 160 162 168]
[133 165 144 172]
[170 138 139 140]
[158 151 143 173]
[168 164 158 177]
[178 170 171 183]
[183 171 175 187]
[183 171 176 187]
[181 172 176 188]
[187 167 176 183]
[184 169 176 186]
[174 178 175 191]
[188 170 177 180]
[183 174 178 188]
[183 175 177 186]
[176 175 175 187]
[181 170 172 179]
[172 165 166 179]
[167 165 162 178]
[176 162 163 175]
[181 167 168 184]
[205 164 181 176]
[182 170 178 167]
[176 162 173 183]
[171 165 174 185]
[164 163 171 179]
[157 157 163 172]
[158 144 154 165]
[156 136 144 162]
[154 130 130 152]
[137 123 114 143]
[123 116  96 130]
[113 106  82 117]
[105  99  72 109]
[101  95  67 104]
[101  94  67 104]
[111 100  76 111]
[128 117  98 130]
[148 138 126 150]
[160 152 146 163]
[162 154 151 165]
[159 149 147 160]
[157 146 145 158]
[152 152 146 164]
[163 154 153 163]
[167 157 158 169]
[167 157 161 171]
[170 156 161 168]
[171 156 162 169]
[169 160 164 172]
[169 162 164 170]
[167 160 162 168]
[159 160 158 166]
[160 154 155 160]
[164 151 155 160]
[165 157 159 167]
[168 163 165 171]
[169 168 168 174]
[171 165 167 171]
[160 162 160 170]
[166 152 154 157]
[159 153 153 164]
[162 160 160 168]
[168 162 166 170]
[171 162 169 172]
[172 163 170 174]
[171 166 171 176]
[170 166 171 173]
[168 164 170 172]
[169 162 169 171]
[168 162 168 171]
[167 160 165 167]
[159 155 158 163]
[148 150 148 157]
[143 144 140 152]
[154 143 145 153]
[150 159 156 170]
[161 153 161 162]
[159 142 156 161]
[160 139 151 158]
[151 146 148 166]
[156 153 151 168]
[171 154 158 170]
[172 162 168 183]
[173 162 170 180]
[156 153 157 169]
[157 123 131 136]
[118 111 101 132]
[107 104  83 109]
[101  96  72 101]
[ 98  95  69 101]
[100  95  69 101]
[100  96  68 101]
[100  96  68 101]
[101  96  69 101]
[101  97  69 102]
[101  97  70 102]
[100  96  68 101]
[ 99  95  67 100]
[99 95 67 99]
[ 99  95  67 100]
[ 99  96  68 101]
[100  95  69 100]
[100  95  69 101]
[103  98  73 104]
[110 106  82 111]
[129 114 101 121]
[138 140 128 150]
[169 155 158 161]
[183 170 179 179]
[184 179 188 187]
[185 181 190 186]
[185 180 190 185]
[185 179 189 184]
[184 179 188 184]
[182 179 187 184]
[182 179 186 184]
[177 181 184 187]
[183 176 183 181]
[188 170 181 179]
[181 174 181 184]
[181 176 180 182]
[182 176 182 181]
[181 179 183 184]
[188 176 185 180]
[178 183 186 190]
[181 178 184 181]
[178 168 175 174]
[167 160 162 168]
[132 166 144 173]
[168 138 138 139]
[156 150 142 171]
[167 162 158 176]
[177 169 170 183]
[182 171 174 187]
[183 171 173 187]
[181 171 173 188]
[188 166 173 182]
[182 169 173 186]
[175 175 173 188]
[186 168 174 179]
[183 174 175 187]
[184 174 176 186]
[175 178 174 190]
[182 172 172 178]
[174 166 166 179]
[168 166 162 178]
[178 163 163 176]
[182 169 169 185]
[206 165 181 178]
[183 169 177 165]
[176 161 171 181]
[174 161 170 180]
[171 157 167 178]
[167 155 163 177]
[166 151 158 173]
[158 143 147 168]
[155 130 131 152]
[136 122 113 143]
[121 114  96 127]
[111 104  81 115]
[102  97  70 107]
[100  94  66 103]
[102  94  67 104]
[112 101  78 112]
[132 118 100 131]
[151 139 127 152]
[164 155 147 166]
[165 159 153 168]
[161 153 149 161]
[160 148 147 158]
[155 153 148 165]
[166 156 154 165]
[169 161 160 172]
[170 161 162 172]
[172 158 162 170]
[172 159 164 172]
[169 163 165 172]
[169 163 165 170]
[168 160 163 168]
[159 161 159 168]
[162 156 156 161]
[164 152 156 160]
[164 157 159 166]
[169 163 165 170]
[169 168 168 174]
[172 165 167 170]
[159 163 160 170]
[168 151 155 156]
[162 154 154 166]
[167 163 161 170]
[173 165 167 172]
[176 165 170 174]
[175 165 171 175]
[172 167 172 177]
[171 166 171 173]
[170 164 170 172]
[170 162 170 171]
[169 162 169 172]
[166 160 167 169]
[162 156 160 164]
[149 150 150 158]
[145 146 143 153]
[151 146 147 157]
[152 161 157 172]
[168 155 164 167]
[167 148 161 170]
[171 144 157 166]
[158 153 155 175]
[161 159 156 174]
[172 159 161 174]
[174 166 169 184]
[174 163 171 181]
[154 155 157 172]
[163 121 131 133]
[119 112 102 136]
[108 105  85 111]
[102  97  73 102]
[ 99  95  68 100]
[100  95  68 100]
[100  96  68 102]
[101  96  69 102]
[102  97  70 102]
[101  99  72 104]
[102  99  72 103]
[100  97  70 102]
[ 99  96  68 100]
[99 94 67 98]
[ 99  95  68 100]
[ 99  96  68 100]
[100  94  68  99]
[ 99  95  67 100]
[102  98  71 103]
[110 105  82 111]
[130 115 102 121]
[139 141 130 151]
[169 156 159 162]
[184 170 181 179]
[184 179 189 188]
[186 181 190 186]
[186 181 191 186]
[186 181 191 186]
[185 180 190 185]
[182 179 188 184]
[182 178 186 183]
[175 180 184 187]
[182 175 183 181]
[188 170 182 180]
[182 174 181 185]
[183 176 181 183]
[183 177 183 183]
[182 179 184 185]
[189 176 186 182]
[179 184 187 191]
[182 179 184 182]
[179 169 176 175]
[168 161 163 169]
[132 167 145 174]
[167 138 138 139]
[156 150 143 170]
[168 162 158 175]
[178 170 171 184]
[182 171 173 187]
[182 171 172 188]
[181 171 171 188]
[187 166 171 182]
[180 169 171 185]
[175 172 170 185]
[183 167 172 179]
[180 172 174 185]
[182 173 175 184]
[172 178 173 189]
[180 170 171 177]
[175 166 166 179]
[169 167 162 180]
[180 166 165 177]
[184 172 170 187]
[206 167 182 179]
[183 170 177 167]
[177 163 170 184]
[177 164 170 185]
[176 166 170 188]
[170 167 166 189]
[170 162 160 178]
[164 149 147 167]
[155 130 132 152]
[135 122 114 142]
[119 112  94 125]
[109 103  79 113]
[101  96  69 105]
[ 99  93  65 102]
[102  94  67 104]
[113 101  79 112]
[133 118 101 131]
[150 141 129 155]
[163 158 148 167]
[163 162 153 170]
[161 157 150 163]
[162 150 148 159]
[157 154 149 166]
[165 158 155 167]
[169 163 160 172]
[171 162 162 171]
[173 160 163 171]
[171 162 165 172]
[169 164 166 171]
[169 162 166 169]
[168 161 164 167]
[158 162 161 169]
[162 156 157 160]
[165 151 156 160]
[165 157 159 166]
[169 163 165 170]
[169 168 168 174]
[172 165 167 170]
[159 164 160 171]
[168 151 155 157]
[160 157 155 169]
[166 165 162 173]
[173 168 168 175]
[177 168 171 177]
[176 168 172 177]
[172 169 171 178]
[172 167 171 175]
[172 166 171 174]
[172 164 170 173]
[170 164 170 174]
[167 162 168 171]
[164 157 161 164]
[150 151 152 161]
[147 147 145 153]
[151 149 149 159]
[155 160 157 174]
[175 157 165 172]
[177 156 166 178]
[177 152 163 174]
[162 160 160 180]
[163 160 158 174]
[168 158 160 174]
[172 163 166 181]
[169 161 168 180]
[152 154 153 172]
[165 117 129 131]
[120 116 103 139]
[110 107  86 112]
[103  98  75 103]
[ 99  96  69 101]
[100  95  68 100]
[100  96  68 101]
[102  97  70 102]
[105  98  72 104]
[106 102  75 107]
[107 103  77 106]
[104 101  75 105]
[100  98  71 101]
[100  94  68  99]
[ 99  95  68 101]
[100  96  68 100]
[100  95  67 100]
[100  96  67 100]
[103  99  71 103]
[110 105  82 111]
[131 115 102 122]
[140 142 130 152]
[170 157 160 163]
[185 170 181 180]
[185 179 190 188]
[186 181 191 186]
[186 181 191 187]
[186 181 191 187]
[186 181 190 186]
[184 179 188 185]
[183 178 185 183]
[175 181 183 187]
[182 175 182 180]
[188 169 182 180]
[182 175 182 186]
[184 176 182 183]
[182 177 183 184]
[183 178 184 184]
[188 176 186 182]
[178 183 186 190]
[181 179 183 182]
[179 170 176 175]
[169 162 163 169]
[133 167 145 174]
[166 139 139 140]
[157 150 144 171]
[169 163 160 177]
[180 172 173 186]
[183 172 175 188]
[182 171 173 188]
[181 171 171 188]
[187 166 171 182]
[179 169 170 185]
[175 171 170 183]
[181 167 171 178]
[179 170 173 183]
[182 171 174 181]
[170 176 173 187]
[177 169 171 177]
[176 165 166 177]
[168 167 163 181]
[179 166 165 178]
[184 172 171 186]
[205 167 182 179]
[182 170 178 166]
[180 161 169 182]
[177 163 170 187]
[175 169 172 187]
[167 167 167 185]
[164 157 158 176]
[163 146 147 166]
[154 131 132 153]
[136 122 113 141]
[118 110  93 124]
[107 101  78 111]
[100  95  68 104]
[ 99  92  65 101]
[102  94  68 104]
[113 102  79 112]
[134 117 102 129]
[150 140 129 152]
[162 155 149 164]
[161 160 153 168]
[160 156 150 162]
[164 149 149 156]
[157 152 150 165]
[163 157 155 165]
[165 162 159 170]
[167 161 161 170]
[170 161 163 169]
[169 162 164 171]
[169 163 166 170]
[169 162 166 170]
[169 161 165 168]
[160 163 162 170]
[164 156 158 160]
[165 152 156 161]
[165 157 159 167]
[169 163 164 170]
[169 167 167 174]
[171 164 165 170]
[159 163 159 170]
[168 151 155 156]
[161 157 155 168]
[167 163 162 170]
[173 166 168 174]
[176 168 171 176]
[176 167 171 176]
[172 168 171 177]
[172 167 171 175]
[173 166 171 175]
[172 166 171 175]
[171 165 171 174]
[167 164 168 172]
[167 156 163 164]
[151 154 154 164]
[149 149 148 156]
[152 150 150 161]
[162 159 157 174]
[180 159 166 178]
[183 164 169 185]
[182 161 166 179]
[165 164 160 180]
[163 158 156 171]
[164 154 156 171]
[167 157 159 175]
[162 156 160 175]
[150 148 146 165]
[160 113 125 131]
[120 117 102 138]
[111 107  87 113]
[104 100  77 105]
[101  97  71 102]
[100  96  68 101]
[100  96  68 101]
[103  97  70 103]
[108 100  75 106]
[113 106  80 112]
[115 111  85 114]
[111 111  84 112]
[105 103  76 105]
[101  96  70 100]
[ 99  96  68 101]
[100  95  67 100]
[100  96  67 101]
[100  96  67 101]
[103  98  70 103]
[110 105  81 111]
[130 115 101 122]
[140 142 130 152]
[171 157 160 163]
[185 170 181 180]
[184 179 189 188]
[185 180 190 185]
[186 180 190 185]
[186 180 190 186]
[186 180 190 186]
[185 180 188 186]
[184 179 186 185]
[177 182 183 188]
[187 175 182 180]
[190 172 183 183]
[184 177 182 187]
[184 177 182 183]
[183 177 183 184]
[182 177 183 183]
[187 175 184 181]
[177 181 184 189]
[179 178 182 181]
[179 169 174 174]
[170 160 162 168]
[134 166 144 174]
[165 139 137 141]
[159 151 143 171]
[170 165 162 180]
[182 173 176 187]
[185 174 178 190]
[184 173 175 190]
[182 172 174 189]
[187 167 173 183]
[180 169 172 186]
[176 171 171 184]
[182 168 173 179]
[181 170 174 183]
[183 171 175 182]
[172 178 174 188]
[177 171 172 177]
[177 164 167 176]
[168 166 163 181]
[177 166 165 178]
[184 171 171 186]
[205 167 182 179]
[185 169 177 164]
[181 159 171 183]
[174 167 172 190]
[172 168 171 184]
[166 164 165 180]
[162 155 158 176]
[160 145 148 166]
[154 130 132 152]
[135 118 112 139]
[117 108  93 124]
[107 100  78 111]
[100  94  68 104]
[ 99  92  65 101]
[102  95  68 104]
[112 102  79 112]
[134 116 102 128]
[149 140 129 152]
[162 155 149 163]
[161 161 154 169]
[159 157 152 163]
[165 150 150 157]
[159 153 151 165]
[161 157 155 165]
[164 160 159 167]
[164 159 160 167]
[168 158 161 166]
[167 159 163 168]
[168 161 165 170]
[167 163 166 170]
[168 162 165 168]
[160 163 162 170]
[165 156 158 161]
[166 153 156 162]
[164 158 158 168]
[169 163 163 169]
[169 166 166 173]
[170 163 164 169]
[159 163 158 170]
[168 152 155 157]
[162 157 155 168]
[169 163 162 170]
[174 168 169 176]
[177 170 171 178]
[177 169 171 177]
[172 169 171 178]
[172 168 171 175]
[173 167 171 175]
[173 166 171 175]
[173 165 171 174]
[162 167 170 176]
[171 156 165 163]
[152 152 155 166]
[151 151 150 158]
[154 151 150 162]
[166 157 158 173]
[177 163 168 183]
[180 169 170 186]
[179 164 165 178]
[165 162 158 177]
[159 156 152 168]
[159 152 149 166]
[161 149 150 168]
[156 150 149 168]
[146 142 138 159]
[155 112 121 129]
[119 114  99 135]
[112 107  87 113]
[106 102  78 107]
[103  99  73 104]
[101  97  70 102]
[101  97  69 102]
[104  99  72 104]
[112 102  78 108]
[121 111  88 118]
[121 121  95 125]
[117 122  94 120]
[110 108  83 108]
[101  98  73 102]
[100  96  68  99]
[ 99  94  67 100]
[100  96  67 100]
[ 99  96  66 100]
[102  97  69 102]
[109 104  79 110]
[129 114  99 121]
[140 141 129 151]
[172 157 160 163]
[184 171 181 181]
[184 180 189 187]
[185 179 188 184]
[186 179 188 185]
[187 181 189 186]
[187 182 190 187]
[185 182 189 187]
[182 180 186 185]
[181 180 182 186]
[189 176 182 183]
[192 179 185 187]
[187 182 184 188]
[184 179 183 185]
[184 179 183 183]
[181 177 183 183]
[186 174 183 179]
[175 179 182 187]
[176 177 180 180]
[178 167 172 172]
[169 159 160 167]
[134 165 142 173]
[162 140 135 142]
[158 151 141 169]
[170 166 161 180]
[184 174 177 188]
[186 174 180 192]
[185 173 178 191]
[183 173 176 190]
[187 168 175 184]
[182 169 174 186]
[177 172 173 185]
[184 170 175 181]
[182 172 176 185]
[184 173 178 184]
[172 180 176 190]
[180 172 173 178]
[178 164 168 177]
[169 167 164 181]
[177 166 165 178]
[183 170 170 185]
[205 166 182 179]
[185 170 178 166]
[180 160 172 183]
[172 166 171 186]
[169 164 168 181]
[165 160 164 179]
[163 155 157 175]
[159 144 146 166]
[155 129 131 150]
[134 117 111 140]
[119 108  92 123]
[107 100  78 111]
[101  95  69 104]
[ 99  93  65 101]
[101  95  68 104]
[111 101  78 111]
[132 115 101 127]
[149 138 128 151]
[163 155 149 163]
[163 163 156 170]
[160 160 154 166]
[167 151 153 158]
[160 154 153 165]
[163 157 157 164]
[165 159 160 167]
[165 160 162 167]
[166 159 162 166]
[167 159 163 167]
[167 160 165 169]
[167 162 165 169]
[169 161 165 167]
[159 163 162 170]
[163 155 159 161]
[166 152 156 161]
[163 158 158 167]
[168 163 163 169]
[169 165 165 171]
[169 163 164 169]
[158 163 158 169]
[167 152 155 157]
[162 157 156 168]
[169 163 163 171]
[174 169 170 176]
[176 171 172 178]
[176 170 172 177]
[172 170 171 177]
[172 167 170 174]
[173 166 171 174]
[173 166 171 175]
[171 166 172 176]
[163 167 169 175]
[176 154 164 160]
[151 154 156 171]
[153 151 150 158]
[157 150 149 162]
[167 156 159 172]
[175 164 168 181]
[175 165 168 180]
[173 158 163 173]
[161 156 154 171]
[152 151 146 164]
[152 146 141 158]
[152 142 141 159]
[145 143 139 162]
[139 137 130 152]
[153 109 115 124]
[117 112  97 134]
[112 107  87 114]
[106 103  79 109]
[105 100  74 105]
[102  98  71 103]
[102  98  70 103]
[105 100  74 105]
[116 104  82 110]
[122 117  96 124]
[124 127 104 131]
[119 124 100 123]
[114 110  87 110]
[102  99  75 104]
[100  95  69  99]
[ 98  95  68 101]
[100  96  67 100]
[ 99  96  66 100]
[101  97  68 101]
[107 103  78 109]
[129 113  99 119]
[140 141 128 151]
[173 157 160 164]
[185 173 182 182]
[186 180 189 187]
[185 180 189 185]
[185 180 189 186]
[186 181 189 186]
[186 182 190 187]
[183 182 188 186]
[179 181 187 184]
[176 179 184 185]
[177 175 184 186]
[182 177 184 184]
[179 178 183 184]
[179 176 182 181]
[181 174 181 180]
[179 175 182 181]
[184 173 182 177]
[175 178 182 185]
[176 176 178 179]
[178 167 172 172]
[170 159 160 167]
[137 163 140 170]
[163 140 131 141]
[158 153 139 169]
[170 170 160 182]
[185 175 177 189]
[187 174 180 192]
[185 173 179 191]
[183 173 177 191]
[188 168 176 185]
[183 170 175 187]
[178 173 175 187]
[185 171 176 182]
[184 173 178 185]
[185 174 180 185]
[173 181 178 191]
[180 173 174 179]
[179 166 169 178]
[170 167 165 181]
[176 166 165 178]
[183 170 170 184]
[204 165 181 178]
[186 169 179 165]
[183 160 172 181]
[171 164 171 187]
[171 163 169 181]
[167 161 163 180]
[164 157 157 176]
[159 146 146 167]
[158 128 130 150]
[136 118 111 141]
[120 109  92 124]
[107 101  78 113]
[102  96  69 104]
[100  93  66 102]
[101  95  68 103]
[110 101  77 110]
[130 113  99 124]
[148 135 126 148]
[160 153 149 164]
[163 164 157 170]
[161 161 156 167]
[169 151 155 158]
[160 156 155 167]
[165 159 160 166]
[165 161 163 170]
[167 163 164 169]
[168 159 163 166]
[168 159 163 167]
[166 160 165 169]
[167 162 166 169]
[167 160 165 168]
[160 162 162 169]
[164 155 158 160]
[166 151 156 160]
[162 157 158 167]
[167 162 163 168]
[169 164 165 170]
[168 162 164 169]
[158 163 159 168]
[167 152 156 157]
[163 157 158 166]
[169 162 164 170]
[173 168 170 175]
[175 170 173 177]
[174 169 172 176]
[171 169 171 176]
[172 167 171 174]
[173 166 171 175]
[172 167 172 176]
[171 166 171 175]
[164 166 167 176]
[175 152 164 162]
[154 158 155 171]
[151 149 149 158]
[157 149 149 161]
[166 155 158 171]
[173 164 167 178]
[173 164 167 177]
[170 157 161 170]
[156 153 152 168]
[145 147 141 160]
[145 139 134 151]
[146 135 133 150]
[136 138 132 155]
[136 130 124 144]
[149 105 112 122]
[116 113  97 133]
[112 107  86 112]
[106 102  78 109]
[105 100  74 105]
[104  99  72 104]
[103  99  72 104]
[107 102  76 107]
[119 107  87 113]
[116 123 103 129]
[127 126 109 127]
[119 116 103 124]
[115 108  90 112]
[103 101  77 106]
[101  96  70 100]
[100  96  68 101]
[100  96  68 100]
[ 99  96  67 100]
[102  97  69 101]
[107 103  78 108]
[129 113  99 119]
[142 141 129 151]
[175 158 161 165]
[185 175 184 185]
[188 182 191 188]
[186 181 190 186]
[186 181 189 185]
[185 181 190 185]
[184 182 190 186]
[182 181 189 185]
[179 179 186 183]
[181 174 183 178]
[180 170 182 177]
[180 168 182 177]
[178 168 181 178]
[178 169 181 178]
[180 170 183 179]
[179 174 183 182]
[184 173 184 179]
[177 179 183 185]
[177 177 180 181]
[179 170 174 174]
[171 161 161 167]
[138 162 139 169]
[157 141 130 144]
[154 156 137 170]
[171 169 157 179]
[187 174 175 187]
[187 175 180 193]
[185 173 178 191]
[183 173 177 191]
[188 168 176 185]
[183 170 175 187]
[179 174 175 188]
[185 171 176 183]
[186 174 178 186]
[187 175 180 186]
[174 183 179 193]
[181 174 176 180]
[180 166 170 178]
[169 168 166 182]
[176 166 165 177]
[182 169 169 183]
[203 164 181 178]
[188 172 179 171]
[187 167 175 186]
[174 168 172 190]
[176 165 169 181]
[168 164 164 184]
[163 160 158 178]
[162 147 145 166]
[160 127 129 150]
[137 121 111 143]
[121 112  93 125]
[108 103  78 113]
[102  96  70 104]
[100  94  66 102]
[100  95  67 103]
[107 100  76 109]
[125 111  95 122]
[144 130 121 142]
[156 149 144 160]
[162 160 155 167]
[159 160 156 167]
[168 151 155 159]
[161 155 156 167]
[167 159 162 166]
[166 163 166 171]
[167 163 166 170]
[166 161 165 169]
[167 160 165 167]
[166 160 165 168]
[168 160 165 167]
[166 161 165 168]
[158 162 162 169]
[163 153 157 159]
[165 151 156 160]
[162 157 158 166]
[165 160 162 167]
[168 162 165 168]
[166 161 164 168]
[158 162 159 167]
[166 153 157 158]
[163 157 159 167]
[168 162 164 169]
[172 167 170 174]
[174 168 172 175]
[173 168 172 175]
[170 168 171 175]
[170 166 170 174]
[172 166 171 174]
[171 166 171 175]
[170 165 170 174]
[166 163 166 174]
[171 154 162 164]
[154 156 153 167]
[150 148 147 157]
[158 148 149 159]
[164 155 158 170]
[172 164 168 177]
[173 164 168 177]
[169 158 162 170]
[154 153 151 165]
[144 144 139 153]
[140 135 131 147]
[144 133 131 146]
[131 138 131 154]
[136 128 123 140]
[146 104 111 123]
[116 112  96 131]
[110 105  85 112]
[105 101  77 107]
[105  99  74 105]
[103 100  73 106]
[105 101  74 106]
[109 104  79 110]
[123 110  90 115]
[122 125 103 130]
[136 125 111 124]
[122 117 106 130]
[114 108  92 116]
[105 102  77 106]
[101  96  71 101]
[100  97  70 101]
[100  96  69 101]
[ 99  96  69 101]
[101  97  71 101]
[107 103  79 109]
[129 113 100 120]
[143 141 131 151]
[175 159 163 166]
[185 177 185 186]
[188 183 193 188]
[187 182 192 187]
[186 182 191 186]
[186 182 191 186]
[185 182 191 185]
[182 181 189 185]
[180 180 186 186]
[182 177 184 184]
[183 176 182 185]
[185 174 181 184]
[183 175 181 185]
[184 175 182 183]
[186 176 184 183]
[184 177 186 184]
[185 176 187 182]
[179 181 186 186]
[178 179 182 183]
[179 171 175 175]
[172 161 161 166]
[138 159 140 166]
[151 138 128 141]
[151 150 133 162]
[171 164 155 177]
[185 176 176 191]
[188 179 181 195]
[185 173 178 191]
[182 172 176 190]
[188 167 175 184]
[182 169 174 187]
[179 173 174 186]
[185 170 175 183]
[186 174 178 186]
[187 176 180 187]
[174 184 179 194]
[182 175 176 180]
[180 166 171 179]
[169 169 166 182]
[175 166 165 177]
[182 167 169 182]
[203 164 181 177]
[184 174 180 174]
[186 166 174 184]
[178 169 172 188]
[176 165 171 184]
[169 168 167 185]
[163 161 158 177]
[163 146 145 165]
[159 127 129 151]
[135 123 110 144]
[120 114  92 124]
[108 104  78 112]
[103  97  70 104]
[100  94  67 103]
[ 99  95  67 102]
[105  98  73 106]
[120 107  90 117]
[137 123 114 135]
[149 140 135 153]
[155 151 147 162]
[153 156 150 163]
[164 147 151 154]
[157 150 152 164]
[161 156 159 165]
[164 161 163 168]
[166 159 164 167]
[165 158 163 166]
[165 157 163 164]
[164 158 163 167]
[164 158 163 167]
[163 158 162 166]
[158 157 157 164]
[161 150 154 157]
[162 149 154 158]
[159 154 155 162]
[162 156 158 163]
[164 158 160 164]
[163 158 160 164]
[156 158 156 164]
[163 151 155 156]
[161 154 156 164]
[165 158 161 166]
[168 162 166 170]
[170 164 168 172]
[170 165 168 172]
[168 165 167 172]
[168 164 167 171]
[169 163 167 171]
[169 163 167 173]
[169 162 167 173]
[167 162 164 172]
[166 155 159 165]
[155 155 151 163]
[150 147 146 157]
[160 148 150 159]
[165 156 159 171]
[173 164 169 177]
[173 165 170 177]
[169 159 163 170]
[153 155 152 165]
[147 144 140 152]
[141 136 133 150]
[147 136 134 148]
[135 142 133 156]
[143 129 126 140]
[146 108 113 127]
[116 111  96 130]
[109 104  84 111]
[104 100  76 106]
[104  99  73 105]
[104 101  73 106]
[107 102  75 106]
[111 105  81 112]
[121 113  93 119]
[123 128 103 137]
[139 125 110 131]
[131 126 106 131]
[114 111  92 117]
[105 101  77 106]
[101  97  71 102]
[101  97  70 101]
[100  96  70 100]
[99 95 70 99]
[101  96  72 101]
[108 103  81 109]
[128 113 101 120]
[143 140 131 150]
[173 157 162 165]
[184 176 184 184]
[188 181 191 187]
[187 182 191 187]
[186 181 191 186]
[186 182 191 186]
[185 183 191 187]
[183 183 190 187]
[180 181 187 187]
[181 177 184 184]
[182 175 181 184]
[185 174 180 184]
[184 175 180 185]
[185 176 182 185]
[187 178 185 185]
[186 179 187 186]
[186 179 188 184]
[181 181 186 185]
[179 179 183 183]
[176 172 176 177]
[172 160 161 165]
[137 156 138 163]
[147 137 126 138]
[149 145 130 159]
[169 163 155 178]
[183 179 177 192]
[189 179 181 192]
[186 172 178 190]
[182 172 176 190]
[187 167 175 184]
[180 170 173 187]
[179 171 172 184]
[184 170 174 183]
[186 174 177 186]
[187 176 179 187]
[173 184 178 194]
[183 174 176 180]
[180 166 171 180]
[169 169 166 182]
[176 166 166 177]
[182 167 170 182]
[203 164 181 177]
[185 172 179 169]
[182 162 174 184]
[180 168 174 187]
[178 167 173 186]
[171 171 168 185]
[168 162 159 178]
[169 146 146 165]
[159 133 131 152]
[132 126 111 143]
[116 112  91 121]
[106 102  77 110]
[102  96  70 104]
[ 99  94  67 102]
[ 98  94  66 102]
[102  96  71 104]
[113 103  84 113]
[127 115 103 126]
[138 129 122 141]
[144 139 134 151]
[143 145 137 155]
[156 138 139 145]
[149 142 142 156]
[149 148 148 157]
[153 149 153 158]
[155 147 154 159]
[155 148 154 161]
[156 149 154 160]
[155 151 154 160]
[154 150 153 159]
[152 148 152 158]
[149 146 148 157]
[152 142 145 152]
[153 143 145 152]
[150 146 145 155]
[151 147 148 155]
[153 149 150 157]
[153 149 150 157]
[148 150 147 157]
[154 144 147 151]
[153 147 148 157]
[156 150 152 159]
[158 153 156 163]
[160 155 158 164]
[160 156 158 165]
[160 156 157 165]
[159 156 157 165]
[161 155 157 164]
[163 155 158 166]
[163 156 159 168]
[164 156 157 167]
[160 153 153 163]
[152 151 147 159]
[148 147 143 157]
[158 147 148 158]
[164 155 158 170]
[172 162 167 175]
[172 164 169 177]
[169 158 163 170]
[153 156 153 167]
[151 145 143 153]
[145 140 137 154]
[149 139 138 153]
[141 146 137 161]
[148 132 129 145]
[149 115 116 131]
[117 113  97 130]
[109 104  83 110]
[104 100  75 105]
[104 100  73 105]
[104 100  72 106]
[107 101  75 107]
[112 107  81 113]
[119 112  92 119]
[123 124 102 131]
[130 120 106 131]
[126 120 102 127]
[113 111  89 116]
[105 101  76 105]
[101  98  71 103]
[101  98  71 102]
[100  96  71 101]
[100  96  71 100]
[102  98  74 103]
[109 105  83 110]
[128 114 102 121]
[143 138 129 147]
[169 154 158 162]
[180 172 178 181]
[184 178 186 185]
[185 180 187 185]
[185 180 188 185]
[185 181 189 186]
[185 182 190 186]
[183 182 189 186]
[181 180 186 185]
[181 177 183 184]
[183 175 181 184]
[185 173 180 184]
[185 174 180 185]
[185 176 182 186]
[187 178 184 185]
[186 179 186 186]
[186 178 186 184]
[181 181 185 186]
[179 179 182 183]
[172 174 174 178]
[173 157 160 161]
[136 151 136 161]
[145 135 124 136]
[148 143 131 156]
[168 162 157 175]
[181 180 180 192]
[188 179 186 193]
[186 175 183 192]
[183 173 179 191]
[187 168 177 184]
[179 170 174 186]
[180 169 172 182]
[182 169 173 183]
[184 173 176 185]
[186 175 178 185]
[171 183 177 193]
[183 173 175 179]
[180 167 171 180]
[169 169 167 182]
[176 166 167 177]
[181 167 170 182]
[203 164 182 177]
[184 171 179 168]
[176 165 174 185]
[167 170 176 188]
[177 164 173 179]
[169 162 167 184]
[170 165 162 180]
[168 151 149 169]
[156 137 131 153]
[131 127 109 138]
[113 109  88 117]
[104 100  75 108]
[101  95  69 103]
[ 98  94  66 101]
[ 97  94  66 101]
[100  94  68 103]
[107  99  77 108]
[119 106  90 117]
[128 116 105 128]
[132 126 117 138]
[132 131 120 142]
[143 125 123 136]
[138 132 125 144]
[138 134 129 144]
[145 133 133 143]
[146 133 135 146]
[144 134 136 148]
[144 135 136 147]
[145 135 135 146]
[145 135 135 146]
[144 134 134 145]
[141 133 132 145]
[140 130 129 142]
[140 130 128 140]
[137 131 129 141]
[138 131 130 141]
[139 133 131 142]
[140 133 132 142]
[137 134 131 144]
[143 131 131 140]
[143 134 132 145]
[145 136 135 146]
[147 139 138 149]
[148 141 140 151]
[149 141 141 151]
[149 142 141 152]
[149 142 140 152]
[151 142 140 152]
[154 143 143 155]
[155 146 145 158]
[156 147 145 158]
[153 147 142 157]
[147 145 138 154]
[145 144 136 152]
[153 142 141 154]
[160 149 150 164]
[165 155 159 171]
[165 158 161 172]
[164 154 158 166]
[150 153 149 166]
[150 144 141 153]
[146 142 137 155]
[145 142 139 156]
[138 145 137 160]
[142 129 128 145]
[147 111 113 128]
[117 112  96 129]
[108 105  84 111]
[104 100  76 106]
[104  99  72 105]
[105 101  73 106]
[106 101  74 108]
[111 105  80 111]
[117 110  88 117]
[123 116  97 123]
[125 118 101 125]
[117 114  96 122]
[111 108  85 112]
[104  99  76 105]
[102  99  72 104]
[101  98  71 102]
[100  97  71 101]
[101  97  72 101]
[103  99  75 104]
[110 105  83 111]
[126 114 100 120]
[140 133 123 142]
[162 148 149 157]
[172 163 167 172]
[175 169 174 176]
[177 171 176 177]
[179 173 178 178]
[180 175 180 180]
[180 176 182 182]
[180 176 181 182]
[180 175 178 182]
[183 174 176 181]
[186 174 175 182]
[186 173 175 183]
[184 174 176 184]
[182 174 176 183]
[182 175 178 182]
[181 175 179 181]
[180 174 178 180]
[178 175 177 181]
[178 174 175 179]
[171 171 169 176]
[175 155 157 159]
[134 153 137 163]
[142 134 124 136]
[150 141 131 153]
[170 163 160 175]
[186 182 186 194]
[194 183 194 196]
[193 180 192 195]
[190 177 188 193]
[191 171 183 187]
[182 173 179 189]
[182 171 176 183]
[181 171 176 184]
[184 173 177 184]
[185 173 178 184]
[171 182 176 192]
[182 172 175 178]
[180 166 170 179]
[168 169 166 182]
[176 166 167 176]
[181 168 171 182]
[204 163 182 176]
[185 168 178 165]
[170 165 173 184]
[152 170 175 183]
[176 148 171 162]
[162 144 165 182]
[168 157 162 178]
[168 151 151 165]
[151 136 131 151]
[127 123 107 134]
[111 107  86 115]
[103  98  73 106]
[ 99  94  67 102]
[ 98  93  65 101]
[ 97  93  65 100]
[ 98  93  66 101]
[102  95  70 104]
[109  99  78 110]
[115 107  88 118]
[119 114  97 124]
[119 117 101 128]
[123 112 103 124]
[120 117 103 128]
[121 116 105 128]
[124 117 108 130]
[127 119 111 132]
[126 120 111 132]
[126 120 111 132]
[126 120 111 132]
[126 121 111 134]
[127 121 110 133]
[126 120 109 131]
[125 118 107 129]
[123 117 107 127]
[121 117 107 126]
[122 116 108 126]
[122 117 109 128]
[124 118 109 128]
[123 120 110 131]
[127 119 111 129]
[127 121 112 132]
[128 123 114 133]
[130 124 116 135]
[132 126 118 136]
[133 127 119 138]
[133 128 119 139]
[133 128 119 139]
[134 128 119 139]
[137 129 121 141]
[139 133 124 144]
[141 134 126 145]
[139 135 126 145]
[136 135 123 144]
[137 134 123 144]
[145 134 128 146]
[151 140 136 155]
[154 145 144 160]
[155 146 146 160]
[154 143 144 156]
[145 143 138 157]
[147 138 133 150]
[146 138 131 151]
[143 139 132 152]
[141 136 129 150]
[142 121 121 139]
[143 107 111 127]
[115 111  96 130]
[110 106  85 111]
[107 101  77 106]
[104 100  74 107]
[105 101  73 105]
[105 101  73 106]
[109 102  77 109]
[114 108  85 115]
[117 112  92 121]
[119 113  93 119]
[114 111  90 116]
[109 104  82 109]
[104 101  76 106]
[102  99  72 103]
[102  97  70 102]
[101  97  71 101]
[102  97  72 102]
[105 100  75 105]
[110 105  81 111]
[122 111  94 118]
[133 125 113 134]
[148 137 133 147]
[156 148 147 157]
[158 153 153 161]
[160 155 155 162]
[163 157 158 165]
[164 160 162 168]
[166 161 163 169]
[165 161 163 169]
[165 161 161 171]
[167 162 160 172]
[170 164 161 174]
[172 165 161 174]
[171 165 160 172]
[170 163 160 171]
[169 162 162 170]
[168 161 162 168]
[167 160 161 167]
[168 161 161 169]
[170 163 161 171]
[169 166 158 173]
[170 155 152 159]
[134 155 134 159]
[139 131 122 132]
[149 138 132 151]
[171 163 165 178]
[193 186 194 198]
[202 190 205 204]
[202 191 205 205]
[199 188 201 202]
[196 182 195 196]
[186 181 188 194]
[185 175 182 185]
[182 174 179 185]
[184 172 178 183]
[184 173 179 184]
[172 181 176 191]
[181 172 174 179]
[180 166 170 178]
[168 168 166 183]
[176 166 166 177]
[182 168 171 183]
[204 163 182 176]
[187 168 178 166]
[170 168 172 188]
[159 172 170 183]
[192 142 171 156]
[170 146 170 187]
[164 156 165 183]
[166 151 153 165]
[148 136 131 150]
[125 122 106 132]
[110 106  85 113]
[102  97  73 105]
[100  94  68 102]
[ 99  94  66 102]
[ 99  94  66 101]
[ 99  93  66 101]
[100  93  66 102]
[102  94  69 104]
[106  98  74 108]
[109 102  80 112]
[110 103  83 113]
[110 100  83 111]
[108 101  83 111]
[106  99  84 111]
[108 100  86 112]
[109 101  87 112]
[109 101  88 112]
[109 101  88 113]
[110 101  87 113]
[109 102  87 113]
[109 102  86 113]
[110 101  86 113]
[109 101  86 113]
[109 102  86 112]
[109 101  87 111]
[109 101  87 111]
[110 102  88 113]
[111 103  89 113]
[111 105  89 116]
[113 105  91 115]
[114 107  92 117]
[114 107  93 117]
[115 108  94 118]
[118 109  96 120]
[119 111  98 122]
[119 112  99 123]
[119 112  99 122]
[120 112 100 122]
[120 114 101 125]
[123 116 105 126]
[124 117 107 128]
[124 119 107 129]
[124 119 105 130]
[127 121 106 132]
[135 123 111 136]
[140 129 119 142]
[143 133 125 146]
[143 133 127 147]
[144 132 127 145]
[139 134 124 147]
[140 131 122 144]
[142 132 120 146]
[143 134 119 148]
[147 133 118 147]
[147 126 114 142]
[142 118 109 132]
[117 118  96 129]
[112 105  85 111]
[108 103  79 109]
[105 104  76 109]
[105 100  73 105]
[104  99  72 105]
[106 101  76 108]
[110 103  81 110]
[112 107  86 114]
[111 107  87 113]
[109 107  84 111]
[106 103  80 108]
[104 100  75 104]
[102  98  71 103]
[101  97  70 102]
[101  97  70 102]
[103  98  71 103]
[104 100  73 105]
[107 103  77 109]
[114 107  86 113]
[121 116  99 123]
[131 123 114 132]
[134 130 124 138]
[134 132 127 140]
[135 132 128 141]
[139 134 131 143]
[140 137 134 145]
[142 137 136 146]
[142 137 136 146]
[140 137 135 147]
[140 137 134 146]
[142 138 135 147]
[143 138 136 148]
[144 139 135 148]
[144 140 135 149]
[143 140 137 149]
[143 140 137 148]
[144 139 137 148]
[145 142 139 151]
[147 146 141 155]
[148 149 141 158]
[146 144 137 150]
[126 143 121 144]
[132 122 115 126]
[145 136 132 149]
[169 164 169 177]
[192 187 203 200]
[202 196 218 210]
[202 197 219 210]
[199 195 215 206]
[194 188 207 199]
[185 183 196 193]
[185 174 187 185]
[182 173 182 185]
[185 172 181 183]
[184 174 180 185]
[173 181 177 190]
[179 172 174 179]
[181 165 169 177]
[167 168 165 183]
[176 166 165 177]
[182 169 170 183]
[205 164 182 177]
[189 169 180 167]
[173 172 173 192]
[172 176 169 193]
[203 156 175 175]
[186 169 176 196]
[168 165 170 186]
[165 150 155 164]
[148 134 132 148]
[125 119 107 131]
[112 107  86 114]
[104 100  76 107]
[102  98  72 105]
[101  98  71 105]
[101  97  70 104]
[100  95  68 103]
[ 99  94  66 102]
[ 98  94  66 102]
[101  94  67 102]
[101  96  69 106]
[103  97  70 106]
[102  96  70 105]
[100  95  69 103]
[ 99  93  70 102]
[100  94  71 102]
[100  95  73 104]
[100  95  73 103]
[100  93  72 102]
[ 98  93  71 103]
[ 99  94  71 103]
[100  93  70 102]
[100  94  70 103]
[100  95  71 103]
[101  95  72 103]
[102  95  73 104]
[102  96  74 105]
[103  97  75 106]
[103  98  75 106]
[104  99  76 107]
[106  99  77 108]
[106 100  78 109]
[107 100  78 109]
[108 101  79 110]
[109 102  81 112]
[110 104  84 113]
[111 106  85 114]
[112 106  87 115]
[115 107  89 115]
[115 109  91 117]
[117 110  93 117]
[116 111  94 119]
[116 110  93 118]
[115 110  92 120]
[117 112  93 122]
[122 115  96 125]
[127 119 101 130]
[130 121 105 132]
[130 124 108 134]
[131 124 109 134]
[129 125 109 135]
[130 123 107 133]
[130 124 107 136]
[131 127 107 140]
[134 128 107 142]
[136 128 105 139]
[132 122 100 128]
[118 117  91 120]
[109 105  84 112]
[107 103  80 110]
[107 103  76 107]
[105 100  75 106]
[104  99  74 105]
[105 100  74 105]
[107 101  77 107]
[108 103  81 109]
[108 104  82 109]
[107 103  81 108]
[105 102  78 106]
[103 100  75 104]
[102  97  71 103]
[102  97  70 102]
[101  98  70 102]
[102  98  71 103]
[103  99  72 104]
[105 100  73 105]
[107 102  79 107]
[112 106  87 112]
[118 111  97 118]
[121 114 103 122]
[121 114 104 121]
[121 114 104 122]
[122 115 106 123]
[124 116 108 125]
[124 117 110 126]
[123 116 109 124]
[121 115 107 124]
[122 115 107 123]
[124 116 109 124]
[123 116 110 125]
[123 116 109 125]
[123 117 108 125]
[123 116 108 125]
[124 116 108 124]
[124 116 109 125]
[126 118 112 127]
[128 120 115 129]
[127 121 115 131]
[124 119 111 127]
[114 118 102 125]
[122 113 106 123]
[142 134 130 145]
[167 162 172 175]
[192 184 211 197]
[203 194 229 207]
[203 195 232 209]
[201 193 228 205]
[196 187 217 200]
[191 180 205 193]
[188 173 194 187]
[183 174 188 189]
[186 173 184 185]
[184 175 182 186]
[174 180 179 190]
[178 173 175 181]
[181 165 169 175]
[166 167 163 182]
[176 165 163 175]
[181 169 169 183]
[205 165 182 177]
[189 168 183 164]
[172 167 174 191]
[178 175 173 196]
[201 167 177 188]
[181 187 181 201]
[168 174 174 184]
[161 144 156 162]
[150 128 133 146]
[126 119 109 134]
[115 110  90 118]
[110 106  82 112]
[109 105  80 110]
[108 103  79 110]
[106 102  77 108]
[103  99  73 106]
[101  96  70 103]
[ 98  95  67 102]
[100  93  66 101]
[ 99  93  65 102]
[ 99  93  65 101]
[ 98  92  64 101]
[ 96  92  65 100]
[ 98  93  67 100]
[ 99  94  70 102]
[100  96  73 103]
[100  95  72 101]
[ 97  93  69 100]
[94 91 65 98]
[94 90 63 97]
[95 89 63 97]
[94 90 64 99]
[96 91 64 97]
[96 91 65 99]
[ 98  93  66 100]
[ 99  94  68 101]
[ 99  94  68 102]
[100  95  69 102]
[101  95  69 103]
[102  96  70 104]
[103  97  71 105]
[103  98  72 106]
[105  99  73 106]
[105  99  74 107]
[106 101  76 108]
[108 103  80 111]
[110 106  85 114]
[109 112  91 119]
[113 111  93 118]
[116 107  92 117]
[115 108  90 117]
[113 107  87 115]
[110 106  85 113]
[110 104  83 113]
[112 105  85 114]
[114 108  88 117]
[115 111  92 120]
[117 113  94 121]
[118 114  96 121]
[117 114  96 122]
[116 112  95 121]
[116 112  93 120]
[117 112  94 121]
[117 113  95 122]
[117 113  94 121]
[115 111  90 117]
[111 107  85 112]
[109 103  81 109]
[106 103  79 108]
[105 101  77 108]
[105 101  76 106]
[105 101  76 105]
[104  99  75 105]
[106 100  76 105]
[105 102  78 108]
[107 103  79 107]
[107 104  80 108]
[105 103  78 108]
[105 100  74 104]
[102  98  72 103]
[101  98  70 103]
[103  98  70 102]
[103  98  70 103]
[104  99  71 103]
[102  99  72 104]
[102 100  75 105]
[101 104  81 110]
[113 103  85 109]
[114 105  88 115]
[117 110  91 117]
[116 112  91 118]
[118 111  92 117]
[117 111  93 119]
[116 111  94 118]
[114 109  92 115]
[112 107  89 114]
[112 106  88 114]
[114 108  90 115]
[114 108  90 115]
[113 107  89 114]
[112 106  88 113]
[111 106  88 113]
[112 106  88 114]
[114 107  89 115]
[115 109  91 116]
[116 109  92 117]
[114 108  92 116]
[110 106  89 115]
[105 105  85 114]
[116 109  94 118]
[139 129 123 140]
[167 157 168 170]
[191 181 210 195]
[202 192 233 208]
[205 196 239 211]
[206 194 236 210]
[202 192 226 207]
[199 187 214 201]
[194 181 203 195]
[187 181 195 193]
[188 177 190 187]
[185 175 186 187]
[175 180 181 189]
[175 173 175 181]
[179 162 168 173]
[165 163 160 179]
[175 162 160 173]
[179 169 168 183]
[204 165 181 176]
[195 163 183 154]
[160 162 178 194]
[178 166 177 183]
[179 165 178 191]
[168 183 179 194]
[171 167 171 170]
[163 138 156 160]
[153 122 135 147]
[128 120 113 140]
[121 115  96 123]
[118 113  90 120]
[118 114  91 120]
[117 113  90 119]
[113 110  86 116]
[108 105  80 111]
[104 100  74 106]
[101  97  70 105]
[100  94  68 102]
[ 99  93  66 102]
[ 99  92  64 100]
[ 98  94  65 101]
[ 99  96  68 103]
[104  97  73 104]
[107 102  80 109]
[109 105  84 110]
[106 103  82 109]
[102  99  76 104]
[97 93 68 99]
[94 90 64 97]
[95 89 63 96]
[94 90 63 97]
[95 89 63 96]
[96 91 64 98]
[97 92 65 99]
[ 98  93  66 100]
[ 98  93  66 100]
[ 99  94  67 101]
[100  95  68 102]
[101  96  69 103]
[102  97  70 105]
[103  98  70 105]
[102  97  70 104]
[101  98  71 105]
[104  98  73 105]
[108 102  79 111]
[102 114  90 122]
[101 119  97 121]
[107 107  97 113]
[119  92  93 110]
[113  97  89 118]
[112 107  88 116]
[109 105  82 110]
[107 101  79 107]
[106 101  79 109]
[106 102  81 110]
[109 104  83 110]
[110 105  85 112]
[111 106  87 113]
[110 106  87 113]
[109 104  86 111]
[108 103  84 110]
[108 103  85 110]
[109 104  86 111]
[109 105  86 112]
[108 103  84 110]
[107 102  81 108]
[106 102  79 108]
[106 102  78 107]
[106 102  78 107]
[105 102  77 107]
[107 101  77 106]
[106 101  77 106]
[106 101  78 106]
[106 103  79 107]
[108 103  81 108]
[108 105  81 109]
[106 104  79 108]
[104 101  76 105]
[101  99  73 103]
[101  97  70 101]
[100  96  69 102]
[101  98  69 103]
[102  98  69 103]
[102  98  70 103]
[103  99  72 103]
[ 95 105  77 108]
[111  99  81 102]
[109  97  82 114]
[116 106  85 115]
[120 111  87 117]
[121 115  90 119]
[117 115  91 119]
[114 112  88 114]
[109 105  84 111]
[108 103  80 107]
[106 102  78 109]
[107 103  78 108]
[108 103  79 109]
[107 103  78 108]
[106 103  78 108]
[106 102  78 107]
[107 102  77 107]
[107 103  77 108]
[108 104  78 110]
[108 103  80 109]
[105 102  78 107]
[102  99  75 104]
[ 98  98  73 104]
[107 102  82 109]
[128 118 108 130]
[156 144 149 160]
[179 170 191 186]
[196 185 219 200]
[203 190 232 208]
[204 194 235 212]
[202 194 230 210]
[201 189 221 204]
[197 185 211 199]
[187 186 203 197]
[188 179 197 188]
[183 175 190 187]
[174 176 182 187]
[173 170 173 179]
[175 158 163 169]
[163 159 155 175]
[171 158 157 172]
[179 169 166 181]
[203 166 181 175]
[196 163 185 155]
[163 165 178 192]
[178 156 178 171]
[163 159 180 187]
[157 171 175 187]
[168 153 168 171]
[174 140 156 164]
[160 126 138 153]
[133 126 117 146]
[127 120 103 129]
[125 120  99 128]
[127 123 101 129]
[125 121 100 127]
[119 117  94 122]
[112 110  85 116]
[108 103  78 110]
[104  99  74 107]
[102  96  71 104]
[100  95  68 103]
[100  94  67 102]
[101  97  70 105]
[108 101  77 108]
[117 106  86 113]
[124 115  96 122]
[128 120 102 125]
[120 120 100 124]
[113 112  90 113]
[102  99  77 104]
[ 96  93  68 100]
[95 90 64 97]
[95 91 64 98]
[97 91 65 98]
[96 92 65 99]
[97 92 64 99]
[97 92 65 99]
[97 92 65 99]
[ 98  93  66 100]
[100  94  67 102]
[102  97  69 104]
[103  98  71 105]
[102  98  70 105]
[101  96  69 103]
[102  96  69 102]
[104  97  72 106]
[108 105  81 114]
[ 96 122  93 127]
[120 114  97 112]
[118  99 100 117]
[132  96 103 116]
[113  96  95 128]
[112 106  88 117]
[109 104  82 110]
[106 101  79 107]
[105 101  78 107]
[105 101  78 107]
[107 101  80 108]
[108 103  82 110]
[109 104  83 111]
[108 104  83 110]
[107 103  82 109]
[106 101  80 108]
[107 101  81 108]
[108 102  82 109]
[108 103  83 110]
[108 103  82 109]
[107 102  80 108]
[106 102  79 108]
[106 102  78 107]
[107 101  78 107]
[106 102  78 108]
[108 102  78 107]
[108 103  80 109]
[110 105  82 110]
[111 108  85 111]
[112 108  87 112]
[111 109  88 113]
[110 108  86 111]
[107 104  82 108]
[103 100  76 104]
[101  96  71 101]
[ 99  95  68 101]
[101  96  67 100]
[100  96  68 102]
[101  98  69 103]
[103  99  72 106]
[ 98 107  74 112]
[118 100  80 100]
[113 101  83 114]
[112 104  85 117]
[117 114  89 121]
[119 119  93 124]
[120 120  93 120]
[115 111  87 113]
[109 106  81 110]
[106 102  77 107]
[105 102  75 106]
[104 100  73 105]
[105 101  74 105]
[105 101  74 106]
[105 102  75 106]
[105 101  74 106]
[106 101  74 106]
[106 102  74 106]
[106 103  75 107]
[106 102  76 107]
[104 101  75 104]
[101  98  72 101]
[ 94  96  68 100]
[ 99  95  72 101]
[113 103  88 115]
[132 122 118 138]
[158 144 154 162]
[178 165 186 182]
[191 180 209 196]
[196 185 217 202]
[198 185 217 201]
[196 183 216 199]
[194 182 212 197]
[186 182 205 195]
[186 176 198 185]
[180 170 189 182]
[170 166 176 180]
[168 160 163 173]
[167 152 153 164]
[157 154 147 167]
[163 154 152 167]
[172 164 164 179]
[200 163 181 174]
[186 165 185 157]
[161 164 176 190]
[169 147 177 172]
[160 158 177 181]
[157 154 171 179]
[165 147 166 176]
[177 139 157 166]
[164 130 140 158]
[138 131 121 149]
[132 125 109 134]
[132 127 108 134]
[134 130 111 136]
[131 128 109 134]
[123 122 101 128]
[115 114  90 119]
[110 105  81 112]
[107 101  76 109]
[104  98  73 107]
[103  97  71 105]
[103  97  72 106]
[108 102  78 110]
[121 108  89 117]
[135 118 104 128]
[144 133 118 141]
[147 141 125 146]
[138 142 121 143]
[128 130 108 127]
[112 111  90 114]
[101  97  75 103]
[97 91 67 99]
[97 92 66 99]
[ 98  93  67 100]
[ 98  93  66 100]
[97 92 65 99]
[97 92 64 99]
[97 92 64 99]
[ 98  93  65 100]
[100  95  68 102]
[102  97  70 104]
[104  98  71 105]
[104  99  72 106]
[103  98  71 104]
[103  97  71 105]
[105 101  76 109]
[108 111  85 117]
[ 99 126  93 132]
[151 111 100 119]
[137 119 109 154]
[152 129 116 136]
[132 114 104 132]
[112 102  90 121]
[110 105  85 112]
[106 102  80 108]
[106 101  78 107]
[106 101  79 108]
[107 102  81 109]
[108 103  82 110]
[108 103  82 110]
[107 103  82 110]
[106 102  80 108]
[106 101  79 108]
[106 101  80 108]
[108 103  81 109]
[109 104  82 110]
[108 103  82 109]
[108 103  80 108]
[106 102  79 108]
[107 102  78 108]
[107 102  78 108]
[106 103  78 109]
[109 103  80 108]
[113 106  85 112]
[117 112  92 117]
[121 117  98 120]
[123 119 101 121]
[122 119 101 122]
[120 119  99 121]
[116 114  94 116]
[109 107  85 110]
[103 100  76 104]
[100  98  70 102]
[101  96  68 101]
[102  98  68 103]
[105  99  69 103]
[104 103  73 108]
[105 110  75 117]
[125 103  81 110]
[125 113  87 119]
[116 112  89 120]
[116 113  91 118]
[117 115  94 121]
[116 113  93 118]
[111 108  86 114]
[107 104  79 109]
[107 101  75 106]
[105 101  74 105]
[103 100  73 105]
[103 100  72 104]
[103  99  73 104]
[104 100  73 105]
[104 100  74 105]
[105 100  73 105]
[106 101  73 107]
[107 103  74 108]
[108 104  76 108]
[106 103  77 107]
[103 100  74 103]
[ 94  96  67 100]
[94 91 64 95]
[97 90 68 98]
[107  99  84 112]
[124 118 112 134]
[147 136 141 155]
[172 154 165 169]
[180 167 181 183]
[185 172 190 188]
[187 174 194 190]
[187 172 195 187]
[179 173 192 189]
[179 166 185 179]
[175 161 174 173]
[161 155 160 170]
[155 148 146 162]
[152 142 135 155]
[148 145 133 155]
[157 147 143 158]
[169 158 160 172]
[198 159 180 172]
[187 165 181 157]
[171 158 174 184]
[172 148 175 177]
[169 154 174 181]
[167 151 173 183]
[167 150 168 183]
[179 139 158 168]
[164 132 141 160]
[140 133 124 151]
[136 129 114 138]
[137 132 115 140]
[140 135 119 142]
[136 133 116 139]
[127 125 106 131]
[118 115  93 121]
[111 106  83 114]
[108 102  78 110]
[105  99  76 108]
[105  99  74 107]
[107 101  78 110]
[116 108  87 116]
[133 117 103 127]
[147 132 122 143]
[154 150 139 157]
[156 157 145 160]
[150 155 139 155]
[137 142 125 141]
[123 125 104 122]
[108 103  83 107]
[ 98  94  71 101]
[ 98  93  67 100]
[ 98  93  67 101]
[ 98  93  66 100]
[97 92 64 99]
[97 92 64 99]
[97 92 64 99]
[ 98  93  66 100]
[100  95  68 102]
[103  97  70 105]
[104  99  72 107]
[105 100  73 108]
[105 100  73 107]
[105 101  75 108]
[109 104  79 111]
[102 116  90 123]
[107 128  96 136]
[151 110 110 131]
[131 144 119 178]
[143 137 118 144]
[150 117 106 123]
[113 101  93 129]
[111 107  86 114]
[108 103  81 109]
[106 101  79 108]
[107 102  80 109]
[108 103  81 109]
[108 103  81 109]
[107 102  81 109]
[107 102  80 109]
[106 101  80 108]
[106 101  79 107]
[107 101  80 108]
[108 102  81 109]
[109 104  82 110]
[108 104  82 110]
[108 103  81 109]
[107 103  79 109]
[108 102  78 108]
[107 103  78 109]
[107 104  80 109]
[112 106  84 111]
[121 112  94 118]
[132 122 107 128]
[137 132 117 136]
[142 135 122 137]
[142 137 122 138]
[138 137 120 138]
[131 131 113 131]
[121 120 100 121]
[110 108  87 111]
[105 102  76 105]
[103  99  72 104]
[103 100  70 105]
[105 101  71 107]
[ 98 108  74 112]
[ 98 113  79 117]
[117 103  82 114]
[121 109  86 121]
[118 118  90 121]
[116 114  92 118]
[117 112  93 119]
[115 107  90 116]
[110 104  83 111]
[106 100  76 106]
[105 101  75 106]
[104 101  75 106]
[103 101  73 104]
[101  98  72 102]
[101  97  71 102]
[101  97  72 102]
[102  98  72 103]
[104  99  73 104]
[105 101  73 106]
[107 102  74 108]
[108 105  77 109]
[107 104  77 108]
[103 100  74 104]
[ 93  96  65 100]
[91 88 58 91]
[89 82 54 89]
[91 85 59 94]
[102  93  76 104]
[117 108  99 123]
[131 123 122 142]
[144 139 137 156]
[158 147 147 161]
[164 153 155 168]
[166 156 162 169]
[160 158 162 172]
[160 151 157 164]
[154 144 148 159]
[144 141 135 152]
[136 132 121 143]
[132 127 113 139]
[135 132 116 143]
[153 140 132 152]
[169 156 155 171]
[201 159 179 172]
[186 170 181 165]
[178 163 176 192]
[178 163 177 192]
[179 162 177 192]
[177 161 175 191]
[173 158 169 187]
[182 141 158 168]
[164 134 142 162]
[142 134 126 152]
[139 131 118 141]
[141 135 119 143]
[143 138 123 146]
[139 135 120 142]
[128 127 109 134]
[118 116  95 123]
[112 106  84 114]
[109 102  79 111]
[106 101  77 109]
[107 100  77 109]
[111 105  83 114]
[125 113  96 123]
[143 125 116 137]
[154 143 137 153]
[158 158 154 163]
[160 161 159 162]
[156 156 153 159]
[141 148 138 152]
[131 132 116 130]
[114 111  92 114]
[101  98  75 104]
[ 98  93  68 100]
[ 98  92  66 100]
[97 92 65 99]
[97 92 64 99]
[97 92 64 99]
[97 92 65 99]
[ 98  93  66 100]
[101  95  68 102]
[103  97  71 105]
[105 100  73 107]
[107 102  75 109]
[107 102  76 109]
[109 104  78 111]
[112 108  83 116]
[ 95 124  94 132]
[116 126 102 129]
[136 105 115 131]
[123 133 118 155]
[123 117 113 139]
[150  97 106 115]
[115 104  96 134]
[110 105  86 115]
[108 103  81 109]
[106 102  80 109]
[108 102  80 109]
[108 103  81 110]
[108 103  81 110]
[108 103  80 109]
[107 102  80 109]
[107 102  79 108]
[107 102  79 108]
[108 102  80 109]
[109 103  81 110]
[109 104  82 111]
[109 105  82 111]
[109 104  81 110]
[107 103  79 110]
[107 102  78 108]
[108 103  79 109]
[110 105  82 111]
[119 110  91 116]
[134 120 106 127]
[148 136 125 144]
[156 151 140 155]
[161 156 146 157]
[161 158 147 158]
[157 158 144 158]
[149 152 135 149]
[136 138 121 136]
[121 122 101 122]
[110 107  85 111]
[106 102  76 106]
[106 101  73 105]
[106 102  73 107]
[ 97 108  73 112]
[105 106  76 105]
[123  96  84 106]
[116 102  92 125]
[119 114  95 123]
[121 115  95 120]
[123 113  95 118]
[117 109  91 118]
[109 106  83 113]
[107 103  77 108]
[107 102  76 107]
[106 103  77 106]
[103 101  76 105]
[102  98  74 102]
[100  97  72 101]
[101  96  71 101]
[102  98  72 102]
[103  99  73 103]
[104 100  73 105]
[106 102  74 107]
[108 104  76 109]
[107 104  76 108]
[102  99  72 103]
[91 95 63 99]
[87 86 54 89]
[84 79 47 85]
[83 78 46 85]
[88 83 54 91]
[98 89 68 99]
[107  98  83 109]
[111 107  94 119]
[119 112 103 127]
[126 121 112 137]
[128 129 120 141]
[120 133 124 143]
[131 119 121 130]
[124 113 113 131]
[120 116 105 127]
[119 112  96 121]
[118 113  93 124]
[125 122 103 134]
[148 135 125 148]
[165 155 151 171]
[202 159 177 171]
[186 171 183 166]
[179 164 178 193]
[180 164 179 193]
[181 164 179 194]
[177 162 177 193]
[173 159 170 188]
[183 140 159 168]
[164 135 143 164]
[143 136 128 153]
[140 132 119 142]
[142 136 121 145]
[144 138 124 147]
[139 135 121 143]
[128 127 109 134]
[118 116  95 122]
[111 106  84 114]
[108 102  80 112]
[107 102  78 110]
[109 102  80 111]
[116 108  88 117]
[132 117 104 128]
[149 132 127 144]
[158 151 147 159]
[164 162 161 165]
[166 161 166 165]
[162 158 163 164]
[150 153 149 159]
[135 136 126 139]
[119 119 102 121]
[104 101  79 106]
[ 98  93  69 100]
[97 91 65 99]
[96 92 64 99]
[97 92 64 99]
[97 92 65 99]
[ 98  93  65 100]
[ 99  94  66 101]
[101  95  68 102]
[103  98  71 105]
[105 101  74 108]
[108 102  76 109]
[108 103  77 111]
[111 105  80 112]
[114 109  85 117]
[103 126  91 134]
[134 119 102 124]
[151 113 114 137]
[142 127 118 151]
[132 126 119 151]
[156  99 112 122]
[123 108  98 136]
[110 105  87 117]
[108 103  82 110]
[106 102  80 109]
[108 102  80 109]
[108 103  81 110]
[108 103  81 110]
[107 103  80 109]
[107 103  80 109]
[107 103  80 109]
[108 103  80 109]
[109 104  81 110]
[109 104  82 111]
[110 105  82 111]
[109 105  82 111]
[109 104  81 110]
[108 103  80 110]
[108 103  79 109]
[109 105  81 111]
[115 108  87 115]
[127 117 100 124]
[148 131 120 139]
[161 151 143 159]
[169 167 160 169]
[172 170 166 171]
[173 171 167 171]
[170 170 164 170]
[162 165 155 164]
[149 154 139 151]
[134 135 117 132]
[118 116  95 117]
[108 105  81 110]
[106 102  76 108]
[107 103  74 107]
[104 108  71 115]
[124 107  74 114]
[137 115  92 125]
[133 127 105 137]
[126 122 106 133]
[123 123 106 131]
[129 118 103 124]
[121 115  96 123]
[116 113  90 116]
[112 108  85 112]
[111 108  84 112]
[110 107  85 111]
[108 106  83 109]
[106 103  80 106]
[104 101  77 104]
[104 101  76 104]
[105 102  78 106]
[106 102  78 106]
[105 102  76 105]
[106 102  76 106]
[107 103  75 107]
[105 102  74 107]
[100  98  69 102]
[89 93 61 97]
[85 84 52 87]
[82 77 44 82]
[80 76 42 83]
[83 79 45 85]
[88 83 53 89]
[92 86 60 94]
[97 89 65 98]
[103  92  71 103]
[107  99  79 110]
[107 106  87 117]
[103 110  92 117]
[122  93  94 104]
[108  91  91 118]
[108 100  86 114]
[109 101  81 112]
[113 108  83 118]
[122 120  96 131]
[148 133 121 145]
[164 152 148 169]
[200 156 176 169]
[187 171 184 167]
[180 165 180 195]
[180 165 181 196]
[182 165 181 194]
[179 164 178 193]
[174 158 170 187]
[186 140 160 167]
[163 137 144 167]
[145 138 129 153]
[141 132 120 143]
[142 135 120 144]
[143 138 124 146]
[138 134 120 142]
[127 126 109 133]
[118 115  96 122]
[112 107  85 115]
[109 104  81 113]
[108 103  80 111]
[110 104  83 113]
[120 110  93 121]
[138 121 111 133]
[153 139 135 151]
[161 156 154 164]
[168 163 165 169]
[171 164 170 171]
[170 163 168 169]
[160 158 157 163]
[140 143 137 150]
[126 125 110 125]
[109 105  85 110]
[ 99  95  71 102]
[97 92 65 99]
[96 92 64 99]
[97 93 65 99]
[ 98  93  65 100]
[ 98  93  65 100]
[ 99  94  66 101]
[101  95  68 103]
[103  98  71 105]
[104 100  73 107]
[107 100  75 108]
[106 101  76 110]
[108 103  78 111]
[113 107  83 116]
[110 125  89 139]
[133 127 105 143]
[169 134 118 153]
[152 143 122 174]
[151 152 123 165]
[169 116 113 129]
[127 115 101 142]
[111 111  88 120]
[109 103  82 109]
[106 102  80 109]
[107 102  81 109]
[108 103  81 110]
[107 103  80 110]
[107 103  80 109]
[108 103  80 109]
[108 104  81 110]
[109 104  82 111]
[110 104  82 111]
[110 105  83 112]
[110 105  83 112]
[109 105  82 111]
[110 104  81 110]
[108 104  81 111]
[110 105  81 111]
[113 107  85 113]
[122 114  95 121]
[139 124 111 132]
[158 142 135 150]
[168 163 158 169]
[176 174 173 175]
[178 175 178 176]
[178 175 179 176]
[176 175 177 177]
[171 172 170 174]
[159 163 154 163]
[143 146 131 144]
[124 126 107 126]
[112 109  87 112]
[107 102  77 107]
[106 101  74 107]
[105 107  72 116]
[118 114  80 128]
[124 131  97 141]
[143 137 110 133]
[135 125 116 138]
[116 133 120 142]
[120 124 117 126]
[118 108 105 122]
[118 111 100 121]
[118 117 100 122]
[119 117  99 120]
[118 115  99 120]
[117 114  97 118]
[116 113  94 116]
[112 112  91 115]
[110 112  90 114]
[113 109  88 112]
[112 106  86 110]
[108 104  82 109]
[107 102  78 106]
[106 101  75 106]
[102 100  71 105]
[98 96 66 99]
[88 91 58 95]
[86 84 51 86]
[86 78 46 83]
[84 79 44 86]
[85 82 46 87]
[87 82 49 88]
[86 83 51 90]
[88 84 54 92]
[93 87 57 96]
[ 97  96  65 105]
[104 105  73 113]
[113 107  77 117]
[133 100  86 111]
[115 110  88 126]
[110 104  81 114]
[109 101  76 112]
[113 110  80 119]
[125 122  95 131]
[152 134 120 146]
[163 154 148 171]
[200 157 175 168]
[187 172 184 167]
[181 165 181 194]
[180 165 181 195]
[181 164 181 194]
[180 164 178 193]
[175 159 171 189]
[189 141 162 168]
[161 141 146 170]
[146 139 130 152]
[141 132 120 142]
[141 134 120 144]
[141 137 123 145]
[138 133 119 140]
[127 126 109 133]
[119 117  98 123]
[114 109  88 117]
[110 106  84 115]
[110 104  82 113]
[112 105  86 115]
[125 112  97 123]
[143 125 117 137]
[156 144 140 156]
[162 160 158 168]
[167 165 168 171]
[167 166 172 174]
[170 162 169 171]
[166 157 161 165]
[148 151 144 156]
[129 132 118 134]
[113 111  92 114]
[101  98  73 104]
[97 92 66 99]
[97 92 65 99]
[ 98  93  66 100]
[ 99  94  67 101]
[ 99  94  66 101]
[ 99  94  67 102]
[101  96  69 103]
[103  98  71 105]
[104  99  72 106]
[106  98  73 106]
[104 100  73 108]
[105  99  75 108]
[110 103  79 112]
[114 116  87 131]
[114 133 103 148]
[165 131 118 139]
[124 144 123 179]
[150 141 118 150]
[160 109 107 130]
[126 124 101 142]
[112 112  87 117]
[109 102  81 108]
[106 102  80 110]
[109 103  81 109]
[108 103  81 110]
[106 104  81 111]
[107 103  80 109]
[107 103  81 110]
[108 104  82 111]
[110 104  83 112]
[112 105  84 113]
[112 106  85 114]
[112 106  85 113]
[110 105  83 112]
[110 104  82 111]
[110 106  83 112]
[112 107  85 113]
[117 111  91 118]
[131 119 103 127]
[150 133 124 142]
[164 153 149 161]
[174 171 168 174]
[179 176 180 178]
[180 177 184 179]
[180 176 184 179]
[180 176 183 179]
[176 174 178 177]
[165 167 165 170]
[147 154 144 154]
[131 134 117 131]
[116 113  93 115]
[108 103  81 108]
[105 100  74 106]
[106 102  72 109]
[114 108  80 115]
[108 128  94 134]
[143 122 111 124]
[143 126 124 144]
[125 140 129 150]
[133 125 125 123]
[118 112 119 128]
[107 111 117 133]
[110 116 115 128]
[109 113 113 125]
[108 112 112 124]
[109 111 110 123]
[108 112 108 123]
[106 113 104 122]
[105 112 102 119]
[110 106  99 114]
[117  97  93 111]
[109 100  85 112]
[108 104  80 107]
[104 100  74 105]
[100  98  69 102]
[97 94 64 98]
[87 92 57 96]
[87 86 51 89]
[85 84 48 90]
[90 83 47 89]
[90 84 47 92]
[91 86 49 91]
[87 84 49 90]
[90 84 51 88]
[88 89 57 96]
[ 91  98  66 104]
[ 98 105  76 113]
[108 108  83 125]
[119 109  91 125]
[111 118  89 125]
[113  98  78 107]
[108  97  74 113]
[100 117  82 127]
[135 118  94 125]
[151 128 119 150]
[167 160 151 173]
[201 157 175 168]
[188 171 184 166]
[181 164 181 194]
[181 165 181 195]
[181 165 181 195]
[179 164 179 194]
[174 161 173 190]
[188 141 163 167]
[160 141 146 170]
[146 137 131 151]
[141 132 121 143]
[141 134 120 144]
[141 136 122 145]
[138 132 119 140]
[128 127 111 135]
[122 119 101 126]
[117 112  92 120]
[114 109  88 118]
[113 107  86 116]
[115 107  89 118]
[130 113 101 125]
[146 129 122 143]
[157 150 145 161]
[162 163 160 170]
[172 163 167 168]
[166 163 169 172]
[171 160 170 168]
[166 154 164 168]
[151 153 149 161]
[135 138 125 140]
[120 116  98 118]
[104 101  78 107]
[ 99  94  68 101]
[ 98  94  66 101]
[ 99  95  67 102]
[100  95  68 102]
[ 99  94  67 101]
[100  95  68 102]
[102  96  70 104]
[103  98  71 106]
[104  99  72 107]
[104  99  72 106]
[103  98  71 105]
[104  97  71 105]
[107 101  77 110]
[114 111  86 122]
[105 131  96 144]
[144 124 116 125]
[116 131 117 154]
[149 103 106 123]
[138 101 106 137]
[121 125  98 133]
[110 107  85 113]
[107 101  80 108]
[105 104  80 110]
[109 103  81 109]
[108 103  82 111]
[107 105  81 111]
[108 104  81 110]
[109 104  83 111]
[110 105  84 113]
[112 105  85 114]
[114 106  87 115]
[114 108  87 116]
[113 108  86 115]
[112 107  85 114]
[111 106  84 113]
[112 108  85 114]
[115 110  88 116]
[122 115  97 122]
[139 125 112 133]
[158 141 135 150]
[169 163 159 169]
[175 174 175 177]
[179 177 183 179]
[180 176 185 180]
[181 176 185 180]
[181 175 184 180]
[179 174 182 179]
[171 170 172 173]
[152 159 153 160]
[138 139 126 136]
[120 118 101 120]
[110 106  84 110]
[105 100  75 105]
[105 101  73 107]
[112 108  80 114]
[105 128  93 134]
[146 122 113 127]
[150 132 130 153]
[130 153 135 168]
[145 136 132 142]
[147 123 125 136]
[137 121 124 137]
[131 113 124 132]
[133 106 121 127]
[133 105 120 126]
[125 112 123 131]
[125 111 122 128]
[117 108 116 126]
[121 104 111 122]
[118 100 108 120]
[131  92 102 112]
[106  95  90 122]
[109 103  82 108]
[102 100  74 104]
[100  97  68 100]
[95 93 63 97]
[88 92 57 95]
[89 86 51 90]
[ 78  94  53 100]
[101  87  52  87]
[93 80 49 99]
[93 88 49 95]
[89 87 50 93]
[91 86 53 93]
[ 92  93  61 100]
[ 98 101  70 106]
[103 106  82 114]
[110 107  93 120]
[109 103  96 122]
[109  97  88 112]
[117  83  78 103]
[109  93  75 119]
[109 114  78 125]
[148 116  97 123]
[147 134 127 165]
[171 161 152 173]
[201 157 176 170]
[188 171 184 167]
[180 165 180 195]
[180 165 180 195]
[181 165 180 194]
[179 163 178 193]
[175 159 172 188]
[192 139 163 165]
[161 142 148 172]
[147 139 133 154]
[142 134 122 144]
[141 135 121 144]
[140 136 123 145]
[138 132 120 140]
[129 129 113 136]
[124 122 104 128]
[120 116  97 124]
[117 113  92 122]
[116 110  89 119]
[119 110  92 121]
[134 116 105 128]
[148 133 126 147]
[159 153 148 163]
[166 163 161 170]
[179 161 167 169]
[175 165 168 179]
[173 171 172 175]
[174 162 168 168]
[152 150 151 163]
[137 142 130 145]
[121 121 104 124]
[107 105  82 110]
[101  95  69 102]
[ 99  94  66 101]
[100  95  68 102]
[101  96  69 103]
[101  96  69 103]
[101  96  70 104]
[102  97  70 105]
[103  98  72 106]
[104  99  72 106]
[105  98  72 105]
[103  98  71 106]
[102  99  72 106]
[107 100  75 108]
[113 106  83 115]
[111 123  88 137]
[139 115 102 122]
[141 131 106 140]
[151  95 107 131]
[129 119 104 146]
[118 119  93 123]
[108 104  83 110]
[105 101  80 108]
[105 102  80 109]
[108 101  81 108]
[109 103  82 111]
[107 105  82 113]
[110 106  83 113]
[112 106  84 114]
[114 107  86 115]
[116 107  88 116]
[116 109  89 118]
[116 110  90 118]
[115 109  88 117]
[114 108  86 115]
[112 108  85 115]
[114 109  87 115]
[117 112  92 119]
[127 118 102 125]
[146 129 121 138]
[163 148 145 158]
[172 169 167 173]
[178 176 179 178]
[181 176 183 179]
[182 176 185 181]
[182 176 185 181]
[182 176 184 181]
[181 176 183 181]
[176 172 177 175]
[158 164 160 167]
[142 146 136 145]
[126 127 110 126]
[111 110  89 113]
[106 102  77 106]
[106 102  75 108]
[113 108  82 114]
[109 126  92 133]
[149 121 113 128]
[154 136 131 155]
[139 150 135 167]
[155 139 131 150]
[155 137 128 158]
[150 144 130 165]
[158 138 129 157]
[162 131 126 156]
[156 138 130 165]
[153 146 131 163]
[156 139 128 152]
[148 131 123 151]
[147 127 119 148]
[143 122 115 143]
[153 107 108 123]
[114 111  96 134]
[109 105  83 110]
[103 100  74 104]
[100  97  68 100]
[96 94 64 97]
[90 92 58 95]
[91 87 52 92]
[ 83  97  50 103]
[116  86  51  85]
[ 99  85  52 109]
[92 88 48 99]
[92 87 49 92]
[92 86 53 93]
[ 93  96  62 104]
[100 104  71 113]
[116 108  81 120]
[130 107  89 121]
[133 105  92 125]
[127  98  87 125]
[127  96  82 120]
[116 107  77 127]
[117 120  78 137]
[155 122 102 135]
[159 157 131 170]
[169 159 155 174]
[201 157 177 170]
[187 170 183 165]
[178 163 179 193]
[178 163 179 193]
[179 162 179 192]
[176 161 177 192]
[173 158 170 188]
[191 139 162 168]
[160 145 147 175]
[148 142 132 153]
[142 134 122 144]
[141 134 121 143]
[140 136 123 144]
[138 133 121 140]
[130 129 116 138]
[125 123 108 130]
[123 117 100 126]
[119 114  95 124]
[118 111  93 122]
[121 112  96 124]
[138 118 109 131]
[150 137 130 151]
[159 157 151 166]
[168 165 162 172]
[181 163 169 173]
[174 174 171 188]
[167 178 172 183]
[186 165 167 161]
[153 153 154 169]
[141 143 134 147]
[124 124 107 126]
[111 106  85 110]
[101  95  71 103]
[ 98  93  67 102]
[100  95  68 102]
[101  96  70 103]
[102  97  71 104]
[102  97  71 105]
[103  98  71 105]
[103  98  71 106]
[104  99  72 107]
[105  99  72 107]
[105 100  73 107]
[105 100  73 107]
[107 101  76 109]
[110 104  81 112]
[111 117  86 131]
[126 118  92 139]
[152 129  98 141]
[151 123 106 140]
[125 129  99 138]
[112 110  88 116]
[107 103  82 110]
[105 102  80 108]
[106 101  80 108]
[108 100  81 109]
[110 104  83 112]
[109 106  84 114]
[111 108  85 115]
[114 109  87 117]
[116 109  89 119]
[117 110  90 119]
[117 111  91 119]
[116 110  91 119]
[116 109  89 117]
[115 109  88 117]
[114 110  87 116]
[116 110  89 116]
[119 113  95 121]
[131 120 107 128]
[152 133 128 143]
[165 155 152 164]
[174 172 172 176]
[179 176 181 180]
[182 177 184 181]
[182 178 185 183]
[182 177 185 182]
[182 176 184 182]
[181 177 184 182]
[179 173 179 176]
[166 167 167 170]
[148 154 146 154]
[134 134 119 131]
[116 114  95 117]
[109 104  81 108]
[109 104  78 109]
[115 108  84 114]
[116 122  92 132]
[144 123 110 133]
[156 138 126 150]
[145 146 128 162]
[157 138 125 154]
[159 146 124 161]
[154 152 125 164]
[168 143 125 156]
[162 140 128 165]
[160 150 129 167]
[159 151 126 164]
[164 144 125 159]
[160 146 122 163]
[158 142 120 158]
[155 141 113 155]
[154 122 110 135]
[121 127  97 135]
[109 106  83 109]
[104 100  74 103]
[ 99  97  70 101]
[97 95 65 98]
[90 92 58 96]
[89 89 52 93]
[ 92  97  47 108]
[121  86  50  97]
[111 106  57 116]
[ 96  93  50 102]
[93 88 50 94]
[93 89 54 97]
[ 97  95  60 103]
[105 102  67 112]
[122 108  75 123]
[134 113  84 137]
[143 121  89 143]
[135 122  88 142]
[128 117  82 127]
[118 115  76 122]
[111 120  83 135]
[136 127 105 141]
[152 150 130 160]
[162 154 153 169]
[199 149 174 164]
[187 170 183 165]
[180 163 179 193]
[180 162 178 193]
[180 162 178 192]
[177 161 175 191]
[173 156 169 185]
[189 136 161 164]
[156 142 145 172]
[145 137 130 150]
[140 133 121 143]
[140 133 120 143]
[139 135 123 144]
[138 132 121 140]
[130 130 116 138]
[126 124 109 131]
[124 117 101 127]
[120 114  97 126]
[119 113  95 123]
[123 113  99 125]
[141 119 113 132]
[151 139 133 153]
[157 159 153 168]
[170 163 163 170]
[179 159 168 171]
[175 169 171 179]
[161 176 169 184]
[184 159 168 160]
[160 158 156 170]
[140 146 136 151]
[125 127 111 130]
[113 107  87 113]
[102  97  73 104]
[ 98  94  67 101]
[ 99  94  68 101]
[101  96  70 103]
[103  98  72 105]
[103  98  72 105]
[103  98  71 105]
[103  98  71 105]
[104  98  72 106]
[105  99  73 107]
[106 100  74 108]
[106 101  75 109]
[107 102  77 109]
[109 103  79 111]
[111 105  82 115]
[111 114  85 129]
[124 113  91 129]
[129 120  93 126]
[117 117  88 120]
[108 104  84 112]
[106 102  80 109]
[106 101  79 108]
[107 101  80 108]
[109 101  82 110]
[110 103  83 112]
[111 107  85 115]
[113 109  87 116]
[116 110  89 118]
[117 111  90 120]
[117 111  91 120]
[117 110  92 119]
[117 110  91 119]
[117 109  90 118]
[115 109  89 118]
[114 110  87 117]
[117 110  90 117]
[121 115  98 123]
[135 122 112 130]
[155 137 134 147]
[166 159 158 168]
[175 173 175 177]
[179 176 182 180]
[181 176 183 181]
[181 177 184 182]
[183 176 184 181]
[182 175 184 182]
[182 176 184 182]
[179 173 181 178]
[171 170 172 173]
[152 161 154 163]
[141 141 129 139]
[123 122 103 124]
[113 109  85 113]
[110 107  81 112]
[113 109  85 115]
[114 117  91 127]
[129 119 103 130]
[141 130 114 138]
[131 135 116 148]
[134 131 115 144]
[137 136 111 146]
[140 141 111 151]
[153 137 116 147]
[148 143 120 154]
[144 143 118 151]
[141 139 116 152]
[144 140 116 152]
[145 141 113 152]
[144 140 109 149]
[143 136 106 145]
[138 129 102 133]
[120 124  92 123]
[110 106  82 108]
[102 100  76 105]
[101  98  71 101]
[96 94 66 98]
[88 93 60 96]
[88 85 51 89]
[ 90  90  46 101]
[ 91  94  51 109]
[103 103  53 103]
[97 87 49 96]
[93 85 52 95]
[96 91 55 96]
[ 97  93  58 102]
[103  98  62 110]
[116 104  69 118]
[118 113  75 129]
[120 116  78 127]
[116 115  76 123]
[110 108  72 114]
[112 106  74 112]
[114 112  84 122]
[128 124 105 133]
[143 136 131 151]
[154 144 150 163]
[200 138 171 157]
[187 170 183 166]
[179 164 179 194]
[179 164 178 194]
[178 163 177 193]
[175 161 173 190]
[172 155 166 184]
[187 135 158 162]
[154 140 143 169]
[143 135 128 148]
[138 131 119 141]
[138 132 119 141]
[138 133 121 142]
[137 131 120 139]
[129 128 115 137]
[126 123 108 131]
[123 117 101 126]
[119 114  96 126]
[120 112  95 123]
[126 114 101 126]
[144 121 116 135]
[153 142 137 156]
[156 162 154 170]
[172 161 163 166]
[178 157 166 170]
[170 168 171 179]
[165 174 169 181]
[178 158 167 164]
[163 162 158 169]
[140 145 138 152]
[127 127 112 128]
[111 106  89 113]
[101  97  73 104]
[ 98  93  67 100]
[ 99  94  68 101]
[102  96  71 104]
[103  98  73 105]
[103  99  73 106]
[103  98  72 106]
[103  98  71 105]
[104  98  72 106]
[105  99  72 107]
[106 100  74 108]
[106 101  74 109]
[106  99  75 108]
[106 101  76 109]
[107 101  79 110]
[107 104  81 113]
[110 105  84 113]
[111 104  83 112]
[108 103  82 111]
[106 102  80 109]
[107 101  79 109]
[109 102  79 110]
[110 104  81 111]
[112 104  83 111]
[110 105  84 114]
[112 108  86 115]
[114 110  88 118]
[117 111  91 120]
[118 112  92 120]
[117 111  92 120]
[116 110  92 119]
[117 109  91 118]
[117 108  90 118]
[116 109  88 117]
[114 109  87 117]
[117 110  91 117]
[122 116 100 124]
[138 124 116 133]
[157 141 140 150]
[168 162 162 170]
[176 173 176 177]
[178 175 180 179]
[177 174 181 179]
[175 175 181 181]
[177 174 182 180]
[176 173 182 180]
[180 171 181 179]
[179 170 179 178]
[175 170 175 174]
[159 164 160 167]
[145 146 137 146]
[128 128 110 129]
[116 111  89 115]
[111 106  82 111]
[110 106  83 110]
[109 107  87 114]
[113 108  92 117]
[119 111  97 119]
[118 114  98 120]
[117 111  97 117]
[116 113  97 120]
[116 117  98 129]
[125 117 102 127]
[125 124 102 128]
[121 118 102 125]
[121 118 101 125]
[120 117 100 124]
[120 118  99 124]
[117 117  97 125]
[119 117  95 123]
[117 115  91 119]
[112 113  86 114]
[107 105  82 108]
[104 101  76 104]
[102  98  71 101]
[96 95 67 99]
[91 92 59 93]
[86 85 52 89]
[89 83 49 90]
[88 88 47 94]
[97 86 50 87]
[94 80 54 94]
[90 83 54 98]
[94 88 55 96]
[93 92 56 98]
[ 93  93  58 102]
[ 98  93  61 102]
[ 98  96  62 104]
[ 99  94  64 101]
[ 98  96  65 102]
[ 98  95  66 103]
[105  98  71 107]
[112 113  85 124]
[128 127 108 138]
[148 140 131 151]
[158 144 149 164]
[206 135 170 156]
[198 170 182 170]
[192 172 181 198]
[189 171 180 197]
[185 168 178 194]
[180 164 174 191]
[173 158 166 185]
[186 137 157 162]
[153 140 141 167]
[140 134 127 147]
[135 129 117 139]
[134 128 116 138]
[134 129 119 139]
[133 127 117 136]
[126 125 112 135]
[124 120 105 129]
[121 115  99 125]
[119 113  95 123]
[119 111  95 123]
[126 115 102 128]
[145 124 119 137]
[153 145 138 158]
[153 164 154 172]
[173 159 161 163]
[177 155 165 171]
[168 166 169 178]
[171 171 169 175]
[170 160 167 171]
[166 160 158 163]
[139 147 138 153]
[126 125 113 128]
[111 107  89 113]
[101  96  73 103]
[ 98  93  68 100]
[100  94  69 102]
[102  97  71 104]
[104  98  73 106]
[104  99  73 106]
[104  98  72 106]
[103  98  72 106]
[104  98  71 106]
[104  99  72 107]
[105  99  73 107]
[106  99  73 106]
[104  99  73 108]
[104  99  74 107]
[106 101  76 107]
[105 100  78 109]
[108 101  79 108]
[106 101  79 109]
[105 100  78 109]
[106 101  77 108]
[108 102  79 110]
[109 105  81 113]
[110 106  82 114]
[113 106  83 112]
[111 107  84 115]
[113 109  87 116]
[115 110  89 118]
[117 112  92 120]
[118 112  93 121]
[116 112  92 121]
[116 110  92 119]
[118 109  92 118]
[117 108  90 118]
[116 108  88 117]
[114 109  87 117]
[117 111  92 118]
[124 117 102 124]
[141 126 121 135]
[160 144 145 154]
[170 164 166 172]
[176 174 178 178]
[174 175 180 179]
[171 173 178 177]
[165 171 177 177]
[165 166 177 173]
[165 161 176 172]
[174 156 175 169]
[175 160 176 176]
[174 167 174 175]
[163 166 163 170]
[144 152 142 153]
[130 131 115 131]
[117 111  91 116]
[110 105  82 111]
[107 104  80 109]
[108 102  81 106]
[106 101  83 108]
[108 101  84 107]
[107 103  84 110]
[108 103  85 110]
[112 105  85 110]
[111 106  87 112]
[111 106  88 112]
[110 105  88 111]
[111 104  87 110]
[110 105  88 111]
[110 106  89 112]
[111 104  89 110]
[109 105  87 110]
[109 104  86 109]
[108 104  84 109]
[107 104  83 109]
[107 103  81 106]
[104 101  77 105]
[101  97  72 102]
[ 97  97  67 100]
[90 91 60 95]
[87 86 54 90]
[88 82 50 87]
[85 88 48 97]
[90 87 52 97]
[96 90 55 93]
[92 83 53 93]
[89 81 52 94]
[91 86 53 93]
[90 86 53 91]
[88 83 54 89]
[86 83 54 90]
[87 83 56 92]
[92 86 59 94]
[96 91 63 99]
[102  97  72 107]
[111 112  87 123]
[125 129 109 141]
[150 140 133 154]
[163 149 150 170]
[211 138 172 159]
[197 177 185 184]
[201 187 185 206]
[201 186 184 205]
[201 183 181 202]
[196 179 177 198]
[189 171 168 190]
[187 153 160 170]
[155 150 144 167]
[138 134 126 145]
[132 126 116 135]
[130 124 113 134]
[131 124 114 134]
[129 122 112 133]
[123 122 108 132]
[121 117 103 126]
[119 114  98 124]
[118 112  95 122]
[120 112  96 123]
[126 115 102 128]
[146 124 119 137]
[155 144 138 158]
[147 166 154 175]
[169 158 162 161]
[178 149 163 166]
[167 162 165 179]
[174 168 171 174]
[171 166 168 174]
[164 157 158 162]
[140 147 138 153]
[125 124 112 127]
[109 106  88 112]
[101  95  73 102]
[ 99  93  68 101]
[101  96  70 103]
[103  98  72 105]
[104  99  73 107]
[104  99  73 107]
[104  98  72 106]
[103  98  71 105]
[103  98  71 106]
[103  98  71 106]
[103  99  71 106]
[104  97  72 105]
[103  99  72 106]
[103  99  73 106]
[105  99  75 106]
[106 101  77 109]
[106 101  78 110]
[107 101  77 108]
[106 101  77 108]
[107 101  77 109]
[109 103  79 110]
[110 105  81 112]
[109 106  82 113]
[111 105  83 112]
[111 107  84 114]
[113 108  86 115]
[114 110  89 118]
[116 111  91 120]
[117 112  93 121]
[116 112  93 121]
[117 111  93 120]
[117 110  93 120]
[117 109  92 119]
[115 108  89 117]
[114 108  88 116]
[115 110  92 118]
[125 117 103 125]
[142 128 123 137]
[162 145 148 156]
[171 165 168 174]
[176 175 179 179]
[171 177 180 179]
[169 170 175 173]
[166 164 171 171]
[170 159 169 167]
[163 159 171 172]
[179 150 174 165]
[175 152 173 176]
[172 165 174 178]
[165 166 165 169]
[146 153 143 154]
[135 131 116 130]
[119 113  94 119]
[109 105  82 112]
[105 102  77 108]
[105 100  77 105]
[103 100  77 105]
[103  99  77 103]
[103  99  77 104]
[105 101  77 105]
[106 101  79 107]
[106 103  79 109]
[106 102  79 107]
[105 101  79 106]
[105 101  80 107]
[106 102  81 107]
[107 103  82 107]
[106 102  82 107]
[106 102  81 107]
[107 102  80 107]
[108 103  81 108]
[107 104  81 109]
[107 103  80 107]
[105 101  78 105]
[102  99  72 102]
[97 95 67 99]
[91 92 61 95]
[87 86 55 90]
[87 81 51 86]
[86 83 50 91]
[86 84 49 93]
[91 83 50 87]
[95 80 51 88]
[87 80 51 94]
[90 84 51 92]
[88 84 51 92]
[87 84 52 89]
[87 82 52 88]
[88 82 53 89]
[90 86 57 95]
[95 91 63 99]
[105  98  72 106]
[113 113  89 124]
[125 131 112 144]
[151 142 135 156]
[165 149 152 172]
[215 139 172 160]
[181 180 189 181]
[180 178 185 197]
[181 180 185 199]
[183 181 184 200]
[181 180 179 198]
[178 175 169 191]
[177 160 159 172]
[157 154 144 160]
[140 135 129 144]
[133 126 118 135]
[130 124 114 134]
[128 123 113 133]
[128 121 111 131]
[124 120 107 130]
[123 118 105 127]
[120 117 102 128]
[121 114  99 124]
[122 113  99 124]
[127 117 104 129]
[147 125 119 138]
[156 146 138 160]
[150 167 152 176]
[175 157 159 159]
[182 148 164 166]
[167 161 167 183]
[171 170 171 177]
[174 169 169 172]
[163 156 158 164]
[140 148 138 152]
[124 123 111 126]
[108 105  87 111]
[100  96  74 102]
[ 99  94  70 102]
[101  97  71 104]
[103  98  72 105]
[104  98  73 106]
[104  98  73 106]
[103  98  72 106]
[102  98  72 106]
[104  97  71 105]
[103  98  71 105]
[103  98  72 106]
[104  98  72 105]
[103  99  72 106]
[105  99  73 106]
[105 100  74 108]
[107 101  76 108]
[106 101  77 109]
[107 101  77 108]
[106 101  77 109]
[108 102  77 109]
[109 103  79 111]
[110 105  80 112]
[110 106  82 112]
[112 105  83 112]
[111 107  84 114]
[112 107  86 115]
[113 109  88 117]
[114 110  90 118]
[116 111  92 119]
[117 112  94 121]
[118 112  95 121]
[119 111  95 121]
[119 110  93 119]
[117 108  91 118]
[114 107  89 116]
[115 110  92 118]
[125 117 104 125]
[143 128 124 137]
[162 146 150 156]
[170 166 170 175]
[176 177 181 180]
[172 178 181 181]
[174 170 175 173]
[174 164 170 177]
[173 168 170 182]
[167 175 172 185]
[181 161 174 169]
[179 152 173 175]
[171 158 171 177]
[166 163 165 168]
[146 154 144 157]
[135 132 118 134]
[120 117  94 121]
[111 107  81 110]
[105 102  75 107]
[104 100  75 104]
[102  99  75 103]
[102  97  75 101]
[102  98  74 103]
[103  98  75 104]
[104 100  75 104]
[103  99  74 104]
[102  99  74 103]
[102  98  75 103]
[103  99  76 103]
[103 100  76 104]
[103  99  77 104]
[104 100  77 104]
[103  99  76 104]
[104 100  77 106]
[107 101  78 106]
[107 104  80 108]
[107 103  80 108]
[105 102  78 106]
[102  99  73 103]
[ 97  96  68 100]
[91 92 61 95]
[87 86 54 90]
[85 81 50 86]
[85 80 48 86]
[84 82 46 90]
[86 82 46 91]
[97 83 49 88]
[91 86 50 95]
[89 85 51 93]
[88 85 50 92]
[88 83 50 89]
[88 83 51 90]
[89 84 53 92]
[93 87 57 94]
[ 96  92  62 100]
[103 100  73 109]
[114 115  90 126]
[128 133 113 145]
[154 142 136 157]
[165 152 154 174]
[215 138 174 160]
[176 172 185 163]
[166 156 179 177]
[166 157 181 178]
[167 157 181 178]
[163 156 176 177]
[158 152 169 172]
[153 146 159 164]
[146 140 147 155]
[142 133 135 145]
[136 128 127 141]
[136 128 122 138]
[133 128 119 137]
[133 127 117 135]
[129 127 115 137]
[129 126 113 134]
[128 123 110 132]
[128 119 107 130]
[127 118 106 130]
[132 122 110 133]
[148 128 122 141]
[157 147 140 160]
[157 168 152 178]
[176 162 160 170]
[187 159 167 171]
[172 165 168 181]
[164 168 170 178]
[176 164 168 167]
[161 154 157 165]
[140 147 137 151]
[124 124 111 126]
[109 106  88 111]
[102  97  75 103]
[101  95  72 103]
[102  97  73 105]
[103  98  74 106]
[103  98  74 106]
[104  98  73 106]
[103  98  73 106]
[103  98  72 105]
[104  97  72 105]
[102  98  72 106]
[103  98  72 105]
[104  98  72 105]
[103  98  72 106]
[105  98  73 106]
[104 100  74 108]
[106 100  75 107]
[105 101  75 108]
[106 100  76 107]
[105 100  76 108]
[107 101  77 109]
[109 102  78 110]
[109 104  79 112]
[110 106  81 113]
[111 106  83 113]
[111 107  84 114]
[112 107  86 114]
[112 109  87 116]
[114 109  89 117]
[116 110  92 119]
[118 112  94 121]
[119 113  95 123]
[121 113  96 123]
[121 112  95 122]
[119 111  93 120]
[117 110  91 118]
[117 111  94 119]
[126 118 105 125]
[144 129 125 138]
[164 147 151 156]
[171 168 171 176]
[178 178 183 181]
[170 182 184 186]
[181 169 177 174]
[178 166 172 181]
[174 174 172 187]
[165 183 170 189]
[179 163 172 168]
[187 149 171 166]
[168 148 169 178]
[163 158 163 169]
[146 153 144 155]
[133 131 118 132]
[117 116  94 120]
[110 106  80 109]
[105 102  74 107]
[103 100  74 104]
[103  99  75 104]
[102  99  75 103]
[103  98  74 103]
[103  99  74 103]
[102  98  72 103]
[102  98  71 102]
[101  97  72 102]
[101  98  73 102]
[101  98  74 102]
[102  98  75 102]
[102  98  74 102]
[102  98  74 103]
[102  98  74 103]
[104 100  76 104]
[106 101  77 106]
[107 103  79 108]
[107 103  79 108]
[105 102  78 106]
[102  99  74 102]
[96 95 67 98]
[89 90 60 93]
[86 84 53 88]
[83 79 48 85]
[82 77 45 83]
[81 77 44 84]
[81 80 43 89]
[89 81 46 87]
[91 87 48 93]
[90 85 50 92]
[90 85 50 91]
[88 83 50 92]
[89 84 51 91]
[90 85 53 92]
[94 87 57 95]
[ 96  93  63 101]
[104 101  73 109]
[116 115  91 125]
[129 133 114 148]
[155 144 139 161]
[167 153 155 176]
[217 139 175 160]
[182 167 180 159]
[171 154 175 178]
[172 156 177 180]
[173 156 177 179]
[169 154 175 177]
[164 150 170 171]
[158 144 163 163]
[148 139 155 158]
[142 133 148 152]
[135 133 141 150]
[134 132 137 146]
[132 131 132 145]
[136 130 129 141]
[136 130 126 142]
[139 129 124 140]
[138 130 122 142]
[136 129 120 141]
[136 128 117 138]
[139 128 119 139]
[152 134 130 146]
[159 150 145 162]
[162 166 156 178]
[167 169 164 179]
[188 163 167 167]
[174 161 166 176]
[161 168 168 179]
[176 159 166 163]
[160 155 156 167]
[141 148 138 152]
[127 127 114 129]
[113 110  93 116]
[106 102  81 108]
[104 100  78 107]
[105 101  78 108]
[106 101  78 108]
[105 101  78 108]
[105 100  77 108]
[104 100  76 107]
[104  99  75 107]
[104  99  75 106]
[104 100  74 106]
[103  98  73 106]
[104  98  73 105]
[103  99  73 106]
[104  98  74 105]
[103  99  74 107]
[104  99  75 106]
[104  99  75 106]
[105  98  75 105]
[104  99  75 106]
[105 100  76 107]
[107 101  77 108]
[108 103  79 111]
[109 105  81 112]
[111 106  82 112]
[111 107  84 113]
[112 107  86 114]
[112 109  87 116]
[114 110  89 117]
[117 110  91 119]
[118 112  93 121]
[120 114  95 123]
[121 115  96 124]
[121 114  95 123]
[121 113  94 122]
[118 111  93 119]
[119 113  96 121]
[127 119 107 127]
[145 130 127 139]
[164 147 151 157]
[172 168 172 177]
[179 179 183 183]
[175 181 183 185]
[186 169 178 174]
[176 169 176 184]
[172 176 173 185]
[160 181 169 190]
[176 169 169 175]
[198 148 170 164]
[176 152 168 181]
[161 158 163 172]
[145 152 144 154]
[131 130 118 131]
[116 115  93 118]
[109 105  79 108]
[104 102  74 106]
[104 100  73 104]
[103  99  75 104]
[103  99  75 104]
[103  99  75 104]
[102  99  73 103]
[102  98  71 102]
[101  97  70 101]
[100  97  70 101]
[101  97  72 101]
[101  97  73 102]
[102  98  74 102]
[102  98  74 102]
[102  98  74 102]
[102  98  74 103]
[104 100  75 104]
[106 102  77 106]
[107 103  79 107]
[107 103  79 107]
[105 102  78 106]
[101  98  73 102]
[95 94 66 97]
[88 89 59 92]
[84 83 52 87]
[82 78 46 83]
[80 75 42 81]
[80 74 41 80]
[79 77 42 84]
[84 79 45 86]
[89 84 48 90]
[91 86 50 92]
[92 86 50 92]
[91 86 51 92]
[91 85 51 91]
[92 86 53 93]
[93 89 58 96]
[ 95  94  63 101]
[104 101  74 109]
[117 116  92 127]
[131 135 116 149]
[156 145 140 161]
[167 153 156 177]
[218 138 175 160]
[182 167 179 164]
[174 160 173 185]
[175 162 175 187]
[177 163 176 187]
[176 162 175 186]
[173 160 173 183]
[171 155 169 177]
[165 151 164 171]
[161 145 160 163]
[152 141 155 159]
[148 135 151 152]
[143 133 147 152]
[141 131 145 150]
[138 132 142 151]
[137 132 140 152]
[138 133 137 150]
[138 133 133 147]
[140 132 131 145]
[142 133 132 147]
[155 139 140 152]
[165 150 151 163]
[165 164 161 177]
[160 172 166 180]
[175 163 168 166]
[165 156 167 173]
[162 158 162 172]
[176 152 162 162]
[162 159 157 169]
[144 152 141 155]
[134 133 121 134]
[122 119 104 124]
[115 111  93 116]
[112 108  89 114]
[112 107  88 114]
[112 107  88 114]
[111 107  86 113]
[110 105  85 112]
[108 104  83 111]
[108 103  81 110]
[107 102  80 109]
[106 101  79 108]
[105 101  78 108]
[106 100  77 107]
[104 100  77 107]
[105  99  76 105]
[104  99  76 106]
[105  99  76 106]
[104  99  76 106]
[105  99  76 106]
[105 100  77 107]
[106 101  77 107]
[107 102  79 108]
[108 103  80 110]
[108 104  81 111]
[109 105  82 112]
[110 106  84 112]
[111 106  85 114]
[112 108  86 115]
[114 109  88 117]
[116 110  90 119]
[118 112  92 121]
[120 114  94 123]
[122 115  95 124]
[121 115  95 124]
[121 114  94 122]
[119 112  94 120]
[120 113  97 122]
[128 119 108 128]
[145 130 127 140]
[164 147 151 157]
[172 168 171 177]
[179 178 183 182]
[171 184 183 190]
[188 168 180 174]
[177 172 176 182]
[174 174 174 180]
[163 177 170 188]
[171 174 170 182]
[204 153 172 166]
[183 156 170 184]
[165 164 164 175]
[146 152 144 153]
[130 130 117 131]
[115 113  92 116]
[109 104  79 109]
[105 102  75 107]
[105 100  74 105]
[104 100  75 105]
[105 100  76 105]
[104 100  76 104]
[104 100  74 104]
[103  99  72 103]
[102  98  71 102]
[101  98  71 102]
[101  98  72 102]
[102  98  74 102]
[103  99  75 103]
[103  99  75 103]
[103  99  75 103]
[104  99  75 104]
[105 101  76 105]
[106 102  78 106]
[107 103  79 108]
[107 103  79 108]
[105 102  77 106]
[101  98  72 102]
[95 93 66 97]
[88 89 58 92]
[84 83 51 86]
[82 78 46 83]
[80 75 42 81]
[79 75 41 80]
[80 77 42 83]
[83 80 44 86]
[87 83 48 90]
[91 86 51 93]
[91 88 54 95]
[92 90 55 95]
[92 89 56 95]
[93 90 57 95]
[94 92 60 97]
[ 96  95  65 101]
[103 101  75 110]
[116 117  94 128]
[134 135 117 149]
[158 144 140 162]
[169 155 157 178]
[218 139 176 161]
[181 167 177 162]
[173 159 171 183]
[173 160 172 185]
[175 161 174 186]
[176 162 174 186]
[175 162 174 187]
[175 161 172 185]
[173 160 171 184]
[172 158 168 180]
[170 157 166 178]
[169 152 164 173]
[165 151 161 172]
[160 147 158 167]
[158 142 154 160]
[153 136 150 156]
[149 135 148 154]
[146 134 146 154]
[146 135 145 153]
[147 137 146 154]
[155 138 150 156]
[169 145 157 163]
[168 159 164 177]
[168 171 165 180]
[179 160 167 165]
[176 159 166 167]
[167 153 164 172]
[172 153 165 171]
[167 163 160 171]
[157 156 147 160]
[151 144 134 146]
[141 137 122 140]
[133 130 113 134]
[128 125 107 128]
[125 122 105 126]
[123 119 103 125]
[121 117 101 123]
[120 115  98 121]
[119 113  96 120]
[117 112  94 118]
[115 111  92 117]
[114 109  90 116]
[112 108  88 115]
[112 107  87 113]
[109 106  86 112]
[109 104  85 110]
[108 103  83 110]
[108 103  83 110]
[108 104  83 110]
[109 104  83 110]
[109 105  84 110]
[109 105  84 111]
[109 105  84 111]
[110 106  85 111]
[110 105  85 112]
[110 106  85 112]
[111 106  85 112]
[111 106  86 113]
[112 108  87 115]
[113 109  88 117]
[116 111  90 118]
[118 112  92 121]
[120 114  94 123]
[121 115  95 124]
[120 115  95 124]
[120 113  94 122]
[118 112  93 120]
[119 113  97 121]
[128 118 108 128]
[145 129 127 139]
[163 146 150 157]
[171 167 169 176]
[177 177 181 181]
[168 183 183 186]
[188 166 179 169]
[173 168 176 184]
[176 175 176 180]
[171 178 173 189]
[167 179 172 191]
[210 160 175 166]
[186 161 173 188]
[167 167 167 178]
[148 154 146 154]
[130 131 117 131]
[116 113  93 116]
[109 105  80 110]
[106 103  76 108]
[105 101  75 106]
[105 101  75 106]
[106 101  76 106]
[105 101  76 106]
[105 101  75 105]
[104 100  73 104]
[104 100  73 104]
[103 100  73 104]
[104 100  74 104]
[104 100  75 104]
[104 100  76 104]
[104 100  76 104]
[104 100  75 104]
[104 100  75 105]
[105 101  76 106]
[106 102  77 107]
[108 103  79 108]
[107 104  79 108]
[105 102  77 106]
[100  98  72 101]
[94 93 65 97]
[88 89 58 92]
[85 83 51 87]
[83 79 46 83]
[81 77 42 82]
[80 76 41 81]
[82 77 41 83]
[85 79 44 85]
[89 83 48 89]
[94 86 53 93]
[96 91 58 98]
[98 93 62 99]
[ 99  95  65 100]
[ 98  94  66 100]
[ 96  95  66 102]
[ 98  96  68 102]
[104 101  77 111]
[115 116  95 128]
[135 133 118 149]
[157 145 142 165]
[170 156 158 179]
[219 141 176 162]
[181 167 177 163]
[173 159 169 183]
[173 159 170 184]
[174 160 171 185]
[175 161 171 185]
[174 162 172 187]
[175 161 172 186]
[175 162 172 186]
[175 162 172 186]
[175 162 171 187]
[175 161 170 185]
[173 161 168 184]
[170 157 164 180]
[170 152 160 175]
[170 150 157 173]
[168 150 157 172]
[171 152 158 171]
[170 150 157 169]
[173 150 157 166]
[176 149 160 167]
[181 152 166 171]
[170 166 170 184]
[170 173 169 185]
[178 169 167 180]
[186 170 167 177]
[182 168 168 178]
[176 166 168 176]
[172 166 165 172]
[165 163 157 170]
[164 160 150 164]
[161 159 142 160]
[154 155 136 154]
[149 148 131 148]
[145 141 127 144]
[142 138 124 141]
[140 134 122 139]
[138 132 119 137]
[137 130 117 135]
[136 129 114 134]
[134 128 112 132]
[133 126 110 130]
[129 125 108 129]
[129 122 106 126]
[125 121 104 125]
[125 118 102 122]
[121 118 101 122]
[120 116 100 120]
[119 114  99 119]
[117 114  97 119]
[117 114  96 118]
[117 112  95 118]
[116 112  94 117]
[116 112  94 117]
[115 111  93 116]
[114 110  92 116]
[114 110  91 115]
[115 109  90 115]
[114 110  90 117]
[115 111  90 118]
[117 112  92 119]
[119 114  94 122]
[120 115  95 123]
[121 116  96 124]
[121 115  95 123]
[119 113  94 122]
[118 112  94 120]
[120 113  98 122]
[129 118 108 128]
[145 129 127 140]
[163 146 149 156]
[169 166 168 174]
[175 176 179 180]
[174 180 179 184]
[188 167 180 171]
[175 173 179 187]
[173 173 177 182]
[175 179 178 186]
[166 180 174 195]
[213 158 176 166]
[189 170 178 193]
[169 172 170 180]
[150 155 147 155]
[130 131 118 132]
[117 113  93 116]
[109 105  81 110]
[106 103  77 108]
[105 101  75 105]
[104 100  75 105]
[105 100  76 106]
[105 101  76 106]
[105 101  75 106]
[105 101  74 105]
[105 101  74 105]
[105 102  75 106]
[105 102  76 106]
[105 102  77 106]
[105 101  77 105]
[105 101  76 105]
[104 100  76 105]
[105 101  75 105]
[106 101  76 106]
[107 103  77 107]
[107 104  78 108]
[107 104  78 108]
[105 102  76 106]
[101  98  72 102]
[94 93 65 97]
[88 89 58 92]
[85 83 51 87]
[83 79 46 84]
[81 77 42 82]
[81 76 41 82]
[82 77 41 83]
[84 80 43 87]
[89 84 47 90]
[94 90 55 97]
[ 99  99  65 105]
[105 103  73 109]
[108 105  78 111]
[106 104  79 110]
[103 100  75 107]
[102  97  73 106]
[108 105  81 114]
[117 119  98 132]
[137 135 121 149]
[156 146 144 166]
[169 155 160 179]
[219 139 177 162]
[181 167 175 164]
[173 159 167 182]
[172 159 167 183]
[172 159 167 183]
[173 158 167 182]
[171 159 167 183]
[173 158 167 182]
[173 159 168 184]
[172 160 169 185]
[172 161 169 184]
[173 158 168 182]
[172 156 166 182]
[172 155 163 180]
[172 153 161 179]
[175 154 160 178]
[175 158 160 181]
[181 163 164 182]
[185 166 166 186]
[186 169 167 187]
[189 172 168 185]
[187 171 171 182]
[176 175 171 182]
[173 169 168 177]
[171 169 168 180]
[177 169 168 178]
[179 170 168 176]
[176 168 168 175]
[174 166 167 172]
[170 167 165 173]
[168 167 162 171]
[167 167 158 169]
[164 166 154 167]
[165 162 150 161]
[163 158 148 161]
[163 156 146 159]
[162 155 144 158]
[160 153 142 157]
[159 151 140 155]
[158 150 137 154]
[156 150 136 153]
[156 149 134 151]
[153 148 132 150]
[152 146 130 147]
[148 145 128 146]
[147 142 127 143]
[143 141 125 142]
[140 137 123 138]
[136 133 120 136]
[131 130 116 134]
[130 126 113 130]
[130 124 111 129]
[128 124 110 129]
[128 123 109 128]
[126 122 107 127]
[124 121 105 126]
[123 119 103 124]
[123 118 101 123]
[121 118  99 124]
[121 118  98 123]
[122 118  98 124]
[123 118  99 125]
[123 119 100 126]
[123 118 100 126]
[123 117  99 125]
[121 116  98 125]
[121 115  98 123]
[123 116 102 125]
[132 121 112 131]
[148 132 130 142]
[163 147 151 157]
[169 166 168 174]
[176 175 179 178]
[170 182 181 189]
[183 171 182 176]
[182 174 178 180]
[172 170 178 184]
[178 175 179 181]
[176 178 176 192]
[208 159 180 176]
[190 181 182 196]
[172 176 172 179]
[150 155 148 156]
[130 132 119 133]
[118 113  95 116]
[110 106  83 111]
[106 104  78 108]
[104 101  75 105]
[103  99  74 103]
[103  99  75 104]
[104 100  75 105]
[104 100  75 105]
[104 100  74 105]
[105 101  75 106]
[106 102  76 106]
[106 102  77 107]
[106 102  77 106]
[105 101  77 106]
[105 101  77 105]
[104 100  76 105]
[105 101  75 105]
[106 102  76 106]
[107 103  78 107]
[108 104  78 108]
[108 104  79 108]
[105 103  76 106]
[101  99  72 102]
[95 94 65 97]
[88 88 58 91]
[84 82 51 86]
[81 78 45 83]
[80 75 41 81]
[79 75 40 81]
[80 77 41 83]
[82 79 43 85]
[87 82 47 88]
[93 91 57 98]
[ 96 104  71 109]
[107 110  84 115]
[108 110  91 120]
[110 106  90 115]
[111  97  83 109]
[105  98  80 114]
[112 109  87 118]
[119 124 103 136]
[140 137 125 150]
[160 147 147 167]
[171 155 162 180]
[221 139 179 162]
[178 166 173 164]
[170 157 164 180]
[169 157 163 180]
[168 157 162 180]
[168 155 162 178]
[168 155 161 179]
[168 154 161 178]
[169 155 161 179]
[166 156 161 180]
[167 155 161 177]
[167 151 160 176]
[166 150 158 177]
[166 151 157 176]
[164 151 156 176]
[165 152 156 174]
[164 155 157 177]
[167 158 161 178]
[170 163 165 180]
[169 164 165 182]
[170 165 165 178]
[161 166 165 175]
[167 159 161 165]
[167 153 159 167]
[169 162 163 172]
[173 164 164 171]
[174 163 164 171]
[175 164 165 171]
[174 165 166 172]
[172 168 167 172]
[171 168 166 171]
[171 167 165 170]
[168 168 164 172]
[171 165 162 170]
[170 167 161 172]
[171 168 161 172]
[171 168 160 172]
[171 167 158 170]
[170 166 157 169]
[168 165 156 168]
[166 165 154 167]
[165 164 153 165]
[164 164 152 165]
[164 163 151 163]
[162 162 150 162]
[163 160 149 160]
[162 160 148 160]
[161 157 146 157]
[159 153 143 154]
[153 150 138 151]
[151 145 134 147]
[150 143 133 147]
[147 143 133 148]
[146 142 131 145]
[144 140 128 143]
[141 138 126 142]
[139 136 122 139]
[138 132 119 136]
[136 131 115 136]
[135 130 113 134]
[135 129 111 134]
[133 129 110 135]
[132 128 109 134]
[131 126 108 132]
[130 124 107 131]
[129 124 107 131]
[129 123 107 129]
[130 124 112 132]
[140 128 121 137]
[152 138 136 147]
[167 151 155 160]
[170 167 171 175]
[177 175 180 179]
[172 180 182 184]
[183 172 179 174]
[182 168 179 179]
[171 177 180 189]
[178 173 180 182]
[185 174 177 188]
[198 167 183 184]
[187 184 182 193]
[173 174 172 176]
[152 156 150 158]
[133 135 122 135]
[120 115  99 118]
[112 109  87 113]
[107 106  82 109]
[105 101  77 105]
[104  99  75 103]
[103  99  76 104]
[103 100  76 104]
[103  99  75 103]
[103 100  75 104]
[105 101  76 105]
[106 102  77 106]
[106 102  77 107]
[105 102  78 106]
[105 101  77 105]
[104 100  76 105]
[104 100  76 104]
[105 101  76 105]
[106 102  77 107]
[108 104  79 108]
[109 105  80 109]
[109 105  80 109]
[106 104  78 107]
[101 100  73 103]
[95 94 66 97]
[89 88 58 91]
[84 82 50 86]
[81 77 44 81]
[78 75 40 80]
[78 74 39 80]
[80 75 40 80]
[81 77 43 83]
[87 81 49 87]
[ 95  93  61 100]
[ 96 111  78 116]
[120 114  94 116]
[123 112 102 127]
[126 110 103 125]
[129 101  98 120]
[112 108  93 128]
[120 117  98 125]
[124 129 109 141]
[146 140 130 154]
[164 151 150 173]
[175 159 164 184]
[225 141 180 164]
[177 164 170 160]
[167 153 159 176]
[166 153 158 176]
[165 152 157 175]
[164 151 156 174]
[164 151 155 174]
[163 150 154 174]
[164 150 153 173]
[162 151 152 174]
[164 149 151 172]
[165 148 150 171]
[163 147 149 172]
[161 145 149 169]
[159 145 147 166]
[158 142 147 162]
[156 143 148 163]
[153 143 151 163]
[156 142 153 159]
[151 143 153 161]
[148 141 152 157]
[146 140 148 153]
[153 135 148 149]
[145 140 152 163]
[148 150 153 164]
[154 151 154 162]
[157 152 155 164]
[160 154 156 165]
[161 157 158 166]
[162 160 159 166]
[164 161 161 167]
[166 162 162 168]
[166 164 162 170]
[169 163 162 168]
[168 164 163 171]
[169 165 163 170]
[170 165 162 170]
[171 165 162 170]
[171 165 162 169]
[170 165 162 168]
[167 165 162 168]
[168 164 162 166]
[167 164 161 166]
[167 164 162 166]
[167 165 162 166]
[167 165 162 167]
[167 166 162 169]
[168 167 161 169]
[169 166 159 168]
[167 167 156 168]
[169 165 153 165]
[170 164 153 166]
[168 164 153 166]
[167 163 152 163]
[165 160 150 161]
[163 157 148 160]
[162 154 143 157]
[159 152 140 155]
[155 150 136 153]
[151 148 132 152]
[148 146 128 149]
[142 145 125 148]
[140 140 122 143]
[136 136 120 142]
[137 133 119 140]
[137 132 119 140]
[140 131 120 139]
[143 134 124 142]
[151 139 133 146]
[160 147 147 156]
[172 158 163 165]
[173 171 175 178]
[178 176 182 180]
[176 180 182 184]
[183 174 181 180]
[181 176 182 185]
[179 177 179 183]
[183 171 178 180]
[187 171 181 186]
[190 173 183 185]
[182 179 181 185]
[172 170 172 175]
[154 158 153 160]
[137 139 128 139]
[124 121 106 123]
[116 114  95 118]
[112 110  89 113]
[109 105  84 109]
[107 103  82 107]
[106 103  81 107]
[106 103  81 106]
[105 102  79 106]
[106 102  78 106]
[107 103  79 106]
[106 104  80 108]
[106 103  80 107]
[105 101  79 106]
[105 100  78 105]
[104 100  77 104]
[104 100  77 105]
[105 101  77 106]
[107 103  79 107]
[109 105  80 109]
[110 106  82 110]
[109 107  82 111]
[108 105  80 108]
[103 101  75 104]
[97 96 69 99]
[89 90 61 94]
[85 84 53 87]
[83 79 47 83]
[80 77 43 82]
[81 77 43 81]
[83 78 45 84]
[85 82 49 87]
[91 87 57 92]
[ 98 100  71 107]
[100 120  87 127]
[133 123 106 128]
[136 128 116 149]
[147 125 118 145]
[152 118 114 137]
[126 127 110 146]
[128 131 112 137]
[130 137 121 149]
[152 143 136 159]
[168 153 153 176]
[178 162 164 186]
[224 144 180 167]
[175 162 167 159]
[164 151 153 174]
[163 151 152 173]
[162 150 151 172]
[162 150 151 172]
[162 149 150 171]
[161 148 148 170]
[160 147 147 169]
[159 147 145 170]
[159 146 143 170]
[159 146 142 168]
[158 146 141 167]
[156 144 139 165]
[155 142 139 162]
[154 141 139 162]
[154 140 139 160]
[153 140 139 159]
[154 137 139 156]
[151 137 140 156]
[147 136 138 154]
[147 134 135 153]
[151 130 138 150]
[148 138 139 152]
[143 133 139 149]
[143 132 141 148]
[143 133 142 149]
[141 134 143 150]
[139 137 145 151]
[140 139 146 152]
[142 140 148 153]
[145 143 150 156]
[147 146 151 158]
[150 147 152 159]
[152 150 153 160]
[153 150 153 160]
[155 151 154 161]
[157 153 155 163]
[158 156 156 164]
[159 158 157 164]
[162 158 158 163]
[164 158 159 164]
[165 161 161 166]
[166 162 162 167]
[168 164 164 167]
[169 164 165 167]
[169 165 166 169]
[170 166 167 170]
[171 167 167 171]
[170 170 166 173]
[173 170 165 172]
[174 172 166 174]
[174 173 167 176]
[175 173 167 175]
[176 172 166 175]
[175 171 164 174]
[173 170 161 173]
[171 168 157 171]
[169 164 151 166]
[165 160 146 162]
[160 157 142 159]
[154 155 138 156]
[153 148 133 150]
[150 144 131 149]
[152 142 131 148]
[153 143 133 152]
[155 145 137 154]
[158 149 141 157]
[163 152 149 160]
[170 160 159 166]
[178 166 171 172]
[178 175 180 181]
[181 178 184 182]
[179 181 184 186]
[185 176 183 182]
[188 178 181 183]
[185 178 180 186]
[187 177 182 188]
[190 179 183 187]
[187 177 182 183]
[181 176 180 181]
[173 171 173 175]
[157 161 157 163]
[143 144 136 145]
[133 129 117 131]
[126 122 107 126]
[121 118 102 121]
[117 114  96 117]
[115 112  93 114]
[114 110  92 113]
[112 109  90 113]
[110 108  88 111]
[110 107  86 110]
[110 107  86 111]
[110 107  86 110]
[109 105  84 108]
[107 103  83 107]
[107 102  81 107]
[106 102  80 106]
[105 102  80 106]
[106 103  80 106]
[107 104  81 108]
[109 105  82 110]
[111 107  84 111]
[111 107  85 111]
[110 106  83 109]
[105 104  80 108]
[101 100  74 102]
[96 95 67 97]
[92 89 61 92]
[90 86 56 90]
[88 85 54 89]
[88 86 54 90]
[92 88 58 92]
[96 92 63 96]
[103  99  72 102]
[112 111  86 115]
[119 129 100 137]
[155 131 119 141]
[164 144 131 163]
[167 145 136 164]
[161 140 136 159]
[133 147 129 160]
[135 137 126 143]
[141 138 130 151]
[156 142 142 163]
[167 155 156 179]
[175 161 165 186]
[221 145 179 166]
[173 161 164 157]
[161 149 149 171]
[161 148 148 170]
[161 148 148 170]
[161 149 147 170]
[161 148 147 170]
[160 148 145 169]
[159 147 144 168]
[158 146 142 167]
[155 144 140 166]
[154 143 137 164]
[153 141 135 161]
[152 140 134 160]
[151 140 133 160]
[151 139 134 159]
[151 139 133 159]
[151 139 132 159]
[152 139 131 159]
[150 140 131 159]
[150 138 129 156]
[150 136 128 156]
[149 136 129 156]
[149 137 129 154]
[148 135 129 153]
[148 134 130 152]
[147 133 131 150]
[145 131 131 147]
[143 129 131 144]
[143 127 133 144]
[143 127 135 144]
[144 128 137 146]
[144 131 139 148]
[143 132 140 149]
[144 133 140 148]
[143 133 141 149]
[143 135 142 150]
[144 137 143 151]
[143 138 145 152]
[142 140 146 153]
[144 141 148 153]
[144 142 150 156]
[148 146 152 157]
[150 148 154 158]
[154 150 156 159]
[158 152 158 161]
[161 156 160 164]
[163 159 162 165]
[165 161 164 166]
[167 164 165 169]
[171 166 167 170]
[173 168 169 172]
[173 170 170 173]
[174 171 171 174]
[174 171 171 175]
[173 171 169 175]
[171 169 166 172]
[166 168 162 171]
[164 164 157 167]
[160 161 153 165]
[156 159 149 163]
[155 158 144 160]
[155 154 141 158]
[157 154 139 159]
[162 154 142 161]
[165 159 147 166]
[168 162 152 167]
[171 162 155 168]
[172 164 161 171]
[177 169 169 174]
[181 173 178 178]
[182 179 184 183]
[182 180 187 184]
[182 180 186 185]
[183 179 184 184]
[183 180 184 187]
[185 180 183 189]
[186 182 183 187]
[185 181 183 185]
[183 176 181 182]
[181 174 180 180]
[176 172 175 176]
[163 166 164 168]
[152 154 148 154]
[143 142 133 143]
[138 135 124 138]
[135 130 118 133]
[132 127 113 130]
[129 125 110 128]
[128 124 109 126]
[125 122 106 125]
[123 120 103 121]
[121 117 101 119]
[119 116  99 119]
[118 115  98 118]
[116 113  96 116]
[113 111  93 115]
[113 110  91 113]
[112 108  89 111]
[111 107  88 110]
[111 107  87 110]
[111 108  87 111]
[112 109  88 113]
[113 110  90 114]
[114 111  90 115]
[114 110  90 114]
[110 111  88 113]
[108 107  84 109]
[106 104  79 107]
[104 102  76 105]
[104 100  73 103]
[105 100  72 103]
[109 101  74 104]
[112 107  79 109]
[113 114  88 116]
[116 120  97 122]
[123 128 108 132]
[128 141 120 152]
[154 146 136 162]
[161 161 146 180]
[163 160 149 176]
[158 152 146 163]
[142 146 137 156]
[144 135 135 149]
[150 140 141 160]
[160 148 150 170]
[169 155 158 178]
[173 159 163 183]
[217 143 177 164]
[172 160 163 156]
[160 148 147 169]
[160 147 146 168]
[159 148 146 169]
[160 148 145 169]
[160 149 145 169]
[161 149 145 170]
[160 148 144 168]
[159 146 142 166]
[155 145 139 164]
[154 142 136 161]
[152 140 133 159]
[151 139 132 159]
[150 140 131 159]
[152 140 132 159]
[152 139 131 158]
[151 140 130 159]
[150 140 128 159]
[149 140 127 157]
[150 137 125 156]
[149 137 125 156]
[148 139 125 155]
[146 136 124 155]
[147 137 124 155]
[147 136 124 155]
[148 136 124 154]
[148 136 125 154]
[149 136 125 155]
[149 137 127 156]
[150 138 129 156]
[151 139 130 156]
[151 138 131 155]
[150 138 131 155]
[150 136 132 153]
[150 135 132 153]
[148 135 133 152]
[148 134 134 150]
[147 133 134 149]
[145 133 135 149]
[147 131 137 146]
[145 132 139 148]
[144 131 141 147]
[143 132 143 148]
[143 133 145 150]
[144 136 147 152]
[144 140 149 154]
[146 143 151 155]
[150 146 154 157]
[153 149 158 161]
[157 154 161 164]
[160 157 164 166]
[163 159 165 167]
[165 161 166 168]
[167 163 166 168]
[167 163 165 167]
[164 162 163 166]
[161 160 159 164]
[161 155 155 159]
[157 153 152 158]
[157 150 149 155]
[157 150 146 156]
[156 152 146 159]
[161 155 146 160]
[164 157 150 165]
[170 164 156 170]
[173 167 161 172]
[176 168 165 174]
[175 170 170 176]
[179 173 175 177]
[183 175 181 179]
[184 178 185 183]
[184 179 187 183]
[182 180 186 185]
[182 178 184 183]
[182 177 184 182]
[181 177 184 183]
[180 175 183 183]
[181 175 182 181]
[182 174 181 179]
[181 174 181 180]
[180 175 180 179]
[173 173 173 175]
[166 166 163 166]
[160 157 152 157]
[156 151 145 153]
[154 147 140 150]
[152 145 136 149]
[151 145 134 147]
[150 145 132 145]
[147 143 129 143]
[145 140 126 140]
[143 138 123 138]
[141 136 121 137]
[138 134 119 135]
[133 132 116 132]
[129 128 113 128]
[127 123 109 124]
[124 121 106 123]
[123 120 104 122]
[122 119 102 121]
[122 119 100 120]
[124 118 101 121]
[125 119 102 122]
[125 121 104 124]
[126 122 104 124]
[126 122 103 123]
[128 121 102 122]
[127 121 101 124]
[127 123 100 124]
[129 123 100 124]
[132 124 101 126]
[136 129 105 132]
[136 136 111 138]
[139 142 117 140]
[143 141 123 140]
[149 141 130 144]
[152 147 138 157]
[166 149 147 162]
[171 155 153 170]
[169 152 153 168]
[163 148 151 164]
[157 146 147 164]
[159 144 148 166]
[162 152 153 173]
[168 155 157 175]
[171 157 161 180]
[173 160 164 183]
[217 144 177 163]
[172 161 163 156]
[160 148 147 168]
[159 147 146 168]
[159 148 145 168]
[160 148 145 169]
[161 149 145 169]
[162 150 146 170]
[161 150 145 170]
[160 148 143 168]
[158 147 140 166]
[156 144 137 163]
[154 143 135 162]
[153 142 134 161]
[152 142 133 160]
[154 141 133 160]
[154 142 132 161]
[153 142 131 161]
[152 142 129 160]
[151 141 127 158]
[151 139 127 158]
[149 140 126 158]
[149 139 125 155]
[147 138 124 155]
[147 136 123 154]
[147 137 123 155]
[147 137 123 155]
[148 138 124 156]
[149 139 125 157]
[149 140 126 157]
[150 139 127 157]
[150 139 127 157]
[151 139 127 157]
[151 140 129 159]
[153 141 129 159]
[153 142 130 159]
[152 142 130 159]
[153 141 130 158]
[153 141 130 159]
[152 141 131 159]
[154 141 132 158]
[155 142 133 159]
[155 141 135 157]
[155 139 136 155]
[153 138 138 154]
[152 137 139 152]
[149 135 141 151]
[149 135 142 150]
[151 136 145 152]
[153 140 150 155]
[153 143 154 158]
[153 144 157 158]
[153 145 158 158]
[153 146 158 160]
[153 149 158 161]
[155 151 158 160]
[156 151 155 160]
[155 152 152 160]
[158 151 150 158]
[154 152 149 160]
[160 150 148 157]
[160 151 148 161]
[161 158 149 164]
[168 159 151 162]
[170 163 155 169]
[174 169 162 173]
[176 171 167 176]
[178 172 171 177]
[177 173 173 178]
[178 173 177 178]
[182 174 181 180]
[182 177 184 183]
[183 178 185 184]
[182 179 183 183]
[182 178 182 183]
[183 177 182 182]
[185 177 183 182]
[182 177 183 183]
[180 176 183 182]
[183 172 181 179]
[182 175 183 181]
[183 178 184 182]
[180 178 183 182]
[178 176 177 178]
[177 173 170 174]
[176 170 166 171]
[173 167 162 169]
[170 166 160 168]
[168 166 157 167]
[166 165 156 165]
[165 164 154 163]
[163 161 151 161]
[161 160 149 159]
[162 159 147 157]
[157 157 144 156]
[152 155 140 152]
[147 151 137 147]
[142 144 133 143]
[137 139 129 141]
[133 135 125 137]
[131 131 121 134]
[131 129 119 133]
[132 130 119 134]
[134 133 120 136]
[138 134 122 136]
[140 136 123 138]
[141 138 124 141]
[144 140 125 143]
[146 144 126 145]
[148 146 126 147]
[152 148 128 147]
[154 151 131 151]
[156 155 135 154]
[157 159 139 158]
[162 160 142 159]
[166 161 147 164]
[171 163 152 169]
[174 168 156 177]
[181 170 160 181]
[185 174 161 186]
[185 174 160 186]
[182 172 158 184]
[181 170 157 182]
[181 167 159 181]
[180 168 161 184]
[180 168 164 184]
[178 168 166 186]
[180 166 167 186]
[218 149 178 167]
[173 162 164 158]
[161 150 148 169]
[160 149 147 168]
[160 148 146 168]
[160 149 146 169]
[162 150 146 170]
[163 151 147 171]
[163 151 147 171]
[162 150 146 170]
[160 149 143 168]
[158 147 140 166]
[156 145 138 164]
[155 144 136 163]
[155 144 136 162]
[156 144 136 162]
[155 145 136 163]
[155 145 134 163]
[154 144 132 162]
[154 143 130 161]
[153 142 130 159]
[152 143 130 159]
[151 140 129 158]
[151 141 128 157]
[148 139 127 157]
[149 139 126 156]
[150 139 126 157]
[151 140 127 158]
[152 141 128 158]
[151 141 128 158]
[150 139 128 157]
[149 139 127 157]
[151 139 128 157]
[152 141 129 159]
[153 142 130 160]
[154 143 131 160]
[153 143 130 160]
[153 143 131 160]
[153 143 131 161]
[153 143 131 161]
[154 144 131 162]
[155 145 132 163]
[157 146 133 163]
[158 146 134 163]
[158 147 136 164]
[159 147 137 163]
[158 147 138 162]
[158 146 139 163]
[160 147 141 163]
[163 149 145 164]
[162 149 148 165]
[161 148 150 162]
[159 145 151 159]
[155 144 152 158]
[151 143 151 157]
[150 142 151 155]
[148 142 149 156]
[147 143 147 157]
[151 143 145 155]
[149 146 144 158]
[155 145 146 154]
[151 148 148 161]
[151 153 149 162]
[156 153 152 162]
[161 159 156 167]
[166 164 162 171]
[170 168 167 174]
[172 169 170 174]
[174 169 172 174]
[177 169 175 176]
[181 171 179 177]
[179 174 181 180]
[179 175 181 180]
[178 175 180 180]
[180 175 179 180]
[182 177 180 183]
[184 179 182 184]
[185 179 182 184]
[184 177 181 181]
[183 175 181 180]
[182 175 183 182]
[183 177 185 181]
[182 180 188 184]
[182 180 186 184]
[181 179 183 183]
[182 178 180 181]
[181 177 177 178]
[179 177 175 178]
[178 176 174 176]
[176 175 173 176]
[176 173 172 172]
[174 171 170 172]
[173 171 169 171]
[173 170 169 170]
[170 170 166 170]
[166 169 162 168]
[167 164 158 162]
[165 160 154 159]
[160 156 151 156]
[156 150 146 151]
[152 144 142 148]
[149 142 140 147]
[147 142 140 148]
[145 143 140 148]
[145 144 142 149]
[145 144 143 151]
[145 147 144 152]
[146 148 145 152]
[147 149 145 153]
[150 150 146 155]
[155 153 148 157]
[158 158 151 161]
[161 161 154 163]
[164 163 156 166]
[169 165 160 171]
[173 170 164 177]
[176 174 167 178]
[175 175 168 181]
[178 175 168 182]
[180 177 168 185]
[179 179 167 186]
[178 178 164 186]
[181 176 163 185]
[184 177 166 188]
[183 180 168 191]
[185 178 168 190]
[185 178 169 190]
[187 175 169 189]
[216 158 181 174]
[174 163 166 159]
[163 152 150 171]
[162 150 149 170]
[161 149 146 169]
[161 149 146 169]
[163 150 147 171]
[164 152 148 172]
[165 152 148 172]
[164 152 148 172]
[162 151 146 170]
[160 149 143 168]
[158 147 141 165]
[157 146 139 164]
[157 146 139 165]
[158 146 140 165]
[157 147 139 165]
[156 146 137 164]
[155 145 135 163]
[154 144 133 162]
[154 144 133 161]
[154 144 134 161]
[154 144 134 161]
[153 143 133 160]
[152 143 131 159]
[153 142 130 158]
[153 142 131 160]
[154 144 132 161]
[154 144 132 162]
[154 143 131 160]
[152 142 130 159]
[151 140 128 157]
[152 139 129 157]
[154 142 130 160]
[155 144 132 161]
[157 145 133 162]
[157 145 133 162]
[156 145 133 162]
[156 145 133 162]
[156 144 133 161]
[155 144 133 162]
[156 145 134 162]
[156 146 134 163]
[157 147 135 164]
[158 148 137 165]
[159 149 138 165]
[159 150 139 165]
[161 150 140 166]
[162 151 141 168]
[163 153 143 169]
[164 154 145 170]
[163 153 146 169]
[163 152 147 166]
[160 150 148 164]
[158 147 147 161]
[157 145 147 159]
[155 143 145 157]
[153 142 143 156]
[152 140 143 155]
[152 143 142 158]
[154 141 144 154]
[152 145 145 156]
[151 142 146 153]
[153 141 149 153]
[155 146 154 158]
[156 151 160 164]
[160 156 164 166]
[160 158 167 169]
[163 159 170 169]
[163 161 172 173]
[168 163 174 172]
[166 166 176 175]
[169 166 175 172]
[175 164 174 172]
[175 168 175 176]
[177 174 177 180]
[181 175 179 180]
[181 177 179 182]
[180 177 180 182]
[181 174 179 178]
[181 174 180 178]
[179 173 183 179]
[182 177 186 180]
[183 178 188 181]
[181 179 188 182]
[180 177 185 180]
[179 176 182 178]
[179 176 181 179]
[180 177 181 178]
[180 178 181 180]
[182 177 181 178]
[181 177 181 179]
[180 178 181 179]
[180 177 182 178]
[178 177 180 177]
[176 176 177 177]
[176 174 173 177]
[177 175 171 177]
[178 175 167 176]
[178 171 163 173]
[177 168 160 171]
[175 166 158 169]
[174 164 157 167]
[174 163 157 165]
[174 160 158 163]
[172 160 159 163]
[168 157 159 161]
[164 154 158 159]
[160 152 158 158]
[157 151 158 159]
[157 151 158 160]
[157 153 160 162]
[159 155 161 163]
[160 157 163 166]
[161 159 166 169]
[160 161 168 171]
[161 162 169 169]
[162 163 169 170]
[165 162 169 170]
[167 165 170 173]
[170 166 168 173]
[170 167 166 174]
[173 168 167 177]
[176 171 169 180]
[176 175 171 183]
[177 175 170 185]
[179 175 169 187]
[184 175 170 187]
[211 165 181 175]
[204 166 170 169]
[201 176 167 187]
[200 175 165 186]
[199 174 164 185]
[199 174 163 185]
[200 175 164 186]
[200 176 165 187]
[201 176 165 188]
[201 176 165 187]
[199 175 163 186]
[198 173 162 184]
[196 172 160 183]
[195 172 160 182]
[195 172 160 182]
[195 172 160 181]
[195 172 159 182]
[194 171 158 181]
[193 170 156 179]
[192 169 155 179]
[191 169 156 179]
[192 170 156 179]
[193 170 157 179]
[191 169 156 179]
[191 169 154 178]
[191 168 154 178]
[192 170 154 178]
[192 170 155 179]
[192 170 155 179]
[191 169 155 179]
[189 168 153 177]
[188 167 152 175]
[188 167 152 176]
[189 169 153 178]
[190 171 155 179]
[191 171 155 179]
[191 171 155 180]
[190 171 155 180]
[191 171 154 179]
[191 170 155 179]
[191 171 155 179]
[191 170 155 179]
[191 170 156 179]
[191 170 156 179]
[190 171 157 179]
[190 171 157 179]
[191 171 158 180]
[192 172 159 181]
[193 173 159 181]
[193 173 160 182]
[193 173 161 182]
[193 173 161 182]
[193 173 162 181]
[193 173 163 181]
[192 172 163 180]
[192 171 163 180]
[191 171 161 179]
[191 170 161 178]
[190 170 160 177]
[190 170 159 177]
[189 168 160 176]
[190 170 161 175]
[189 167 162 175]
[190 168 164 176]
[191 169 167 176]
[191 171 170 178]
[191 170 173 178]
[192 171 175 178]
[193 169 176 176]
[191 170 178 177]
[190 169 180 176]
[187 170 180 177]
[187 170 180 176]
[185 172 181 179]
[182 176 182 183]
[185 178 181 181]
[187 179 183 182]
[186 180 184 183]
[187 180 183 181]
[186 178 183 181]
[185 177 184 180]
[184 179 186 181]
[185 179 188 182]
[186 181 190 183]
[185 182 190 183]
[185 180 188 180]
[183 179 186 179]
[183 179 186 180]
[184 179 186 181]
[185 181 186 182]
[186 181 187 183]
[186 182 188 183]
[186 182 188 183]
[186 181 188 182]
[185 181 188 182]
[184 180 187 182]
[183 180 185 182]
[183 181 183 182]
[182 181 181 183]
[183 182 179 184]
[184 182 177 184]
[184 183 176 184]
[184 183 175 185]
[186 184 176 186]
[188 185 176 188]
[189 186 177 188]
[190 185 175 186]
[191 182 174 184]
[191 179 173 181]
[192 176 172 178]
[191 173 172 177]
[189 172 172 177]
[190 171 172 176]
[191 170 173 176]
[190 169 175 174]
[186 168 176 173]
[184 166 176 172]
[184 167 177 172]
[186 168 178 174]
[186 171 179 178]
[186 173 179 179]
[185 174 178 181]
[187 176 177 180]
[187 178 178 183]
[189 178 179 183]
[189 179 178 184]
[191 180 177 187]
[195 181 177 189]
[206 180 187 184]
