[46 43 50]
[42 39 46]
[46 40 50]
[48 42 52]
[49 41 54]
[51 43 56]
[49 41 52]
[51 41 52]
[53 40 50]
[60 43 53]
[63 41 53]
[65 42 52]
[62 39 49]
[53 32 41]
[46 30 40]
[42 31 39]
[39 29 37]
[37 30 37]
[37 30 38]
[35 28 36]
[35 25 34]
[34 24 33]
[39 28 36]
[43 32 38]
[44 31 38]
[46 34 38]
[49 37 39]
[53 41 43]
[52 40 42]
[50 38 40]
[50 35 40]
[50 35 40]
[49 34 37]
[47 32 35]
[47 31 32]
[47 31 32]
[51 31 33]
[50 30 32]
[50 28 30]
[50 28 30]
[49 27 29]
[48 28 29]
[48 28 30]
[49 30 32]
[47 31 32]
[44 30 30]
[43 28 31]
[42 30 32]
[43 31 31]
[42 30 30]
[42 32 31]
[48 40 38]
[56 48 46]
[60 55 52]
[63 59 58]
[66 62 61]
[67 63 62]
[68 64 63]
[70 64 64]
[70 64 64]
[74 64 65]
[77 67 68]
[82 70 72]
[83 73 74]
[82 74 72]
[83 78 75]
[87 81 81]
[90 84 84]
[88 84 85]
[89 85 86]
[88 86 89]
[82 80 83]
[68 67 72]
[55 54 59]
[44 45 50]
[38 39 44]
[35 36 41]
[33 34 39]
[37 38 43]
[50 51 56]
[63 66 71]
[74 77 82]
[76 81 85]
[80 85 89]
[77 84 90]
[82 89 95]
[ 85  92 100]
[ 85  92 100]
[74 78 87]
[64 68 77]
[61 66 72]
[65 70 76]
[65 70 74]
[68 73 77]
[70 78 81]
[72 77 80]
[77 78 80]
[79 79 79]
[79 79 79]
[75 75 75]
[68 68 68]
[63 63 63]
[62 60 63]
[60 58 61]
[60 58 61]
[59 57 60]
[64 62 63]
[72 70 71]
[76 76 76]
[83 83 83]
[89 89 87]
[90 92 89]
[91 93 88]
[90 95 91]
[95 95 95]
[ 98  98 100]
[103 100 107]
[106 103 110]
[110 107 114]
[116 114 119]
[116 115 120]
[118 118 120]
[119 121 120]
[120 122 121]
[120 122 121]
[120 122 121]
[120 121 125]
[121 122 126]
[46 43 50]
[43 40 47]
[47 41 51]
[47 41 51]
[48 40 53]
[49 41 54]
[47 39 50]
[49 39 50]
[54 41 51]
[63 46 56]
[68 47 56]
[70 47 57]
[69 43 54]
[59 38 47]
[52 35 43]
[46 33 42]
[43 32 40]
[41 31 39]
[41 31 40]
[39 29 38]
[37 27 36]
[38 27 35]
[41 30 38]
[45 34 40]
[47 35 39]
[49 37 41]
[52 40 42]
[54 42 44]
[54 42 44]
[51 39 41]
[50 35 40]
[50 35 40]
[49 34 37]
[48 33 36]
[48 32 33]
[48 32 33]
[50 31 33]
[50 30 32]
[50 28 30]
[50 28 30]
[49 27 29]
[49 27 29]
[48 28 30]
[48 29 31]
[48 29 31]
[45 29 30]
[43 28 31]
[42 30 32]
[46 32 32]
[42 30 30]
[42 30 30]
[47 37 36]
[54 46 44]
[58 53 50]
[63 57 57]
[64 60 59]
[64 60 59]
[65 61 60]
[66 60 60]
[69 60 61]
[71 62 63]
[76 66 67]
[80 68 70]
[80 70 71]
[79 71 69]
[81 76 73]
[83 77 77]
[85 79 79]
[85 81 82]
[85 81 82]
[83 81 84]
[79 77 80]
[69 68 73]
[55 54 59]
[42 43 48]
[38 39 44]
[36 37 42]
[35 36 41]
[39 40 45]
[52 53 58]
[61 64 69]
[71 74 79]
[73 78 82]
[77 82 86]
[75 82 88]
[81 88 94]
[ 85  92 100]
[84 91 99]
[71 75 84]
[63 67 76]
[63 68 74]
[67 72 78]
[66 71 75]
[67 72 76]
[68 76 79]
[68 73 76]
[74 75 77]
[77 77 77]
[78 78 78]
[74 74 74]
[68 68 68]
[64 64 64]
[63 61 64]
[61 59 62]
[62 60 63]
[63 61 64]
[68 66 67]
[76 74 75]
[80 80 80]
[84 84 84]
[88 88 86]
[89 89 87]
[88 90 85]
[90 92 89]
[94 94 94]
[ 98  98 100]
[105 103 108]
[108 105 112]
[112 109 116]
[116 115 120]
[117 117 119]
[118 120 119]
[119 121 120]
[120 122 121]
[120 122 121]
[120 122 121]
[120 121 123]
[120 121 125]
[46 45 51]
[45 42 49]
[48 42 52]
[45 39 49]
[45 37 48]
[46 38 49]
[47 37 48]
[49 37 49]
[56 40 51]
[68 48 59]
[74 51 61]
[77 51 60]
[75 48 57]
[65 42 50]
[58 39 45]
[52 35 43]
[49 34 41]
[46 33 40]
[44 33 41]
[43 32 40]
[41 30 38]
[41 28 37]
[44 31 40]
[48 35 42]
[52 40 44]
[53 41 45]
[56 44 46]
[57 45 47]
[56 44 46]
[53 41 43]
[51 36 41]
[49 34 39]
[47 35 37]
[48 33 36]
[48 32 33]
[48 32 33]
[50 31 33]
[50 30 32]
[50 28 30]
[49 27 29]
[49 27 29]
[49 27 29]
[48 28 30]
[48 29 31]
[47 28 30]
[45 29 30]
[45 29 30]
[44 30 30]
[47 31 32]
[44 30 30]
[44 30 30]
[46 34 34]
[52 42 43]
[58 49 50]
[62 53 54]
[63 57 57]
[63 57 57]
[63 57 57]
[65 56 57]
[67 58 59]
[70 61 62]
[73 64 65]
[76 66 67]
[76 66 67]
[75 67 65]
[80 72 70]
[78 72 72]
[80 74 74]
[82 78 77]
[83 79 78]
[80 78 79]
[77 75 76]
[68 68 70]
[52 52 54]
[41 40 45]
[39 38 43]
[38 39 44]
[36 37 42]
[39 40 45]
[51 52 57]
[59 63 66]
[69 73 76]
[70 75 79]
[73 78 82]
[73 80 86]
[82 89 95]
[85 92 98]
[83 90 96]
[69 74 80]
[65 70 76]
[68 71 78]
[72 75 82]
[70 75 79]
[69 74 78]
[69 74 77]
[66 71 74]
[71 72 74]
[74 76 75]
[76 76 76]
[73 73 73]
[68 68 70]
[65 65 67]
[63 61 64]
[62 60 63]
[63 61 64]
[66 64 67]
[71 69 70]
[78 76 77]
[83 82 80]
[85 84 82]
[87 86 84]
[87 87 85]
[86 88 85]
[89 91 88]
[94 94 94]
[ 99  99 101]
[106 104 109]
[110 108 113]
[113 112 117]
[117 116 121]
[118 118 120]
[118 120 119]
[119 121 120]
[118 123 119]
[118 122 121]
[118 122 121]
[117 121 122]
[117 121 122]
[48 47 53]
[46 45 51]
[48 42 52]
[43 37 47]
[43 35 46]
[44 36 47]
[44 34 45]
[47 35 45]
[56 40 50]
[71 50 59]
[79 53 62]
[82 52 62]
[79 49 59]
[71 44 51]
[63 40 48]
[57 36 43]
[55 36 42]
[52 35 43]
[51 36 43]
[49 33 43]
[46 30 40]
[45 29 39]
[45 32 39]
[49 36 43]
[56 44 48]
[58 46 50]
[61 49 51]
[60 48 50]
[58 46 48]
[56 41 44]
[52 37 42]
[49 34 39]
[48 33 36]
[48 33 36]
[49 33 34]
[49 33 34]
[50 31 33]
[49 29 31]
[49 27 29]
[49 27 29]
[50 28 30]
[49 27 29]
[49 27 30]
[48 28 30]
[48 28 30]
[47 28 30]
[47 28 30]
[45 29 30]
[47 31 32]
[46 30 31]
[44 30 30]
[48 34 34]
[52 40 42]
[57 47 48]
[62 52 53]
[63 54 55]
[63 54 55]
[63 54 55]
[63 54 55]
[65 56 57]
[69 60 61]
[71 62 63]
[71 62 63]
[70 61 62]
[71 63 61]
[77 69 67]
[76 67 68]
[75 69 69]
[79 73 73]
[77 73 72]
[75 71 72]
[71 69 70]
[63 61 64]
[48 48 50]
[40 39 44]
[39 38 43]
[39 40 45]
[36 37 42]
[38 39 44]
[50 51 56]
[57 61 64]
[66 70 73]
[66 71 75]
[70 75 79]
[72 79 85]
[83 90 96]
[ 87  94 100]
[82 89 95]
[69 74 80]
[68 73 79]
[73 76 83]
[76 79 86]
[74 77 82]
[71 76 80]
[69 74 77]
[68 72 73]
[70 71 73]
[74 76 75]
[76 76 76]
[73 73 73]
[69 69 71]
[65 65 67]
[63 61 64]
[61 59 62]
[63 61 64]
[67 65 68]
[73 71 72]
[78 76 77]
[83 82 80]
[85 84 82]
[87 86 84]
[89 88 86]
[88 88 86]
[92 92 92]
[96 96 98]
[101 101 103]
[108 106 111]
[112 110 115]
[114 113 118]
[116 117 119]
[118 120 119]
[118 120 117]
[117 122 118]
[118 123 119]
[118 123 119]
[118 122 121]
[117 121 120]
[117 121 120]
[50 49 55]
[47 46 52]
[46 40 50]
[40 34 44]
[41 33 44]
[42 34 45]
[42 32 41]
[47 35 45]
[60 43 53]
[75 52 62]
[84 54 64]
[85 54 62]
[83 50 59]
[77 46 52]
[72 42 50]
[64 39 45]
[60 37 45]
[60 39 46]
[59 40 46]
[57 37 46]
[51 34 42]
[48 31 39]
[49 34 41]
[53 38 45]
[61 46 51]
[64 49 52]
[67 52 55]
[65 50 53]
[61 46 49]
[58 42 45]
[54 38 41]
[48 33 36]
[49 34 37]
[49 34 37]
[49 33 34]
[49 33 34]
[50 31 33]
[50 30 32]
[50 28 31]
[49 27 30]
[51 26 29]
[49 27 29]
[48 26 29]
[47 27 29]
[47 27 29]
[46 27 29]
[47 28 30]
[47 28 30]
[47 31 32]
[47 31 32]
[47 31 32]
[49 35 35]
[54 39 42]
[58 46 48]
[62 50 52]
[63 53 54]
[63 53 54]
[61 52 53]
[62 53 54]
[63 54 55]
[65 59 59]
[67 61 61]
[66 60 60]
[66 57 58]
[68 60 58]
[74 66 64]
[72 64 62]
[70 65 62]
[72 66 66]
[67 63 62]
[63 59 60]
[57 55 56]
[53 51 54]
[44 42 45]
[39 38 43]
[39 38 43]
[40 39 44]
[37 36 41]
[39 38 44]
[49 50 55]
[55 59 62]
[64 68 71]
[64 69 73]
[68 73 77]
[71 79 82]
[83 91 94]
[88 93 99]
[84 89 95]
[69 72 79]
[71 74 81]
[76 77 82]
[75 78 83]
[73 76 81]
[71 74 79]
[69 73 76]
[68 72 73]
[69 70 72]
[75 77 76]
[76 77 79]
[73 74 76]
[70 70 72]
[66 66 68]
[61 61 61]
[59 59 59]
[62 60 61]
[69 67 68]
[74 72 73]
[79 77 78]
[84 83 81]
[86 85 83]
[88 87 85]
[91 90 88]
[94 92 93]
[97 95 98]
[100  98 101]
[104 102 107]
[110 108 113]
[114 112 117]
[115 115 117]
[117 118 120]
[118 120 119]
[116 121 117]
[117 122 118]
[118 123 117]
[120 122 117]
[120 122 119]
[119 121 118]
[119 121 118]
[51 50 56]
[47 46 52]
[43 40 49]
[38 32 42]
[40 32 43]
[40 32 43]
[42 32 41]
[51 38 47]
[65 45 54]
[79 53 62]
[87 56 64]
[89 54 61]
[87 52 59]
[83 48 55]
[78 45 52]
[71 42 47]
[66 41 47]
[64 41 49]
[65 42 50]
[62 41 48]
[59 38 47]
[55 35 44]
[53 36 44]
[55 40 45]
[64 48 51]
[68 52 55]
[70 54 57]
[67 51 52]
[64 45 49]
[60 41 45]
[56 37 41]
[52 33 37]
[50 34 37]
[50 34 37]
[51 32 34]
[51 32 34]
[51 31 33]
[51 29 32]
[49 27 30]
[51 26 30]
[51 26 29]
[51 26 29]
[50 25 29]
[47 25 28]
[47 25 28]
[47 27 29]
[48 28 30]
[48 29 31]
[48 32 33]
[48 32 33]
[49 33 34]
[51 35 36]
[53 38 41]
[59 44 47]
[61 49 51]
[64 52 54]
[62 52 53]
[62 52 53]
[63 53 54]
[63 54 55]
[66 57 58]
[66 60 60]
[65 59 59]
[65 56 57]
[66 56 55]
[71 61 60]
[70 60 59]
[68 60 58]
[67 58 59]
[60 54 54]
[56 50 52]
[49 45 46]
[45 40 44]
[39 37 40]
[39 37 42]
[39 38 43]
[40 39 44]
[38 37 42]
[40 39 45]
[49 50 55]
[56 57 61]
[62 66 69]
[61 66 70]
[65 70 74]
[68 76 79]
[79 87 90]
[84 89 95]
[80 85 91]
[69 72 79]
[72 75 82]
[76 77 82]
[75 76 81]
[71 74 79]
[69 72 77]
[67 71 74]
[66 70 73]
[69 70 72]
[76 78 77]
[77 78 80]
[74 75 77]
[72 72 74]
[67 67 69]
[61 61 61]
[60 60 60]
[62 60 61]
[70 68 69]
[75 73 74]
[80 78 79]
[85 84 82]
[87 86 84]
[89 88 86]
[93 91 92]
[ 99  97 100]
[101  99 102]
[102 100 105]
[105 103 108]
[110 108 113]
[114 114 116]
[115 116 118]
[116 118 117]
[116 121 117]
[116 121 115]
[119 121 116]
[120 122 117]
[121 122 117]
[122 121 117]
[121 120 116]
[123 119 116]
[51 52 57]
[48 47 53]
[43 40 49]
[39 33 43]
[40 32 43]
[39 31 42]
[43 33 42]
[56 43 52]
[67 47 56]
[80 54 63]
[88 55 64]
[93 56 64]
[94 54 63]
[89 49 57]
[83 46 53]
[76 43 50]
[72 43 48]
[69 44 50]
[69 44 50]
[67 44 50]
[64 43 50]
[61 42 48]
[60 41 47]
[58 41 47]
[67 48 52]
[72 53 55]
[74 55 57]
[69 49 50]
[64 42 45]
[62 40 43]
[61 36 40]
[55 33 36]
[55 35 37]
[53 33 35]
[52 32 34]
[53 31 34]
[53 31 34]
[54 29 33]
[53 28 31]
[53 27 30]
[53 27 30]
[52 27 30]
[51 26 29]
[47 25 27]
[48 26 28]
[49 29 30]
[50 30 31]
[49 31 31]
[49 33 34]
[49 35 35]
[50 36 36]
[50 36 36]
[52 37 40]
[57 42 45]
[60 48 50]
[63 51 53]
[63 51 53]
[63 53 54]
[64 54 55]
[63 54 55]
[65 56 57]
[66 57 58]
[63 58 55]
[64 56 54]
[65 55 54]
[68 58 57]
[68 58 57]
[67 59 57]
[63 54 55]
[56 50 50]
[52 46 46]
[44 40 39]
[39 35 36]
[36 34 35]
[38 36 39]
[38 36 39]
[38 37 42]
[38 37 42]
[40 39 44]
[48 49 53]
[54 55 59]
[58 62 65]
[58 63 67]
[62 67 71]
[66 71 75]
[74 79 83]
[77 82 86]
[75 80 84]
[69 72 77]
[73 76 81]
[76 77 82]
[73 74 79]
[70 71 76]
[68 69 74]
[66 67 71]
[66 67 71]
[69 70 72]
[78 79 81]
[79 80 82]
[75 76 78]
[74 74 76]
[69 69 71]
[62 62 62]
[60 60 60]
[64 62 63]
[72 70 71]
[76 75 73]
[78 77 75]
[85 84 82]
[88 87 85]
[92 91 89]
[98 96 97]
[104 102 105]
[106 104 109]
[106 104 109]
[107 105 110]
[111 111 113]
[114 114 116]
[115 116 118]
[116 118 117]
[117 119 116]
[118 120 115]
[120 121 116]
[122 121 116]
[123 120 115]
[124 119 115]
[127 117 115]
[127 117 115]
[52 53 58]
[49 50 55]
[45 42 51]
[38 35 44]
[40 32 43]
[39 32 40]
[45 34 42]
[61 48 55]
[69 48 55]
[82 55 62]
[92 57 64]
[97 57 65]
[98 57 65]
[93 52 60]
[88 48 56]
[81 46 52]
[76 47 51]
[72 45 50]
[71 46 50]
[72 47 53]
[70 47 53]
[67 46 51]
[65 44 51]
[64 43 48]
[69 49 51]
[74 54 55]
[76 54 56]
[71 47 47]
[66 40 43]
[64 38 41]
[64 35 39]
[61 32 36]
[61 35 38]
[59 34 37]
[57 32 36]
[57 32 35]
[58 31 36]
[57 31 34]
[58 29 33]
[57 28 32]
[56 27 31]
[54 28 31]
[53 27 30]
[51 26 29]
[49 27 29]
[51 29 31]
[52 32 33]
[51 33 33]
[49 35 35]
[48 36 36]
[50 36 36]
[49 35 35]
[51 36 39]
[56 41 44]
[59 47 49]
[63 51 53]
[63 51 53]
[64 52 54]
[64 54 55]
[64 54 55]
[63 54 55]
[64 55 56]
[63 55 53]
[62 54 52]
[65 55 54]
[68 56 56]
[68 58 57]
[67 57 56]
[59 50 51]
[54 45 46]
[49 43 43]
[40 34 34]
[38 34 35]
[37 33 34]
[37 35 38]
[36 34 37]
[36 35 40]
[37 36 41]
[40 39 44]
[48 47 52]
[52 53 57]
[56 60 63]
[56 59 64]
[60 65 69]
[62 67 71]
[69 74 78]
[72 77 81]
[70 75 79]
[69 72 77]
[73 76 81]
[75 76 81]
[71 72 77]
[68 69 74]
[66 67 72]
[63 64 68]
[63 64 68]
[70 71 73]
[79 80 82]
[80 81 83]
[75 76 78]
[74 74 76]
[69 69 71]
[61 61 61]
[60 60 60]
[67 65 66]
[75 73 74]
[76 75 73]
[77 76 74]
[84 83 81]
[90 89 87]
[96 95 93]
[105 103 104]
[109 107 110]
[110 108 113]
[109 107 112]
[109 107 112]
[113 113 115]
[116 116 118]
[116 118 117]
[116 118 115]
[119 120 115]
[120 121 116]
[124 121 116]
[125 120 114]
[127 118 113]
[129 116 110]
[132 114 110]
[133 114 110]
[52 53 58]
[52 53 58]
[45 42 49]
[40 37 44]
[38 31 39]
[37 30 38]
[52 41 49]
[63 50 57]
[71 50 57]
[81 54 61]
[93 58 65]
[99 58 66]
[100  57  66]
[98 55 62]
[92 51 57]
[84 48 52]
[78 49 51]
[73 48 51]
[72 47 51]
[72 47 51]
[71 49 52]
[71 49 52]
[71 48 54]
[69 47 50]
[73 48 51]
[78 54 54]
[80 54 55]
[75 47 46]
[72 42 44]
[69 37 40]
[66 31 35]
[67 35 38]
[66 36 38]
[61 31 33]
[62 31 36]
[62 32 34]
[60 29 34]
[59 29 31]
[58 28 30]
[61 31 33]
[58 28 30]
[57 28 30]
[53 27 28]
[51 27 27]
[50 29 28]
[52 31 30]
[53 33 32]
[53 35 33]
[51 37 36]
[48 38 36]
[49 37 37]
[49 37 37]
[50 38 38]
[53 41 41]
[57 45 45]
[61 49 49]
[63 51 53]
[65 53 55]
[63 53 54]
[62 52 53]
[63 53 52]
[62 54 52]
[61 53 51]
[61 53 51]
[63 53 52]
[66 54 54]
[67 57 56]
[64 54 53]
[57 49 47]
[50 42 40]
[42 36 36]
[38 32 32]
[38 34 33]
[37 33 32]
[35 33 34]
[35 33 34]
[34 34 36]
[35 35 37]
[41 40 45]
[47 46 51]
[50 51 55]
[52 56 59]
[55 59 62]
[57 61 64]
[60 65 68]
[65 70 73]
[69 73 76]
[69 73 76]
[70 71 75]
[70 71 75]
[72 71 76]
[72 71 76]
[68 67 72]
[63 62 67]
[60 61 65]
[63 64 68]
[73 73 75]
[80 80 82]
[80 80 82]
[76 76 78]
[75 75 75]
[68 68 68]
[63 61 62]
[63 61 62]
[69 68 66]
[74 73 71]
[77 76 74]
[79 78 76]
[85 84 82]
[92 91 89]
[100  99  97]
[110 108 109]
[112 110 113]
[114 112 117]
[115 113 118]
[114 112 117]
[113 113 115]
[116 116 118]
[117 117 117]
[116 116 114]
[120 119 115]
[123 119 116]
[128 120 117]
[128 114 111]
[130 113 106]
[137 113 109]
[140 112 108]
[138 109 105]
[54 55 60]
[53 52 58]
[45 42 49]
[40 37 44]
[38 33 40]
[38 31 39]
[51 41 49]
[64 51 58]
[69 50 56]
[81 54 59]
[95 58 66]
[100  59  67]
[100  57  64]
[101  56  63]
[95 53 57]
[87 51 53]
[80 51 53]
[75 51 51]
[74 49 52]
[73 48 52]
[74 49 53]
[75 50 54]
[75 50 54]
[75 49 52]
[76 50 51]
[80 52 51]
[82 52 52]
[78 47 45]
[77 43 42]
[76 40 40]
[74 35 36]
[73 37 37]
[73 39 40]
[67 33 34]
[67 33 34]
[65 31 32]
[64 29 33]
[64 29 33]
[63 28 32]
[60 28 31]
[60 28 31]
[58 28 30]
[56 27 29]
[52 26 27]
[52 28 28]
[53 32 31]
[55 34 33]
[54 36 34]
[52 38 37]
[49 39 37]
[49 39 37]
[49 39 38]
[51 39 39]
[53 41 41]
[58 46 46]
[62 50 50]
[63 51 53]
[65 53 55]
[63 53 54]
[62 52 53]
[63 53 52]
[63 53 52]
[62 52 51]
[62 52 51]
[63 51 51]
[64 52 52]
[64 54 53]
[62 52 51]
[56 48 46]
[48 40 38]
[41 35 35]
[38 32 32]
[37 33 32]
[37 33 32]
[36 34 35]
[36 34 35]
[34 34 36]
[35 35 37]
[41 40 45]
[48 47 52]
[49 50 54]
[52 53 57]
[53 57 60]
[55 59 62]
[57 62 65]
[62 67 70]
[66 70 73]
[66 70 73]
[69 70 74]
[69 70 74]
[71 70 75]
[71 70 75]
[67 66 71]
[62 61 66]
[59 60 64]
[62 63 67]
[73 73 75]
[80 80 82]
[80 80 82]
[77 77 79]
[75 75 75]
[68 68 68]
[63 61 62]
[63 61 62]
[71 70 68]
[76 75 73]
[79 78 76]
[81 80 78]
[88 87 85]
[96 95 93]
[104 103 101]
[112 110 111]
[118 116 119]
[119 117 122]
[119 117 122]
[117 115 118]
[115 115 117]
[116 116 116]
[117 117 115]
[117 116 114]
[123 119 116]
[126 118 115]
[131 117 114]
[133 114 110]
[136 111 106]
[145 114 109]
[161 124 118]
[161 122 117]
[57 56 62]
[53 52 58]
[45 42 49]
[40 37 44]
[39 34 41]
[39 32 40]
[51 41 49]
[64 51 58]
[69 50 56]
[81 54 59]
[93 58 65]
[99 58 66]
[100  57  64]
[101  56  61]
[97 55 59]
[91 52 55]
[81 53 52]
[77 53 53]
[76 51 54]
[75 50 53]
[76 51 54]
[77 51 54]
[78 52 55]
[80 51 53]
[81 51 51]
[82 51 49]
[89 55 53]
[87 52 50]
[84 46 43]
[84 46 43]
[84 44 42]
[84 44 42]
[80 42 41]
[74 35 36]
[73 34 35]
[70 31 32]
[64 28 30]
[66 30 32]
[66 30 32]
[63 29 30]
[63 29 30]
[61 29 30]
[58 28 28]
[55 27 26]
[54 28 27]
[55 31 29]
[58 34 32]
[57 38 34]
[52 38 35]
[50 39 35]
[50 39 35]
[50 39 37]
[50 39 37]
[52 41 39]
[57 45 45]
[62 50 50]
[63 51 51]
[65 53 53]
[64 52 52]
[62 50 50]
[63 51 51]
[63 51 51]
[62 50 52]
[62 50 52]
[63 51 51]
[62 50 50]
[61 51 50]
[60 50 49]
[54 46 44]
[47 39 37]
[39 34 31]
[38 33 30]
[37 33 32]
[37 33 32]
[36 34 35]
[36 34 35]
[34 34 36]
[36 36 38]
[42 41 46]
[48 47 52]
[49 50 54]
[52 53 57]
[53 57 60]
[54 58 61]
[55 60 63]
[60 65 68]
[64 68 71]
[64 68 71]
[68 69 73]
[68 69 73]
[70 69 74]
[70 69 74]
[66 65 70]
[62 61 66]
[61 62 66]
[63 64 68]
[72 72 74]
[80 78 79]
[82 80 81]
[78 76 77]
[75 73 74]
[69 67 68]
[63 62 60]
[63 62 60]
[70 69 67]
[76 75 73]
[80 79 77]
[83 82 80]
[91 90 88]
[101 100  98]
[108 108 108]
[114 114 114]
[122 120 123]
[122 120 125]
[121 119 122]
[119 117 120]
[116 116 118]
[116 116 116]
[117 116 114]
[118 114 113]
[124 119 116]
[129 118 116]
[135 115 114]
[138 113 109]
[143 110 105]
[153 112 106]
[182 135 129]
[185 136 129]
[55 54 60]
[51 50 56]
[45 42 49]
[42 39 46]
[41 36 43]
[40 35 42]
[49 42 49]
[63 52 58]
[71 52 58]
[81 54 59]
[92 57 64]
[97 57 65]
[100  57  64]
[100  58  62]
[98 56 60]
[90 54 56]
[83 55 54]
[78 54 52]
[77 53 53]
[77 51 54]
[77 51 54]
[80 51 53]
[81 52 54]
[83 53 53]
[83 52 50]
[86 52 50]
[98 63 59]
[102  65  59]
[96 57 52]
[98 59 52]
[102  61  55]
[100  59  55]
[92 52 50]
[83 43 43]
[81 41 41]
[76 36 36]
[69 29 29]
[68 29 30]
[69 30 31]
[67 31 33]
[65 29 31]
[64 30 31]
[60 28 29]
[57 27 27]
[57 29 28]
[59 31 30]
[60 34 33]
[60 36 34]
[56 38 36]
[53 39 36]
[53 39 36]
[53 39 36]
[52 38 37]
[52 41 39]
[56 44 44]
[61 49 49]
[62 50 50]
[64 52 52]
[64 52 52]
[62 50 50]
[62 50 50]
[62 50 50]
[62 50 52]
[62 50 52]
[63 51 51]
[60 48 48]
[59 49 48]
[58 48 47]
[53 45 43]
[45 37 35]
[39 34 31]
[38 33 30]
[36 32 31]
[35 34 32]
[35 33 34]
[36 34 35]
[35 35 37]
[37 37 39]
[42 41 46]
[47 46 51]
[49 50 54]
[52 53 57]
[54 55 59]
[53 57 60]
[55 59 62]
[58 63 66]
[62 66 69]
[64 68 71]
[67 68 72]
[67 68 72]
[69 68 73]
[68 67 72]
[66 65 70]
[63 64 68]
[64 65 69]
[67 68 70]
[74 72 75]
[80 78 79]
[81 79 80]
[78 76 77]
[74 72 73]
[69 67 68]
[64 63 61]
[64 63 61]
[68 67 65]
[75 74 72]
[81 80 78]
[86 85 83]
[94 93 91]
[106 105 103]
[112 112 112]
[115 115 115]
[120 118 121]
[121 119 122]
[120 118 121]
[118 116 119]
[116 116 116]
[116 116 116]
[117 116 114]
[119 115 114]
[125 117 115]
[132 118 117]
[137 116 115]
[142 111 108]
[146 107 102]
[158 111 103]
[195 140 133]
[196 139 130]
[51 50 56]
[47 46 52]
[46 43 50]
[47 42 49]
[45 40 47]
[43 38 45]
[49 42 49]
[64 53 59]
[73 54 60]
[81 56 60]
[89 56 63]
[96 56 64]
[100  57  64]
[102  59  66]
[99 58 64]
[91 55 59]
[84 56 55]
[80 56 54]
[79 53 54]
[77 51 52]
[79 50 52]
[81 51 53]
[84 52 55]
[88 54 55]
[90 55 53]
[96 58 55]
[117  80  72]
[123  85  76]
[113  75  66]
[119  79  71]
[130  90  80]
[127  87  79]
[111  70  66]
[94 53 51]
[87 46 44]
[82 41 39]
[75 34 32]
[72 32 32]
[71 31 31]
[69 30 31]
[67 28 29]
[65 29 29]
[64 28 28]
[61 27 26]
[59 28 26]
[62 31 29]
[63 33 31]
[64 36 33]
[59 38 35]
[59 40 36]
[58 40 36]
[57 39 35]
[54 39 36]
[53 39 36]
[57 43 42]
[61 47 46]
[61 49 49]
[64 52 52]
[63 51 51]
[61 49 49]
[62 50 52]
[62 50 52]
[61 49 51]
[62 50 52]
[63 51 53]
[60 48 50]
[57 47 48]
[56 46 47]
[51 43 41]
[43 35 33]
[38 33 30]
[38 33 30]
[36 32 31]
[34 33 31]
[34 32 33]
[34 34 34]
[35 35 37]
[38 38 40]
[41 42 46]
[45 46 50]
[49 48 53]
[50 51 55]
[53 54 58]
[52 56 59]
[54 58 61]
[57 61 64]
[60 64 65]
[62 66 67]
[65 66 68]
[65 66 68]
[66 65 70]
[66 65 70]
[65 66 70]
[65 66 70]
[68 69 73]
[71 72 74]
[75 73 76]
[80 76 77]
[81 77 76]
[79 75 74]
[75 71 70]
[71 67 66]
[67 63 62]
[66 62 61]
[69 65 64]
[77 73 72]
[84 83 81]
[91 90 88]
[98 98 98]
[108 108 108]
[114 114 114]
[113 113 113]
[116 114 115]
[119 115 116]
[117 115 116]
[117 115 116]
[115 115 115]
[116 116 116]
[117 115 116]
[119 115 114]
[125 115 114]
[135 119 119]
[138 114 112]
[147 113 111]
[151 108 101]
[164 114 105]
[200 142 130]
[200 138 125]
[46 45 51]
[44 41 48]
[49 44 51]
[51 46 53]
[50 45 52]
[47 42 49]
[50 43 50]
[65 54 60]
[72 55 61]
[80 55 59]
[87 54 61]
[92 55 62]
[99 58 64]
[102  61  67]
[99 60 65]
[91 56 60]
[86 58 57]
[81 57 55]
[80 54 55]
[79 50 52]
[80 50 52]
[82 50 53]
[87 53 54]
[90 54 54]
[94 56 55]
[111  72  67]
[149 110 103]
[156 118 107]
[134  94  84]
[140 100  88]
[160 120 108]
[163 123 111]
[125  84  78]
[101  60  56]
[89 48 44]
[85 44 40]
[79 38 36]
[78 37 35]
[74 34 34]
[69 29 29]
[69 29 30]
[68 29 30]
[67 28 29]
[64 28 28]
[63 27 27]
[65 29 29]
[67 33 32]
[66 35 33]
[63 37 36]
[62 38 36]
[61 40 37]
[59 40 36]
[56 38 36]
[54 39 36]
[56 40 40]
[58 44 43]
[60 48 48]
[62 50 50]
[62 50 50]
[60 48 48]
[61 49 51]
[61 49 51]
[61 49 51]
[62 50 52]
[62 50 52]
[60 48 50]
[56 46 47]
[53 43 44]
[47 39 37]
[41 33 31]
[36 31 28]
[36 32 29]
[33 32 30]
[33 32 30]
[32 32 32]
[33 33 33]
[35 35 37]
[38 38 40]
[41 42 46]
[43 44 48]
[47 46 51]
[50 49 54]
[52 53 57]
[54 55 59]
[53 57 60]
[55 59 62]
[59 63 64]
[61 65 66]
[64 65 67]
[64 65 67]
[65 64 69]
[65 64 69]
[65 66 70]
[67 68 72]
[69 73 76]
[75 76 78]
[75 73 74]
[78 74 75]
[78 74 73]
[75 71 70]
[71 67 66]
[69 65 64]
[68 64 63]
[66 62 61]
[69 65 64]
[77 73 72]
[86 85 83]
[96 95 93]
[102 102 102]
[110 110 110]
[113 113 113]
[112 110 111]
[114 110 111]
[115 111 112]
[117 113 114]
[116 114 115]
[115 115 115]
[115 115 115]
[116 114 115]
[119 115 116]
[126 116 117]
[133 117 117]
[135 109 108]
[150 115 111]
[160 113 107]
[174 120 108]
[203 141 128]
[202 139 122]
[47 44 51]
[44 41 48]
[51 45 55]
[56 50 60]
[56 50 60]
[52 47 54]
[51 44 51]
[65 54 60]
[73 56 62]
[79 57 60]
[86 55 61]
[92 55 62]
[98 57 63]
[102  61  67]
[99 60 65]
[92 57 61]
[88 60 59]
[84 58 57]
[82 53 55]
[79 50 52]
[80 48 51]
[84 49 53]
[88 52 54]
[91 53 52]
[96 56 54]
[127  86  80]
[181 141 133]
[189 149 139]
[155 115 103]
[156 117 102]
[179 142 126]
[183 146 130]
[134  96  87]
[110  71  64]
[99 58 52]
[92 51 45]
[83 42 38]
[81 40 36]
[78 37 35]
[72 31 29]
[73 31 32]
[72 32 32]
[71 31 31]
[69 29 29]
[68 28 28]
[69 31 30]
[72 34 33]
[72 37 35]
[69 38 36]
[67 39 36]
[66 41 37]
[64 40 36]
[60 39 36]
[58 39 35]
[56 41 38]
[56 42 39]
[58 47 45]
[61 50 48]
[61 49 49]
[59 47 47]
[60 48 50]
[61 49 51]
[61 49 51]
[62 50 52]
[62 50 52]
[60 48 50]
[56 46 47]
[52 42 43]
[45 37 35]
[40 32 30]
[36 31 28]
[35 31 28]
[33 32 30]
[33 32 30]
[33 33 33]
[33 33 33]
[33 34 36]
[37 38 40]
[40 41 45]
[42 43 47]
[47 46 51]
[51 50 55]
[53 54 58]
[54 55 59]
[53 57 58]
[55 59 60]
[58 62 63]
[61 65 66]
[63 64 66]
[63 64 66]
[63 64 66]
[64 65 67]
[64 65 69]
[67 68 72]
[69 73 76]
[74 75 77]
[77 73 74]
[76 70 70]
[74 68 68]
[71 65 65]
[68 62 62]
[68 62 62]
[67 63 62]
[65 61 60]
[69 65 64]
[76 72 71]
[88 86 87]
[100  98  99]
[106 106 106]
[111 111 111]
[113 113 115]
[111 109 112]
[112 108 109]
[113 109 110]
[116 112 111]
[116 115 113]
[115 115 115]
[115 115 115]
[116 114 115]
[118 114 115]
[125 115 116]
[128 110 110]
[128 100  99]
[149 114 108]
[164 117 109]
[182 125 114]
[202 139 124]
[207 142 124]
[51 49 54]
[47 44 51]
[55 49 59]
[61 55 65]
[61 55 65]
[57 50 58]
[53 46 53]
[66 55 61]
[75 59 62]
[81 59 62]
[87 58 63]
[90 58 63]
[97 58 63]
[100  61  64]
[97 61 63]
[92 58 59]
[89 61 60]
[84 58 57]
[83 53 55]
[80 48 51]
[82 47 51]
[85 49 51]
[89 50 51]
[92 52 50]
[101  60  56]
[134  93  87]
[194 154 144]
[205 165 153]
[171 132 117]
[169 130 115]
[187 148 131]
[184 145 130]
[147 104  95]
[127  84  75]
[116  73  66]
[104  61  54]
[89 46 40]
[85 41 38]
[84 39 36]
[78 32 32]
[78 34 35]
[77 33 34]
[76 32 33]
[74 30 31]
[73 29 30]
[75 31 32]
[77 35 36]
[78 38 38]
[75 40 38]
[74 40 39]
[72 42 40]
[70 42 39]
[65 41 39]
[60 41 37]
[59 41 39]
[58 43 40]
[59 45 44]
[60 49 47]
[60 48 48]
[59 47 47]
[60 48 50]
[61 49 51]
[63 48 51]
[63 51 53]
[62 50 52]
[61 49 51]
[58 46 48]
[52 40 42]
[45 35 34]
[40 32 30]
[36 31 28]
[35 31 30]
[32 31 29]
[33 31 32]
[33 33 33]
[33 33 33]
[33 34 36]
[36 37 39]
[40 39 44]
[43 42 47]
[46 47 49]
[50 50 52]
[55 53 56]
[57 55 58]
[57 55 56]
[58 56 57]
[61 59 62]
[63 63 65]
[62 62 64]
[63 63 65]
[63 63 65]
[64 63 68]
[64 63 68]
[66 67 71]
[68 72 73]
[72 73 75]
[77 73 74]
[74 68 68]
[73 64 65]
[71 59 61]
[72 56 57]
[73 59 59]
[69 61 59]
[64 60 57]
[70 64 64]
[76 72 73]
[90 88 89]
[103 103 103]
[109 109 109]
[113 113 113]
[115 115 115]
[113 111 112]
[111 107 108]
[113 107 107]
[115 111 110]
[116 115 113]
[116 114 115]
[116 114 115]
[117 113 114]
[119 113 115]
[124 112 114]
[123 103 104]
[120  90  88]
[150 111 104]
[166 117 110]
[184 127 116]
[199 137 124]
[208 145 130]
[54 50 51]
[50 45 49]
[62 56 66]
[62 56 68]
[65 58 66]
[60 50 58]
[60 50 58]
[65 54 58]
[77 58 60]
[81 59 61]
[82 60 63]
[89 60 64]
[95 61 62]
[100  61  62]
[97 62 60]
[90 59 56]
[88 60 59]
[86 58 57]
[85 53 54]
[83 49 50]
[82 46 48]
[86 47 48]
[90 52 49]
[92 53 48]
[106  63  57]
[142  99  90]
[204 164 152]
[210 171 156]
[193 154 139]
[177 135 121]
[177 131 118]
[174 128 115]
[149 101  91]
[132  85  75]
[122  75  65]
[114  67  57]
[99 52 44]
[92 43 38]
[91 40 39]
[85 33 35]
[84 34 37]
[82 33 37]
[80 34 37]
[80 31 35]
[79 29 32]
[81 31 34]
[85 37 37]
[84 40 39]
[83 42 40]
[80 42 41]
[77 43 42]
[74 46 43]
[72 48 46]
[66 47 43]
[61 43 41]
[58 43 40]
[62 47 44]
[62 48 45]
[60 49 47]
[62 51 49]
[60 48 48]
[61 47 47]
[66 50 53]
[64 49 52]
[62 52 51]
[61 51 50]
[60 46 46]
[54 40 40]
[45 33 35]
[39 29 30]
[35 29 29]
[35 31 32]
[34 30 31]
[33 31 34]
[33 33 35]
[34 35 37]
[34 35 37]
[37 37 39]
[46 41 45]
[46 41 45]
[46 48 47]
[51 53 52]
[59 50 51]
[61 49 51]
[68 52 55]
[68 52 55]
[68 53 58]
[70 59 65]
[69 63 67]
[61 59 64]
[64 59 65]
[65 60 66]
[61 59 64]
[64 64 66]
[69 71 70]
[71 73 72]
[71 67 68]
[74 65 68]
[70 55 58]
[72 50 53]
[87 52 56]
[81 49 50]
[79 66 60]
[63 58 54]
[70 61 62]
[78 72 76]
[89 89 91]
[106 108 107]
[110 109 107]
[117 116 114]
[119 119 119]
[112 110 111]
[111 107 108]
[113 107 107]
[117 113 112]
[115 114 112]
[115 111 112]
[120 114 116]
[120 111 116]
[122 111 115]
[123 108 111]
[127 106 105]
[125  90  86]
[159 114 108]
[171 116 109]
[182 123 115]
[199 142 131]
[195 141 129]
[60 49 53]
[57 47 55]
[60 50 61]
[70 58 72]
[66 54 64]
[65 54 62]
[62 51 59]
[71 59 63]
[78 58 59]
[81 59 61]
[85 60 66]
[89 60 65]
[95 61 62]
[100  61  62]
[98 60 59]
[92 58 57]
[89 59 59]
[85 57 56]
[86 52 53]
[86 50 50]
[87 48 49]
[87 49 48]
[91 51 49]
[96 55 49]
[103  60  53]
[143  99  88]
[222 180 166]
[211 169 153]
[178 136 122]
[150 107  91]
[147  99  87]
[143  93  82]
[135  85  74]
[125  77  67]
[119  72  62]
[113  66  56]
[102  53  46]
[96 45 41]
[96 40 39]
[92 36 39]
[88 36 40]
[87 35 39]
[87 34 40]
[85 33 37]
[85 29 32]
[86 30 31]
[88 37 34]
[88 40 36]
[89 44 41]
[86 45 43]
[81 46 44]
[78 48 46]
[76 52 48]
[69 50 46]
[64 44 43]
[62 44 42]
[62 47 44]
[62 48 45]
[62 48 47]
[62 51 49]
[59 47 47]
[61 47 47]
[66 50 53]
[66 50 53]
[65 53 53]
[62 52 50]
[60 46 46]
[53 39 39]
[45 33 35]
[39 30 31]
[36 30 30]
[35 31 32]
[35 31 32]
[36 32 33]
[35 33 34]
[37 35 36]
[36 34 35]
[41 35 37]
[51 39 43]
[53 38 41]
[53 41 43]
[61 45 46]
[70 43 48]
[75 43 48]
[79 47 52]
[78 47 53]
[74 49 55]
[71 54 60]
[69 60 65]
[61 56 62]
[61 56 63]
[61 56 63]
[60 55 61]
[61 59 62]
[67 67 67]
[69 69 67]
[74 70 71]
[68 57 61]
[73 54 58]
[78 47 53]
[90 39 46]
[91 42 46]
[76 51 47]
[70 59 53]
[60 50 51]
[69 63 67]
[86 86 88]
[102 104 103]
[121 120 118]
[124 123 121]
[116 114 115]
[115 113 114]
[113 109 110]
[111 107 106]
[114 113 111]
[116 114 115]
[119 114 118]
[123 117 121]
[121 111 119]
[121 108 115]
[124 108 109]
[134 108 107]
[132  94  91]
[164 117 111]
[170 113 106]
[183 124 116]
[192 140 129]
[193 143 132]
[71 49 62]
[70 50 62]
[67 46 61]
[73 52 67]
[75 54 69]
[69 51 63]
[67 54 63]
[65 53 57]
[78 58 60]
[85 58 63]
[88 58 68]
[91 58 67]
[97 57 65]
[100  59  63]
[100  57  64]
[96 55 61]
[90 58 59]
[85 55 55]
[84 53 51]
[87 53 52]
[88 49 50]
[87 47 45]
[92 51 47]
[100  57  50]
[111  67  58]
[147 100  90]
[233 187 172]
[206 160 144]
[155 107  93]
[121  74  58]
[118  69  55]
[113  64  50]
[116  68  58]
[115  68  60]
[110  67  58]
[105  62  55]
[98 53 47]
[93 45 41]
[92 41 40]
[94 40 40]
[94 39 42]
[93 38 41]
[96 37 39]
[95 35 37]
[92 30 31]
[92 32 31]
[94 39 34]
[93 44 39]
[96 48 44]
[90 49 45]
[85 50 46]
[82 53 49]
[79 55 51]
[72 53 49]
[66 46 45]
[64 46 44]
[61 46 43]
[62 48 45]
[62 48 47]
[62 51 49]
[61 49 49]
[63 49 49]
[70 54 57]
[70 54 57]
[69 57 57]
[65 53 53]
[58 46 46]
[51 39 39]
[44 34 33]
[37 32 29]
[35 31 28]
[35 31 30]
[37 33 32]
[40 34 34]
[40 34 34]
[44 35 36]
[45 33 33]
[52 33 35]
[62 37 40]
[67 35 40]
[77 34 43]
[86 35 44]
[92 34 46]
[95 35 47]
[94 38 49]
[89 42 50]
[79 46 53]
[70 49 54]
[65 56 61]
[55 54 59]
[53 52 58]
[52 51 57]
[51 49 54]
[56 51 55]
[61 59 60]
[65 63 64]
[65 59 61]
[59 48 52]
[66 47 51]
[79 42 50]
[101  38  49]
[103  38  46]
[74 34 34]
[90 69 66]
[51 39 41]
[57 53 54]
[63 63 65]
[92 92 92]
[121 120 118]
[121 120 118]
[124 122 123]
[125 120 124]
[124 119 123]
[115 110 114]
[113 111 114]
[114 112 117]
[116 111 118]
[117 112 119]
[117 110 117]
[120 109 115]
[124 105 109]
[132 103 105]
[136  96  96]
[161 111 110]
[167 112 109]
[181 124 117]
[191 139 126]
[192 143 129]
[86 50 64]
[71 38 49]
[81 48 59]
[81 49 62]
[82 56 69]
[77 55 67]
[64 49 56]
[69 54 59]
[78 57 62]
[84 57 64]
[91 58 69]
[94 56 67]
[96 56 64]
[99 56 63]
[100  54  64]
[96 53 60]
[94 55 58]
[88 54 53]
[86 52 51]
[88 53 51]
[89 49 49]
[91 47 46]
[95 50 47]
[104  57  51]
[116  69  59]
[141  93  81]
[216 167 152]
[199 147 133]
[142  90  76]
[115  63  49]
[112  63  48]
[109  61  47]
[107  59  49]
[107  63  54]
[103  60  53]
[95 55 47]
[91 48 42]
[87 42 37]
[89 39 38]
[94 43 40]
[97 43 41]
[98 40 38]
[103  39  39]
[105  37  36]
[102  34  31]
[101  36  32]
[101  44  37]
[100  50  41]
[100  53  47]
[96 53 47]
[89 52 46]
[85 54 49]
[82 57 52]
[75 54 49]
[70 49 46]
[67 47 46]
[65 47 45]
[64 49 46]
[63 49 48]
[63 52 50]
[62 50 50]
[65 51 51]
[73 57 58]
[75 59 60]
[75 61 61]
[68 56 56]
[60 48 48]
[50 40 39]
[43 33 32]
[40 30 29]
[39 29 28]
[41 29 29]
[46 30 30]
[52 32 33]
[55 30 33]
[60 31 35]
[64 29 33]
[71 30 36]
[82 35 41]
[89 32 41]
[97 26 40]
[104  26  42]
[108  27  44]
[107  29  43]
[101  31  42]
[92 36 45]
[79 42 49]
[65 45 47]
[58 52 54]
[50 50 52]
[46 47 51]
[44 45 50]
[44 42 47]
[49 44 50]
[53 51 54]
[60 56 57]
[57 51 53]
[58 47 51]
[62 41 46]
[76 35 43]
[113  35  51]
[118  36  50]
[84 25 31]
[85 49 49]
[56 42 42]
[47 45 46]
[59 57 60]
[59 59 61]
[79 79 79]
[118 116 117]
[136 131 135]
[135 130 134]
[134 130 131]
[117 115 118]
[111 110 115]
[113 112 118]
[117 114 121]
[119 114 121]
[119 114 120]
[119 108 114]
[123 100 106]
[126  94  99]
[135  92  99]
[147  97 100]
[169 110 112]
[178 120 116]
[193 139 129]
[192 140 126]
[146  93  99]
[113  61  65]
[89 37 41]
[93 48 53]
[87 56 64]
[82 61 70]
[71 56 61]
[71 56 59]
[77 56 63]
[86 56 66]
[93 57 69]
[96 56 67]
[97 56 64]
[98 56 60]
[98 53 60]
[96 51 58]
[95 50 55]
[91 51 52]
[91 51 52]
[90 50 50]
[91 47 48]
[95 47 45]
[101  50  47]
[106  56  49]
[123  73  62]
[138  89  75]
[191 138 124]
[194 138 123]
[137  79  65]
[114  58  43]
[106  55  38]
[101  54  38]
[104  56  46]
[104  60  51]
[98 55 48]
[89 48 42]
[88 44 41]
[85 40 37]
[87 39 35]
[94 43 39]
[98 43 38]
[103  40  35]
[110  39  35]
[114  39  34]
[112  37  32]
[108  39  32]
[105  47  36]
[106  54  43]
[105  57  47]
[99 56 47]
[92 55 47]
[87 57 49]
[86 58 54]
[79 55 51]
[72 51 48]
[70 50 49]
[69 51 49]
[67 52 49]
[65 51 50]
[64 53 51]
[62 51 49]
[66 52 51]
[74 58 58]
[75 61 61]
[74 62 62]
[68 58 59]
[60 50 49]
[51 41 40]
[45 31 31]
[45 26 28]
[48 26 28]
[55 26 30]
[63 27 31]
[71 26 33]
[77 24 32]
[84 22 33]
[91 19 31]
[99 21 35]
[108  26  40]
[112  24  40]
[114  17  37]
[116  17  37]
[117  20  39]
[111  23  39]
[101  25  37]
[90 30 38]
[75 39 43]
[60 42 42]
[53 47 47]
[46 46 48]
[41 40 45]
[38 37 43]
[39 36 43]
[40 38 43]
[43 42 47]
[50 48 51]
[51 47 48]
[54 43 47]
[57 36 41]
[73 27 37]
[118  26  47]
[135  33  54]
[114  34  45]
[72 20 24]
[99 83 83]
[48 48 46]
[60 58 59]
[68 68 70]
[68 68 68]
[75 75 75]
[117 111 115]
[147 141 143]
[138 137 135]
[117 117 115]
[108 108 110]
[109 108 113]
[116 113 120]
[118 113 120]
[117 115 118]
[113 102 106]
[122  95 104]
[128  88  99]
[135  87  99]
[137  84  94]
[161 102 108]
[174 114 114]
[194 137 130]
[194 140 128]
[217 144 137]
[176 106  98]
[143  74  67]
[119  61  59]
[100  64  68]
[92 69 77]
[87 68 72]
[74 55 61]
[81 55 66]
[87 57 69]
[93 57 71]
[95 55 66]
[96 55 63]
[99 54 59]
[98 51 57]
[98 47 52]
[97 45 49]
[98 46 50]
[97 49 49]
[96 48 48]
[97 45 47]
[99 45 45]
[105  50  47]
[110  55  50]
[116  64  53]
[127  74  60]
[157  99  87]
[173 114 100]
[132  70  57]
[116  57  43]
[107  54  38]
[106  57  42]
[102  54  42]
[101  54  46]
[92 49 42]
[87 44 38]
[87 43 40]
[86 41 36]
[87 39 35]
[94 44 37]
[101  44  35]
[106  39  30]
[118  39  34]
[124  41  35]
[121  41  34]
[115  42  35]
[109  49  39]
[109  57  46]
[108  60  48]
[103  59  48]
[96 58 49]
[91 58 49]
[88 59 53]
[82 57 52]
[76 52 50]
[74 53 52]
[73 53 52]
[70 55 52]
[67 53 52]
[66 55 53]
[65 54 52]
[68 57 55]
[76 62 61]
[77 63 62]
[74 59 62]
[69 57 59]
[62 50 50]
[54 40 40]
[49 29 31]
[52 23 27]
[59 22 29]
[68 23 30]
[78 25 33]
[88 25 36]
[95 21 34]
[102  18  34]
[108  15  33]
[113  16  35]
[119  20  38]
[120  19  37]
[120  18  39]
[118  19  39]
[113  20  38]
[106  22  35]
[96 24 35]
[81 28 34]
[66 34 35]
[53 39 38]
[47 41 41]
[41 41 43]
[37 35 40]
[34 31 38]
[34 31 38]
[33 32 38]
[35 36 40]
[41 41 43]
[43 38 42]
[49 38 42]
[49 30 34]
[71 24 34]
[125  28  48]
[142  28  51]
[138  40  55]
[94 24 32]
[111  90  89]
[45 46 41]
[54 52 53]
[53 53 55]
[63 65 64]
[70 70 70]
[79 73 77]
[102  96  98]
[122 121 117]
[108 109 104]
[107 107 105]
[111 111 113]
[120 115 121]
[120 115 119]
[122 118 119]
[116 101 104]
[121  88  99]
[133  87 100]
[133  81  94]
[133  75  87]
[147  86  94]
[167 105 106]
[193 133 125]
[202 144 132]
[240 148 125]
[208 117  96]
[219 130 114]
[157  84  75]
[115  75  76]
[107  84  90]
[94 71 79]
[90 64 75]
[86 55 70]
[90 56 73]
[93 56 73]
[95 54 68]
[99 53 63]
[102  53  59]
[101  51  54]
[102  46  47]
[106  41  45]
[107  41  45]
[107  45  48]
[108  46  47]
[106  44  45]
[104  43  42]
[107  48  44]
[113  54  48]
[117  60  51]
[121  65  52]
[132  72  61]
[144  82  69]
[120  58  45]
[111  52  38]
[103  50  36]
[105  53  39]
[102  52  41]
[98 50 40]
[90 45 39]
[88 43 37]
[90 42 38]
[88 40 36]
[90 41 34]
[97 44 36]
[104  44  33]
[110  40  28]
[124  39  32]
[133  44  36]
[130  45  38]
[121  47  38]
[113  53  43]
[112  60  49]
[111  61  50]
[108  62  49]
[100  60  50]
[95 61 51]
[92 62 54]
[86 58 54]
[80 54 53]
[78 54 52]
[76 56 55]
[75 57 55]
[71 56 53]
[71 57 54]
[69 58 54]
[70 59 55]
[78 64 63]
[79 63 63]
[74 55 59]
[71 52 56]
[65 46 48]
[58 36 39]
[56 25 30]
[61 20 28]
[70 18 30]
[80 18 31]
[91 20 34]
[100  22  38]
[106  19  36]
[111  16  36]
[112  13  33]
[115  13  34]
[116  17  35]
[109  17  32]
[104  20  35]
[98 22 34]
[92 20 31]
[87 22 30]
[83 26 32]
[70 28 30]
[52 31 28]
[44 36 33]
[39 35 34]
[34 34 36]
[30 28 33]
[28 25 32]
[29 28 34]
[29 28 34]
[27 31 34]
[33 34 36]
[36 34 37]
[44 35 38]
[42 27 30]
[65 19 29]
[125  28  48]
[143  23  48]
[149  33  52]
[122  36  47]
[72 42 42]
[84 80 77]
[51 49 50]
[49 49 51]
[56 57 59]
[60 60 62]
[68 63 69]
[73 68 72]
[76 75 71]
[74 75 69]
[88 89 84]
[103 102 100]
[120 114 116]
[123 114 117]
[124 115 116]
[111  92  94]
[122  82  93]
[137  85  98]
[132  74  88]
[128  67  75]
[140  75  81]
[164  99  97]
[198 134 124]
[213 150 135]
[250 147 112]
[222 122  88]
[222 122  98]
[173  94  79]
[125  79  79]
[110  83  90]
[111  81  89]
[101  69  82]
[90 56 72]
[93 56 73]
[93 57 71]
[95 55 66]
[99 52 60]
[106  51  56]
[108  48  47]
[112  44  41]
[118  40  40]
[119  37  39]
[120  40  43]
[121  45  47]
[117  43  44]
[108  38  36]
[108  43  39]
[116  53  46]
[116  56  46]
[116  56  46]
[120  58  47]
[123  59  47]
[117  53  43]
[112  52  41]
[106  50  37]
[104  50  38]
[106  54  43]
[98 48 39]
[91 44 36]
[90 43 37]
[92 41 37]
[91 40 36]
[93 43 34]
[100  46  34]
[108  45  30]
[116  40  26]
[131  41  32]
[141  47  39]
[136  49  40]
[127  50  40]
[119  57  46]
[117  63  51]
[115  63  50]
[111  63  49]
[105  63  51]
[100  63  54]
[97 64 57]
[90 61 57]
[85 57 54]
[82 56 55]
[81 60 59]
[79 59 58]
[74 59 56]
[74 60 57]
[70 59 55]
[70 59 55]
[75 61 60]
[74 58 58]
[72 53 55]
[70 50 52]
[63 44 46]
[57 35 38]
[58 26 31]
[63 20 29]
[74 18 29]
[82 18 32]
[90 19 35]
[96 22 37]
[103  20  38]
[105  18  35]
[103  14  32]
[102  15  32]
[99 19 32]
[88 18 28]
[74 17 26]
[68 17 24]
[63 14 18]
[64 18 21]
[69 24 27]
[59 25 24]
[42 27 24]
[36 33 28]
[30 30 28]
[28 29 31]
[25 24 29]
[23 22 28]
[26 25 31]
[24 25 29]
[22 26 29]
[28 29 31]
[32 30 31]
[33 27 29]
[35 25 26]
[52 12 20]
[111  20  38]
[148  29  51]
[161  34  55]
[134  33  47]
[65 25 26]
[128 120 117]
[43 42 40]
[45 46 48]
[48 49 51]
[54 54 56]
[58 53 59]
[61 56 60]
[67 65 66]
[62 61 59]
[72 71 69]
[91 87 84]
[117 108 109]
[128 118 117]
[131 119 119]
[115  90  93]
[125  79  89]
[138  81  90]
[133  72  79]
[122  60  63]
[141  76  74]
[165  98  89]
[208 141 125]
[223 156 137]
[249 146 101]
[239 138  96]
[208 108  76]
[180  95  75]
[123  72  69]
[114  79  85]
[114  76  87]
[111  70  84]
[103  62  78]
[100  62  75]
[91 58 67]
[95 55 63]
[104  51  57]
[116  52  53]
[127  52  46]
[128  43  36]
[131  38  33]
[136  36  34]
[137  39  38]
[143  49  49]
[126  38  36]
[116  37  33]
[111  40  34]
[118  51  43]
[117  53  44]
[118  54  45]
[118  54  45]
[116  52  42]
[114  50  41]
[109  49  39]
[108  50  39]
[106  49  40]
[105  50  43]
[96 43 37]
[91 42 37]
[88 39 34]
[96 41 38]
[99 41 37]
[105  48  39]
[107  48  34]
[114  45  29]
[120  41  24]
[139  45  33]
[154  56  45]
[144  54  43]
[132  52  41]
[122  56  44]
[120  62  50]
[117  64  50]
[112  63  49]
[106  62  51]
[101  63  52]
[96 61 55]
[91 60 57]
[89 59 57]
[87 59 58]
[83 59 59]
[81 60 59]
[77 59 57]
[74 60 57]
[71 60 56]
[67 56 52]
[67 53 50]
[68 54 53]
[69 53 54]
[68 52 53]
[59 45 45]
[53 35 35]
[52 26 29]
[61 24 31]
[66 20 30]
[74 23 32]
[76 23 33]
[80 24 35]
[84 24 36]
[82 22 32]
[75 18 27]
[66 13 21]
[57 12 17]
[49 15 16]
[33  8 11]
[35 15 16]
[35 11 11]
[43 13 15]
[72 36 38]
[51 19 22]
[38 24 21]
[28 27 23]
[24 26 23]
[22 26 27]
[23 28 31]
[22 26 29]
[23 24 28]
[25 26 30]
[24 23 28]
[24 24 26]
[26 26 26]
[24 22 23]
[30 24 26]
[47 16 22]
[99 18 33]
[142  29  49]
[162  29  50]
[152  40  54]
[69 19 20]
[162 149 143]
[40 39 37]
[43 45 44]
[42 43 45]
[48 48 50]
[50 48 51]
[54 52 55]
[62 60 65]
[62 60 65]
[71 67 68]
[89 83 83]
[95 85 84]
[132 118 117]
[140 122 122]
[109  80  82]
[134  85  89]
[139  80  84]
[138  77  74]
[130  67  58]
[147  81  67]
[175 108  89]
[197 129 106]
[209 139 114]
[239 148 103]
[227 135  94]
[200 107  74]
[172  91  72]
[122  64  62]
[113  68  75]
[116  70  81]
[112  68  81]
[111  69  81]
[108  71  79]
[97 62 68]
[96 56 57]
[108  52  55]
[126  55  53]
[146  57  49]
[154  53  41]
[156  48  35]
[158  46  34]
[156  43  35]
[161  52  45]
[143  41  36]
[127  37  29]
[117  38  31]
[120  47  40]
[119  49  41]
[120  52  43]
[120  51  44]
[116  49  41]
[111  47  38]
[109  46  37]
[106  46  38]
[105  46  40]
[104  46  42]
[96 43 39]
[91 42 37]
[91 40 36]
[100  41  37]
[107  44  37]
[113  51  40]
[117  51  37]
[123  50  33]
[129  46  28]
[148  51  35]
[172  72  57]
[160  68  55]
[139  57  43]
[128  59  44]
[124  62  49]
[120  62  50]
[115  63  50]
[109  62  52]
[102  62  52]
[99 62 56]
[94 61 56]
[90 59 57]
[89 59 59]
[86 60 61]
[82 61 60]
[78 60 58]
[74 59 56]
[72 58 55]
[65 54 50]
[63 49 46]
[62 48 47]
[64 50 49]
[62 50 50]
[56 46 44]
[48 37 35]
[48 28 29]
[51 25 28]
[54 22 27]
[60 23 30]
[56 19 26]
[56 19 26]
[55 18 25]
[50 15 21]
[42 10 15]
[34  8 11]
[27  9  9]
[21  9  9]
[17 13 12]
[22 18 17]
[23 13 12]
[35 15 16]
[68 36 41]
[49 18 23]
[34 23 21]
[26 25 21]
[23 25 24]
[20 26 26]
[22 27 30]
[22 27 30]
[23 27 30]
[26 25 30]
[24 22 25]
[24 22 25]
[23 23 23]
[21 21 21]
[25 23 24]
[41 16 20]
[88 20 31]
[135  30  45]
[164  28  48]
[164  43  58]
[79 19 21]
[132 111 106]
[42 38 35]
[37 39 38]
[38 38 40]
[39 39 41]
[39 37 40]
[43 41 46]
[57 54 61]
[62 57 64]
[68 62 66]
[69 60 61]
[107  96  94]
[133 115 113]
[133 112 111]
[115  84  82]
[152 104 104]
[165 110 107]
[174 116 105]
[178 119 103]
[202 140 119]
[224 160 135]
[197 130 104]
[192 122  97]
[249 183 148]
[193 124  91]
[181 107  82]
[156  84  69]
[115  55  54]
[114  61  67]
[118  66  78]
[120  72  84]
[120  79  87]
[118  82  84]
[105  71  70]
[101  60  58]
[114  56  55]
[135  57  55]
[163  60  51]
[181  66  48]
[186  67  43]
[183  63  38]
[179  54  34]
[183  60  45]
[166  53  39]
[145  43  31]
[128  40  28]
[127  47  36]
[128  51  41]
[127  53  44]
[126  53  46]
[121  50  44]
[115  48  40]
[110  45  39]
[110  45  39]
[107  46  41]
[102  44  42]
[96 43 39]
[92 41 37]
[95 40 35]
[104  39  35]
[117  46  40]
[125  53  41]
[128  55  40]
[128  50  30]
[136  49  29]
[160  60  44]
[191  89  74]
[173  82  64]
[143  60  44]
[131  58  41]
[126  60  44]
[121  61  50]
[115  63  50]
[109  62  52]
[105  62  55]
[100  61  54]
[96 61 57]
[93 59 58]
[91 60 58]
[88 60 59]
[85 61 59]
[79 59 58]
[74 59 56]
[72 58 55]
[67 53 50]
[62 46 46]
[59 45 44]
[59 49 47]
[59 51 48]
[54 49 45]
[43 38 34]
[36 26 25]
[32 18 18]
[32 16 17]
[33 14 16]
[30 11 13]
[30 11 13]
[27 11 12]
[25 11 11]
[21  9 11]
[18  9 10]
[16 12 13]
[13 13 13]
[12 12 14]
[17 15 18]
[19 10 13]
[31 15 18]
[68 35 42]
[48 17 23]
[31 19 19]
[23 22 18]
[21 23 22]
[18 22 23]
[20 24 27]
[21 25 28]
[24 25 29]
[24 23 28]
[24 22 25]
[28 26 29]
[29 29 31]
[23 24 26]
[19 19 21]
[32 13 17]
[76 21 27]
[126  33  44]
[163  30  47]
[175  50  64]
[94 26 27]
[98 69 65]
[59 51 48]
[31 33 32]
[35 33 36]
[34 32 35]
[30 30 32]
[34 33 38]
[40 37 44]
[54 49 55]
[69 63 65]
[70 60 59]
[91 77 74]
[122 103  99]
[136 108 105]
[136 101  99]
[184 139 134]
[198 148 139]
[208 155 139]
[221 166 145]
[232 178 154]
[237 179 155]
[172 110  89]
[170 105  85]
[255 216 193]
[173 125 103]
[188 131 112]
[135  73  60]
[121  58  53]
[116  56  58]
[116  58  70]
[127  75  87]
[127  82  89]
[128  88  89]
[118  78  76]
[114  66  64]
[124  60  60]
[141  55  54]
[172  61  52]
[198  76  55]
[207  85  48]
[203  77  37]
[195  62  29]
[198  66  41]
[186  61  39]
[162  49  31]
[143  43  27]
[138  49  35]
[136  52  41]
[133  53  44]
[131  52  45]
[124  49  43]
[118  45  39]
[113  44  39]
[111  44  38]
[110  45  41]
[105  44  41]
[101  43  41]
[95 40 35]
[100  39  34]
[113  38  33]
[130  50  43]
[135  56  43]
[138  57  40]
[139  57  36]
[146  58  38]
[172  72  56]
[192  95  78]
[170  81  63]
[142  61  42]
[135  59  43]
[132  65  49]
[122  62  51]
[117  63  53]
[111  63  53]
[105  62  55]
[101  62  55]
[99 61 58]
[95 60 58]
[93 59 58]
[89 59 59]
[86 60 59]
[80 59 58]
[76 58 56]
[73 58 55]
[67 53 50]
[60 44 44]
[53 39 38]
[49 38 36]
[49 41 38]
[49 41 38]
[40 35 31]
[32 24 22]
[23 15 13]
[22 14 12]
[21 13 11]
[20 14 14]
[20 14 14]
[19 15 14]
[16 14 15]
[15 13 14]
[13 13 15]
[12 13 15]
[12 13 17]
[12 11 16]
[16 11 17]
[16 10 14]
[32 15 21]
[69 38 46]
[46 17 22]
[28 18 17]
[20 20 18]
[22 22 22]
[20 20 22]
[20 21 25]
[20 21 25]
[21 22 26]
[22 21 26]
[27 25 28]
[40 38 41]
[47 47 49]
[33 34 36]
[17 18 20]
[25 10 13]
[66 20 23]
[123  37  46]
[163  32  48]
[184  56  69]
[108  34  35]
[77 42 38]
[90 79 77]
[30 30 28]
[32 30 33]
[35 33 36]
[31 32 34]
[34 35 37]
[32 32 34]
[40 38 41]
[58 52 52]
[72 62 60]
[68 54 51]
[106  87  81]
[136 107 103]
[149 112 106]
[187 149 140]
[205 163 149]
[213 170 151]
[223 178 155]
[220 174 151]
[211 163 143]
[137  81  68]
[137  79  68]
[255 242 235]
[223 194 186]
[246 206 196]
[122  70  57]
[123  59  49]
[126  58  55]
[130  64  74]
[136  75  90]
[136  83  93]
[139  90  94]
[133  85  85]
[131  73  72]
[140  64  68]
[150  54  55]
[176  59  50]
[208  82  57]
[231 109  58]
[222  98  38]
[207  75  26]
[212  76  36]
[205  72  41]
[182  58  32]
[164  53  33]
[157  56  38]
[146  54  41]
[142  54  44]
[135  50  43]
[128  48  41]
[123  44  39]
[118  43  38]
[114  43  37]
[113  44  39]
[108  43  39]
[105  42  37]
[101  38  31]
[109  41  32]
[124  39  32]
[143  53  44]
[147  58  44]
[146  57  39]
[146  57  39]
[142  54  34]
[157  61  45]
[158  65  50]
[134  51  35]
[123  46  30]
[122  49  34]
[130  62  49]
[125  63  52]
[118  64  54]
[111  63  53]
[106  61  55]
[102  61  55]
[100  62  59]
[98 60 59]
[95 60 58]
[92 61 59]
[90 62 59]
[84 60 58]
[77 57 56]
[72 57 54]
[65 49 49]
[56 37 39]
[48 29 31]
[43 27 28]
[47 31 32]
[48 32 33]
[47 33 33]
[34 22 22]
[22 14 12]
[22 16 16]
[20 16 15]
[18 16 17]
[18 16 17]
[17 17 17]
[14 15 17]
[13 14 16]
[11 12 16]
[11 10 15]
[12  9 16]
[16  9 17]
[19  9 17]
[18  9 14]
[33 18 23]
[69 39 47]
[43 16 21]
[23 18 15]
[18 20 17]
[21 19 20]
[20 18 21]
[23 18 24]
[20 18 23]
[21 19 24]
[21 20 25]
[30 29 34]
[51 50 55]
[65 66 68]
[49 50 52]
[28 29 33]
[28 16 18]
[61 19 21]
[120  39  46]
[161  33  46]
[187  60  71]
[117  37  38]
[72 31 27]
[129 114 111]
[30 29 27]
[33 28 32]
[37 35 38]
[35 37 36]
[35 39 38]
[33 33 31]
[36 35 31]
[50 45 42]
[61 53 50]
[63 52 48]
[79 60 54]
[124  93  88]
[154 120 111]
[162 133 119]
[177 148 130]
[185 153 132]
[188 153 134]
[180 147 130]
[178 140 129]
[112  67  64]
[101  51  52]
[255 250 251]
[255 250 245]
[255 247 234]
[160 112  92]
[146  80  56]
[135  59  45]
[135  63  66]
[142  75  84]
[149  86  94]
[153  93  95]
[152  91  88]
[151  82  77]
[159  71  70]
[165  60  56]
[183  63  47]
[212  88  52]
[255 133  68]
[239 117  42]
[221  89  24]
[224  87  33]
[221  82  41]
[200  67  34]
[184  62  38]
[171  60  40]
[155  55  39]
[146  54  41]
[139  49  40]
[133  46  39]
[129  44  39]
[124  45  40]
[119  44  38]
[114  43  37]
[111  40  34]
[110  39  33]
[109  41  30]
[121  45  32]
[139  47  36]
[157  56  44]
[159  59  44]
[152  55  38]
[147  56  37]
[136  47  29]
[139  47  32]
[129  41  29]
[110  34  20]
[110  41  26]
[116  46  34]
[129  63  51]
[126  66  56]
[122  65  58]
[114  64  57]
[106  61  55]
[102  61  55]
[102  63  58]
[101  61  61]
[96 61 59]
[95 61 60]
[92 62 60]
[85 59 58]
[76 57 53]
[72 54 54]
[64 48 48]
[55 36 38]
[46 27 29]
[45 26 28]
[49 29 31]
[49 29 31]
[53 34 36]
[36 22 22]
[23 13 12]
[19 15 14]
[17 16 14]
[16 16 16]
[16 16 16]
[14 15 17]
[11 15 16]
[10 14 17]
[13 12 17]
[17 12 19]
[18 11 19]
[18  8 17]
[19  9 17]
[19 10 15]
[35 20 25]
[68 41 48]
[40 15 19]
[20 16 13]
[18 20 17]
[17 15 16]
[20 15 19]
[21 16 22]
[21 16 22]
[22 20 25]
[24 22 27]
[34 33 38]
[57 58 62]
[74 75 77]
[65 66 68]
[49 48 53]
[45 30 35]
[63 22 26]
[119  40  45]
[158  32  43]
[187  60  69]
[127  43  43]
[71 23 19]
[166 146 145]
[31 25 25]
[31 27 28]
[36 34 37]
[34 38 37]
[36 41 37]
[33 35 30]
[35 36 30]
[47 43 40]
[61 53 51]
[63 52 50]
[60 41 37]
[110  77  72]
[157 124 115]
[162 141 122]
[163 145 123]
[165 143 122]
[165 142 124]
[163 139 127]
[165 137 133]
[110  74  78]
[93 53 61]
[255 255 251]
[255 249 239]
[255 243 219]
[221 171 136]
[217 146 104]
[152  72  37]
[144  64  53]
[161  83  83]
[162  86  86]
[166  92  89]
[170  96  87]
[173  89  78]
[185  82  75]
[189  76  62]
[197  78  48]
[217  97  45]
[255 142  62]
[243 125  35]
[226  99  22]
[231  96  32]
[231  89  39]
[212  73  34]
[197  68  37]
[177  58  36]
[159  54  35]
[149  52  36]
[142  45  36]
[137  44  36]
[135  44  39]
[131  46  41]
[122  45  37]
[116  42  33]
[119  42  34]
[120  42  32]
[125  49  35]
[138  55  39]
[160  58  44]
[170  60  45]
[166  59  43]
[155  54  36]
[143  50  32]
[134  45  29]
[129  41  29]
[119  39  28]
[103  35  24]
[101  39  28]
[107  44  35]
[125  62  55]
[129  69  61]
[125  68  61]
[115  65  58]
[109  62  56]
[105  62  56]
[103  64  59]
[102  62  62]
[99 61 60]
[96 60 60]
[92 62 60]
[85 59 58]
[75 54 51]
[72 52 53]
[67 49 49]
[57 37 39]
[47 28 32]
[44 25 29]
[45 26 30]
[44 23 28]
[57 36 41]
[37 22 25]
[24 14 15]
[19 15 14]
[18 18 16]
[18 18 18]
[18 18 18]
[16 17 19]
[15 16 18]
[13 14 18]
[14 12 17]
[20  8 18]
[20  8 18]
[17 10 18]
[16 11 17]
[17 12 16]
[34 23 27]
[68 41 48]
[36 14 17]
[16 15 11]
[16 21 17]
[16 16 16]
[17 15 18]
[17 15 20]
[19 16 23]
[25 22 29]
[30 27 34]
[41 40 45]
[64 63 68]
[77 78 82]
[77 76 81]
[69 66 73]
[64 47 53]
[70 28 32]
[124  45  50]
[159  35  45]
[185  60  68]
[144  58  59]
[68 17 14]
[194 170 170]
[31 22 23]
[29 23 25]
[30 28 31]
[31 35 34]
[34 39 35]
[37 39 34]
[35 36 31]
[40 36 37]
[56 50 52]
[62 52 53]
[66 46 47]
[99 65 63]
[139 109  98]
[166 151 128]
[155 148 120]
[159 147 125]
[163 147 131]
[161 147 138]
[158 140 140]
[101  74  81]
[85 55 65]
[252 254 251]
[255 249 236]
[255 243 209]
[221 174 120]
[255 193 120]
[160  86  21]
[157  73  45]
[163  76  66]
[167  80  73]
[175  86  78]
[183  94  80]
[190  93  76]
[205  92  74]
[214  93  64]
[216  93  49]
[229 107  42]
[255 146  52]
[243 130  28]
[229 108  15]
[236 109  28]
[237 102  36]
[219  83  31]
[207  73  36]
[185  57  30]
[169  54  33]
[158  51  35]
[148  46  32]
[146  45  33]
[146  48  35]
[143  50  35]
[134  47  30]
[128  42  25]
[132  45  28]
[135  47  27]
[148  58  34]
[159  63  38]
[178  68  45]
[180  65  44]
[172  61  41]
[157  52  33]
[144  48  32]
[136  48  34]
[127  43  33]
[121  44  36]
[102  38  29]
[91 31 23]
[99 38 33]
[119  58  53]
[130  71  65]
[127  69  65]
[119  66  62]
[110  62  58]
[105  61  58]
[105  64  62]
[103  63  63]
[100  62  61]
[96 62 61]
[93 63 61]
[84 58 57]
[74 53 50]
[70 50 51]
[66 48 48]
[56 37 41]
[47 28 32]
[43 27 30]
[45 26 30]
[46 21 25]
[60 38 41]
[36 22 22]
[21 15 15]
[15 14 12]
[17 17 17]
[16 16 16]
[17 17 19]
[17 17 19]
[16 16 18]
[16 14 17]
[16 11 17]
[20  9 17]
[19  7 17]
[16  9 16]
[16 11 17]
[17 13 14]
[34 24 25]
[68 41 46]
[34 12 15]
[16 12  9]
[15 20 16]
[19 19 19]
[19 17 20]
[17 15 20]
[19 18 24]
[29 28 34]
[36 35 41]
[49 46 53]
[70 69 74]
[79 80 85]
[82 83 87]
[78 77 82]
[74 58 61]
[76 34 36]
[127  51  55]
[159  39  49]
[184  60  70]
[162  72  74]
[70 12 10]
[208 182 181]
[27 19 17]
[26 20 22]
[25 23 24]
[29 31 30]
[35 37 34]
[33 35 32]
[38 38 36]
[38 36 39]
[46 40 44]
[62 51 55]
[70 52 52]
[85 56 52]
[120  93  82]
[166 156 131]
[156 152 125]
[156 150 128]
[154 145 130]
[156 146 137]
[159 145 144]
[97 76 85]
[78 54 67]
[249 253 255]
[255 252 238]
[255 242 196]
[215 178  98]
[255 221 106]
[215 158  51]
[170  93  39]
[165  75  51]
[169  72  56]
[184  82  70]
[192  86  72]
[206  94  72]
[222 103  69]
[230 105  57]
[241 113  52]
[238 113  33]
[255 146  44]
[243 136  22]
[227 119   8]
[245 132  30]
[246 128  38]
[231 107  35]
[221  86  38]
[200  65  33]
[190  61  39]
[174  53  36]
[162  50  36]
[151  44  26]
[168  60  31]
[162  55  21]
[153  50  19]
[145  45  13]
[150  47  16]
[166  59  27]
[180  72  36]
[188  74  37]
[196  78  42]
[190  71  39]
[178  67  40]
[159  54  33]
[146  50  36]
[134  46  36]
[121  41  34]
[115  42  36]
[105  40  34]
[91 30 25]
[96 35 30]
[116  55  52]
[133  72  69]
[128  70  68]
[121  68  64]
[112  63  59]
[110  66  63]
[104  64  62]
[101  63  62]
[97 62 60]
[93 62 60]
[88 58 56]
[80 54 53]
[73 52 49]
[67 49 49]
[61 45 45]
[53 38 41]
[44 29 32]
[41 27 27]
[44 24 26]
[47 16 21]
[65 39 42]
[35 24 22]
[17 16 12]
[17 17 17]
[17 17 19]
[17 16 21]
[17 15 20]
[20 15 19]
[19 14 18]
[17 12 16]
[16 11 15]
[17 12 18]
[17 12 18]
[17 11 15]
[16 10 12]
[17 11 13]
[39 24 27]
[70 41 46]
[33  8 12]
[21 15 15]
[19 21 18]
[24 22 23]
[25 20 24]
[18 17 22]
[19 22 27]
[29 32 39]
[40 43 50]
[61 58 67]
[73 70 77]
[79 79 87]
[83 86 91]
[80 81 83]
[76 64 64]
[75 33 34]
[130  54  58]
[162  46  59]
[182  60  73]
[169  73  77]
[80 16 16]
[190 164 163]
[26 21 18]
[25 21 20]
[22 18 19]
[23 19 20]
[35 34 32]
[36 35 33]
[35 34 32]
[37 35 36]
[40 36 37]
[49 41 39]
[69 55 52]
[72 52 45]
[116  97  83]
[178 167 145]
[155 149 125]
[156 153 134]
[156 150 134]
[158 146 134]
[162 144 140]
[102  81  88]
[80 58 71]
[252 255 255]
[255 253 237]
[255 234 183]
[228 193 101]
[255 222  82]
[255 217  81]
[230 159  79]
[174  85  41]
[182  78  51]
[184  73  53]
[199  82  62]
[212  91  62]
[232 107  61]
[245 116  58]
[252 121  51]
[246 120  35]
[255 145  37]
[251 148  27]
[239 144  16]
[246 153  24]
[244 148  28]
[238 130  29]
[228 104  30]
[215  81  30]
[204  72  34]
[196  68  39]
[172  53  29]
[167  54  24]
[217 102  55]
[199  86  30]
[189  78  23]
[177  66  13]
[178  66  18]
[193  78  31]
[210  90  40]
[208  86  37]
[211  86  40]
[198  76  35]
[183  68  37]
[165  59  37]
[148  50  37]
[131  44  35]
[114  37  31]
[110  39  35]
[106  41  37]
[96 33 28]
[95 34 31]
[108  47  44]
[129  68  67]
[136  76  75]
[126  72  70]
[111  62  58]
[112  67  64]
[106  66  64]
[103  65  64]
[98 64 62]
[91 60 58]
[86 58 55]
[80 54 53]
[73 52 49]
[66 48 46]
[60 44 44]
[52 38 38]
[43 28 31]
[39 24 27]
[42 22 24]
[47 15 20]
[68 37 42]
[34 23 21]
[17 16 12]
[17 17 17]
[17 16 21]
[18 15 22]
[18 15 22]
[21 14 21]
[21 15 19]
[18 12 16]
[16 11 15]
[14 13 18]
[14 13 18]
[17 12 16]
[16 10 12]
[20 11 14]
[40 25 28]
[71 41 49]
[35  8 15]
[23 17 17]
[21 23 22]
[27 22 26]
[27 22 26]
[21 22 26]
[25 30 34]
[33 41 44]
[44 49 53]
[63 62 68]
[76 73 80]
[81 81 89]
[83 84 89]
[81 82 84]
[88 74 73]
[78 32 32]
[139  60  63]
[159  44  57]
[179  58  73]
[180  79  85]
[87 17 19]
[164 136 133]
[30 25 21]
[24 20 19]
[23 19 18]
[27 23 24]
[34 30 31]
[36 35 33]
[35 34 32]
[38 37 35]
[42 38 37]
[48 43 39]
[67 56 50]
[69 52 44]
[110  92  80]
[178 165 146]
[160 154 132]
[156 153 136]
[153 147 133]
[158 146 132]
[164 147 140]
[105  84  93]
[77 54 70]
[252 254 251]
[255 250 232]
[255 248 200]
[218 182  88]
[250 213  60]
[255 224  68]
[255 209 105]
[179  94  27]
[189  83  41]
[192  75  42]
[200  80  46]
[220  94  53]
[239 108  54]
[251 119  55]
[255 125  55]
[250 128  43]
[253 140  34]
[255 160  33]
[253 175  27]
[250 181  25]
[248 178  22]
[242 161  20]
[234 128  18]
[227 107  21]
[213  85  22]
[203  73  24]
[190  67  26]
[187  66  21]
[255 139  70]
[249 134  53]
[237 125  39]
[227 115  33]
[199  85  15]
[216  98  34]
[235 113  50]
[227 103  43]
[221  96  40]
[204  82  35]
[183  66  33]
[167  58  37]
[149  51  38]
[128  41  34]
[109  31  27]
[104  35  30]
[107  42  38]
[102  39  34]
[98 35 30]
[102  39  34]
[120  59  56]
[139  80  76]
[131  76  73]
[113  64  60]
[114  69  66]
[107  66  64]
[103  63  63]
[95 60 58]
[90 56 54]
[85 55 53]
[81 53 52]
[74 50 48]
[66 46 45]
[61 43 43]
[53 37 38]
[45 29 32]
[40 23 29]
[42 19 27]
[48 13 20]
[68 37 43]
[33 21 21]
[17 16 14]
[17 17 19]
[17 16 21]
[19 16 23]
[18 15 22]
[21 14 21]
[21 15 19]
[18 12 16]
[16 11 15]
[14 13 18]
[13 14 18]
[14 13 18]
[13 11 16]
[18 11 18]
[39 24 31]
[70 40 50]
[34  7 16]
[26 17 20]
[23 23 23]
[28 23 27]
[28 23 27]
[25 26 28]
[31 36 39]
[39 49 50]
[47 57 58]
[64 68 71]
[77 78 82]
[83 80 87]
[87 82 89]
[86 84 87]
[91 73 73]
[84 32 34]
[144  59  64]
[164  49  62]
[174  54  66]
[188  84  91]
[91 19 22]
[142 112 110]
[43 35 32]
[26 22 21]
[20 19 17]
[24 24 24]
[31 31 31]
[36 35 33]
[38 34 33]
[40 39 37]
[45 41 38]
[50 45 39]
[66 57 50]
[68 51 43]
[103  85  73]
[170 157 140]
[162 154 135]
[157 151 135]
[156 148 135]
[160 146 135]
[162 143 139]
[112  90 103]
[92 68 90]
[254 254 252]
[255 253 238]
[255 247 207]
[206 166  81]
[244 200  52]
[255 214  53]
[255 216  92]
[194 113  21]
[199  96  30]
[211  95  44]
[203  83  31]
[219  94  38]
[243 109  46]
[251 114  46]
[254 122  50]
[252 128  42]
[254 139  32]
[255 169  34]
[255 203  40]
[255 214  33]
[255 211  29]
[252 191  23]
[243 153  15]
[244 134  23]
[229 104  22]
[212  82  20]
[206  78  31]
[199  73  22]
[251 129  56]
[255 138  50]
[255 141  45]
[248 134  37]
[218 102  15]
[237 118  36]
[253 130  52]
[241 117  43]
[229 101  38]
[212  88  37]
[183  65  29]
[169  60  37]
[149  51  40]
[124  39  34]
[103  28  23]
[98 30 27]
[104  41  36]
[103  42  37]
[99 38 33]
[98 37 32]
[109  48  45]
[131  72  68]
[131  76  73]
[118  67  63]
[117  69  67]
[107  66  62]
[105  65  63]
[93 58 56]
[88 54 52]
[82 53 49]
[79 51 48]
[72 48 46]
[66 45 44]
[63 43 42]
[57 39 39]
[47 31 34]
[41 24 30]
[41 20 27]
[46 13 22]
[69 38 44]
[32 20 22]
[16 14 15]
[17 17 19]
[18 17 22]
[17 16 22]
[18 15 22]
[20 15 21]
[20 15 19]
[18 12 16]
[16 11 15]
[14 13 18]
[13 14 18]
[14 13 19]
[13 10 17]
[19 12 19]
[42 25 35]
[70 40 52]
[35  8 17]
[25 19 21]
[23 25 24]
[26 24 27]
[28 26 29]
[28 29 31]
[34 40 40]
[44 53 52]
[54 63 62]
[67 73 73]
[78 79 83]
[84 79 86]
[88 81 89]
[86 81 85]
[90 68 70]
[101  40  45]
[147  54  62]
[169  51  65]
[171  49  62]
[198  93 100]
[98 23 27]
[123  92  90]
[54 44 42]
[30 26 25]
[19 19 17]
[21 23 22]
[32 34 33]
[38 34 33]
[39 35 34]
[42 41 37]
[46 45 40]
[52 49 42]
[65 56 47]
[67 50 42]
[94 76 64]
[155 140 119]
[165 153 127]
[158 151 125]
[159 149 124]
[161 146 123]
[156 138 126]
[112  91  98]
[90 69 86]
[251 249 252]
[255 252 246]
[255 246 224]
[211 167 104]
[236 176  52]
[255 191  42]
[255 201  64]
[237 158  39]
[216 117  23]
[234 124  45]
[219 105  34]
[209  86  18]
[244 110  39]
[253 112  40]
[253 115  40]
[251 120  32]
[251 134  21]
[255 170  28]
[255 219  44]
[255 235  40]
[255 234  36]
[255 215  32]
[248 173  19]
[250 148  22]
[239 118  25]
[226  95  27]
[205  70  23]
[198  65  20]
[216  88  25]
[216  93  16]
[235 114  25]
[232 112  17]
[234 117  14]
[251 132  30]
[255 138  44]
[249 125  39]
[228 100  29]
[215  90  34]
[184  66  28]
[170  61  38]
[144  50  38]
[119  39  32]
[96 26 24]
[88 27 24]
[95 36 32]
[99 41 37]
[99 40 34]
[98 37 32]
[100  39  36]
[114  55  51]
[121  63  61]
[113  62  58]
[109  61  59]
[103  59  56]
[102  64  61]
[93 60 55]
[85 54 51]
[80 51 47]
[76 48 45]
[71 45 44]
[68 44 44]
[65 45 44]
[59 41 41]
[50 34 35]
[42 27 32]
[41 22 28]
[45 14 22]
[69 40 45]
[29 19 20]
[14 14 14]
[16 17 19]
[16 17 21]
[16 17 22]
[16 15 21]
[18 16 21]
[17 15 18]
[17 12 16]
[14 12 13]
[13 14 16]
[12 13 17]
[16 13 20]
[17 10 18]
[22 11 19]
[47 27 38]
[72 40 53]
[37 11 22]
[26 21 25]
[22 28 28]
[25 26 28]
[29 30 32]
[30 31 35]
[37 41 44]
[49 55 55]
[62 66 67]
[75 76 78]
[80 79 84]
[82 79 86]
[85 80 87]
[86 80 84]
[91 62 66]
[121  50  58]
[155  53  64]
[166  44  59]
[171  46  60]
[210 103 111]
[109  33  37]
[93 59 58]
[69 59 57]
[31 27 26]
[22 22 20]
[21 25 24]
[31 33 32]
[38 34 35]
[41 35 35]
[45 41 38]
[49 48 43]
[51 51 43]
[63 56 46]
[64 50 39]
[84 67 51]
[142 127  98]
[169 157 117]
[157 149 103]
[154 143  97]
[156 142  97]
[153 137 104]
[105  88  80]
[60 44 45]
[255 254 255]
[255 251 249]
[255 243 233]
[214 171 128]
[216 151  51]
[233 159  26]
[244 173  31]
[254 178  40]
[228 140  17]
[249 153  43]
[251 152  51]
[211 100   8]
[239 110  27]
[250 113  35]
[252 110  34]
[249 113  25]
[246 126  14]
[254 165  23]
[255 225  43]
[255 244  40]
[255 242  35]
[255 230  34]
[255 188  21]
[248 152  16]
[249 130  28]
[233 101  29]
[207  70  24]
[198  62  24]
[197  66  14]
[199  72   5]
[218  92   8]
[235 111  13]
[240 120   8]
[255 136  23]
[255 140  35]
[252 127  34]
[227  99  24]
[216  91  33]
[186  68  30]
[166  60  36]
[137  48  34]
[113  38  32]
[92 28 26]
[84 26 24]
[85 32 28]
[91 38 32]
[97 39 35]
[96 39 32]
[99 40 36]
[98 40 36]
[105  50  47]
[101  50  47]
[96 48 46]
[89 48 44]
[92 54 51]
[90 57 52]
[82 53 49]
[77 49 45]
[73 45 42]
[69 43 42]
[67 43 43]
[65 45 44]
[62 42 43]
[52 36 37]
[41 29 33]
[41 22 28]
[44 13 19]
[70 41 46]
[27 17 16]
[14 14 12]
[15 16 18]
[16 17 21]
[16 17 21]
[16 15 20]
[18 16 19]
[17 15 18]
[17 13 14]
[14 12 13]
[13 14 16]
[13 14 18]
[14 11 18]
[17 10 18]
[24  8 18]
[53 30 40]
[72 40 53]
[41 15 26]
[28 23 27]
[23 29 29]
[23 27 28]
[27 31 34]
[31 32 36]
[39 42 47]
[53 58 61]
[65 70 73]
[75 79 82]
[80 81 85]
[84 83 89]
[82 77 83]
[93 81 85]
[80 40 48]
[135  54  63]
[161  51  64]
[170  43  60]
[169  43  57]
[213 102 111]
[123  42  48]
[66 32 31]
[105  97  94]
[28 27 25]
[23 25 22]
[24 28 27]
[27 29 28]
[39 33 35]
[41 35 35]
[46 42 41]
[50 49 45]
[53 52 47]
[60 56 47]
[64 50 39]
[78 62 39]
[138 123  84]
[171 158 105]
[151 142  75]
[148 138  67]
[152 137  68]
[147 132  77]
[102  88  62]
[48 36 22]
[253 252 250]
[255 253 250]
[255 249 246]
[242 208 180]
[202 140  63]
[219 144  29]
[217 144   5]
[255 187  35]
[236 162  11]
[255 181  34]
[255 198  59]
[236 148  25]
[231 117  20]
[245 115  31]
[247 107  28]
[246 107  22]
[248 122  19]
[248 156  21]
[255 222  42]
[255 247  42]
[255 245  34]
[255 234  32]
[255 196  22]
[247 152  10]
[248 130  24]
[230  98  23]
[212  74  28]
[196  57  24]
[189  56  13]
[197  67   7]
[217  88   4]
[242 116  13]
[247 126   9]
[255 138  20]
[255 142  32]
[248 125  31]
[224  98  22]
[210  87  30]
[189  73  34]
[161  59  36]
[130  44  31]
[105  37  28]
[86 28 24]
[77 28 24]
[79 30 26]
[85 36 31]
[92 39 33]
[93 38 33]
[96 41 38]
[88 33 30]
[93 39 37]
[90 41 37]
[87 42 39]
[80 39 37]
[76 41 39]
[81 50 47]
[77 49 46]
[72 47 43]
[70 44 43]
[67 43 41]
[65 44 43]
[65 45 44]
[63 43 44]
[54 38 39]
[43 28 31]
[42 21 26]
[48 13 19]
[74 42 47]
[30 16 15]
[17 13 10]
[15 15 15]
[16 16 18]
[17 16 21]
[17 15 20]
[20 15 19]
[19 15 16]
[18 12 14]
[16 12 13]
[15 13 16]
[14 14 16]
[13 12 17]
[17 10 17]
[23  7 17]
[59 33 44]
[73 39 53]
[46 19 28]
[29 23 27]
[25 29 30]
[24 28 31]
[26 29 34]
[29 32 39]
[44 49 55]
[58 65 71]
[66 75 80]
[72 83 87]
[75 85 87]
[79 84 87]
[82 77 81]
[90 67 73]
[85 34 43]
[145  51  65]
[168  47  64]
[176  45  63]
[168  40  55]
[212  96 107]
[128  46  52]
[55 24 22]
[144 141 136]
[23 23 21]
[21 26 22]
[25 27 26]
[27 27 27]
[36 30 30]
[40 31 32]
[44 40 39]
[49 48 46]
[52 53 48]
[59 56 49]
[65 53 41]
[75 59 33]
[138 122  71]
[171 159  87]
[149 140  49]
[148 138  40]
[149 136  40]
[140 129  50]
[107  96  51]
[53 46 17]
[255 255 253]
[253 252 250]
[255 253 251]
[255 246 225]
[225 177 115]
[234 170  70]
[215 148   8]
[255 191  27]
[242 182  10]
[253 199  31]
[255 218  70]
[255 194  66]
[226 129  24]
[241 122  32]
[242 107  26]
[239 103  19]
[246 120  20]
[239 144  14]
[255 213  34]
[255 245  36]
[255 242  25]
[255 229  21]
[255 194  16]
[243 148   2]
[245 127  17]
[235 102  23]
[217  79  30]
[201  61  25]
[192  59  18]
[199  69   9]
[237 109  20]
[249 123  13]
[255 133  17]
[255 139  24]
[255 138  33]
[235 114  25]
[211  87  17]
[195  74  21]
[184  70  34]
[155  55  32]
[121  39  25]
[98 34 25]
[80 27 23]
[72 27 22]
[75 30 25]
[82 34 30]
[88 37 33]
[88 37 33]
[82 31 27]
[73 22 19]
[78 29 25]
[78 30 28]
[81 37 36]
[72 32 32]
[59 28 25]
[69 41 38]
[70 46 42]
[67 46 41]
[65 44 41]
[64 43 40]
[64 43 42]
[65 45 46]
[62 43 45]
[55 39 40]
[44 28 31]
[43 21 24]
[50 13 20]
[78 43 47]
[33 18 15]
[19 14 10]
[17 16 14]
[16 16 18]
[17 16 21]
[17 15 20]
[20 15 19]
[20 16 17]
[17 12 16]
[15 13 16]
[16 14 17]
[14 13 18]
[14 13 18]
[18 13 19]
[25  8 16]
[63 37 48]
[74 41 52]
[49 22 31]
[32 23 28]
[27 28 30]
[27 28 32]
[27 28 33]
[33 33 41]
[50 53 60]
[65 72 80]
[70 79 84]
[73 84 88]
[78 88 90]
[80 80 82]
[92 76 79]
[80 40 49]
[121  50  64]
[158  51  67]
[174  47  64]
[175  40  57]
[172  39  56]
[218  98 110]
[128  41  49]
[55 24 22]
[166 162 159]
[18 18 16]
[22 24 21]
[23 25 24]
[29 28 26]
[34 26 24]
[36 28 26]
[40 36 35]
[47 45 46]
[50 50 48]
[58 55 50]
[66 53 44]
[74 58 32]
[134 119  64]
[175 162  83]
[154 142  40]
[150 140  27]
[147 135  25]
[141 130  40]
[108 101  47]
[49 43  7]
[253 254 255]
[253 255 254]
[253 252 247]
[255 250 228]
[255 233 182]
[243 202 112]
[238 182  43]
[252 194  24]
[246 198  10]
[253 216  40]
[255 234 100]
[255 228 118]
[234 160  55]
[233 130  35]
[233 108  26]
[235 103  20]
[241 114  19]
[237 138  11]
[251 202  22]
[255 245  32]
[255 240  16]
[255 225  13]
[253 186   7]
[240 145   0]
[248 128  15]
[241 107  22]
[233  93  34]
[209  68  22]
[200  65  18]
[226  97  32]
[250 123  26]
[255 136  25]
[255 130  21]
[253 125  24]
[255 134  41]
[226 103  25]
[202  78  18]
[188  67  22]
[180  67  37]
[149  50  29]
[111  33  20]
[89 29 19]
[77 28 23]
[71 27 24]
[72 28 25]
[79 34 31]
[86 37 33]
[85 36 32]
[74 26 22]
[59 14 11]
[79 31 29]
[71 25 25]
[76 34 35]
[65 29 29]
[51 23 20]
[49 28 25]
[53 34 30]
[55 37 33]
[62 42 41]
[64 44 43]
[63 43 44]
[64 44 45]
[62 43 45]
[53 37 40]
[44 28 31]
[47 22 26]
[52 12 20]
[78 42 46]
[34 16 16]
[21 13 11]
[20 16 17]
[17 17 19]
[17 16 21]
[17 16 21]
[16 15 20]
[14 14 16]
[13 12 17]
[13 14 18]
[13 14 19]
[11 14 19]
[13 14 18]
[16 11 15]
[24  7 15]
[70 42 54]
[75 42 53]
[52 22 32]
[34 23 29]
[29 27 30]
[28 27 32]
[26 25 31]
[36 33 40]
[57 56 62]
[74 74 82]
[78 83 87]
[77 85 88]
[83 82 87]
[93 77 80]
[90 50 58]
[89 23 37]
[146  53  71]
[163  46  64]
[173  40  57]
[177  40  58]
[176  41  56]
[207  81  95]
[149  58  67]
[56 22 23]
[183 179 176]
[20 20 18]
[20 20 18]
[29 28 26]
[27 23 22]
[31 23 20]
[29 24 20]
[33 29 28]
[45 44 42]
[50 50 50]
[55 54 50]
[62 52 43]
[72 56 31]
[130 114  62]
[178 162  84]
[152 139  35]
[150 137  22]
[150 137  23]
[143 130  36]
[113 106  52]
[43 39  4]
[250 254 255]
[253 255 254]
[255 255 251]
[255 252 235]
[255 249 214]
[252 226 151]
[246 197  68]
[248 194  26]
[251 211  17]
[251 224  47]
[255 241 123]
[255 249 157]
[255 202 102]
[227 140  43]
[229 113  30]
[234 103  23]
[244 116  25]
[238 136  12]
[251 199  19]
[255 243  28]
[255 241  11]
[255 225   8]
[249 185   2]
[236 141   0]
[247 127  15]
[250 114  30]
[249 107  41]
[221  80  26]
[208  72  20]
[227  95  30]
[243 116  21]
[255 131  24]
[232  99   4]
[232 100  15]
[220  94  17]
[203  79  15]
[188  64  13]
[181  61  26]
[171  59  35]
[141  44  27]
[106  30  17]
[86 26 18]
[74 27 21]
[70 26 23]
[69 25 24]
[77 29 29]
[83 33 32]
[84 34 33]
[70 26 23]
[55 14 10]
[70 26 25]
[66 22 23]
[77 37 38]
[59 25 24]
[45 19 18]
[43 24 20]
[39 24 19]
[42 27 22]
[51 33 31]
[58 38 37]
[62 42 43]
[65 45 47]
[63 44 48]
[54 38 41]
[44 25 29]
[47 20 27]
[58 17 25]
[84 44 52]
[35 15 16]
[21 11 10]
[20 14 16]
[17 15 20]
[17 16 22]
[17 18 23]
[18 17 23]
[15 16 20]
[14 13 18]
[13 14 19]
[11 14 21]
[11 14 19]
[14 15 19]
[18 13 17]
[27  7 16]
[70 43 52]
[74 41 52]
[48 18 28]
[37 22 27]
[36 30 32]
[39 33 37]
[43 34 39]
[54 43 49]
[73 60 67]
[86 75 81]
[89 78 82]
[86 77 80]
[94 73 78]
[91 48 55]
[104  38  50]
[121  28  47]
[154  40  63]
[163  36  53]
[172  37  52]
[174  37  53]
[173  38  53]
[195  67  82]
[168  72  83]
[66 27 30]
[192 187 184]
[26 22 21]
[24 23 21]
[25 21 20]
[29 24 21]
[28 23 19]
[28 23 19]
[30 26 23]
[40 39 37]
[45 45 43]
[52 51 46]
[60 49 43]
[68 53 30]
[116  98  50]
[170 152  78]
[152 137  36]
[150 137  23]
[152 137  22]
[143 130  36]
[116 109  55]
[42 39  4]
[250 255 249]
[254 255 253]
[255 254 255]
[255 251 248]
[255 255 237]
[255 243 188]
[246 199  91]
[242 189  35]
[253 216  22]
[248 227  50]
[253 244 141]
[255 255 184]
[255 237 146]
[238 169  76]
[231 118  40]
[235 103  28]
[246 118  31]
[238 135  14]
[255 200  19]
[255 245  28]
[255 243  11]
[255 232  11]
[250 190   8]
[238 146   3]
[246 123  17]
[254 115  34]
[253 108  41]
[230  86  26]
[219  82  27]
[230  97  32]
[233 103  17]
[250 119  28]
[218  81   1]
[213  76   8]
[205  77  16]
[198  74  23]
[183  61  24]
[161  43  17]
[167  56  39]
[138  42  30]
[101  24  14]
[83 23 15]
[73 24 19]
[68 24 21]
[69 21 21]
[74 24 25]
[81 29 31]
[82 32 33]
[67 26 24]
[54 14 12]
[63 21 22]
[63 21 22]
[81 42 43]
[53 21 22]
[41 17 15]
[37 19 15]
[31 17 14]
[34 20 17]
[44 26 24]
[53 33 32]
[59 39 40]
[63 43 45]
[58 39 43]
[50 31 35]
[45 24 31]
[49 19 29]
[63 20 30]
[87 45 55]
[40 15 19]
[25 13 15]
[24 15 20]
[20 15 21]
[16 13 20]
[16 15 21]
[18 15 22]
[15 14 20]
[14 11 18]
[12 11 17]
[13 12 20]
[13 13 21]
[12 13 17]
[17 12 16]
[26  7 13]
[70 43 52]
[74 41 50]
[49 18 24]
[43 23 25]
[44 30 30]
[53 37 38]
[60 40 42]
[74 47 52]
[87 56 61]
[90 58 63]
[85 50 54]
[77 41 45]
[82 31 36]
[98 20 33]
[120  19  37]
[148  24  48]
[158  22  46]
[161  26  43]
[169  33  47]
[171  33  49]
[173  36  52]
[187  56  72]
[182  81  95]
[72 30 34]
[197 185 185]
[28 20 18]
[27 22 19]
[28 23 20]
[29 24 21]
[27 22 19]
[28 23 20]
[28 24 23]
[34 33 29]
[39 40 35]
[51 48 41]
[59 49 40]
[67 52 31]
[98 79 37]
[160 141  75]
[152 135  43]
[151 134  26]
[151 135  24]
[142 129  35]
[118 113  57]
[39 39  1]
[253 255 249]
[255 255 253]
[255 250 255]
[255 253 255]
[255 253 245]
[255 246 206]
[235 190  99]
[234 183  42]
[249 214  24]
[246 226  51]
[253 245 147]
[255 255 188]
[255 251 160]
[255 210 116]
[236 131  50]
[239 109  33]
[243 114  31]
[237 132  15]
[253 193  17]
[255 240  26]
[255 243  12]
[255 236  16]
[253 197  12]
[242 153   7]
[251 130  23]
[255 116  35]
[247 105  33]
[226  84  18]
[224  89  25]
[232  99  30]
[230 100  16]
[251 116  34]
[218  76  10]
[208  69  14]
[215  87  38]
[215  96  56]
[163  45  17]
[141  29   9]
[159  51  39]
[127  33  25]
[97 22 16]
[83 24 18]
[73 24 20]
[67 23 20]
[67 19 19]
[73 23 24]
[81 29 31]
[78 30 30]
[63 23 21]
[53 15 12]
[58 18 18]
[63 23 23]
[87 48 49]
[50 18 19]
[38 17 14]
[33 18 13]
[32 18 15]
[33 19 16]
[41 23 21]
[49 29 28]
[56 34 36]
[57 35 38]
[51 30 35]
[43 24 28]
[43 22 29]
[43 16 25]
[62 18 31]
[85 43 53]
[40 15 19]
[29 15 15]
[26 15 19]
[22 12 20]
[22 15 23]
[22 15 23]
[23 13 21]
[21 11 19]
[20  9 17]
[20  9 17]
[20 10 19]
[22 11 19]
[22  9 16]
[31 10 15]
[40  4 14]
[81 35 46]
[86 36 47]
[64 14 23]
[59 16 23]
[59 17 21]
[71 26 31]
[73 24 30]
[76 21 27]
[79 20 26]
[85 20 26]
[91 22 27]
[95 24 30]
[105  22  30]
[130  22  37]
[145  18  39]
[164  20  47]
[162  14  38]
[162  21  37]
[165  27  40]
[165  27  42]
[170  33  49]
[179  46  65]
[194  92 106]
[75 28 34]
[183 167 168]
[33 23 22]
[30 22 20]
[32 27 24]
[30 25 22]
[28 23 20]
[30 25 22]
[28 24 23]
[32 28 25]
[35 34 29]
[49 46 37]
[59 49 40]
[66 51 32]
[85 67 29]
[151 133  71]
[155 138  50]
[150 133  29]
[151 135  24]
[140 130  33]
[120 115  57]
[37 38  0]
[255 255 255]
[255 253 254]
[255 250 252]
[255 252 253]
[255 250 245]
[255 245 214]
[230 187 109]
[226 178  50]
[247 213  28]
[248 226  52]
[255 246 148]
[255 255 183]
[255 255 161]
[255 234 133]
[242 148  58]
[241 116  34]
[243 116  37]
[232 125  19]
[241 178  11]
[255 230  25]
[255 244  18]
[255 239  17]
[255 207  13]
[248 168  11]
[248 131  18]
[255 120  36]
[244 106  31]
[227  91  17]
[230 100  22]
[238 109  26]
[234 103  15]
[246 110  32]
[208  65   7]
[193  55   9]
[179  55  17]
[149  34   3]
[147  36  16]
[135  27  14]
[150  47  40]
[123  34  28]
[92 21 15]
[83 26 19]
[72 24 20]
[66 22 19]
[67 19 19]
[74 24 25]
[81 31 32]
[72 27 24]
[60 22 19]
[52 17 13]
[54 14 14]
[62 22 22]
[86 47 48]
[46 15 13]
[37 16 13]
[33 18 13]
[32 19 13]
[32 19 13]
[37 19 17]
[45 24 23]
[54 28 31]
[52 27 30]
[46 24 27]
[40 21 25]
[37 20 26]
[40 17 25]
[64 24 33]
[84 44 52]
[40 15 18]
[30 16 15]
[28 13 16]
[25 13 17]
[27 12 19]
[28 11 19]
[30 11 17]
[30  9 14]
[33  8 14]
[34  7 14]
[34  7 16]
[37  6 14]
[45  3 13]
[61  8 18]
[73  5 18]
[104  26  40]
[113  26  42]
[100  12  26]
[102  16  29]
[101  13  27]
[106  16  28]
[111  17  31]
[117  19  32]
[125  23  36]
[132  28  39]
[139  32  42]
[142  30  42]
[146  26  38]
[157  24  41]
[163  20  40]
[167  15  38]
[165  13  34]
[163  21  35]
[162  25  35]
[164  22  38]
[167  29  45]
[166  33  52]
[216 114 128]
[79 28 35]
[154 134 136]
[46 34 34]
[33 28 25]
[30 27 22]
[32 28 25]
[29 25 22]
[31 27 26]
[28 24 25]
[30 26 25]
[34 31 26]
[47 43 34]
[56 46 36]
[62 47 28]
[78 60 24]
[146 127  69]
[160 142  58]
[147 132  29]
[150 134  23]
[141 131  33]
[123 119  56]
[37 39  0]
[254 254 255]
[254 252 255]
[255 254 255]
[255 251 251]
[255 254 248]
[255 250 224]
[237 198 133]
[223 180  65]
[245 212  37]
[248 226  54]
[255 246 144]
[255 255 184]
[255 255 170]
[255 234 137]
[246 168  68]
[231 121  26]
[239 116  36]
[231 122  21]
[231 165   8]
[255 222  27]
[255 246  30]
[255 240  23]
[255 214  14]
[255 181  14]
[245 132  12]
[250 121  27]
[235 105  21]
[222  96  11]
[233 109  19]
[241 118  25]
[240 109  21]
[240 104  30]
[202  61   8]
[185  49  11]
[167  48  14]
[142  32   7]
[134  28  12]
[130  29  19]
[135  40  34]
[114  29  24]
[88 21 13]
[79 26 18]
[67 24 18]
[64 23 19]
[65 21 20]
[71 25 25]
[79 31 29]
[68 24 21]
[60 22 19]
[53 18 14]
[53 13 13]
[61 19 20]
[82 42 43]
[45 11 10]
[40 16 14]
[34 19 14]
[31 18 12]
[32 17 12]
[36 16 15]
[43 19 19]
[52 23 27]
[51 22 26]
[45 18 23]
[41 18 24]
[38 15 23]
[46 16 24]
[74 27 37]
[91 41 50]
[49 15 16]
[41 12 14]
[38  9 13]
[42 11 17]
[42  7 14]
[44  7 15]
[49  8 16]
[56  9 17]
[63 10 18]
[67 11 20]
[68 10 22]
[71  7 21]
[83  9 22]
[101  15  28]
[117  16  32]
[136  25  44]
[140  23  42]
[135  16  35]
[141  22  41]
[145  24  41]
[147  24  42]
[147  25  40]
[151  24  41]
[154  26  41]
[158  27  41]
[162  27  41]
[161  23  36]
[161  19  33]
[161  14  30]
[166  18  34]
[165  12  32]
[166  15  32]
[161  19  31]
[162  22  33]
[165  20  37]
[166  23  43]
[159  26  45]
[231 129 143]
[84 31 41]
[122 100 103]
[56 44 44]
[34 29 26]
[31 30 25]
[31 30 25]
[30 29 25]
[34 30 29]
[31 27 28]
[30 26 25]
[33 29 26]
[47 40 34]
[54 41 33]
[58 43 24]
[69 50 17]
[135 118  62]
[164 147  65]
[145 130  29]
[148 131  23]
[141 131  34]
[122 121  57]
[40 42  0]
[253 255 254]
[253 253 255]
[255 254 255]
[253 251 252]
[254 255 250]
[255 255 230]
[243 212 157]
[228 191  87]
[243 212  46]
[247 224  56]
[255 245 135]
[255 255 180]
[255 255 183]
[255 236 153]
[255 195  88]
[223 131  22]
[232 114  24]
[240 131  28]
[239 169  21]
[255 222  41]
[255 246  46]
[253 241  33]
[255 219  18]
[254 184   8]
[245 141   8]
[244 123  16]
[227 109  11]
[232 115  19]
[242 129  23]
[245 126  24]
[244 114  28]
[240 103  35]
[203  65  16]
[172  43   4]
[155  42  10]
[132  30   7]
[134  37  21]
[121  28  20]
[131  42  36]
[111  32  27]
[83 23 15]
[75 26 19]
[63 24 17]
[63 26 20]
[65 24 22]
[68 24 23]
[74 30 27]
[65 24 18]
[57 22 16]
[54 19 13]
[55 14 12]
[66 22 23]
[81 41 42]
[48 14 13]
[42 18 14]
[36 19 12]
[33 18 11]
[33 18 11]
[37 16 13]
[45 19 18]
[54 24 26]
[52 21 26]
[47 18 23]
[48 17 23]
[48 12 22]
[59 11 23]
[88 22 36]
[104  34  45]
[72 13 19]
[69 14 20]
[66  9 18]
[74 12 23]
[81 13 26]
[86 14 26]
[95 15 28]
[102  16  29]
[110  16  30]
[116  18  33]
[119  18  36]
[123  16  34]
[133  21  37]
[144  23  40]
[156  23  42]
[163  21  43]
[163  20  40]
[160  17  37]
[161  20  39]
[163  22  39]
[159  21  37]
[159  21  37]
[158  20  36]
[161  20  36]
[163  21  35]
[166  20  33]
[168  18  30]
[167  15  28]
[166  18  30]
[168  22  33]
[167  21  34]
[165  20  33]
[160  20  29]
[163  22  31]
[166  17  36]
[166  20  41]
[160  29  47]
[233 132 146]
[92 39 49]
[99 74 80]
[82 70 70]
[30 26 23]
[33 34 28]
[28 29 21]
[30 30 22]
[35 32 27]
[32 28 29]
[33 27 29]
[34 28 28]
[45 37 34]
[51 38 32]
[55 37 23]
[55 39  6]
[126 109  55]
[169 152  72]
[144 130  31]
[144 130  23]
[140 130  35]
[122 120  61]
[44 45  3]
[254 255 255]
[253 255 254]
[254 254 255]
[254 255 255]
[248 253 249]
[255 255 237]
[243 219 175]
[233 202 111]
[242 214  55]
[248 227  60]
[255 246 133]
[255 255 181]
[254 251 196]
[255 251 186]
[255 220 119]
[216 145  31]
[220 123  20]
[249 157  46]
[251 193  59]
[255 232  79]
[255 248  78]
[255 243  59]
[255 225  29]
[248 186   5]
[237 142   0]
[235 131   8]
[232 137  19]
[255 164  48]
[255 170  50]
[249 138  31]
[242 111  29]
[235  95  34]
[200  63  19]
[167  40   7]
[147  37  10]
[133  34  13]
[122  30  15]
[117  30  20]
[128  45  37]
[102  29  22]
[83 24 16]
[74 25 20]
[63 22 18]
[66 26 24]
[66 25 23]
[66 22 19]
[71 28 22]
[66 23 17]
[59 18 14]
[58 17 15]
[59 15 14]
[70 24 24]
[88 40 40]
[60 14 16]
[55 15 15]
[48 13 11]
[48 14 12]
[48 14 12]
[52 12 12]
[60 16 17]
[71 21 24]
[70 17 23]
[66 13 21]
[69 13 22]
[79 13 25]
[87 11 24]
[110  19  34]
[125  31  45]
[105  18  27]
[109  23  32]
[107  17  29]
[116  22  36]
[121  23  38]
[127  22  37]
[132  21  37]
[135  20  35]
[140  19  36]
[143  20  38]
[147  22  40]
[147  22  40]
[149  21  36]
[154  19  34]
[167  18  38]
[170  17  37]
[171  18  38]
[170  19  36]
[166  17  36]
[167  18  37]
[167  18  37]
[167  18  37]
[167  19  35]
[168  20  36]
[168  20  34]
[169  18  33]
[172  16  30]
[171  17  29]
[168  21  31]
[163  19  28]
[166  21  34]
[161  20  29]
[160  21  28]
[162  21  30]
[166  18  34]
[168  22  41]
[159  28  46]
[235 133 147]
[103  45  57]
[89 62 67]
[123 109 109]
[32 28 25]
[30 29 24]
[27 28 20]
[28 28 18]
[33 30 23]
[31 27 28]
[32 26 30]
[33 27 29]
[43 34 35]
[49 35 34]
[51 35 22]
[48 31  1]
[119 103  54]
[171 157  86]
[145 130  45]
[142 129  37]
[139 128  46]
[125 120  65]
[50 48  7]
[252 255 253]
[250 255 251]
[250 255 251]
[252 255 255]
[251 252 255]
[255 253 245]
[254 234 201]
[230 205 123]
[235 214  59]
[246 231  66]
[245 238 124]
[255 255 182]
[255 253 215]
[255 248 207]
[255 236 157]
[208 160  52]
[210 146  23]
[245 187  62]
[255 227 114]
[255 247 132]
[255 250 125]
[255 244  95]
[255 221  39]
[240 184   1]
[229 149   0]
[224 144   5]
[238 178  32]
[255 205  62]
[255 209  78]
[241 143  34]
[241 111  35]
[229  85  33]
[195  58  22]
[163  39  13]
[138  32  10]
[127  32  12]
[123  32  14]
[115  32  16]
[124  48  32]
[99 31 18]
[80 23 14]
[74 23 20]
[68 18 19]
[70 21 24]
[66 18 16]
[70 22 18]
[74 25 20]
[80 31 27]
[72 20 22]
[68 18 21]
[58 13 10]
[77 28 24]
[97 35 36]
[79 10 13]
[76  7 12]
[77  8 13]
[78  7 13]
[83 12 16]
[83 11 15]
[92 16 20]
[108  23  30]
[109  18  27]
[114  18  30]
[119  17  31]
[124  16  31]
[132  17  32]
[140  19  34]
[141  19  32]
[141  19  32]
[141  17  28]
[145  19  33]
[144  16  29]
[150  19  33]
[148  16  30]
[149  17  30]
[147  15  28]
[145  15  27]
[151  23  36]
[144  18  30]
[146  24  35]
[148  26  37]
[154  27  38]
[170  23  41]
[167  16  33]
[168  21  37]
[163  21  33]
[166  21  36]
[165  18  34]
[169  18  35]
[171  18  36]
[171  18  36]
[170  17  35]
[168  20  34]
[166  18  32]
[171  16  30]
[170  18  31]
[168  21  31]
[167  21  31]
[166  20  33]
[164  20  30]
[162  21  29]
[162  21  29]
[166  20  33]
[164  22  38]
[156  24  38]
[224 118 132]
[111  49  60]
[83 50 57]
[141 125 126]
[34 28 28]
[31 27 24]
[31 28 23]
[28 25 18]
[29 26 19]
[30 26 27]
[28 23 27]
[33 26 33]
[42 33 38]
[44 32 32]
[47 33 22]
[48 32  6]
[113  98  57]
[170 155 100]
[125 111  48]
[127 116  50]
[125 115  54]
[110 104  56]
[57 52 10]
[252 255 251]
[252 255 251]
[252 255 251]
[252 254 251]
[254 255 255]
[255 254 250]
[255 243 218]
[228 210 136]
[232 216  71]
[241 229  67]
[246 240 116]
[255 253 172]
[255 250 218]
[255 248 224]
[255 242 183]
[214 184  96]
[228 193  77]
[254 222 109]
[255 245 160]
[255 252 174]
[255 253 161]
[255 247 125]
[253 225  56]
[229 187   7]
[238 180  21]
[242 186  37]
[255 223  72]
[255 242  95]
[255 213  81]
[238 143  35]
[237 105  33]
[215  70  23]
[192  57  27]
[159  34  14]
[138  28  11]
[127  27  12]
[124  28  12]
[118  31  14]
[123  42  25]
[106  32  19]
[88 20 17]
[81 17 18]
[82 15 22]
[82 15 22]
[80 15 19]
[84 20 20]
[88 24 22]
[87 19 20]
[94 21 30]
[84 11 20]
[97 31 33]
[96 26 28]
[106  21  26]
[117  22  30]
[110  13  24]
[117  17  29]
[116  14  28]
[121  19  32]
[118  18  26]
[131  30  38]
[140  29  38]
[138  22  33]
[141  18  36]
[147  22  38]
[147  21  35]
[145  19  31]
[149  21  34]
[146  19  30]
[149  19  31]
[149  19  31]
[147  15  28]
[151  19  32]
[146  14  25]
[149  22  31]
[145  20  28]
[146  25  32]
[145  28  34]
[138  28  31]
[139  33  35]
[138  34  35]
[154  51  54]
[169  56  62]
[173  37  49]
[174  27  43]
[160  18  30]
[165  23  35]
[163  18  31]
[168  22  35]
[170  17  35]
[173  18  36]
[172  17  35]
[170  17  35]
[168  20  34]
[167  19  33]
[168  16  29]
[170  18  31]
[168  21  31]
[167  21  31]
[167  21  34]
[165  19  30]
[162  21  29]
[162  21  29]
[165  20  33]
[163  23  36]
[161  26  41]
[218 108 121]
[127  59  70]
[68 31 38]
[167 148 150]
[34 25 26]
[30 24 24]
[30 26 23]
[29 26 19]
[28 25 20]
[29 25 24]
[27 22 26]
[31 24 32]
[40 31 36]
[43 31 31]
[46 33 24]
[50 35 14]
[91 76 43]
[150 135  94]
[81 68 23]
[73 62 16]
[67 59 13]
[78 71 29]
[77 69 30]
[252 251 246]
[253 252 247]
[255 255 251]
[253 252 250]
[254 254 255]
[252 251 246]
[255 253 230]
[246 235 171]
[247 234 104]
[237 228  71]
[244 242  95]
[255 255 151]
[255 254 216]
[255 249 235]
[255 246 210]
[236 224 164]
[243 232 150]
[255 246 167]
[255 251 202]
[255 251 205]
[255 251 183]
[255 249 144]
[249 234  79]
[229 207  35]
[250 218  57]
[255 231  81]
[255 246 109]
[255 236 109]
[255 190  68]
[239 138  34]
[231  97  24]
[198  52   5]
[188  50  24]
[158  31  16]
[145  28  18]
[135  27  17]
[136  32  21]
[133  32  22]
[131  37  29]
[123  34  30]
[110  24  27]
[105  19  28]
[108  17  32]
[105  13  26]
[108  16  27]
[108  17  24]
[111  20  27]
[110  14  25]
[120  15  30]
[124  18  32]
[121  17  28]
[122  15  25]
[140  20  32]
[142  16  30]
[144  17  36]
[149  22  41]
[146  17  39]
[153  26  45]
[144  22  37]
[141  19  32]
[155  27  42]
[155  27  42]
[152  25  44]
[148  25  43]
[144  23  38]
[142  26  37]
[136  22  32]
[138  27  36]
[135  25  34]
[132  25  31]
[140  35  40]
[137  34  38]
[134  33  37]
[137  43  44]
[155  65  64]
[137  54  50]
[149  70  65]
[154  79  73]
[164  94  86]
[164  96  87]
[181 111 103]
[238 150 148]
[175  56  62]
[164  26  39]
[165  23  35]
[164  18  31]
[169  21  35]
[168  17  32]
[169  16  34]
[170  17  35]
[169  18  35]
[167  19  35]
[166  21  34]
[166  20  33]
[168  16  29]
[169  17  30]
[170  20  31]
[168  21  31]
[168  20  34]
[165  19  30]
[162  21  29]
[161  22  29]
[163  21  33]
[162  22  35]
[160  23  39]
[196  84  98]
[147  74  85]
[60 19 27]
[198 176 179]
[37 29 27]
[32 27 24]
[25 24 20]
[26 25 20]
[24 23 18]
[26 25 23]
[26 24 25]
[30 25 29]
[35 29 31]
[39 29 28]
[44 31 23]
[48 32 17]
[73 58 35]
[129 114  85]
[100  85  54]
[91 78 44]
[100  90  55]
[100  91  60]
[128 122  90]
[232 227 221]
[234 229 225]
[249 244 241]
[255 253 252]
[255 255 255]
[255 255 248]
[255 253 235]
[255 249 194]
[255 251 139]
[239 228  84]
[243 239  90]
[253 252 136]
[254 253 209]
[252 250 237]
[253 249 222]
[254 251 210]
[255 255 195]
[255 255 199]
[255 255 217]
[255 253 212]
[255 249 185]
[255 248 150]
[255 245 107]
[255 236  80]
[255 229  74]
[255 235  92]
[255 226 104]
[250 192  82]
[242 155  49]
[238 123  32]
[227  85  23]
[203  51  12]
[198  51  33]
[177  39  29]
[164  37  30]
[156  35  27]
[156  37  31]
[148  33  28]
[140  31  28]
[134  28  30]
[131  27  36]
[131  26  40]
[134  23  40]
[131  19  35]
[138  26  40]
[132  20  32]
[132  20  32]
[139  24  37]
[143  21  36]
[140  15  29]
[145  23  34]
[147  21  32]
[155  20  34]
[153  16  32]
[153  20  39]
[148  19  39]
[149  22  41]
[145  20  36]
[144  24  36]
[145  27  39]
[148  28  40]
[140  24  35]
[135  25  38]
[136  34  45]
[136  41  49]
[143  52  59]
[147  60  66]
[156  71  76]
[172  90  92]
[180 102 102]
[181 107 106]
[166  95  93]
[145  77  74]
[132  69  64]
[187 128 120]
[157 103  93]
[137  85  72]
[137  89  75]
[166 120 105]
[180 137 120]
[194 147 131]
[222 154 145]
[159  53  57]
[159  27  38]
[166  24  38]
[166  18  32]
[170  18  33]
[170  18  33]
[169  16  34]
[169  18  35]
[167  19  35]
[166  19  35]
[167  22  35]
[165  20  33]
[168  16  29]
[169  17  30]
[170  20  31]
[168  20  32]
[168  20  34]
[165  19  30]
[161  20  28]
[161  22  29]
[162  20  32]
[161  21  34]
[158  22  36]
[174  58  71]
[164  86  99]
[66 19 27]
[219 194 197]
[48 38 37]
[43 39 36]
[32 31 27]
[28 27 23]
[25 24 20]
[26 25 21]
[26 25 23]
[29 25 24]
[33 27 27]
[39 29 27]
[46 35 29]
[48 34 23]
[67 51 36]
[120 103  85]
[119 104  83]
[111  99  75]
[113 103  76]
[114 107  81]
[143 136 108]
[238 230 227]
[218 210 207]
[226 218 216]
[223 217 217]
[232 231 227]
[253 250 243]
[255 250 237]
[255 251 209]
[255 247 152]
[241 227 102]
[248 241 108]
[252 250 141]
[254 252 204]
[255 253 234]
[254 250 225]
[255 254 219]
[255 254 207]
[255 254 201]
[255 253 203]
[255 250 189]
[255 242 160]
[255 239 138]
[255 241 122]
[255 241 111]
[255 221  86]
[252 191  64]
[251 170  63]
[243 142  50]
[250 132  45]
[248 111  41]
[224  68  28]
[200  38  17]
[197  36  28]
[187  32  28]
[174  29  26]
[169  30  27]
[169  34  31]
[163  31  29]
[157  31  32]
[150  29  34]
[148  28  38]
[149  28  43]
[151  26  42]
[151  25  39]
[153  27  39]
[148  24  35]
[145  21  32]
[146  22  33]
[149  23  34]
[146  21  29]
[148  23  29]
[146  21  27]
[151  26  32]
[143  22  31]
[140  26  36]
[136  30  40]
[132  32  40]
[126  31  37]
[131  42  44]
[152  66  67]
[167  81  82]
[177  97  96]
[184 114 114]
[196 135 132]
[195 140 137]
[208 157 153]
[167 118 114]
[212 167 162]
[211 168 162]
[222 181 175]
[199 162 154]
[166 129 121]
[152 115 107]
[105  71  61]
[167 133 121]
[184 150 138]
[91 59 44]
[76 45 27]
[140 109  91]
[165 137 116]
[175 147 126]
[187 135 121]
[143  45  46]
[159  29  39]
[165  20  35]
[173  20  38]
[169  14  30]
[173  18  34]
[170  17  35]
[169  18  35]
[167  19  35]
[167  20  36]
[167  22  35]
[166  21  34]
[168  16  29]
[171  16  30]
[171  19  31]
[170  20  32]
[170  19  34]
[165  19  32]
[161  20  29]
[158  21  29]
[160  20  31]
[160  20  33]
[159  23  37]
[163  45  59]
[184 100 115]
[73 17 28]
[227 198 200]
[61 50 48]
[59 56 51]
[48 49 44]
[46 45 41]
[40 39 35]
[36 35 31]
[31 30 25]
[31 28 23]
[34 29 23]
[39 32 24]
[48 38 29]
[50 36 27]
[60 46 35]
[115  98  88]
[127 111  96]
[111  98  81]
[113 102  82]
[125 117  94]
[148 142 116]
[248 238 236]
[224 214 212]
[245 237 235]
[228 223 220]
[223 220 215]
[226 221 215]
[237 224 216]
[251 235 202]
[255 236 160]
[243 222 117]
[255 239 125]
[255 250 151]
[255 254 192]
[255 254 208]
[255 248 195]
[255 253 190]
[255 255 182]
[255 255 171]
[255 253 162]
[251 239 137]
[247 225 106]
[247 218  90]
[243 210  81]
[246 201  74]
[232 168  42]
[219 133  20]
[239 128  39]
[240 110  35]
[239  97  33]
[237  85  35]
[222  61  33]
[207  39  26]
[205  36  31]
[199  35  33]
[185  30  26]
[179  30  24]
[177  32  27]
[171  32  29]
[168  34  33]
[163  34  38]
[162  37  43]
[158  33  41]
[159  32  41]
[157  30  37]
[153  28  32]
[152  29  34]
[151  30  37]
[144  27  33]
[145  29  30]
[148  34  33]
[146  33  29]
[146  34  32]
[145  37  35]
[134  34  34]
[141  53  52]
[192 112 111]
[210 139 137]
[221 153 150]
[191 128 121]
[181 122 114]
[232 173 165]
[223 170 162]
[222 179 170]
[233 199 189]
[226 193 184]
[191 162 154]
[116  89  82]
[203 178 171]
[152 129 121]
[208 190 180]
[190 173 163]
[192 175 165]
[163 145 135]
[96 78 66]
[105  85  74]
[202 183 168]
[74 53 36]
[83 62 43]
[176 155 136]
[174 153 132]
[165 143 122]
[223 175 161]
[152  56  58]
[159  29  41]
[167  22  37]
[174  19  37]
[173  18  34]
[172  17  33]
[169  18  35]
[170  19  36]
[169  18  35]
[168  20  36]
[168  22  35]
[166  20  33]
[168  16  31]
[169  17  30]
[171  19  31]
[170  20  32]
[170  19  34]
[166  18  32]
[161  20  29]
[159  19  28]
[159  19  30]
[159  19  32]
[158  20  35]
[159  39  51]
[209 118 133]
[77 15 26]
[222 190 191]
[75 61 58]
[66 61 55]
[59 60 54]
[58 57 53]
[52 51 47]
[50 49 44]
[46 46 38]
[47 45 33]
[48 44 33]
[49 43 31]
[54 44 34]
[54 41 32]
[54 40 31]
[124 107  97]
[144 128 115]
[113 100  84]
[118 107  87]
[130 123  97]
[147 142 113]
[250 243 237]
[219 212 206]
[245 237 235]
[241 233 231]
[242 237 233]
[243 233 231]
[247 229 227]
[255 230 208]
[255 226 167]
[243 206 125]
[252 215 126]
[255 228 138]
[255 236 149]
[255 237 144]
[255 239 131]
[255 247 121]
[251 242 101]
[250 243  90]
[252 244  84]
[247 233  66]
[246 221  43]
[248 213  35]
[245 198  30]
[248 184  34]
[247 160  31]
[238 129  28]
[250 118  46]
[245 100  47]
[240  87  43]
[238  80  45]
[226  64  41]
[208  42  26]
[201  33  24]
[198  31  23]
[191  33  22]
[188  36  23]
[185  39  26]
[182  41  31]
[173  42  34]
[171  46  40]
[168  49  45]
[165  47  45]
[164  46  42]
[155  40  33]
[155  44  35]
[140  33  25]
[138  35  30]
[141  44  37]
[148  56  43]
[177  90  73]
[169  80  64]
[209 121 107]
[169  90  77]
[119  47  35]
[152  92  81]
[214 164 153]
[230 186 175]
[223 183 171]
[118  79  64]
[104  67  51]
[222 182 170]
[221 185 171]
[210 182 170]
[215 191 179]
[226 199 192]
[168 143 136]
[146 123 117]
[160 141 135]
[120 103  96]
[115 100  95]
[194 181 175]
[203 192 186]
[137 124 116]
[72 59 50]
[79 65 56]
[193 177 164]
[70 52 38]
[160 143 127]
[197 180 162]
[192 174 154]
[174 149 129]
[232 180 167]
[170  69  73]
[165  33  46]
[169  22  38]
[174  19  37]
[174  19  37]
[169  16  34]
[169  18  35]
[170  19  36]
[171  18  36]
[170  19  36]
[168  20  36]
[166  18  32]
[168  16  31]
[169  17  30]
[170  20  31]
[170  20  32]
[170  19  34]
[166  18  32]
[163  19  29]
[160  19  28]
[160  18  30]
[158  18  31]
[156  18  31]
[154  32  45]
[229 135 149]
[85 19 29]
[202 166 166]
[89 74 69]
[70 66 57]
[64 64 56]
[59 55 52]
[56 53 48]
[58 55 48]
[60 58 46]
[66 64 49]
[70 67 50]
[68 62 46]
[69 60 45]
[59 47 33]
[47 33 20]
[133 117 102]
[156 140 124]
[116 104  82]
[112 102  75]
[137 131  99]
[148 144 109]
[247 240 232]
[225 218 212]
[247 239 237]
[244 236 234]
[237 232 229]
[246 236 234]
[250 232 230]
[252 223 207]
[255 213 170]
[240 189 124]
[241 185 110]
[243 189 101]
[244 199  96]
[248 214  90]
[251 227  79]
[246 229  61]
[249 235  50]
[247 233  38]
[250 237  37]
[249 230  29]
[249 218  14]
[249 207   9]
[248 192   9]
[254 180  19]
[253 158  28]
[248 135  33]
[245 112  43]
[244 100  48]
[242  93  50]
[235  82  48]
[226  70  45]
[213  56  37]
[209  49  33]
[201  44  29]
[205  54  35]
[202  57  36]
[195  59  37]
[189  60  39]
[175  52  37]
[176  60  47]
[197  85  73]
[198  92  78]
[190  87  70]
[176  77  58]
[179  84  66]
[139  48  30]
[125  37  23]
[145  64  47]
[138  66  44]
[173 103  78]
[138  66  42]
[189 118  96]
[161  96  76]
[110  55  35]
[137  94  77]
[210 174 158]
[219 190 174]
[227 201 184]
[87 60 41]
[81 54 37]
[190 161 145]
[203 177 162]
[181 162 148]
[167 149 137]
[200 180 173]
[158 137 132]
[174 157 150]
[164 149 144]
[168 154 151]
[145 134 132]
[203 193 191]
[177 168 163]
[59 48 44]
[58 45 39]
[69 56 48]
[190 176 167]
[80 64 51]
[197 181 166]
[207 191 175]
[200 181 164]
[188 161 144]
[230 176 166]
[178  73  78]
[162  27  41]
[169  20  39]
[169  16  34]
[174  21  39]
[169  18  35]
[167  19  35]
[170  19  36]
[173  18  36]
[172  17  35]
[169  18  35]
[168  17  34]
[167  16  31]
[168  18  30]
[168  20  32]
[169  21  33]
[168  20  34]
[166  18  32]
[163  19  29]
[160  19  28]
[160  18  30]
[159  17  31]
[161  23  36]
[151  29  40]
[241 145 157]
[92 25 34]
[179 144 142]
[103  86  79]
[79 72 64]
[70 67 60]
[68 65 60]
[62 59 52]
[62 60 48]
[64 62 49]
[72 71 53]
[78 75 56]
[77 70 51]
[75 67 48]
[72 59 42]
[52 39 22]
[122 107  88]
[170 155 134]
[112 100  74]
[119 110  79]
[137 131  95]
[143 139 101]
[244 239 233]
[219 214 208]
[248 240 238]
[240 232 230]
[241 236 233]
[249 240 235]
[247 230 223]
[254 225 209]
[255 207 174]
[242 176 124]
[243 166  96]
[243 166  76]
[245 179  67]
[252 200  62]
[249 217  46]
[251 228  34]
[250 225  19]
[255 235  23]
[248 227  14]
[250 224  17]
[251 213  18]
[248 200  12]
[244 183   6]
[246 172  13]
[247 159  25]
[249 147  37]
[241 125  42]
[237 112  45]
[237 111  50]
[240 109  57]
[240 100  65]
[226  82  56]
[212  72  47]
[204  68  42]
[218  87  57]
[216  91  59]
[217 100  67]
[210  99  69]
[197  91  67]
[206 104  82]
[247 148 127]
[215 123 100]
[197 110  83]
[175  91  65]
[170  93  67]
[141  67  42]
[121  50  28]
[161  95  71]
[135  74  46]
[152  91  62]
[144  80  53]
[146  82  57]
[182 124 102]
[109  58  37]
[133  95  76]
[205 174 156]
[217 191 174]
[226 203 185]
[78 52 35]
[78 52 35]
[181 155 140]
[188 165 151]
[157 137 126]
[141 124 116]
[163 148 141]
[170 157 151]
[187 173 170]
[180 169 167]
[168 158 156]
[191 181 180]
[212 202 201]
[153 143 142]
[75 64 62]
[106  92  89]
[96 81 76]
[161 144 137]
[115  98  88]
[202 184 172]
[212 194 180]
[209 187 173]
[206 177 161]
[197 140 131]
[154  49  54]
[167  31  45]
[166  19  37]
[169  16  34]
[170  22  38]
[168  20  36]
[167  20  36]
[169  18  35]
[172  17  35]
[174  17  36]
[171  18  36]
[168  17  34]
[167  16  31]
[168  18  30]
[167  21  32]
[170  24  35]
[163  15  31]
[165  17  33]
[164  19  32]
[164  20  30]
[158  13  26]
[161  19  33]
[157  20  30]
[153  29  40]
[244 147 158]
[95 25 33]
[162 124 123]
[112  95  88]
[78 67 61]
[76 69 61]
[72 65 59]
[64 60 51]
[64 60 48]
[71 68 53]
[76 73 54]
[79 77 56]
[82 76 54]
[80 72 51]
[81 69 47]
[58 43 22]
[117 101  78]
[171 157 131]
[118 107  79]
[118 109  76]
[133 128  90]
[145 140 100]
[247 244 237]
[210 205 201]
[245 237 235]
[244 235 236]
[242 234 232]
[239 230 225]
[252 235 225]
[255 228 208]
[255 204 177]
[244 171 128]
[245 155  92]
[248 156  71]
[251 170  62]
[254 191  52]
[251 209  35]
[252 223  25]
[255 225  13]
[255 229  11]
[253 227  10]
[249 219   9]
[251 211  18]
[249 199  18]
[246 184  13]
[242 169  14]
[255 173  38]
[253 159  46]
[243 138  47]
[241 130  51]
[243 131  59]
[255 137  76]
[254 125  83]
[217  84  51]
[215  90  58]
[199  79  45]
[195  79  42]
[186  76  39]
[196  92  55]
[168  70  35]
[185  90  60]
[208 114  88]
[240 149 122]
[194 108  81]
[189 110  80]
[175 101  72]
[147  80  51]
[141  75  49]
[105  43  20]
[144  84  60]
[136  79  52]
[169 112  83]
[161 100  72]
[130  70  44]
[185 130 109]
[109  62  42]
[133  96  78]
[200 171 153]
[219 193 176]
[229 203 186]
[78 49 33]
[122  93  77]
[185 157 143]
[208 184 172]
[195 172 164]
[151 130 125]
[154 139 134]
[159 145 142]
[195 181 180]
[175 164 162]
[151 139 139]
[202 190 190]
[215 203 205]
[140 126 126]
[72 56 56]
[117 102  99]
[128 110 108]
[121 102  96]
[127 108 101]
[200 182 172]
[197 179 167]
[209 190 175]
[207 179 165]
[202 148 138]
[157  53  60]
[165  30  44]
[166  19  37]
[169  18  35]
[169  21  37]
[166  19  35]
[168  21  37]
[168  20  36]
[173  18  36]
[174  17  36]
[171  18  36]
[168  17  34]
[168  17  32]
[166  18  30]
[169  23  33]
[164  20  30]
[170  23  39]
[167  20  36]
[160  15  28]
[163  18  31]
[163  16  32]
[164  19  34]
[159  22  32]
[149  25  35]
[224 127 138]
[104  35  40]
[134  96  93]
[111  94  86]
[80 67 61]
[75 66 59]
[73 66 58]
[70 63 53]
[69 65 53]
[74 71 54]
[79 76 57]
[82 77 57]
[81 75 53]
[79 71 48]
[84 72 50]
[58 43 20]
[113  97  74]
[173 159 133]
[117 106  78]
[122 113  82]
[135 129  93]
[143 137 101]
[241 238 231]
[219 216 211]
[238 233 230]
[245 237 235]
[242 233 234]
[246 235 231]
[253 234 220]
[255 222 202]
[255 201 177]
[245 167 131]
[242 149  92]
[247 151  75]
[253 164  70]
[255 184  63]
[253 203  46]
[255 218  35]
[255 223  21]
[255 223  11]
[255 228  12]
[251 221  11]
[255 218  25]
[255 209  29]
[248 189  23]
[241 174  23]
[255 181  46]
[245 160  44]
[240 139  47]
[245 139  61]
[246 139  67]
[248 138  77]
[237 115  66]
[198  75  34]
[191  77  41]
[179  70  37]
[164  57  21]
[155  56  17]
[165  71  35]
[138  48  14]
[159  68  39]
[186  95  68]
[221 131 104]
[176  90  63]
[179 104  75]
[168  99  70]
[137  71  47]
[126  64  41]
[98 35 17]
[134  73  52]
[134  74  50]
[162 100  75]
[162 100  75]
[121  61  37]
[172 117  97]
[102  55  37]
[137 100  82]
[198 169 151]
[221 194 177]
[228 199 183]
[92 55 39]
[150 112  99]
[201 169 156]
[225 195 185]
[217 188 184]
[182 154 153]
[162 141 138]
[150 132 130]
[144 126 126]
[160 142 142]
[158 139 141]
[199 180 182]
[219 200 202]
[115  96  98]
[64 44 45]
[69 49 48]
[106  86  85]
[142 121 116]
[116  96  89]
[185 165 156]
[198 180 168]
[204 186 172]
[208 187 170]
[207 161 148]
[157  61  65]
[162  32  44]
[165  20  37]
[171  20  37]
[169  21  37]
[167  19  35]
[168  21  37]
[168  20  36]
[171  18  36]
[171  18  36]
[169  18  35]
[168  17  34]
[168  17  32]
[166  18  30]
[162  18  27]
[165  24  32]
[163  18  33]
[160  18  32]
[157  15  27]
[161  19  31]
[162  15  31]
[160  15  30]
[157  20  30]
[147  23  31]
[221 121 131]
[113  42  48]
[94 59 55]
[125 108 100]
[81 68 62]
[75 66 59]
[72 65 55]
[71 65 53]
[70 67 52]
[75 72 55]
[79 76 57]
[82 77 57]
[82 75 56]
[82 74 53]
[89 76 57]
[54 42 20]
[98 83 62]
[170 155 132]
[115 103  79]
[120 110  83]
[131 124  96]
[136 131 101]
[197 193 184]
[205 200 194]
[222 217 213]
[234 229 226]
[236 227 228]
[246 232 229]
[252 228 216]
[255 217 198]
[255 197 176]
[246 167 136]
[240 146  95]
[244 147  79]
[249 159  73]
[255 179  68]
[255 197  53]
[255 214  40]
[255 221  26]
[253 221  14]
[255 223  14]
[254 222  17]
[255 221  28]
[255 210  34]
[236 176  18]
[236 167  27]
[251 177  52]
[237 155  47]
[239 143  56]
[251 149  74]
[255 153  86]
[245 136  77]
[209  91  43]
[187  69  29]
[184  74  41]
[171  68  37]
[156  56  22]
[149  52  17]
[165  76  44]
[133  48  17]
[155  65  39]
[167  75  50]
[187  95  70]
[169  83  56]
[157  83  56]
[183 117  91]
[122  60  39]
[113  52  34]
[96 35 17]
[129  68  50]
[134  72  51]
[156  91  71]
[169 104  84]
[132  69  51]
[159 102  83]
[103  56  38]
[144 109  90]
[202 173 155]
[227 200 181]
[232 199 182]
[139  93  80]
[161 115 102]
[217 181 169]
[233 203 193]
[233 204 200]
[187 159 158]
[169 145 145]
[143 123 122]
[123 103 104]
[136 118 118]
[172 154 154]
[188 170 170]
[198 179 181]
[108  90  90]
[154 134 135]
[123 103 102]
[156 137 133]
[169 150 144]
[158 139 132]
[193 175 165]
[204 188 175]
[209 193 178]
[208 191 173]
[211 169 157]
[157  62  66]
[160  32  45]
[167  22  39]
[172  19  37]
[169  18  35]
[168  20  36]
[167  20  36]
[167  19  35]
[169  18  35]
[169  18  35]
[166  18  34]
[166  18  34]
[167  16  31]
[165  17  29]
[164  20  29]
[162  21  29]
[161  21  34]
[157  17  30]
[164  26  39]
[157  17  28]
[162  15  31]
[161  15  28]
[160  20  31]
[153  28  36]
[206 104 115]
[120  49  55]
[65 30 26]
[164 147 139]
[82 69 61]
[76 67 60]
[74 65 56]
[73 67 55]
[70 66 54]
[73 70 55]
[77 74 57]
[79 76 57]
[80 75 56]
[81 74 55]
[87 76 58]
[51 38 21]
[80 65 46]
[157 144 125]
[119 108  88]
[116 108  87]
[121 115  91]
[129 123  99]
[160 154 142]
[156 152 141]
[171 166 160]
[191 186 182]
[214 203 207]
[228 209 211]
[252 223 217]
[255 211 198]
[255 193 175]
[247 168 138]
[235 144 100]
[235 141  80]
[240 151  71]
[252 174  66]
[255 193  52]
[255 210  42]
[255 223  34]
[250 222  24]
[251 218  17]
[255 220  23]
[255 226  35]
[255 212  38]
[229 165  16]
[244 170  45]
[249 170  65]
[234 150  60]
[248 157  78]
[254 157  88]
[255 154  94]
[248 137  84]
[192  75  32]
[180  63  28]
[176  67  38]
[167  63  36]
[192  91  63]
[150  55  25]
[164  77  50]
[155  69  44]
[150  60  36]
[156  61  39]
[200 106  81]
[168  80  56]
[139  67  42]
[180 115  93]
[120  61  43]
[111  53  39]
[127  68  54]
[149  87  72]
[132  66  50]
[161  94  77]
[177 110  93]
[132  69  52]
[148  91  74]
[103  56  40]
[134 103  83]
[194 169 149]
[221 194 175]
[225 190 171]
[157 105  92]
[195 143 130]
[186 150 136]
[236 209 198]
[221 201 194]
[189 170 166]
[177 158 154]
[151 132 128]
[134 116 114]
[141 126 123]
[189 175 172]
[185 171 168]
[200 189 187]
[169 158 154]
[160 146 143]
[160 147 141]
[160 145 140]
[184 169 162]
[190 176 167]
[210 196 185]
[209 195 182]
[212 199 183]
[207 192 173]
[210 170 158]
[152  60  63]
[159  33  45]
[167  22  39]
[171  18  36]
[168  16  31]
[170  19  34]
[168  20  36]
[167  20  36]
[167  19  35]
[166  18  34]
[166  18  34]
[166  18  34]
[167  16  31]
[167  17  29]
[163  17  27]
[160  19  27]
[159  21  34]
[159  23  35]
[150  16  27]
[156  20  30]
[162  17  32]
[161  15  28]
[159  17  29]
[153  26  35]
[194  90 101]
[131  58  65]
[59 24 20]
[189 175 166]
[77 64 56]
[75 66 59]
[73 64 57]
[74 67 59]
[71 67 56]
[73 69 57]
[78 77 59]
[81 78 61]
[80 74 58]
[80 73 57]
[83 71 57]
[54 42 28]
[61 47 34]
[128 114 101]
[110  98  84]
[95 86 69]
[88 81 62]
[91 86 66]
[150 141 132]
[156 149 141]
[157 152 146]
[167 159 156]
[174 164 165]
[183 164 166]
[219 188 185]
[244 197 187]
[254 188 172]
[246 166 139]
[230 138  99]
[229 134  80]
[233 142  71]
[249 169  72]
[255 190  63]
[255 211  58]
[254 218  46]
[250 218  35]
[250 210  26]
[252 207  26]
[255 221  47]
[255 204  50]
[229 160  31]
[252 174  66]
[252 171  80]
[232 146  69]
[255 166  96]
[255 159  98]
[248 143  88]
[238 126  80]
[186  70  33]
[193  78  47]
[164  56  30]
[161  59  36]
[229 129 105]
[152  60  35]
[171  87  63]
[156  74  52]
[157  66  45]
[165  73  52]
[190  96  71]
[177  91  66]
[188 118  93]
[212 154 132]
[147  94  78]
[100  47  33]
[116  60  45]
[154  95  79]
[134  71  56]
[152  86  70]
[171 105  91]
[130  67  52]
[145  86  72]
[106  57  42]
[138 105  86]
[203 176 155]
[229 196 177]
[211 164 148]
[173 103  95]
[204 133 127]
[174 127 117]
[230 200 189]
[161 136 131]
[159 138 135]
[153 132 129]
[177 156 153]
[153 133 132]
[170 155 152]
[178 164 161]
[182 171 167]
[199 188 184]
[182 173 166]
[97 86 80]
[170 160 151]
[153 140 132]
[188 175 166]
[202 190 178]
[208 194 183]
[211 197 184]
[208 192 177]
[208 191 173]
[213 169 158]
[152  57  61]
[161  33  46]
[168  23  40]
[170  17  35]
[167  15  30]
[171  20  35]
[168  20  36]
[168  20  36]
[168  20  36]
[166  18  34]
[165  18  34]
[166  18  34]
[168  17  32]
[168  16  29]
[161  14  24]
[166  22  31]
[152  16  28]
[178  46  57]
[173  46  55]
[154  23  31]
[159  17  31]
[159  13  26]
[157  15  27]
[151  21  31]
[186  80  92]
[154  79  84]
[57 24 19]
[211 198 189]
[52 42 33]
[57 48 43]
[63 55 52]
[66 61 57]
[66 62 53]
[68 66 54]
[76 74 59]
[79 78 60]
[76 73 56]
[76 70 54]
[77 67 55]
[62 50 38]
[53 41 29]
[102  90  78]
[110 100  88]
[93 86 70]
[88 83 64]
[90 85 65]
[122 110 110]
[133 123 122]
[131 121 120]
[141 131 130]
[149 137 137]
[170 152 152]
[212 182 180]
[243 198 192]
[250 184 172]
[244 162 138]
[229 131  94]
[229 127  78]
[234 135  76]
[249 164  84]
[255 188  79]
[255 210  78]
[255 217  70]
[255 215  59]
[255 214  46]
[245 193  32]
[255 210  70]
[249 189  67]
[234 159  58]
[252 168  82]
[253 170  92]
[232 145  76]
[255 166 104]
[255 162 107]
[249 142  96]
[232 123  82]
[190  76  40]
[224 113  83]
[161  57  32]
[158  59  36]
[215 121  96]
[142  54  30]
[188 110  87]
[140  62  40]
[177  90  70]
[181  90  69]
[164  72  47]
[154  73  46]
[221 157 130]
[216 166 141]
[189 144 125]
[98 52 36]
[104  55  38]
[150  97  79]
[129  73  56]
[117  60  43]
[144  85  71]
[129  70  56]
[141  82  68]
[106  53  39]
[140 101  84]
[211 172 155]
[242 193 179]
[190 122 113]
[157  59  60]
[163  65  66]
[147  78  73]
[240 193 187]
[126  88  87]
[139 109 107]
[149 121 120]
[176 150 149]
[155 131 129]
[187 168 164]
[160 145 140]
[181 168 162]
[189 178 172]
[211 200 194]
[103  92  86]
[152 142 133]
[131 118 110]
[190 176 167]
[204 190 179]
[209 192 182]
[209 193 180]
[214 195 181]
[215 189 176]
[220 167 159]
[155  54  60]
[163  32  46]
[168  21  39]
[171  18  36]
[168  16  31]
[171  19  34]
[170  19  34]
[171  20  35]
[170  19  36]
[166  18  34]
[165  18  34]
[166  18  34]
[169  17  32]
[168  16  29]
[168  18  29]
[162  18  27]
[156  22  33]
[183  56  65]
[210  86  94]
[146  19  26]
[157  17  30]
[160  14  27]
[161  16  29]
[152  20  31]
[163  55  68]
[183 108 113]
[54 21 16]
[212 199 190]
[32 23 16]
[33 25 22]
[32 23 24]
[37 31 31]
[40 35 31]
[45 43 31]
[60 58 43]
[72 71 53]
[77 74 57]
[83 77 61]
[76 68 55]
[65 55 45]
[53 43 33]
[89 79 69]
[121 111  99]
[94 87 71]
[95 90 70]
[93 91 68]
[160 148 152]
[145 133 135]
[138 128 127]
[131 121 120]
[133 119 119]
[152 132 133]
[214 184 184]
[238 193 187]
[248 182 168]
[243 159 133]
[227 128  89]
[231 126  78]
[234 133  79]
[246 157  89]
[253 180  88]
[255 200  91]
[255 203  86]
[255 200  73]
[255 205  69]
[238 171  41]
[255 195  85]
[240 171  76]
[237 156  75]
[244 157  86]
[247 162  95]
[236 148  85]
[255 162 105]
[255 159 110]
[252 151 107]
[231 125  86]
[186  73  41]
[232 121  93]
[158  58  32]
[161  66  44]
[200 109  88]
[142  57  36]
[189 114  91]
[183 108  85]
[183 101  79]
[179  91  67]
[174  84  58]
[146  66  39]
[216 156 130]
[212 166 142]
[192 149 132]
[110  67  51]
[105  58  42]
[150 101  84]
[122  71  54]
[99 46 30]
[128  72  59]
[134  76  65]
[140  80  70]
[108  51  40]
[131  88  71]
[203 157 141]
[246 184 173]
[167  82  79]
[166  51  54]
[166  53  57]
[148  67  66]
[235 177 175]
[135  95  93]
[139 109 107]
[158 130 129]
[169 141 140]
[150 122 121]
[180 156 154]
[169 150 146]
[184 169 162]
[196 181 176]
[224 211 203]
[94 81 73]
[162 149 141]
[154 140 131]
[209 192 184]
[194 176 166]
[170 150 141]
[199 177 166]
[211 183 172]
[223 186 177]
[226 165 162]
[158  53  60]
[163  31  45]
[166  19  35]
[171  19  34]
[169  17  32]
[170  18  33]
[171  19  34]
[171  18  36]
[170  17  35]
[168  17  34]
[167  16  33]
[168  17  32]
[169  17  32]
[168  16  31]
[167  17  29]
[160  16  26]
[159  23  33]
[149  22  31]
[158  41  47]
[145  26  32]
[153  17  31]
[157  15  31]
[156  14  28]
[150  20  32]
[154  44  57]
[199 122 128]
[62 27 23]
[166 153 144]
[39 30 23]
[30 25 21]
[29 23 23]
[31 27 26]
[26 22 19]
[21 21 11]
[30 32 19]
[42 43 27]
[51 49 34]
[60 54 40]
[65 57 46]
[55 47 36]
[50 40 31]
[88 78 68]
[129 121 108]
[90 84 68]
[91 88 69]
[90 88 67]
[181 171 172]
[179 169 168]
[174 164 163]
[166 154 154]
[156 140 143]
[164 139 143]
[214 178 180]
[240 191 186]
[243 176 159]
[236 153 121]
[230 135  89]
[239 138  82]
[242 143  84]
[230 138  73]
[251 169  95]
[255 180  98]
[255 186  95]
[255 178  85]
[254 167  74]
[240 155  65]
[252 176  92]
[237 161  85]
[250 167  97]
[251 163 100]
[239 150  92]
[236 147  91]
[254 164 112]
[253 162 115]
[249 156 113]
[236 134  96]
[171  58  26]
[228 117  89]
[155  60  32]
[178  90  66]
[195 108  89]
[154  71  53]
[206 134 112]
[202 130 106]
[197 117  90]
[176  91  62]
[186  95  68]
[146  65  38]
[222 164 140]
[213 166 146]
[198 150 136]
[121  73  61]
[104  56  44]
[163 114 100]
[119  66  50]
[110  54  41]
[127  72  65]
[149  94  89]
[171 112 108]
[110  56  46]
[114  71  52]
[193 146 128]
[253 180 173]
[155  60  58]
[172  49  52]
[169  50  52]
[146  58  57]
[231 173 169]
[129  99  91]
[164 145 138]
[169 150 144]
[181 157 155]
[161 130 128]
[173 143 141]
[164 140 136]
[162 143 136]
[188 169 163]
[212 195 187]
[84 70 61]
[82 68 59]
[138 119 112]
[208 188 181]
[186 161 154]
[175 146 140]
[168 133 127]
[208 167 161]
[225 176 172]
[244 172 173]
[162  52  61]
[161  26  40]
[167  22  35]
[169  18  33]
[169  18  33]
[169  16  34]
[171  18  36]
[172  17  35]
[171  16  34]
[171  16  32]
[170  15  31]
[166  14  29]
[165  14  29]
[165  17  31]
[165  17  33]
[162  15  31]
[160  18  30]
[148  17  25]
[132  23  26]
[134  25  31]
[144  15  33]
[155  18  38]
[153  16  36]
[144  17  34]
[146  38  53]
[223 144 150]
[71 31 29]
[97 80 73]
[52 43 38]
[40 37 32]
[38 34 33]
[33 32 30]
[30 29 25]
[27 28 22]
[27 30 21]
[33 36 25]
[43 41 29]
[47 40 30]
[47 38 29]
[46 36 27]
[50 37 28]
[82 72 62]
[136 128 117]
[87 84 69]
[90 87 72]
[90 88 73]
[197 187 186]
[194 184 183]
[184 174 172]
[186 172 172]
[174 155 159]
[174 147 152]
[219 180 183]
[241 190 186]
[244 177 158]
[225 145 112]
[231 136  90]
[255 158 104]
[249 150  93]
[221 125  65]
[255 169 106]
[254 169 104]
[253 166  95]
[248 157  86]
[241 142  75]
[236 138  75]
[239 155  91]
[233 155  91]
[255 170 113]
[255 173 119]
[248 160 110]
[247 159 111]
[246 160 113]
[247 163 117]
[250 163 120]
[236 140 102]
[183  74  43]
[194  86  58]
[171  77  52]
[199 112  92]
[177  91  76]
[149  67  53]
[173 100  83]
[158  86  64]
[192 115  87]
[182  99  69]
[167  77  50]
[147  66  39]
[228 170 146]
[209 162 142]
[207 158 144]
[117  67  56]
[99 51 39]
[165 116 102]
[120  64  49]
[113  57  44]
[132  77  72]
[169 116 112]
[189 131 127]
[129  77  66]
[170 129 107]
[242 194 172]
[251 172 165]
[157  53  52]
[176  48  49]
[172  48  50]
[145  53  54]
[221 163 161]
[154 127 120]
[169 154 147]
[174 149 145]
[192 156 156]
[185 136 140]
[179 129 132]
[164 120 121]
[136  96  94]
[186 145 143]
[205 164 162]
[95 57 54]
[73 33 31]
[153 112 110]
[216 170 170]
[202 150 152]
[199 143 144]
[172 110 111]
[212 144 145]
[233 161 165]
[238 147 154]
[176  56  66]
[165  27  40]
[163  18  31]
[162  14  26]
[168  17  34]
[171  18  36]
[170  17  37]
[170  15  33]
[170  15  33]
[170  15  31]
[170  15  29]
[167  15  28]
[164  16  30]
[163  16  32]
[163  16  34]
[162  15  31]
[160  16  26]
[148  17  23]
[124  20  19]
[126  23  26]
[141  19  34]
[146  13  32]
[147  16  34]
[147  25  40]
[138  32  44]
[238 159 165]
[77 35 36]
[71 53 49]
[41 33 30]
[33 29 26]
[30 29 27]
[34 33 31]
[39 39 37]
[40 42 37]
[37 42 36]
[39 42 35]
[44 41 34]
[45 38 30]
[45 36 29]
[44 34 25]
[51 38 30]
[72 59 50]
[133 127 115]
[85 81 69]
[91 89 76]
[90 88 75]
[157 148 149]
[176 168 166]
[182 171 169]
[190 174 175]
[176 155 160]
[180 153 158]
[219 183 185]
[236 187 182]
[236 170 154]
[221 140 111]
[240 142 103]
[255 162 115]
[253 147  99]
[217 116  64]
[255 168 114]
[250 161 103]
[249 156  95]
[245 149  89]
[237 133  78]
[239 139  87]
[235 150  96]
[235 155 104]
[243 159 113]
[254 167 124]
[255 167 127]
[247 162 123]
[244 161 121]
[244 162 122]
[246 162 125]
[228 138 103]
[199  96  65]
[182  78  53]
[206 113  95]
[233 145 133]
[190 101  95]
[156  71  66]
[130  53  43]
[147  71  57]
[197 119  97]
[184 103  76]
[148  60  36]
[144  67  41]
[225 169 144]
[210 164 141]
[205 156 141]
[111  62  48]
[95 48 32]
[165 116 101]
[115  62  48]
[125  68  57]
[159 102  95]
[192 137 132]
[212 157 150]
[128  79  64]
[197 157 132]
[249 199 176]
[245 165 154]
[164  54  53]
[184  45  48]
[180  47  50]
[147  52  56]
[215 156 158]
[169 143 142]
[169 149 148]
[184 139 142]
[205 143 148]
[211 134 144]
[179  98 107]
[167  87  96]
[148  68  77]
[203 120 128]
[202 119 127]
[120  37  47]
[107  24  34]
[144  56  68]
[183  91 102]
[175  79  91]
[167  65  78]
[161  55  69]
[167  59  72]
[162  54  69]
[166  50  63]
[159  24  39]
[166  21  36]
[166  20  33]
[167  19  31]
[169  18  35]
[169  16  34]
[168  15  35]
[167  14  32]
[162  14  30]
[162  14  28]
[165  15  27]
[166  16  28]
[165  14  29]
[162  14  28]
[163  16  32]
[159  14  29]
[158  17  26]
[146  20  23]
[122  20  15]
[123  24  19]
[141  21  30]
[166  40  52]
[175  51  59]
[166  51  58]
[140  39  43]
[231 155 157]
[77 37 37]
[63 48 45]
[40 32 30]
[38 34 33]
[30 29 27]
[29 28 26]
[30 30 28]
[30 32 27]
[29 34 28]
[35 38 31]
[41 38 31]
[43 36 28]
[43 36 28]
[47 38 29]
[58 45 37]
[70 57 49]
[132 124 113]
[82 78 66]
[88 86 73]
[82 80 67]
[99 93 93]
[108  99 100]
[116 104 104]
[143 127 127]
[155 135 137]
[182 155 160]
[218 184 185]
[240 192 188]
[228 165 150]
[223 141 119]
[238 137 107]
[235 125  90]
[233 121  83]
[218 111  69]
[255 168 123]
[255 161 113]
[246 149  98]
[244 142  93]
[236 129  85]
[237 134  93]
[236 144 103]
[237 152 113]
[210 121  87]
[228 137 106]
[226 135 104]
[235 144 115]
[234 145 113]
[242 156 123]
[254 165 133]
[238 143 113]
[197  92  63]
[212 106  84]
[230 133 117]
[255 170 159]
[202 107 105]
[176  85  84]
[142  57  52]
[170  86  76]
[204 117 100]
[235 144 125]
[175  83  62]
[150  65  44]
[226 161 141]
[215 158 139]
[218 156 145]
[166 104  93]
[101  39  28]
[164 102  91]
[127  60  51]
[151  82  75]
[184 113 109]
[202 133 128]
[217 153 144]
[134  76  62]
[206 162 137]
[245 193 169]
[244 165 152]
[157  48  43]
[185  45  46]
[186  51  55]
[138  43  47]
[211 155 158]
[173 151 153]
[174 149 153]
[184 123 130]
[159  71  83]
[169  64  79]
[154  43  60]
[154  43  59]
[143  31  45]
[157  39  55]
[147  29  45]
[143  26  42]
[143  24  43]
[143  22  41]
[147  24  44]
[149  22  41]
[149  20  40]
[154  21  42]
[155  19  39]
[153  20  41]
[153  16  36]
[163  17  36]
[168  21  37]
[165  19  32]
[166  20  33]
[166  18  34]
[168  17  36]
[169  18  37]
[165  16  35]
[162  15  31]
[160  15  28]
[163  15  29]
[166  15  30]
[164  16  30]
[162  14  30]
[163  16  32]
[154  12  26]
[155  18  26]
[143  18  22]
[124  22  17]
[123  26  20]
[135  22  26]
[199  80  86]
[218 103 106]
[213 107 107]
[161  65  66]
[234 162 163]
[76 41 39]
[44 30 27]
[37 32 29]
[27 26 24]
[29 27 28]
[27 25 26]
[26 26 24]
[26 28 25]
[26 31 25]
[31 33 28]
[38 35 30]
[40 33 27]
[41 34 28]
[45 36 29]
[53 40 34]
[64 51 43]
[105  96  87]
[72 66 54]
[77 73 61]
[74 72 59]
[99 95 96]
[103  94  95]
[102  90  90]
[115  97  97]
[141 119 122]
[198 172 175]
[221 189 192]
[229 184 181]
[224 162 151]
[221 138 122]
[226 121 100]
[210  94  71]
[217  97  72]
[219 104  75]
[255 163 128]
[254 152 114]
[237 134  93]
[235 127  89]
[229 116  84]
[227 118  89]
[240 142 113]
[248 157 130]
[199 103  81]
[230 131 110]
[210 109  89]
[213 110  91]
[220 120  97]
[253 153 129]
[250 148 125]
[251 145 121]
[208  92  69]
[235 120 101]
[240 134 118]
[255 157 145]
[187  82  79]
[191  85  85]
[177  77  75]
[194  95  90]
[214 111 102]
[247 141 128]
[215 107  95]
[161  59  47]
[212 125 115]
[214 131 123]
[200 112 111]
[197 107 107]
[147  57  57]
[164  74  73]
[139  48  47]
[158  62  63]
[171  70  74]
[176  77  80]
[175  85  84]
[140  66  55]
[211 156 135]
[248 192 169]
[243 164 151]
[157  52  46]
[184  50  47]
[182  54  53]
[147  59  58]
[207 157 158]
[155 136 138]
[185 158 163]
[203 125 138]
[138  26  42]
[145  16  36]
[153  14  37]
[157  18  39]
[157  16  35]
[158  12  33]
[163  17  36]
[160  17  35]
[160  19  38]
[160  18  40]
[159  17  39]
[160  18  40]
[166  22  45]
[160  16  39]
[166  20  41]
[167  19  43]
[166  17  39]
[168  17  36]
[166  18  34]
[159  14  29]
[163  18  33]
[165  18  37]
[167  20  39]
[166  17  37]
[164  17  36]
[162  17  34]
[161  16  31]
[163  15  31]
[163  15  31]
[162  15  31]
[161  16  33]
[163  16  34]
[156  14  28]
[154  18  30]
[141  17  25]
[125  20  24]
[125  26  29]
[133  24  30]
[187  76  82]
[194  90  89]
[181  83  80]
[141  49  50]
[231 161 161]
[80 46 44]
[46 35 33]
[37 33 32]
[24 24 24]
[30 30 30]
[31 31 31]
[34 33 31]
[32 32 30]
[27 29 26]
[26 28 23]
[33 30 25]
[35 30 24]
[42 35 29]
[47 38 31]
[55 40 35]
[78 63 56]
[91 81 72]
[74 67 57]
[76 72 61]
[78 74 63]
[106 102 103]
[105  96  97]
[109  97  97]
[121 103 103]
[149 127 130]
[204 178 181]
[220 188 191]
[232 188 187]
[217 154 147]
[210 126 115]
[212 106  93]
[211  91  77]
[214  88  73]
[218  95  77]
[255 162 135]
[255 151 122]
[237 122  93]
[235 115  88]
[232 107  85]
[229 108  89]
[247 134 116]
[255 149 134]
[213  99  88]
[244 127 118]
[218  97  88]
[223 101  90]
[230 108  95]
[252 130 115]
[254 133 116]
[244 119 101]
[209  76  61]
[226  94  81]
[226 105  94]
[232 115 106]
[177  55  54]
[177  54  57]
[184  65  69]
[184  65  67]
[183  61  58]
[186  63  58]
[180  55  49]
[166  47  41]
[162  54  51]
[160  56  55]
[159  48  54]
[160  47  53]
[152  37  44]
[156  41  48]
[154  39  46]
[153  36  44]
[160  36  47]
[156  36  45]
[146  40  42]
[146  61  54]
[216 159 140]
[245 190 169]
[249 171 159]
[158  55  48]
[183  49  46]
[174  49  47]
[162  74  73]
[207 157 158]
[154 135 137]
[196 167 172]
[211 127 140]
[150  27  45]
[165  23  45]
[171  19  42]
[170  17  38]
[169  13  34]
[172  13  33]
[172  13  33]
[169  14  32]
[168  15  35]
[167  15  36]
[172  20  41]
[164  15  35]
[164  15  35]
[165  16  38]
[162  13  33]
[165  11  35]
[171  15  37]
[168  15  35]
[168  20  36]
[161  21  34]
[158  23  37]
[150  19  35]
[149  20  38]
[150  21  39]
[149  20  38]
[148  22  36]
[149  23  35]
[149  21  34]
[148  20  33]
[145  21  32]
[143  23  35]
[145  23  36]
[143  26  35]
[137  24  30]
[129  26  30]
[114  25  31]
[115  30  37]
[120  31  35]
[128  39  41]
[127  43  41]
[118  37  34]
[119  38  37]
[220 154 155]
[77 46 44]
[52 41 39]
[45 41 40]
[43 43 43]
[43 43 43]
[40 40 40]
[39 38 36]
[36 36 34]
[32 34 31]
[31 33 30]
[36 32 29]
[38 33 29]
[39 31 28]
[45 36 31]
[56 41 38]
[88 73 68]
[85 74 68]
[82 73 64]
[80 73 63]
[80 76 65]
[107 101 105]
[109 100 103]
[111  99 101]
[117 101 102]
[152 132 134]
[215 189 192]
[228 196 199]
[229 185 184]
[211 148 143]
[197 112 105]
[202  93  88]
[210  87  80]
[208  80  71]
[216  88  77]
[255 145 128]
[255 137 116]
[241 108  89]
[244 103  86]
[242  95  85]
[241  97  88]
[244 107  99]
[240 105 101]
[219  79  78]
[233  89  89]
[219  71  71]
[209  59  58]
[211  59  56]
[207  55  50]
[204  55  48]
[196  45  36]
[197  40  33]
[198  43  38]
[189  46  42]
[179  39  38]
[175  30  37]
[181  35  45]
[174  33  42]
[173  34  41]
[179  36  40]
[174  31  33]
[174  32  31]
[171  35  35]
[162  36  37]
[156  32  34]
[164  33  41]
[167  33  42]
[164  30  39]
[164  30  39]
[165  31  42]
[159  23  35]
[166  28  43]
[162  30  43]
[152  37  42]
[149  62  55]
[214 161 145]
[241 190 173]
[255 180 170]
[162  57  53]
[188  53  50]
[185  55  53]
[165  74  73]
[217 161 162]
[199 177 179]
[214 183 188]
[221 140 149]
[147  29  43]
[158  20  36]
[166  17  36]
[169  18  35]
[170  15  31]
[172  16  30]
[169  13  27]
[170  18  33]
[165  14  29]
[168  17  34]
[166  15  32]
[160  11  30]
[166  19  37]
[166  19  38]
[166  19  37]
[168  16  37]
[169  16  36]
[165  14  31]
[160  15  30]
[151  19  32]
[140  22  34]
[124  22  33]
[120  27  37]
[118  25  36]
[117  24  35]
[118  27  36]
[121  30  37]
[120  29  36]
[114  25  31]
[104  23  29]
[100  25  29]
[97 25 28]
[98 30 27]
[91 26 20]
[90 29 24]
[83 27 28]
[83 28 33]
[85 29 30]
[70 14 13]
[71 15 14]
[75 15 14]
[81  9 13]
[182 120 123]
[91 57 56]
[54 39 36]
[55 50 47]
[44 43 41]
[48 48 46]
[43 43 41]
[42 41 39]
[43 43 41]
[44 46 43]
[44 46 43]
[46 42 39]
[44 39 35]
[46 41 37]
[49 40 35]
[57 42 39]
[83 65 61]
[88 75 69]
[89 80 73]
[91 84 74]
[90 86 75]
[109 103 107]
[111 102 105]
[114 102 104]
[126 112 112]
[165 145 147]
[218 193 196]
[233 201 204]
[232 188 187]
[210 145 141]
[192 107 104]
[201  91  90]
[209  83  84]
[209  75  74]
[213  80  75]
[230 102  89]
[220  86  74]
[217  66  57]
[221  62  56]
[221  57  55]
[225  61  62]
[214  54  56]
[199  40  44]
[202  41  47]
[200  37  42]
[206  39  46]
[210  41  46]
[207  37  40]
[202  34  34]
[201  37  35]
[202  37  35]
[198  28  28]
[198  32  32]
[190  34  35]
[192  37  41]
[186  29  40]
[188  30  44]
[187  32  46]
[186  34  46]
[187  33  43]
[187  36  41]
[182  33  37]
[179  36  38]
[168  33  37]
[167  34  39]
[168  31  39]
[168  28  37]
[172  32  41]
[169  32  42]
[168  30  43]
[170  32  47]
[168  27  44]
[168  36  49]
[153  36  42]
[144  54  53]
[200 151 137]
[240 192 178]
[226 146 139]
[171  62  59]
[186  51  48]
[182  52  50]
[165  69  70]
[211 151 151]
[202 177 180]
[207 175 180]
[220 139 146]
[145  29  40]
[160  23  39]
[167  19  35]
[167  15  30]
[174  20  32]
[173  17  30]
[173  17  30]
[168  16  28]
[169  19  31]
[163  13  25]
[165  14  29]
[168  20  36]
[162  13  32]
[162  15  33]
[165  16  35]
[165  16  35]
[164  13  30]
[167  16  33]
[158  16  32]
[145  21  32]
[120  20  28]
[91 19 23]
[81 22 26]
[80 21 27]
[76 19 25]
[79 23 26]
[84 28 29]
[82 26 27]
[71 20 19]
[60 16 15]
[56 16 16]
[54 16 13]
[53 19 10]
[53 17  1]
[56 21  2]
[57 23 13]
[53 18 12]
[49 15 13]
[43 12  9]
[42  8  7]
[48  4  5]
[66  4  9]
[151  90  95]
[111  76  74]
[59 40 36]
[49 42 36]
[47 46 42]
[39 40 35]
[34 34 32]
[34 33 31]
[36 36 34]
[38 40 37]
[41 43 40]
[48 44 41]
[49 44 41]
[49 44 40]
[50 40 38]
[59 44 41]
[78 60 58]
[96 83 77]
[96 87 78]
[101  94  84]
[96 92 81]
[113 103 111]
[113 104 109]
[112 101 105]
[125 113 115]
[172 153 155]
[218 193 196]
[222 190 191]
[233 187 187]
[213 145 142]
[197 109 107]
[200  90  91]
[205  79  82]
[213  79  80]
[211  73  71]
[211  77  68]
[216  72  64]
[216  52  51]
[217  41  44]
[222  43  49]
[222  42  51]
[223  43  54]
[219  42  52]
[218  42  52]
[215  39  49]
[220  40  51]
[221  41  50]
[215  38  44]
[214  41  45]
[210  41  44]
[205  36  39]
[207  38  41]
[203  37  39]
[199  36  41]
[196  35  41]
[193  31  42]
[195  34  49]
[190  34  48]
[187  32  46]
[188  34  46]
[183  32  41]
[178  33  40]
[168  32  36]
[167  36  41]
[161  35  39]
[161  31  39]
[165  35  43]
[164  34  42]
[162  35  44]
[160  34  46]
[161  35  49]
[160  34  48]
[158  36  49]
[152  38  46]
[140  52  51]
[164 116 106]
[241 195 182]
[189 106 100]
[171  58  54]
[188  54  51]
[183  53  51]
[164  69  67]
[188 127 126]
[185 159 160]
[198 166 169]
[208 127 134]
[150  34  45]
[159  22  38]
[168  20  36]
[171  19  32]
[172  18  30]
[172  16  29]
[173  17  28]
[168  18  27]
[167  17  28]
[167  15  28]
[167  15  30]
[167  14  32]
[167  14  32]
[167  14  32]
[166  15  32]
[164  16  32]
[163  15  31]
[166  15  32]
[159  18  34]
[137  21  32]
[103  21  27]
[60 16 15]
[44 23 18]
[46 25 24]
[46 25 24]
[42 21 18]
[44 23 18]
[45 26 20]
[42 24 20]
[37 23 20]
[35 21 20]
[39 21 19]
[38 20 10]
[48 26  3]
[121  98  67]
[106  82  48]
[66 42 16]
[41 21 12]
[34 16 14]
[36 18 18]
[43 13 15]
[60  3  9]
[144  83  88]
[121  81  79]
[66 46 39]
[57 50 42]
[49 50 42]
[47 48 43]
[45 46 41]
[40 39 35]
[34 33 29]
[37 38 33]
[40 41 36]
[43 42 38]
[47 43 40]
[47 42 38]
[49 39 37]
[60 42 40]
[74 54 53]
[102  87  82]
[99 89 80]
[102  95  85]
[102  98  86]
[116 106 114]
[116 107 112]
[114 103 107]
[124 112 114]
[164 148 149]
[212 190 192]
[226 192 193]
[232 184 182]
[210 142 139]
[208 120 118]
[199  89  90]
[207  81  84]
[207  71  75]
[214  74  75]
[210  68  64]
[226  78  74]
[213  50  53]
[213  44  51]
[220  46  56]
[220  46  56]
[220  44  55]
[216  42  52]
[215  45  54]
[210  43  51]
[213  43  52]
[211  44  51]
[207  42  48]
[204  43  48]
[202  48  50]
[199  46  49]
[197  44  47]
[191  41  43]
[192  42  44]
[188  42  45]
[187  42  49]
[188  47  55]
[183  46  56]
[180  46  55]
[184  49  56]
[177  46  52]
[170  47  50]
[159  43  44]
[152  42  43]
[148  42  44]
[151  46  50]
[151  46  50]
[143  40  43]
[141  40  44]
[137  37  45]
[136  36  46]
[137  35  46]
[138  36  47]
[141  40  46]
[120  38  40]
[121  76  70]
[242 195 185]
[153  66  59]
[173  58  55]
[195  63  59]
[178  55  50]
[158  62  63]
[176 114 115]
[182 153 155]
[198 163 167]
[194 111 119]
[148  30  42]
[163  20  38]
[172  17  35]
[173  17  31]
[172  16  29]
[174  17  28]
[172  16  27]
[168  18  27]
[165  18  26]
[168  16  29]
[167  15  28]
[169  14  30]
[168  15  33]
[168  15  33]
[166  15  30]
[165  19  32]
[163  17  30]
[166  15  32]
[157  19  34]
[134  22  34]
[97 22 27]
[50 22 19]
[31 28 21]
[30 26 23]
[34 30 27]
[31 28 23]
[31 28 23]
[31 30 25]
[30 29 25]
[30 29 27]
[29 25 24]
[32 27 24]
[35 25 15]
[38 24  0]
[209 192 148]
[189 168 111]
[137 119  71]
[32 21  3]
[31 23 20]
[27 19 17]
[38 16 18]
[62 10 14]
[137  78  80]
[128  87  81]
[70 46 36]
[56 49 39]
[51 53 42]
[49 50 44]
[45 44 39]
[42 39 34]
[43 39 36]
[42 43 38]
[47 48 43]
[47 46 42]
[50 47 42]
[54 49 45]
[54 45 40]
[67 49 47]
[75 56 52]
[92 77 70]
[88 78 68]
[96 90 78]
[92 88 76]
[116 107 112]
[116 107 112]
[113 104 107]
[121 111 112]
[150 136 136]
[199 177 179]
[223 189 188]
[225 176 172]
[212 143 138]
[203 114 110]
[200  90  91]
[206  80  83]
[212  76  80]
[216  73  75]
[213  70  66]
[212  69  65]
[201  58  60]
[195  54  60]
[202  57  64]
[205  58  66]
[211  60  69]
[209  59  68]
[209  66  72]
[205  66  69]
[198  62  64]
[203  69  70]
[201  68  69]
[189  61  60]
[184  60  60]
[184  61  63]
[179  59  60]
[178  60  60]
[175  57  55]
[166  52  51]
[161  53  51]
[160  58  56]
[152  56  57]
[150  56  56]
[152  56  57]
[141  47  47]
[131  46  43]
[116  39  33]
[106  36  28]
[102  35  27]
[101  36  30]
[101  38  33]
[95 34 29]
[91 32 28]
[83 28 25]
[84 26 25]
[90 28 31]
[104  33  37]
[124  42  46]
[109  37  38]
[103  62  56]
[247 200 190]
[148  59  51]
[171  56  49]
[182  59  52]
[172  57  52]
[154  64  64]
[180 120 122]
[183 154 158]
[184 144 152]
[182  92 102]
[155  29  43]
[170  18  39]
[176  14  35]
[177  14  33]
[175  14  29]
[177  17  29]
[172  16  27]
[168  18  27]
[165  18  26]
[167  17  29]
[167  17  29]
[168  16  31]
[167  16  31]
[167  16  31]
[164  16  30]
[164  20  30]
[162  18  28]
[163  15  29]
[155  18  34]
[134  24  37]
[94 21 28]
[51 25 24]
[33 29 26]
[29 25 26]
[34 30 31]
[33 29 28]
[31 30 28]
[33 32 30]
[33 31 32]
[36 30 34]
[36 27 32]
[24 18 20]
[37 29 18]
[34 21  0]
[198 182 123]
[181 163  79]
[127 111  36]
[28 21  0]
[25 22 17]
[24 23 19]
[37 22 19]
[64 14 13]
[123  65  63]
[141  97  88]
[77 49 38]
[58 52 40]
[55 58 47]
[52 54 43]
[47 47 39]
[48 43 37]
[51 46 42]
[45 44 39]
[47 48 42]
[48 47 42]
[50 49 44]
[58 55 50]
[60 51 46]
[81 63 59]
[84 63 58]
[94 77 70]
[87 77 67]
[100  94  82]
[89 87 72]
[120 111 114]
[121 112 115]
[120 111 112]
[126 116 117]
[144 128 129]
[188 166 168]
[221 187 186]
[221 172 168]
[211 142 135]
[200 111 105]
[198  88  87]
[206  80  83]
[206  67  74]
[212  67  72]
[212  66  66]
[207  69  67]
[183  65  65]
[169  60  63]
[171  61  64]
[178  63  68]
[181  60  67]
[172  53  59]
[165  55  56]
[156  52  51]
[159  57  55]
[153  54  49]
[149  50  45]
[137  42  36]
[134  41  36]
[133  39  37]
[130  36  36]
[137  46  45]
[136  46  45]
[120  37  33]
[112  37  32]
[110  41  36]
[108  43  39]
[112  44  41]
[117  43  40]
[102  28  25]
[92 25 17]
[82 22 12]
[84 26 15]
[84 27 16]
[76 24 13]
[74 24 13]
[73 23 14]
[64 15  8]
[62 19 13]
[59 18 14]
[65 21 20]
[90 34 37]
[116  41  46]
[106  35  39]
[106  62  59]
[216 166 159]
[157  64  57]
[169  52  45]
[171  50  42]
[172  60  56]
[151  65  68]
[185 126 132]
[168 141 146]
[169 132 139]
[174  84  94]
[158  30  43]
[171  19  40]
[177  14  35]
[178  15  34]
[176  13  30]
[176  15  30]
[172  16  27]
[166  19  27]
[165  19  29]
[165  18  28]
[167  17  29]
[167  16  31]
[167  16  31]
[167  16  31]
[165  17  29]
[163  19  28]
[162  18  27]
[162  16  29]
[154  17  33]
[136  24  38]
[96 20 30]
[60 31 33]
[39 35 34]
[30 24 28]
[34 28 32]
[34 30 31]
[35 33 34]
[38 38 38]
[38 36 37]
[43 33 41]
[41 31 39]
[47 41 45]
[45 39 27]
[42 30  0]
[193 178 113]
[198 182  86]
[99 84  0]
[33 27  0]
[27 24 19]
[27 28 23]
[39 26 20]
[61 16 13]
[107  49  45]
[155 108  98]
[89 59 48]
[70 62 49]
[71 73 60]
[66 68 55]
[56 56 46]
[57 53 44]
[57 52 46]
[51 51 43]
[50 51 43]
[55 54 49]
[51 51 43]
[54 51 44]
[62 55 47]
[89 72 65]
[90 70 63]
[98 81 73]
[91 81 69]
[103  97  83]
[90 89 71]
[125 119 119]
[126 120 120]
[129 119 120]
[134 122 124]
[142 123 127]
[179 154 157]
[214 180 179]
[217 170 164]
[206 139 130]
[196 107  99]
[199  87  86]
[203  74  78]
[215  74  82]
[210  63  71]
[210  61  63]
[199  71  68]
[159  68  65]
[138  67  63]
[140  66  63]
[146  68  66]
[148  62  65]
[138  53  56]
[136  62  61]
[132  65  59]
[123  58  52]
[109  44  38]
[103  39  30]
[101  37  28]
[97 30 22]
[90 21 16]
[95 24 20]
[116  46  44]
[115  49  50]
[98 39 41]
[90 40 39]
[88 43 40]
[92 48 45]
[99 50 46]
[113  49  49]
[104  34  34]
[85 18 12]
[89 21 12]
[88 18  8]
[84 14  2]
[82 14  1]
[83 15  2]
[87 17  7]
[85 18 10]
[75 17 13]
[61 11 10]
[65 16 19]
[90 33 39]
[119  42  52]
[110  34  44]
[117  65  69]
[190 130 129]
[159  57  55]
[174  52  49]
[170  46  44]
[168  58  57]
[150  65  72]
[188 131 138]
[145 122 128]
[158 127 132]
[168  85  93]
[155  35  45]
[164  18  37]
[173  14  34]
[175  16  34]
[172  14  29]
[171  15  28]
[168  16  28]
[165  19  29]
[164  20  29]
[165  18  28]
[168  18  29]
[168  18  30]
[168  18  30]
[167  17  29]
[165  18  28]
[165  18  28]
[163  17  27]
[163  17  30]
[155  19  33]
[139  24  41]
[98 18 31]
[70 38 43]
[50 41 42]
[34 23 29]
[35 26 31]
[36 30 32]
[42 41 39]
[47 47 45]
[43 43 43]
[43 37 41]
[40 34 38]
[58 52 54]
[63 55 44]
[41 28  0]
[189 173 111]
[212 195 105]
[98 82  4]
[39 30  1]
[23 20 15]
[28 29 24]
[40 29 23]
[62 18 15]
[95 40 35]
[166 118 108]
[100  66  56]
[84 74 62]
[90 92 79]
[88 90 77]
[70 70 58]
[69 62 52]
[65 58 50]
[66 63 54]
[61 61 51]
[73 73 65]
[58 58 48]
[57 57 47]
[74 67 59]
[96 79 72]
[92 72 65]
[100  83  73]
[93 84 69]
[100  94  78]
[89 88 68]
[127 123 120]
[129 124 121]
[132 122 121]
[135 120 123]
[134 115 119]
[166 140 143]
[200 166 165]
[209 162 156]
[203 136 127]
[183  96  87]
[199  85  84]
[205  74  79]
[222  78  88]
[208  61  71]
[212  63  67]
[185  63  62]
[145  72  66]
[128  79  72]
[131  80  76]
[136  78  76]
[131  65  67]
[116  52  53]
[113  62  61]
[108  65  59]
[107  64  58]
[96 53 46]
[89 45 36]
[86 37 30]
[81 28 20]
[81 24 17]
[90 29 24]
[102  42  41]
[102  50  54]
[85 43 47]
[78 44 45]
[73 45 42]
[79 49 47]
[88 50 47]
[107  51  52]
[104  39  37]
[102  37  31]
[124  56  45]
[131  59  45]
[139  66  51]
[156  85  67]
[157  86  68]
[155  79  65]
[157  85  73]
[140  77  72]
[111  55  54]
[97 47 50]
[102  45  52]
[123  47  59]
[103  27  40]
[109  53  62]
[167 105 108]
[149  51  50]
[166  53  49]
[166  50  50]
[161  58  59]
[142  63  69]
[178 127 134]
[137 116 121]
[149 120 124]
[166  90  94]
[152  36  45]
[160  19  35]
[170  15  33]
[173  16  33]
[173  15  30]
[170  14  27]
[169  17  29]
[165  19  29]
[164  20  29]
[166  19  29]
[168  18  29]
[169  17  30]
[169  17  29]
[168  16  28]
[167  17  26]
[167  16  25]
[165  15  26]
[163  17  28]
[153  18  32]
[139  24  41]
[96 16 29]
[74 42 47]
[53 44 47]
[35 26 31]
[36 27 32]
[36 32 31]
[47 46 42]
[53 54 49]
[45 45 43]
[42 38 39]
[39 35 36]
[58 54 55]
[67 60 50]
[43 32  0]
[168 152 100]
[207 189 117]
[90 72 10]
[38 26  2]
[30 25 21]
[31 30 26]
[46 35 31]
[63 24 19]
[89 39 32]
[171 122 115]
[103  66  57]
[91 77 66]
[101  99  86]
[ 99 100  86]
[81 82 68]
[80 74 62]
[74 67 57]
[73 71 59]
[63 63 53]
[88 88 78]
[68 68 58]
[70 70 60]
[88 81 71]
[102  85  77]
[94 74 65]
[101  85  72]
[96 87 70]
[98 95 76]
[90 89 68]
[131 130 125]
[134 131 126]
[135 125 124]
[131 115 116]
[128 107 112]
[157 131 134]
[188 154 152]
[201 156 150]
[191 127 117]
[180  93  84]
[196  82  81]
[217  84  89]
[203  57  68]
[207  57  69]
[208  61  67]
[187  67  68]
[142  75  69]
[127  84  78]
[126  81  78]
[125  75  76]
[128  67  74]
[129  70  76]
[140  95  98]
[141 106 104]
[142 107 103]
[133  98  92]
[126  87  80]
[123  78  72]
[125  72  66]
[132  73  69]
[137  72  68]
[125  64  63]
[99 48 53]
[83 44 49]
[72 46 47]
[66 47 43]
[76 55 50]
[86 55 52]
[105  56  52]
[103  44  40]
[128  70  59]
[141  79  64]
[139  74  54]
[141  76  54]
[147  85  60]
[140  78  53]
[137  71  49]
[138  73  55]
[133  70  61]
[112  57  54]
[95 45 46]
[95 42 48]
[118  46  60]
[97 26 42]
[107  55  67]
[151  96 102]
[127  46  43]
[145  50  44]
[153  55  52]
[152  66  65]
[138  72  76]
[151 109 113]
[138 118 120]
[147 117 117]
[165  90  94]
[148  37  44]
[160  22  37]
[170  17  35]
[172  15  32]
[174  16  31]
[170  14  27]
[170  18  30]
[165  18  28]
[164  18  28]
[168  18  29]
[171  17  29]
[173  17  30]
[172  16  29]
[170  16  28]
[169  15  25]
[169  13  24]
[168  14  24]
[163  15  27]
[152  17  31]
[139  24  39]
[93 16 26]
[74 45 49]
[48 47 45]
[30 28 29]
[32 30 31]
[35 34 30]
[43 44 38]
[47 48 42]
[41 42 36]
[38 37 33]
[38 37 35]
[60 58 59]
[64 60 51]
[40 33  5]
[96 84 44]
[139 118  73]
[64 44  9]
[39 25 12]
[30 22 20]
[38 37 35]
[53 42 40]
[64 26 25]
[88 39 35]
[175 126 121]
[105  66  59]
[95 78 68]
[103  99  87]
[104 102  87]
[92 90 75]
[91 83 70]
[88 80 69]
[75 71 60]
[59 57 45]
[90 90 78]
[73 73 61]
[72 72 60]
[90 83 73]
[101  84  76]
[95 75 66]
[99 83 70]
[98 89 72]
[97 95 74]
[86 88 64]
[134 133 128]
[138 135 130]
[135 125 124]
[125 111 111]
[123 103 105]
[153 124 128]
[181 147 145]
[198 151 145]
[185 117 108]
[180  90  82]
[197  79  79]
[217  82  88]
[206  58  70]
[210  58  71]
[204  57  65]
[181  62  66]
[134  69  65]
[122  83  78]
[123  82  80]
[123  74  77]
[127  67  75]
[126  69  78]
[130  89  93]
[120  90  88]
[115  85  83]
[114  83  80]
[114  79  75]
[115  76  71]
[106  61  56]
[104  53  49]
[116  56  55]
[109  50  52]
[99 50 56]
[80 43 50]
[67 43 43]
[61 43 41]
[74 56 52]
[83 55 51]
[99 51 49]
[92 37 34]
[87 37 28]
[82 34 20]
[84 33 16]
[88 37 16]
[82 36 13]
[77 31  8]
[85 34 15]
[85 32 18]
[83 30 22]
[87 38 34]
[80 34 36]
[93 40 46]
[118  47  61]
[97 31 45]
[105  59  70]
[122  77  82]
[114  46  45]
[130  51  47]
[133  53  52]
[146  74  75]
[157 102 105]
[143 107 109]
[138 119 121]
[150 120 120]
[163  88  92]
[147  36  43]
[164  23  40]
[172  17  35]
[170  15  31]
[173  17  31]
[169  13  26]
[171  17  29]
[167  17  28]
[167  17  28]
[169  17  29]
[171  17  29]
[173  17  30]
[172  16  29]
[170  16  26]
[169  15  25]
[170  14  25]
[168  14  26]
[163  17  28]
[153  19  30]
[139  27  41]
[93 16 26]
[74 48 49]
[47 47 45]
[29 29 27]
[32 32 30]
[32 33 28]
[36 35 30]
[38 37 32]
[35 34 29]
[35 36 31]
[37 38 33]
[63 62 60]
[66 61 55]
[35 28  9]
[40 28  2]
[50 32  8]
[41 22  5]
[39 26 20]
[32 23 24]
[47 43 44]
[59 45 45]
[63 24 25]
[88 38 37]
[180 129 125]
[111  71  63]
[101  83  73]
[105 101  89]
[110 108  93]
[100  98  83]
[93 89 77]
[97 91 79]
[78 74 63]
[57 55 43]
[89 89 77]
[72 72 60]
[68 68 56]
[85 81 70]
[98 84 75]
[99 81 71]
[100  82  70]
[104  91  75]
[98 96 75]
[83 85 61]
[138 134 131]
[143 138 135]
[133 125 123]
[115 103 103]
[114  95  97]
[151 122 124]
[181 143 142]
[195 139 138]
[186 107 103]
[185  83  81]
[196  73  76]
[203  64  71]
[205  55  66]
[204  52  64]
[201  54  64]
[176  59  65]
[133  69  67]
[117  80  74]
[118  78  76]
[124  76  76]
[125  64  71]
[112  52  60]
[113  74  75]
[102  72  70]
[98 68 66]
[91 60 58]
[89 55 54]
[82 48 47]
[77 48 44]
[78 44 42]
[84 40 41]
[96 47 50]
[95 50 55]
[77 38 43]
[68 39 41]
[65 44 43]
[71 50 47]
[85 55 53]
[101  52  55]
[84 34 35]
[72 34 31]
[72 42 34]
[71 41 33]
[72 42 34]
[68 41 32]
[69 40 32]
[70 37 32]
[75 40 36]
[74 40 38]
[73 39 37]
[79 37 39]
[96 43 49]
[119  47  61]
[121  55  69]
[105  69  73]
[112  78  79]
[118  63  66]
[118  54  55]
[119  53  55]
[150  91  93]
[159 119 119]
[146 120 121]
[139 123 126]
[148 116 121]
[165  90  95]
[150  36  46]
[166  20  39]
[171  14  35]
[171  19  34]
[170  20  32]
[170  16  28]
[172  18  30]
[169  18  27]
[166  15  24]
[169  17  29]
[168  16  28]
[171  15  28]
[173  17  30]
[169  15  27]
[169  17  29]
[166  16  28]
[165  17  29]
[163  19  29]
[151  20  28]
[139  24  37]
[94 14 23]
[81 52 54]
[48 47 43]
[30 31 26]
[30 31 26]
[32 31 27]
[35 31 28]
[36 31 28]
[34 30 27]
[34 33 29]
[36 35 30]
[67 63 60]
[67 62 56]
[39 31 20]
[35 26 11]
[40 27 18]
[35 22 14]
[42 32 30]
[26 20 20]
[49 45 46]
[60 45 48]
[65 26 29]
[82 31 30]
[181 126 119]
[118  74  63]
[101  85  72]
[107 105  92]
[109 109  97]
[105 107  96]
[97 97 85]
[99 99 87]
[79 77 65]
[59 57 45]
[93 93 81]
[70 72 59]
[66 66 54]
[86 82 71]
[98 88 78]
[98 81 71]
[102  80  69]
[115  96  82]
[101  96  76]
[87 89 67]
[143 135 133]
[139 134 131]
[120 114 114]
[111 101 100]
[115  97  97]
[149 123 124]
[186 146 146]
[191 133 132]
[185  99 100]
[185  76  79]
[194  68  72]
[199  58  66]
[203  52  61]
[202  50  62]
[198  52  63]
[171  56  63]
[131  70  69]
[118  81  75]
[120  80  78]
[123  75  75]
[122  61  68]
[111  54  61]
[120  81  82]
[112  84  83]
[110  80  80]
[105  75  75]
[98 66 69]
[82 52 52]
[72 46 45]
[70 42 41]
[76 37 40]
[92 47 52]
[96 51 58]
[77 36 42]
[65 36 38]
[64 40 40]
[69 48 45]
[79 49 49]
[102  53  57]
[85 36 40]
[70 39 37]
[70 49 44]
[69 48 45]
[67 47 46]
[62 44 42]
[65 45 46]
[68 43 46]
[73 47 50]
[71 47 47]
[70 44 43]
[80 41 44]
[93 40 48]
[123  50  67]
[152  86 100]
[110  78  83]
[113  89  89]
[128  87  91]
[124  74  77]
[116  64  66]
[144  98 100]
[162 130 131]
[143 125 125]
[137 126 130]
[151 122 127]
[171  96 103]
[148  34  44]
[167  21  40]
[174  15  37]
[169  17  32]
[169  19  31]
[168  16  28]
[172  18  30]
[170  16  26]
[168  17  26]
[169  17  29]
[170  18  30]
[173  17  30]
[171  15  28]
[169  15  27]
[169  17  29]
[166  15  30]
[163  15  29]
[162  16  27]
[152  18  27]
[139  25  35]
[94 14 23]
[82 52 54]
[49 45 42]
[30 30 28]
[30 31 26]
[31 30 28]
[33 29 28]
[33 27 27]
[34 28 28]
[35 34 30]
[40 39 34]
[67 64 59]
[68 63 57]
[41 32 25]
[34 25 18]
[37 28 23]
[31 23 20]
[40 35 32]
[26 22 21]
[48 44 45]
[62 47 50]
[66 30 32]
[79 28 27]
[182 123 117]
[121  73  63]
[102  86  73]
[104 105  91]
[111 111  99]
[109 109  97]
[101 103  90]
[104 104  92]
[80 78 65]
[64 60 48]
[93 91 78]
[71 71 59]
[74 72 60]
[81 77 66]
[102  94  83]
[98 81 71]
[105  80  73]
[121  99  88]
[103  98  79]
[90 94 71]
[148 138 136]
[143 135 132]
[119 114 111]
[121 111 110]
[146 130 130]
[176 152 152]
[191 153 152]
[193 135 134]
[179  93  96]
[180  69  75]
[191  60  66]
[197  51  61]
[202  48  60]
[200  48  60]
[195  51  61]
[166  53  59]
[128  68  67]
[115  80  76]
[119  79  79]
[119  73  75]
[115  58  65]
[105  52  58]
[118  82  84]
[116  87  89]
[111  81  83]
[109  79  81]
[99 67 72]
[81 49 52]
[72 43 45]
[72 40 43]
[77 36 42]
[96 49 57]
[95 48 56]
[74 33 41]
[62 33 35]
[59 38 37]
[72 48 46]
[76 44 45]
[106  57  63]
[89 40 46]
[77 47 47]
[80 59 56]
[80 59 58]
[72 52 51]
[64 46 46]
[67 47 49]
[72 47 51]
[75 50 54]
[71 49 52]
[79 53 56]
[84 44 52]
[97 44 54]
[123  50  69]
[145  81  97]
[116  89  94]
[142 126 126]
[153 123 125]
[146 107 110]
[124  82  84]
[142 103 104]
[161 135 136]
[138 126 126]
[132 130 133]
[147 126 131]
[187 116 122]
[146  35  44]
[165  22  40]
[175  18  37]
[171  16  32]
[170  18  31]
[169  17  29]
[171  19  31]
[168  16  28]
[168  16  28]
[167  15  28]
[171  16  30]
[173  15  30]
[170  14  28]
[169  15  27]
[168  16  28]
[172  15  32]
[169  12  29]
[165  13  26]
[156  16  29]
[141  25  38]
[95 13 25]
[81 50 55]
[50 46 45]
[29 29 29]
[29 31 28]
[31 31 31]
[31 31 31]
[30 28 29]
[32 28 27]
[37 33 32]
[40 39 35]
[68 64 61]
[69 66 61]
[45 38 30]
[37 30 22]
[36 31 25]
[30 27 22]
[40 36 33]
[23 22 20]
[46 45 43]
[63 49 49]
[68 32 34]
[77 23 23]
[181 118 113]
[124  71  65]
[106  86  77]
[107 103  92]
[114 111  96]
[113 112  94]
[109 108  90]
[111 108  91]
[85 77 64]
[72 64 51]
[92 86 72]
[74 68 56]
[72 66 54]
[70 62 51]
[102  92  82]
[98 81 71]
[106  81  74]
[122 102  91]
[100  97  78]
[88 93 71]
[153 143 141]
[150 140 138]
[146 138 136]
[153 143 142]
[176 162 161]
[198 174 174]
[189 154 152]
[192 136 135]
[177  88  92]
[178  65  71]
[191  56  63]
[196  49  59]
[201  47  59]
[200  48  60]
[191  50  59]
[160  49  55]
[121  61  60]
[105  70  66]
[112  72  72]
[118  72  74]
[115  60  66]
[101  50  55]
[111  75  77]
[109  79  81]
[109  78  83]
[106  75  80]
[90 59 64]
[74 43 48]
[72 42 44]
[71 39 42]
[72 31 37]
[92 47 54]
[92 45 55]
[72 31 37]
[61 32 34]
[58 37 36]
[73 49 47]
[74 42 43]
[109  60  66]
[84 37 43]
[80 50 50]
[86 67 63]
[87 67 66]
[79 59 58]
[68 50 50]
[74 54 56]
[80 55 61]
[82 57 63]
[78 55 61]
[82 55 60]
[83 46 54]
[95 43 55]
[125  53  73]
[131  70  86]
[123  98 104]
[166 156 155]
[166 144 146]
[156 127 129]
[122  88  89]
[130  98  99]
[147 126 125]
[136 124 124]
[131 131 133]
[144 123 128]
[208 137 143]
[147  36  45]
[162  21  38]
[173  18  36]
[171  16  32]
[174  19  33]
[170  18  30]
[170  18  30]
[169  19  30]
[164  17  27]
[165  17  29]
[166  16  28]
[171  15  29]
[173  15  30]
[167  15  28]
[167  15  28]
[174  16  31]
[171  13  28]
[167  12  26]
[157  17  30]
[141  24  40]
[93 13 24]
[80 51 55]
[49 47 48]
[29 29 29]
[29 31 30]
[30 32 31]
[30 32 31]
[30 30 30]
[31 29 30]
[38 34 33]
[43 39 38]
[67 66 62]
[71 68 63]
[46 42 33]
[40 36 27]
[36 33 26]
[34 31 24]
[37 36 31]
[20 19 15]
[46 45 41]
[62 51 49]
[67 33 32]
[71 20 19]
[178 114 112]
[125  72  66]
[107  88  81]
[107 105  93]
[113 112  94]
[114 111  92]
[112 109  90]
[114 109  90]
[86 77 62]
[80 68 54]
[91 81 69]
[74 66 53]
[67 59 48]
[59 51 40]
[98 85 76]
[97 80 70]
[100  75  68]
[117  97  86]
[96 93 74]
[83 88 66]
[153 143 141]
[147 137 135]
[148 140 138]
[146 136 135]
[145 131 130]
[173 152 151]
[190 156 154]
[196 140 139]
[176  87  91]
[178  63  70]
[190  53  61]
[197  47  58]
[202  46  59]
[199  47  59]
[188  48  57]
[156  47  52]
[103  45  43]
[84 49 43]
[92 51 49]
[106  60  62]
[109  56  62]
[91 40 45]
[95 56 59]
[91 59 62]
[100  68  73]
[97 65 70]
[80 51 55]
[71 42 46]
[70 41 45]
[69 38 43]
[66 30 34]
[88 47 53]
[91 46 53]
[74 33 39]
[60 34 35]
[57 36 33]
[71 47 45]
[72 40 41]
[107  58  64]
[77 30 36]
[67 39 38]
[74 56 52]
[78 60 58]
[72 54 52]
[65 45 46]
[73 53 54]
[78 56 59]
[80 57 63]
[80 57 63]
[80 53 60]
[89 54 61]
[91 41 53]
[122  54  75]
[133  74  92]
[125 102 110]
[168 159 160]
[170 154 155]
[153 132 131]
[115  87  86]
[127  97  97]
[140 116 116]
[139 123 124]
[135 129 131]
[146 121 125]
[215 142 149]
[146  35  44]
[158  21  37]
[170  19  36]
[171  16  32]
[173  18  32]
[170  18  30]
[169  19  30]
[167  19  31]
[162  18  28]
[164  24  35]
[163  18  31]
[170  15  31]
[174  18  32]
[168  13  27]
[168  16  29]
[170  15  29]
[168  14  26]
[165  13  25]
[155  18  28]
[137  25  37]
[90 14 24]
[77 52 55]
[48 48 48]
[29 29 31]
[29 29 31]
[28 30 29]
[28 30 29]
[29 31 30]
[33 31 32]
[41 35 35]
[46 41 38]
[73 69 68]
[74 70 67]
[47 42 36]
[43 39 30]
[36 33 26]
[38 35 28]
[37 36 31]
[20 19 14]
[45 46 40]
[61 52 47]
[65 34 32]
[69 21 19]
[176 115 112]
[125  76  69]
[105  92  83]
[104 110  96]
[112 115  96]
[114 113  93]
[112 111  91]
[114 111  92]
[89 80 65]
[85 73 59]
[90 80 68]
[76 66 54]
[72 64 53]
[62 54 43]
[95 82 73]
[99 82 72]
[92 69 61]
[109  91  79]
[93 92 72]
[80 88 64]
[149 139 137]
[150 140 138]
[136 128 126]
[136 126 125]
[139 125 124]
[167 146 145]
[193 162 159]
[192 138 136]
[180  91  95]
[180  63  71]
[192  52  61]
[198  46  58]
[202  46  59]
[197  45  58]
[186  46  57]
[155  46  51]
[101  43  39]
[80 45 39]
[82 43 38]
[101  57  56]
[112  62  65]
[88 39 43]
[86 45 49]
[84 50 51]
[88 53 57]
[88 53 59]
[75 44 49]
[70 41 45]
[69 40 44]
[69 38 43]
[67 32 36]
[93 54 59]
[92 47 54]
[73 32 36]
[62 34 33]
[56 35 32]
[69 43 42]
[73 39 40]
[106  57  63]
[75 30 35]
[70 42 41]
[73 55 51]
[77 59 57]
[74 56 54]
[68 48 49]
[75 55 56]
[79 59 61]
[79 59 61]
[75 54 59]
[81 56 62]
[91 58 65]
[90 44 55]
[117  54  71]
[131  74  91]
[131 106 112]
[155 145 146]
[152 141 139]
[140 122 120]
[115  87  86]
[133 102 100]
[142 110 111]
[144 118 121]
[141 125 128]
[164 129 135]
[215 136 142]
[144  33  42]
[159  24  39]
[167  20  36]
[170  18  33]
[172  17  31]
[172  18  30]
[170  20  31]
[163  19  29]
[152  16  26]
[150  23  30]
[153  22  30]
[165  17  31]
[172  15  32]
[167  12  26]
[169  14  28]
[168  14  26]
[167  13  23]
[166  14  26]
[157  17  28]
[139  25  35]
[90 15 22]
[77 52 55]
[48 48 48]
[28 28 28]
[28 28 28]
[29 29 29]
[31 31 31]
[30 32 31]
[32 32 30]
[38 33 30]
[42 34 32]
[76 72 71]
[73 69 66]
[48 43 37]
[44 39 33]
[38 33 27]
[39 36 31]
[40 35 31]
[23 20 15]
[46 43 38]
[63 52 48]
[66 35 32]
[70 21 17]
[175 112 107]
[129  79  72]
[103  95  84]
[104 115  99]
[113 117 100]
[112 115  96]
[111 112  94]
[113 112  94]
[91 83 70]
[85 75 63]
[91 81 71]
[76 68 57]
[72 64 53]
[63 55 44]
[94 84 74]
[102  88  77]
[92 69 61]
[107  89  75]
[93 92 71]
[79 87 63]
[157 149 146]
[153 145 142]
[123 113 112]
[127 115 115]
[148 132 132]
[171 150 149]
[193 162 159]
[196 142 140]
[186  97 101]
[183  66  74]
[192  52  63]
[200  45  59]
[200  44  58]
[195  43  56]
[184  44  55]
[156  47  52]
[100  42  38]
[79 46 37]
[78 41 35]
[95 54 52]
[110  61  64]
[86 37 41]
[80 39 43]
[81 45 47]
[85 49 53]
[87 51 55]
[76 44 49]
[71 40 45]
[67 38 40]
[69 39 41]
[65 33 36]
[90 54 58]
[91 46 51]
[71 31 32]
[62 34 31]
[60 36 32]
[69 41 38]
[72 36 36]
[104  55  59]
[76 31 34]
[71 43 40]
[69 52 45]
[71 53 49]
[72 53 49]
[67 46 45]
[74 53 52]
[77 57 58]
[77 57 59]
[79 58 63]
[80 57 63]
[95 68 73]
[85 45 53]
[117  59  73]
[127  75  88]
[132 107 111]
[130 118 118]
[124 110 109]
[121 102  98]
[111  80  78]
[133  93  94]
[148 103 106]
[150 107 114]
[149 114 121]
[181 130 139]
[215 128 137]
[149  33  44]
[158  26  40]
[164  22  36]
[169  21  33]
[169  17  29]
[172  18  30]
[170  20  31]
[160  20  29]
[139  12  19]
[119   9  12]
[134  17  23]
[159  19  32]
[166  14  29]
[169  14  28]
[168  14  26]
[168  14  24]
[168  14  22]
[169  13  24]
[160  16  26]
[142  24  36]
[92 15 23]
[79 53 54]
[47 46 44]
[30 26 27]
[30 26 27]
[31 27 28]
[30 29 27]
[30 30 28]
[29 29 27]
[34 29 26]
[36 31 28]
[61 57 56]
[58 54 51]
[41 36 32]
[40 33 27]
[39 31 28]
[38 30 28]
[43 33 32]
[26 16 15]
[47 39 36]
[68 53 48]
[69 34 30]
[70 17 13]
[172 101  97]
[134  77  70]
[106  96  84]
[107 120 103]
[112 121 104]
[110 117 101]
[109 113  98]
[112 113  99]
[93 87 75]
[83 77 65]
[90 83 73]
[74 70 59]
[64 60 49]
[56 52 41]
[94 86 75]
[102  88  77]
[95 72 64]
[107  89  75]
[94 92 71]
[81 87 61]
[157 149 146]
[142 134 131]
[122 112 111]
[134 122 122]
[153 137 137]
[177 153 153]
[196 165 162]
[209 155 153]
[192 101 106]
[188  68  77]
[193  53  64]
[197  45  58]
[199  43  57]
[194  42  55]
[185  43  55]
[158  47  53]
[98 39 35]
[79 46 37]
[75 42 35]
[91 53 50]
[108  62  64]
[84 38 41]
[79 40 43]
[81 46 50]
[85 49 53]
[87 50 57]
[77 42 48]
[71 39 44]
[66 37 41]
[72 42 44]
[68 36 41]
[91 52 57]
[90 45 50]
[70 28 30]
[62 34 33]
[61 37 33]
[67 39 38]
[69 33 33]
[99 50 56]
[75 30 33]
[63 37 36]
[60 42 38]
[63 45 41]
[66 46 45]
[65 44 43]
[74 52 54]
[78 58 59]
[79 59 61]
[76 57 61]
[76 56 58]
[120  94  97]
[82 45 52]
[115  59  72]
[129  77  89]
[127 100 105]
[115 101 101]
[116 100 100]
[120  96  94]
[113  74  75]
[129  80  83]
[155  98 105]
[158 101 110]
[151  99 111]
[178 115 126]
[219 126 137]
[153  35  47]
[157  25  39]
[161  19  33]
[167  23  33]
[167  20  30]
[169  17  29]
[165  17  29]
[158  24  33]
[126   9  15]
[91  0  0]
[116  13  16]
[156  21  35]
[164  13  30]
[172  17  33]
[168  12  25]
[168  14  24]
[169  15  23]
[170  13  24]
[160  14  25]
[143  23  35]
[94 14 23]
[77 51 52]
[43 43 41]
[29 27 28]
[29 25 26]
[27 23 22]
[24 23 21]
[23 23 21]
[26 26 24]
[35 31 28]
[42 37 34]
[36 32 29]
[34 30 27]
[28 23 19]
[29 21 18]
[36 28 26]
[33 25 23]
[44 32 34]
[27 15 15]
[48 38 37]
[73 55 51]
[69 34 30]
[65 12  6]
[166  91  86]
[134  74  66]
[107  98  83]
[109 124 105]
[114 122 107]
[112 118 104]
[111 115 101]
[112 114 101]
[93 89 78]
[82 75 65]
[88 84 75]
[73 70 61]
[64 61 52]
[53 51 39]
[95 89 77]
[98 85 76]
[94 71 63]
[107  89  77]
[94 92 71]
[83 89 63]
[162 157 153]
[150 145 141]
[131 121 120]
[140 126 126]
[155 137 137]
[179 155 155]
[198 164 162]
[213 157 156]
[194 103 108]
[189  69  78]
[188  48  59]
[195  43  56]
[196  40  54]
[192  40  53]
[187  42  55]
[162  46  55]
[106  42  42]
[75 40 34]
[71 42 34]
[84 53 48]
[108  66  68]
[80 38 42]
[76 41 45]
[69 38 43]
[76 44 49]
[82 49 56]
[82 47 54]
[70 37 44]
[70 41 46]
[69 38 43]
[69 32 40]
[95 54 62]
[92 47 54]
[67 26 30]
[62 32 34]
[62 36 35]
[64 34 36]
[68 32 34]
[98 51 59]
[76 34 38]
[64 38 39]
[59 41 39]
[57 42 39]
[59 41 41]
[64 42 44]
[73 51 54]
[78 58 60]
[77 58 60]
[77 56 61]
[85 63 66]
[117  88  92]
[87 46 52]
[118  60  72]
[128  72  85]
[116  85  91]
[112  93  95]
[113  93  94]
[121  91  93]
[116  69  75]
[126  65  73]
[158  86  98]
[168  94 109]
[159  93 107]
[187 113 128]
[222 124 137]
[148  30  42]
[160  25  39]
[162  20  32]
[166  22  32]
[167  21  31]
[168  18  29]
[166  22  32]
[153  26  33]
[121  12  15]
[106  21  18]
[113  22  21]
[155  25  37]
[164  13  30]
[170  15  31]
[167  12  26]
[167  15  27]
[166  15  24]
[170  14  27]
[160  15  28]
[144  26  38]
[91 14 22]
[72 51 50]
[35 40 36]
[26 28 27]
[23 23 23]
[24 23 21]
[24 23 21]
[22 22 22]
[26 26 24]
[41 37 34]
[60 56 53]
[67 63 60]
[66 63 58]
[58 53 47]
[57 49 46]
[46 40 40]
[37 31 31]
[38 27 31]
[27 17 18]
[41 36 33]
[64 50 47]
[65 35 27]
[63 10  2]
[149  70  65]
[115  53  42]
[101  93  74]
[117 132 111]
[118 127 110]
[116 120 106]
[111 115 101]
[114 114 102]
[92 88 76]
[81 75 63]
[87 83 72]
[73 71 59]
[61 61 49]
[51 51 39]
[91 87 75]
[100  90  80]
[91 71 62]
[107  87  76]
[100  95  76]
[83 87 64]
[149 146 141]
[152 147 143]
[121 111 110]
[140 126 126]
[146 128 128]
[170 146 146]
[196 161 159]
[211 153 152]
[186  94  99]
[185  64  73]
[187  47  58]
[193  43  55]
[193  38  52]
[190  38  51]
[187  39  53]
[165  45  55]
[114  42  45]
[77 36 32]
[73 42 37]
[86 55 52]
[105  63  65]
[78 35 42]
[76 44 49]
[67 41 44]
[75 46 51]
[77 46 52]
[77 41 51]
[68 35 44]
[71 42 47]
[70 39 45]
[71 34 42]
[92 49 59]
[90 43 53]
[67 24 31]
[62 30 33]
[63 34 36]
[64 32 35]
[67 31 35]
[94 49 56]
[73 32 38]
[64 35 37]
[58 38 37]
[58 40 40]
[59 39 40]
[63 41 44]
[73 48 52]
[76 56 58]
[76 56 58]
[82 61 66]
[90 65 69]
[111  79  84]
[94 49 56]
[120  60  72]
[129  73  86]
[110  79  85]
[104  85  87]
[106  87  89]
[112  83  87]
[115  66  72]
[135  69  79]
[161  83  99]
[172  94 110]
[158  89 107]
[196 122 137]
[213 115 128]
[151  33  45]
[161  25  39]
[164  18  31]
[166  22  32]
[165  21  30]
[167  20  30]
[162  22  31]
[149  28  33]
[121  18  21]
[154  75  71]
[129  41  40]
[150  23  34]
[161  13  29]
[168  16  31]
[168  13  27]
[164  14  26]
[164  12  25]
[168  12  26]
[159  14  29]
[142  24  38]
[89 13 23]
[66 46 47]
[29 35 31]
[23 27 26]
[21 23 22]
[21 21 19]
[22 22 20]
[24 26 25]
[29 31 30]
[42 41 39]
[60 56 53]
[65 62 57]
[65 62 55]
[59 54 48]
[55 50 46]
[47 43 42]
[37 33 34]
[34 28 30]
[24 18 18]
[35 31 28]
[56 45 41]
[66 37 29]
[67 14  6]
[140  57  51]
[121  53  44]
[110  99  81]
[111 126 105]
[115 122 106]
[116 118 105]
[112 114 101]
[117 115 102]
[93 87 75]
[82 76 64]
[86 82 70]
[73 71 58]
[59 60 46]
[49 50 36]
[91 89 76]
[99 89 79]
[91 71 62]
[108  88  79]
[101  95  79]
[85 87 66]
[124 121 116]
[138 133 129]
[121 113 111]
[131 119 119]
[132 116 116]
[161 137 137]
[197 162 160]
[199 139 139]
[172  75  82]
[177  53  63]
[183  43  54]
[191  41  53]
[191  36  50]
[190  35  49]
[190  39  54]
[172  45  56]
[131  46  53]
[91 35 36]
[79 38 36]
[88 50 49]
[114  65  69]
[82 35 43]
[71 39 44]
[65 38 43]
[71 44 51]
[77 47 55]
[82 49 58]
[76 43 52]
[69 40 45]
[66 35 41]
[75 35 44]
[97 54 64]
[89 42 52]
[70 24 34]
[64 27 34]
[64 32 37]
[67 30 37]
[70 30 38]
[93 47 57]
[76 33 42]
[66 35 40]
[61 36 39]
[60 38 40]
[61 39 41]
[65 40 44]
[72 47 51]
[80 55 59]
[80 58 61]
[82 62 64]
[89 64 68]
[102  65  72]
[100  53  61]
[119  59  71]
[128  76  88]
[103  76  81]
[97 82 85]
[97 82 85]
[104  79  83]
[109  64  71]
[139  77  88]
[151  78  95]
[165  94 110]
[153  92 107]
[205 139 151]
[212 119 130]
[153  35  49]
[162  21  37]
[168  20  34]
[166  20  30]
[162  19  25]
[169  23  33]
[158  23  30]
[147  30  36]
[113  15  16]
[138  57  54]
[138  46  47]
[153  23  35]
[164  13  30]
[165  15  27]
[167  15  28]
[167  14  32]
[168  13  31]
[169  12  31]
[160  15  32]
[143  25  41]
[92 14 27]
[64 42 44]
[27 31 30]
[25 29 28]
[22 24 23]
[21 23 22]
[20 22 21]
[23 24 26]
[29 31 30]
[41 39 40]
[57 56 52]
[65 62 57]
[66 63 54]
[58 54 45]
[51 48 41]
[43 42 38]
[32 32 30]
[29 28 26]
[25 21 20]
[36 35 31]
[55 46 39]
[67 38 30]
[68 13  6]
[145  55  54]
[126  51  45]
[99 86 70]
[ 93 106  88]
[116 122 108]
[119 121 108]
[114 115 101]
[117 113 101]
[93 85 72]
[88 78 66]
[86 80 66]
[73 70 55]
[58 59 43]
[48 49 35]
[94 92 79]
[97 87 77]
[91 71 64]
[109  89  80]
[100  94  80]
[84 85 67]
[136 131 127]
[132 127 123]
[122 114 112]
[113 103 102]
[126 112 111]
[154 133 132]
[191 153 152]
[192 130 131]
[162  61  69]
[171  44  55]
[180  38  50]
[188  38  50]
[187  35  48]
[189  34  48]
[190  38  53]
[180  44  58]
[148  44  55]
[115  38  44]
[94 34 36]
[96 41 44]
[130  67  75]
[99 39 47]
[85 38 46]
[90 50 58]
[88 48 56]
[84 44 53]
[85 42 52]
[84 41 50]
[82 41 49]
[82 39 46]
[86 36 45]
[98 42 53]
[93 35 47]
[78 20 32]
[72 21 30]
[72 22 31]
[74 24 33]
[77 26 35]
[97 41 52]
[84 31 41]
[77 32 39]
[71 32 37]
[69 33 37]
[69 34 38]
[72 36 40]
[78 42 46]
[87 50 57]
[90 55 61]
[86 55 60]
[93 58 62]
[97 55 59]
[105  52  60]
[118  56  67]
[127  74  84]
[104  75  79]
[96 80 81]
[95 81 81]
[102  77  81]
[107  62  69]
[141  84  93]
[147  81  93]
[154  90 104]
[143  91 103]
[192 130 141]
[205 113 124]
[154  33  48]
[162  21  37]
[169  18  33]
[167  21  31]
[164  21  27]
[166  22  31]
[159  24  31]
[143  26  32]
[133  30  33]
[125  35  37]
[137  36  40]
[151  16  30]
[165  14  31]
[164  14  26]
[165  15  27]
[166  13  33]
[167  11  32]
[164  11  29]
[156  15  32]
[140  23  39]
[96 16 27]
[67 38 42]
[33 29 28]
[24 23 21]
[22 21 19]
[23 22 20]
[21 21 19]
[22 24 23]
[29 31 30]
[44 43 41]
[64 60 57]
[69 66 59]
[69 67 55]
[58 54 43]
[48 45 36]
[40 39 34]
[31 32 27]
[31 27 24]
[28 25 20]
[36 35 30]
[55 46 37]
[79 50 42]
[69 14  9]
[151  57  58]
[133  53  52]
[94 80 69]
[ 90 104  89]
[110 120 109]
[114 120 110]
[110 112 101]
[114 112 100]
[94 86 75]
[92 82 70]
[85 77 64]
[71 68 53]
[61 59 44]
[49 47 32]
[96 92 80]
[96 86 76]
[90 70 63]
[109  89  82]
[99 93 79]
[84 85 69]
[136 128 126]
[128 120 118]
[113 104 105]
[105  97  95]
[107  97  95]
[141 121 120]
[162 127 125]
[163  99 100]
[159  55  64]
[172  42  54]
[182  37  50]
[188  36  49]
[189  35  47]
[189  34  48]
[191  36  52]
[185  40  55]
[169  44  58]
[147  43  54]
[123  38  43]
[119  40  45]
[144  58  69]
[119  35  48]
[114  41  52]
[128  60  71]
[128  62  74]
[118  52  64]
[115  47  60]
[117  49  60]
[119  53  63]
[120  55  63]
[121  49  60]
[122  46  58]
[119  39  52]
[109  29  42]
[104  28  40]
[102  29  40]
[104  31  42]
[106  33  44]
[119  46  57]
[111  39  50]
[105  38  47]
[100  37  45]
[98 39 45]
[99 40 46]
[99 40 46]
[104  43  50]
[111  50  58]
[111  54  61]
[102  51  58]
[103  54  58]
[104  47  53]
[110  49  54]
[124  59  67]
[133  76  83]
[115  79  81]
[104  80  80]
[98 76 78]
[105  75  77]
[105  60  65]
[138  83  89]
[146  86  94]
[148  91  98]
[144  97 103]
[176 119 126]
[194 102 113]
[152  31  46]
[163  22  38]
[164  16  30]
[167  21  31]
[168  25  31]
[164  18  28]
[161  24  32]
[146  25  32]
[145  34  40]
[143  38  45]
[139  25  33]
[155  17  32]
[164  16  30]
[162  15  25]
[166  16  27]
[165  12  30]
[164  13  32]
[161  13  29]
[154  18  32]
[141  25  38]
[102  19  29]
[73 32 36]
[44 26 26]
[34 19 16]
[31 20 16]
[30 23 17]
[27 24 19]
[27 26 22]
[32 31 27]
[45 40 36]
[59 54 48]
[70 67 58]
[69 67 55]
[59 55 43]
[49 45 33]
[41 38 29]
[33 30 23]
[31 24 16]
[29 20 13]
[41 34 26]
[59 46 37]
[97 69 58]
[73 15 11]
[143  46  53]
[129  48  54]
[92 81 75]
[ 80 101  92]
[103 122 116]
[108 123 118]
[108 117 112]
[111 114 107]
[93 88 82]
[93 84 75]
[81 74 64]
[73 67 55]
[62 58 46]
[51 47 35]
[96 92 80]
[96 86 76]
[89 69 62]
[110  90  83]
[100  94  80]
[85 88 71]
[144 132 132]
[135 125 124]
[131 125 125]
[167 161 161]
[108 100  98]
[125 110 107]
[152 117 115]
[152  88  89]
[158  51  61]
[175  40  54]
[184  36  50]
[190  35  49]
[190  36  48]
[191  37  49]
[193  38  52]
[190  39  54]
[182  42  55]
[163  37  48]
[148  39  45]
[146  41  48]
[154  44  57]
[141  30  46]
[141  36  51]
[145  44  60]
[142  41  59]
[137  38  56]
[137  39  54]
[137  39  54]
[134  38  50]
[135  37  50]
[138  38  50]
[140  38  51]
[140  33  49]
[135  28  44]
[133  28  43]
[130  28  42]
[132  30  44]
[131  30  44]
[138  37  51]
[131  33  46]
[127  31  43]
[123  31  42]
[121  34  43]
[120  34  43]
[119  33  42]
[121  34  43]
[125  35  45]
[121  35  46]
[114  37  47]
[111  35  45]
[110  33  39]
[116  37  43]
[133  52  59]
[142  69  76]
[130  75  80]
[118  72  75]
[117  72  77]
[123  74  78]
[118  61  68]
[141  78  86]
[152  87  93]
[158  96 101]
[175 120 125]
[204 137 144]
[207 110 121]
[149  28  43]
[160  24  38]
[168  23  36]
[163  19  28]
[167  24  30]
[166  20  30]
[162  21  30]
[153  26  35]
[141  20  29]
[143  23  35]
[145  19  31]
[160  19  35]
[162  14  28]
[162  15  25]
[166  16  27]
[167  15  30]
[166  15  32]
[163  17  30]
[156  20  30]
[145  23  34]
[115  18  29]
[86 24 29]
[62 17 20]
[56 11 14]
[52 12 12]
[48 14 13]
[43 15 12]
[44 18 17]
[46 20 19]
[50 20 20]
[57 27 25]
[57 29 26]
[56 31 26]
[57 30 23]
[55 28 21]
[52 27 22]
[50 25 21]
[50 19 16]
[46 17 13]
[47 22 17]
[58 31 24]
[89 50 43]
[74 10 10]
[150  48  59]
[132  49  59]
[81 71 70]
[66 92 89]
[ 80 108 109]
[ 84 109 113]
[ 86 106 107]
[87 99 99]
[77 77 75]
[82 77 73]
[75 70 64]
[74 70 61]
[62 58 47]
[52 48 36]
[95 89 77]
[99 86 77]
[90 67 61]
[109  91  81]
[102  96  82]
[88 91 74]
[144 129 132]
[127 115 117]
[159 153 153]
[247 243 242]
[148 144 141]
[119 105 102]
[141 107 105]
[143  77  79]
[157  47  58]
[177  39  54]
[187  37  49]
[191  35  48]
[190  36  48]
[193  39  51]
[195  40  54]
[195  40  54]
[194  40  52]
[184  38  48]
[176  42  49]
[177  47  55]
[182  44  59]
[180  39  56]
[181  40  59]
[179  37  59]
[180  38  62]
[177  38  61]
[176  37  60]
[175  38  58]
[175  38  56]
[176  39  57]
[176  39  55]
[174  37  53]
[172  35  53]
[171  34  54]
[170  34  54]
[169  33  53]
[168  35  52]
[166  33  50]
[167  39  54]
[164  36  51]
[163  35  50]
[162  36  50]
[158  38  50]
[155  37  49]
[154  36  48]
[155  37  49]
[156  36  48]
[152  31  46]
[147  30  48]
[141  29  45]
[138  31  41]
[141  35  45]
[152  46  56]
[157  60  69]
[149  62  71]
[142  62  73]
[141  61  74]
[143  63  74]
[138  56  68]
[147  64  74]
[153  70  78]
[161  80  87]
[186 106 115]
[207 120 129]
[199  93 107]
[149  27  42]
[159  24  38]
[166  26  37]
[160  21  28]
[166  23  29]
[171  21  32]
[164  18  29]
[155  19  31]
[150  18  31]
[146  13  30]
[152  15  31]
[155  13  29]
[160  14  27]
[167  17  28]
[166  14  26]
[166  14  27]
[167  15  28]
[163  16  26]
[158  17  25]
[152  18  29]
[134  14  26]
[112  16  27]
[97 11 22]
[92  4 16]
[90  4 13]
[85  8 16]
[82  9 16]
[83 12 20]
[85 12 21]
[86  9 19]
[89 12 22]
[86 13 24]
[84 12 23]
[86 13 20]
[84 11 18]
[81 11 19]
[81 11 19]
[80  9 15]
[73  7 11]
[59  3  4]
[59  5  3]
[69  9  9]
[83  4  9]
[156  43  61]
[134  45  63]
[72 63 68]
[52 86 88]
[47 85 94]
[48 86 97]
[53 86 95]
[60 80 87]
[63 72 77]
[74 74 76]
[71 67 66]
[74 69 65]
[61 57 48]
[53 49 38]
[91 85 73]
[100  87  78]
[88 65 57]
[108  90  80]
[101  95  81]
[88 91 72]
[135 123 127]
[116 106 107]
[151 145 147]
[232 228 227]
[155 154 152]
[119 109 107]
[142 112 110]
[143  81  84]
[156  46  57]
[178  40  55]
[185  39  52]
[187  37  49]
[185  37  49]
[186  38  50]
[191  39  52]
[194  40  52]
[193  35  49]
[196  40  51]
[187  40  48]
[187  40  50]
[190  35  49]
[192  35  52]
[190  31  53]
[193  33  57]
[189  31  56]
[191  33  58]
[190  30  54]
[189  29  53]
[189  30  52]
[191  32  52]
[190  33  52]
[187  30  49]
[186  30  51]
[185  32  52]
[184  31  51]
[181  30  49]
[182  31  48]
[179  31  47]
[180  33  49]
[179  34  49]
[180  35  50]
[178  36  50]
[177  37  50]
[171  35  47]
[170  35  49]
[170  38  51]
[170  38  51]
[164  33  47]
[163  35  50]
[159  33  47]
[160  34  46]
[158  34  45]
[158  34  45]
[158  38  50]
[150  38  52]
[148  40  55]
[146  39  55]
[145  40  55]
[142  37  51]
[148  43  57]
[149  45  56]
[147  43  54]
[150  48  61]
[155  49  63]
[160  42  58]
[156  30  44]
[161  26  40]
[154  17  27]
[164  24  33]
[169  25  34]
[165  17  29]
[167  19  31]
[159  17  31]
[154  13  29]
[154  13  30]
[153  12  28]
[159  17  31]
[164  18  31]
[164  14  25]
[168  16  28]
[167  15  27]
[166  16  27]
[163  16  24]
[162  17  24]
[162  17  30]
[153  18  32]
[140  22  36]
[132  20  32]
[137  21  34]
[136  21  34]
[134  24  35]
[129  23  35]
[128  22  36]
[128  20  36]
[129  17  33]
[133  21  37]
[132  25  41]
[128  21  37]
[128  20  35]
[126  18  31]
[124  18  32]
[128  22  36]
[129  23  35]
[122  22  32]
[114  23  30]
[109  20  26]
[108  16  21]
[129  23  35]
[162  39  59]
[139  47  68]
[83 72 86]
[ 51  89 102]
[ 46  94 116]
[ 42  92 115]
[ 52  95 114]
[ 61  94 109]
[ 74  92 102]
[82 89 95]
[72 73 75]
[68 67 63]
[59 56 51]
[53 49 40]
[88 81 71]
[101  88  79]
[87 62 55]
[109  87  76]
[99 93 77]
[86 89 70]
[121 116 120]
[104  98 100]
[121 112 117]
[160 151 154]
[132 130 131]
[125 116 117]
[143 119 117]
[149  93  94]
[153  47  57]
[169  37  50]
[175  39  51]
[178  42  54]
[179  43  55]
[180  42  55]
[187  41  54]
[190  40  52]
[190  38  51]
[195  41  53]
[192  38  48]
[193  37  48]
[193  36  47]
[193  32  47]
[195  34  52]
[188  31  52]
[184  32  53]
[187  34  55]
[193  31  54]
[189  26  47]
[194  31  50]
[195  34  52]
[188  25  44]
[191  30  48]
[187  28  46]
[186  29  46]
[185  30  46]
[182  30  45]
[182  30  45]
[184  32  47]
[183  33  45]
[181  33  45]
[180  34  45]
[181  35  46]
[177  32  45]
[177  35  47]
[173  35  48]
[172  40  53]
[166  42  52]
[156  39  48]
[154  37  46]
[155  33  44]
[166  36  48]
[165  29  43]
[166  28  43]
[163  26  42]
[161  29  43]
[152  24  39]
[150  24  38]
[148  26  41]
[149  27  42]
[152  27  43]
[154  25  43]
[154  25  43]
[148  25  43]
[149  24  40]
[155  22  39]
[160  23  39]
[163  22  38]
[165  23  37]
[163  21  33]
[163  21  33]
[165  23  35]
[163  18  31]
[164  18  31]
[155  10  25]
[154  14  27]
[155  15  28]
[155  13  25]
[164  18  29]
[168  18  30]
[163  13  24]
[163  16  26]
[164  17  27]
[166  19  27]
[163  16  26]
[163  12  29]
[160  18  34]
[153  22  36]
[149  23  34]
[150  25  33]
[151  24  33]
[152  25  34]
[151  23  36]
[145  17  32]
[150  19  37]
[152  15  33]
[154  17  33]
[151  20  36]
[151  20  36]
[153  18  33]
[154  17  33]
[155  18  34]
[156  19  35]
[155  20  34]
[152  22  34]
[151  23  36]
[149  18  32]
[154  16  31]
[157  16  32]
[168  31  49]
[142  49  70]
[87 78 99]
[ 61 101 127]
[ 46 100 136]
[ 41  99 136]
[ 46 101 131]
[ 54 101 121]
[ 70  98 110]
[72 87 94]
[68 74 74]
[69 71 68]
[56 57 52]
[53 53 45]
[83 79 70]
[103  90  81]
[89 60 52]
[111  84  75]
[95 86 71]
[84 85 69]
[168 168 170]
[104 102 105]
[116 107 112]
[107  98 103]
[90 88 91]
[168 162 162]
[179 159 158]
[167 117 118]
[150  49  57]
[163  39  49]
[162  41  48]
[164  43  50]
[165  43  54]
[170  43  54]
[180  43  53]
[188  44  54]
[188  42  55]
[193  43  55]
[193  39  49]
[193  37  48]
[191  34  45]
[187  33  45]
[188  37  54]
[179  36  54]
[174  39  56]
[176  39  57]
[182  30  51]
[189  30  50]
[192  29  48]
[194  31  50]
[190  27  46]
[191  30  48]
[189  28  44]
[188  30  45]
[186  30  44]
[185  30  44]
[185  30  44]
[184  32  45]
[183  33  44]
[181  34  44]
[179  32  42]
[182  35  45]
[180  30  42]
[179  33  44]
[178  38  51]
[168  41  52]
[164  55  61]
[188  85  89]
[174  68  72]
[158  43  50]
[161  29  42]
[169  28  44]
[173  28  45]
[170  25  42]
[163  21  37]
[165  24  40]
[160  25  40]
[159  27  41]
[159  26  43]
[163  26  44]
[167  26  45]
[166  25  44]
[161  25  45]
[160  25  42]
[162  24  40]
[164  23  39]
[163  21  37]
[164  22  36]
[163  21  35]
[163  21  35]
[164  24  37]
[162  20  34]
[162  17  32]
[158  13  28]
[153  15  28]
[152  14  27]
[155  15  26]
[161  16  29]
[164  13  28]
[166  14  27]
[167  17  28]
[161  14  22]
[165  15  24]
[163  13  24]
[167  16  31]
[170  23  39]
[191  55  67]
[151  21  29]
[151  20  26]
[150  21  25]
[154  28  32]
[148  18  28]
[154  19  33]
[154  13  29]
[163  16  32]
[159  13  26]
[160  15  28]
[160  15  28]
[161  15  28]
[162  14  28]
[163  15  29]
[164  16  30]
[163  17  28]
[162  16  27]
[161  16  31]
[162  14  30]
[169  12  29]
[170  13  32]
[177  26  45]
[151  39  63]
[101  61  88]
[ 75  81 115]
[ 62  95 138]
[ 55 104 145]
[ 52 102 135]
[ 50  96 120]
[ 58  91 110]
[59 81 94]
[55 70 77]
[66 74 77]
[53 57 58]
[53 52 48]
[87 78 71]
[113  93  86]
[99 62 56]
[105  71  62]
[87 75 63]
[85 83 70]
[184 183 188]
[113 111 116]
[159 152 159]
[104  97 104]
[106 105 110]
[181 175 177]
[204 184 185]
[178 130 130]
[145  50  56]
[153  40  46]
[147  41  43]
[147  43  44]
[148  43  48]
[157  44  50]
[174  44  52]
[183  46  54]
[186  44  56]
[190  44  55]
[193  41  53]
[191  39  51]
[186  36  47]
[180  40  51]
[172  46  58]
[158  43  56]
[153  47  59]
[154  44  57]
[173  42  58]
[183  36  55]
[188  29  49]
[192  29  48]
[189  30  48]
[189  32  49]
[187  31  45]
[187  31  45]
[187  31  45]
[186  30  44]
[186  30  44]
[184  32  45]
[181  34  44]
[180  34  44]
[181  34  44]
[181  31  42]
[187  32  46]
[187  37  49]
[170  34  46]
[161  44  52]
[210 118 119]
[255 173 171]
[250 156 156]
[160  51  56]
[157  31  42]
[166  28  43]
[169  27  43]
[169  24  41]
[167  25  41]
[167  29  44]
[163  27  41]
[162  27  41]
[163  28  43]
[166  28  44]
[169  26  44]
[168  27  44]
[164  27  45]
[162  27  44]
[165  27  43]
[165  24  40]
[163  23  36]
[164  24  37]
[164  24  37]
[163  23  34]
[165  23  37]
[161  19  33]
[156  15  31]
[153  17  31]
[150  15  30]
[148  13  28]
[152  17  31]
[158  18  31]
[163  12  29]
[172  15  32]
[168  12  25]
[173  17  28]
[170  16  26]
[169  18  27]
[163  16  26]
[161  20  29]
[215  84  92]
[174  48  52]
[149  20  24]
[134  11  13]
[119   9   8]
[125  15  16]
[146  19  28]
[155  18  28]
[160  19  28]
[159  13  23]
[160  14  24]
[160  14  24]
[159  15  24]
[157  16  24]
[158  17  26]
[161  17  26]
[160  17  23]
[160  17  23]
[158  17  26]
[160  15  30]
[167  14  34]
[169  12  33]
[184  20  44]
[170  26  53]
[137  32  65]
[106  46  82]
[ 92  80 118]
[ 76  94 130]
[ 64  95 124]
[ 65 101 127]
[ 63  97 122]
[ 52  83 104]
[46 68 89]
[ 70  86 101]
[65 72 82]
[64 59 63]
[93 74 70]
[119  84  80]
[113  64  60]
[108  65  59]
[80 66 57]
[71 71 59]
[187 186 191]
[145 144 149]
[172 167 173]
[138 136 141]
[153 152 157]
[190 186 187]
[210 190 191]
[174 126 126]
[141  52  56]
[145  40  44]
[133  42  41]
[132  44  42]
[135  43  44]
[147  44  47]
[168  45  50]
[181  47  54]
[184  47  57]
[187  45  57]
[191  43  55]
[189  41  53]
[180  43  53]
[173  49  59]
[149  48  56]
[123  36  44]
[110  33  41]
[113  30  38]
[153  47  59]
[171  40  56]
[186  33  53]
[191  29  50]
[187  32  48]
[185  33  48]
[186  31  45]
[188  32  46]
[188  30  45]
[188  30  45]
[187  31  45]
[184  32  45]
[180  34  44]
[179  35  44]
[181  35  45]
[181  34  44]
[185  33  46]
[177  31  44]
[167  35  46]
[164  55  60]
[255 178 175]
[218 147 143]
[255 182 180]
[183  85  86]
[160  39  48]
[167  31  45]
[167  26  42]
[168  26  42]
[170  29  45]
[166  28  43]
[165  29  43]
[164  28  42]
[164  27  43]
[166  28  44]
[169  26  44]
[168  25  43]
[164  27  43]
[163  26  42]
[164  26  41]
[165  24  40]
[164  24  37]
[166  26  39]
[165  25  36]
[163  23  34]
[163  23  36]
[157  21  35]
[144  20  31]
[138  20  32]
[139  21  35]
[136  20  33]
[139  23  34]
[148  24  35]
[158  17  33]
[166  15  32]
[167  13  25]
[173  17  28]
[165  14  21]
[169  20  26]
[166  21  28]
[159  23  27]
[189  65  67]
[182  59  61]
[154  28  31]
[144  24  26]
[125  21  18]
[133  28  25]
[146  16  24]
[153  13  22]
[156  15  23]
[161  17  26]
[160  13  21]
[161  14  22]
[160  14  24]
[159  15  24]
[159  15  25]
[160  16  25]
[159  16  20]
[157  17  20]
[156  17  24]
[156  16  27]
[161  13  29]
[168  11  30]
[189  20  41]
[190  22  47]
[170  19  50]
[144  26  60]
[97 32 66]
[93 62 93]
[ 90  77 103]
[ 87  87 111]
[ 79  85 109]
[ 73  81 104]
[62 66 91]
[78 75 96]
[93 79 94]
[92 62 70]
[107  58  61]
[121  60  59]
[127  57  57]
[125  72  68]
[97 78 71]
[78 80 69]
[199 198 204]
[202 201 207]
[203 202 208]
[200 199 205]
[199 200 205]
[204 199 203]
[213 193 194]
[168 122 122]
[138  53  56]
[139  43  44]
[125  46  41]
[123  48  42]
[127  48  44]
[140  46  47]
[165  46  52]
[180  49  57]
[184  48  60]
[186  46  57]
[190  44  57]
[184  44  55]
[174  48  59]
[157  53  60]
[117  41  45]
[80 21 23]
[60 11 14]
[69 12 18]
[112  31  40]
[154  44  57]
[183  37  58]
[188  29  51]
[184  31  49]
[183  31  46]
[187  31  45]
[189  31  46]
[188  30  45]
[188  30  45]
[187  31  45]
[184  32  45]
[180  34  44]
[179  35  44]
[175  34  42]
[178  37  45]
[177  33  43]
[170  34  44]
[169  48  55]
[177  77  79]
[247 172 167]
[136  71  65]
[192 119 113]
[219 129 129]
[154  37  46]
[162  30  44]
[169  28  44]
[170  28  44]
[166  28  43]
[166  30  44]
[168  30  45]
[167  29  44]
[167  29  44]
[169  28  44]
[170  28  44]
[168  27  43]
[165  27  42]
[163  27  41]
[162  26  40]
[163  25  40]
[164  24  37]
[166  26  37]
[164  24  35]
[163  23  36]
[162  24  39]
[149  25  36]
[127  27  35]
[112  25  33]
[113  26  35]
[111  25  34]
[111  26  33]
[125  30  38]
[143  25  39]
[152  17  31]
[166  20  31]
[167  17  26]
[164  19  24]
[159  16  20]
[159  16  18]
[167  33  32]
[157  39  35]
[145  30  27]
[150  24  28]
[153  28  34]
[147  37  38]
[147  31  34]
[162  22  31]
[165  18  28]
[163  19  28]
[156  12  21]
[160  12  24]
[163  12  27]
[164  12  27]
[164  12  27]
[163  12  27]
[161  13  25]
[161  14  22]
[158  15  19]
[153  17  21]
[153  16  23]
[160  14  25]
[167  11  25]
[193  22  38]
[202  23  42]
[198  19  41]
[184  22  46]
[158  31  60]
[125  26  54]
[102  23  45]
[102  41  59]
[102  51  68]
[98 55 74]
[88 44 67]
[100  51  72]
[108  47  65]
[116  40  53]
[133  40  48]
[140  41  44]
[144  50  51]
[142  74  71]
[108  88  79]
[88 92 78]
[197 198 203]
[200 201 206]
[202 203 208]
[198 201 206]
[200 203 208]
[202 197 201]
[216 196 197]
[168 122 124]
[136  54  58]
[136  46  46]
[122  49  42]
[119  52  43]
[124  49  46]
[138  46  47]
[163  46  52]
[180  49  57]
[185  49  61]
[184  46  59]
[187  45  59]
[180  45  59]
[167  53  63]
[141  52  58]
[93 34 38]
[57 17 18]
[49 19 19]
[59 20 23]
[77 16 23]
[137  45  56]
[174  38  58]
[184  28  50]
[187  32  50]
[186  31  47]
[187  31  45]
[188  30  45]
[188  30  45]
[187  31  45]
[186  31  45]
[184  32  45]
[180  34  44]
[176  35  43]
[177  38  45]
[175  38  45]
[174  37  45]
[171  41  49]
[159  44  49]
[223 129 130]
[231 160 156]
[171 111 103]
[199 132 126]
[251 167 165]
[159  45  53]
[161  29  43]
[168  30  45]
[168  27  43]
[168  30  45]
[166  30  44]
[168  30  45]
[167  29  44]
[169  28  44]
[169  28  44]
[169  28  44]
[168  27  43]
[164  28  42]
[163  27  41]
[162  26  40]
[163  27  39]
[162  25  35]
[165  25  36]
[164  24  35]
[161  25  37]
[158  27  41]
[138  31  41]
[101  29  32]
[77 21 22]
[74 17 23]
[70 15 20]
[69 14 17]
[90 24 26]
[120  29  38]
[142  26  37]
[156  20  32]
[162  16  26]
[163  22  28]
[161  21  24]
[160  20  19]
[204  75  70]
[221 110 101]
[154  49  43]
[145  29  32]
[158  38  47]
[164  51  57]
[159  40  46]
[161  19  31]
[162  14  26]
[157  16  24]
[157  16  25]
[159  12  28]
[163  12  29]
[166  11  29]
[166  11  29]
[163  12  29]
[161  13  27]
[160  13  23]
[158  15  21]
[151  15  19]
[153  17  21]
[161  14  24]
[168  10  24]
[194  19  34]
[205  20  36]
[209  16  35]
[205  19  40]
[188  24  49]
[173  27  50]
[156  27  47]
[144  29  44]
[126  26  38]
[121  31  43]
[118  34  50]
[134  45  63]
[131  32  52]
[140  29  45]
[160  36  46]
[163  40  45]
[159  50  53]
[148  73  70]
[107  82  75]
[90 90 78]
[195 198 205]
[194 199 205]
[198 203 209]
[200 205 211]
[193 198 202]
[202 197 201]
[213 193 195]
[164 118 120]
[136  56  59]
[135  47  46]
[120  50  42]
[119  52  43]
[124  49  46]
[137  45  46]
[165  45  54]
[182  48  59]
[184  48  58]
[184  46  59]
[186  46  59]
[177  49  62]
[157  55  66]
[124  49  54]
[79 33 36]
[58 29 31]
[62 40 42]
[68 39 41]
[69 27 29]
[115  39  49]
[160  37  55]
[179  30  50]
[188  31  50]
[189  30  48]
[187  29  44]
[188  30  45]
[187  31  45]
[187  31  45]
[186  31  45]
[184  32  45]
[180  34  44]
[176  35  43]
[173  36  43]
[171  36  42]
[173  39  46]
[167  42  48]
[161  51  54]
[255 182 183]
[255 193 188]
[243 184 176]
[248 185 178]
[255 188 187]
[177  63  71]
[164  32  46]
[169  31  47]
[167  26  43]
[169  31  46]
[165  29  43]
[167  29  42]
[169  29  42]
[167  29  42]
[167  29  42]
[167  29  42]
[165  29  41]
[164  28  40]
[162  28  39]
[162  28  39]
[164  28  40]
[164  27  37]
[166  26  37]
[165  25  36]
[158  28  38]
[147  31  40]
[118  31  37]
[69 21 19]
[42 14 10]
[35  9  8]
[33  7  6]
[32  8  4]
[49 14 12]
[84 24 26]
[123  32  39]
[152  25  36]
[163  18  31]
[157  16  24]
[161  21  24]
[162  22  21]
[207  80  73]
[224 123 111]
[162  72  63]
[138  42  43]
[136  35  43]
[145  38  48]
[147  27  39]
[153  19  30]
[159  19  30]
[151  15  27]
[152  16  28]
[154  13  30]
[159  14  31]
[164  11  29]
[164  11  29]
[159  12  28]
[158  13  28]
[159  13  26]
[157  13  23]
[154  15  20]
[155  14  20]
[164  13  22]
[174   9  23]
[196  19  37]
[207  20  41]
[207  16  34]
[205  18  37]
[200  22  44]
[193  24  45]
[193  28  45]
[191  35  48]
[183  37  47]
[177  43  50]
[194  70  80]
[233 113 125]
[182  55  72]
[175  40  55]
[180  39  48]
[174  39  43]
[164  52  50]
[154  77  71]
[111  80  75]
[97 90 82]
[194 199 205]
[195 200 206]
[191 198 204]
[195 202 208]
[195 200 204]
[202 200 203]
[216 196 198]
[157 111 113]
[137  58  61]
[136  48  47]
[123  50  44]
[121  52  45]
[126  48  46]
[140  45  49]
[165  45  54]
[181  49  60]
[184  50  59]
[184  48  60]
[184  48  62]
[173  51  64]
[149  56  66]
[110  45  51]
[72 33 36]
[64 42 44]
[64 44 46]
[66 44 46]
[78 46 47]
[93 32 39]
[149  38  54]
[177  36  55]
[187  30  49]
[190  29  47]
[187  29  44]
[187  31  45]
[187  31  45]
[186  31  45]
[186  31  45]
[183  33  45]
[180  34  44]
[176  35  43]
[178  39  46]
[171  34  41]
[173  36  46]
[168  38  46]
[163  50  56]
[228 136 137]
[233 166 160]
[191 134 127]
[217 154 147]
[255 186 185]
[177  63  71]
[159  27  41]
[167  29  45]
[169  28  45]
[167  29  44]
[166  30  44]
[167  29  42]
[168  30  43]
[168  30  43]
[168  32  44]
[167  33  44]
[166  32  43]
[163  31  42]
[162  30  41]
[162  28  39]
[165  29  41]
[163  27  37]
[163  27  37]
[162  28  39]
[152  31  40]
[129  32  39]
[96 30 31]
[43 14 10]
[22 11  5]
[20  9  7]
[21 11  9]
[19 12  6]
[26  8  4]
[52 14 13]
[99 28 32]
[138  22  33]
[156  18  31]
[161  21  30]
[160  19  25]
[164  20  20]
[166  37  32]
[138  37  27]
[160  77  69]
[136  58  58]
[129  48  54]
[151  55  66]
[130  24  36]
[139  28  37]
[137  21  30]
[141  25  34]
[138  20  32]
[140  19  34]
[146  20  34]
[151  19  32]
[152  18  29]
[146  19  30]
[148  18  30]
[155  14  30]
[157  12  25]
[156  15  23]
[157  12  17]
[165   9  20]
[177  11  25]
[203  24  43]
[210  27  45]
[205  23  36]
[204  22  35]
[202  24  40]
[204  25  44]
[206  25  42]
[200  25  38]
[193  32  38]
[185  39  40]
[206  76  78]
[255 130 134]
[197  65  76]
[183  46  56]
[185  40  45]
[177  43  40]
[165  58  48]
[158  86  74]
[111  81  73]
[94 85 80]
[190 197 203]
[193 200 206]
[193 200 206]
[193 200 206]
[194 201 207]
[199 198 203]
[213 194 196]
[142 100 101]
[135  59  61]
[138  50  49]
[124  49  44]
[122  49  43]
[129  49  50]
[139  44  50]
[164  47  56]
[177  50  59]
[181  51  59]
[184  52  63]
[183  51  65]
[173  55  69]
[142  57  64]
[100  44  47]
[72 40 41]
[67 45 47]
[64 44 46]
[63 41 44]
[70 44 45]
[87 36 41]
[135  39  51]
[166  35  51]
[183  30  48]
[190  29  45]
[186  31  45]
[184  32  45]
[186  31  45]
[186  31  45]
[186  31  45]
[183  33  45]
[181  35  46]
[179  38  47]
[182  38  47]
[178  34  43]
[180  32  46]
[176  36  47]
[164  43  52]
[181  85  87]
[226 159 153]
[129  72  63]
[177 110 104]
[233 147 148]
[156  40  49]
[160  25  40]
[172  31  47]
[168  27  43]
[168  32  46]
[167  31  45]
[166  28  41]
[171  33  46]
[169  35  46]
[167  35  46]
[167  37  47]
[166  36  46]
[161  34  43]
[165  35  45]
[166  32  43]
[165  31  42]
[162  28  37]
[161  31  41]
[156  30  41]
[144  35  41]
[114  38  40]
[67 19 17]
[30 11  7]
[22 14 11]
[23 14 15]
[23 14 15]
[20 16 13]
[24 15 10]
[34 10  8]
[71 16 19]
[123  21  32]
[154  23  37]
[161  21  34]
[162  16  26]
[165  16  20]
[160  24  24]
[142  33  30]
[187 104 100]
[147  85  86]
[124  65  69]
[210 137 146]
[199 120 126]
[140  66  67]
[132  58  57]
[134  52  58]
[132  45  53]
[128  41  49]
[127  36  43]
[130  34  38]
[139  40  43]
[150  54  56]
[141  34  40]
[145  14  28]
[156  14  30]
[157  11  21]
[160   9  18]
[170  10  20]
[174   6  19]
[199  22  38]
[210  32  44]
[197  29  29]
[197  31  31]
[200  29  37]
[197  25  37]
[208  33  50]
[199  33  47]
[186  39  45]
[189  61  60]
[180  73  67]
[180  76  73]
[169  54  59]
[184  59  63]
[180  47  42]
[172  50  35]
[166  74  51]
[152  91  70]
[105  78  67]
[96 89 81]
[194 201 207]
[195 202 208]
[195 202 208]
[195 202 208]
[193 200 206]
[196 195 200]
[208 192 193]
[138  98  98]
[136  61  65]
[138  52  53]
[125  50  45]
[123  48  45]
[130  48  52]
[139  44  50]
[161  50  57]
[174  53  62]
[179  55  63]
[184  59  67]
[184  56  69]
[172  60  72]
[131  54  60]
[90 42 42]
[71 41 41]
[75 55 54]
[83 61 64]
[92 70 73]
[68 46 48]
[76 34 36]
[119  33  42]
[165  45  57]
[181  33  49]
[190  32  47]
[186  31  45]
[183  33  45]
[184  32  45]
[184  32  45]
[184  32  45]
[182  34  46]
[180  36  46]
[181  37  47]
[180  36  45]
[179  32  42]
[184  34  46]
[182  37  50]
[165  38  47]
[154  49  53]
[255 180 177]
[151  86  80]
[244 169 166]
[192  97 101]
[152  32  42]
[163  26  42]
[169  28  44]
[165  24  40]
[169  33  47]
[163  28  42]
[167  31  43]
[174  38  50]
[174  42  53]
[174  44  54]
[172  45  54]
[167  42  50]
[162  37  45]
[161  36  44]
[164  32  43]
[164  30  41]
[160  30  40]
[158  33  41]
[152  32  42]
[133  36  43]
[94 34 34]
[48 17 14]
[26 12  9]
[22 18 15]
[25 19 19]
[27 21 21]
[27 23 20]
[28 20 17]
[29 15 12]
[51 11 12]
[114  27  36]
[144  23  38]
[158  20  35]
[166  18  30]
[166  17  23]
[157  21  23]
[145  33  32]
[202 118 118]
[140  86  86]
[118  72  75]
[201 138 147]
[229 164 170]
[222 168 166]
[224 171 167]
[226 161 165]
[226 160 164]
[216 151 155]
[205 139 141]
[205 133 134]
[212 136 136]
[217 141 141]
[201 109 112]
[142  20  33]
[154  12  28]
[159  11  23]
[164  10  20]
[169   9  21]
[172   6  18]
[197  22  35]
[207  37  40]
[222  66  53]
[191  38  22]
[197  32  30]
[197  26  34]
[200  28  44]
[191  30  45]
[201  65  69]
[220 105 102]
[223 129 121]
[201 108 100]
[218 110 110]
[239 119 118]
[192  64  53]
[180  63  43]
[245 160 131]
[131  80  51]
[107  85  71]
[93 89 80]
[195 200 206]
[193 198 204]
[192 197 203]
[193 198 204]
[192 197 203]
[198 197 202]
[215 199 200]
[145 105 105]
[133  61  64]
[136  52  52]
[125  50  47]
[122  48  45]
[128  48  51]
[135  44  51]
[155  51  58]
[168  57  64]
[174  59  64]
[181  62  68]
[184  59  73]
[170  62  75]
[122  51  55]
[86 42 41]
[75 50 46]
[87 69 67]
[74 52 54]
[104  82  84]
[84 64 63]
[71 32 33]
[111  36  43]
[150  40  51]
[173  33  46]
[185  30  44]
[184  32  45]
[183  33  45]
[183  32  47]
[183  32  47]
[183  33  45]
[182  34  46]
[180  36  45]
[181  37  46]
[183  39  48]
[182  36  46]
[179  31  43]
[176  31  44]
[172  40  51]
[153  38  45]
[241 149 152]
[255 186 186]
[255 178 178]
[157  52  57]
[156  30  42]
[170  32  48]
[170  29  45]
[165  27  42]
[171  35  49]
[167  32  46]
[166  32  43]
[172  40  51]
[175  48  57]
[176  51  59]
[174  50  60]
[166  45  54]
[160  39  48]
[159  35  43]
[163  33  43]
[162  32  42]
[160  33  42]
[154  33  42]
[147  36  45]
[124  37  45]
[76 28 28]
[36 15 10]
[28 18 16]
[30 26 23]
[33 27 27]
[32 26 26]
[31 26 23]
[30 22 20]
[30 20 18]
[42 10 11]
[96 20 30]
[132  22  35]
[153  16  32]
[165  17  31]
[161  16  23]
[153  20  25]
[143  33  36]
[204 119 122]
[146  94  96]
[114  69  72]
[203 140 149]
[218 153 161]
[210 156 156]
[216 165 164]
[226 165 170]
[199 138 143]
[184 129 132]
[216 162 162]
[214 154 156]
[233 167 169]
[218 148 148]
[237 151 154]
[142  22  34]
[156  15  31]
[157   7  19]
[167  13  23]
[166   9  20]
[178  14  23]
[194  23  31]
[199  34  28]
[255 151 119]
[205  62  28]
[195  31  21]
[204  31  35]
[202  32  43]
[195  39  50]
[202  72  74]
[223 114 109]
[255 168 157]
[255 181 173]
[255 168 165]
[255 131 129]
[197  65  53]
[177  60  40]
[207 126  96]
[137  90  62]
[108  90  76]
[87 84 77]
[197 202 208]
[195 200 206]
[196 201 207]
[197 202 208]
[195 198 205]
[198 196 201]
[207 191 192]
[128  88  88]
[130  58  61]
[135  51  51]
[125  50  47]
[123  49  48]
[130  49  55]
[135  46  52]
[154  54  62]
[167  60  66]
[174  64  67]
[179  64  71]
[180  60  72]
[165  61  72]
[113  47  49]
[80 40 38]
[74 50 46]
[81 63 59]
[47 26 25]
[52 31 30]
[111  91  90]
[71 35 35]
[102  33  38]
[147  43  52]
[181  45  57]
[190  38  51]
[185  30  44]
[183  31  44]
[181  33  47]
[180  34  47]
[181  33  45]
[180  34  45]
[181  35  45]
[180  36  45]
[180  36  45]
[177  33  42]
[180  36  46]
[179  38  47]
[171  35  47]
[165  41  51]
[169  60  66]
[235 132 136]
[212 105 111]
[149  33  42]
[161  29  43]
[170  32  48]
[173  32  48]
[173  35  50]
[171  35  49]
[169  34  48]
[165  33  44]
[171  41  51]
[174  49  57]
[172  51  58]
[170  49  58]
[166  46  55]
[161  41  50]
[159  38  47]
[160  35  41]
[159  32  39]
[160  34  45]
[153  33  45]
[143  37  49]
[116  37  43]
[61 23 22]
[31 18 12]
[29 21 18]
[31 27 24]
[34 29 26]
[34 29 26]
[32 27 24]
[29 21 19]
[32 24 21]
[36 12 12]
[74 15 21]
[122  29  39]
[152  21  35]
[166  20  33]
[160  21  28]
[153  24  29]
[142  26  35]
[178  85  93]
[142  77  83]
[114  54  62]
[163  85  98]
[172  92 103]
[173 104 109]
[210 145 149]
[182 112 120]
[147  77  85]
[154  92  95]
[180 116 117]
[186 115 121]
[187 112 117]
[195 116 119]
[195 100 104]
[142  20  31]
[150  10  23]
[160  12  26]
[161   7  19]
[167  11  24]
[172  10  21]
[195  24  32]
[193  28  22]
[255 120  86]
[216  74  38]
[195  33  22]
[204  34  37]
[195  28  38]
[193  36  45]
[205  69  71]
[227 107 106]
[232 125 119]
[236 129 123]
[217  94  96]
[209  79  79]
[198  61  55]
[175  55  41]
[155  73  51]
[131  83  61]
[113  90  82]
[99 91 88]
[199 202 209]
[199 202 209]
[200 203 210]
[200 203 210]
[200 201 206]
[207 201 205]
[212 192 194]
[128  84  85]
[133  57  61]
[135  49  50]
[127  49  49]
[124  48  48]
[130  49  55]
[135  48  56]
[155  58  67]
[170  65  72]
[174  65  70]
[180  66  74]
[179  63  76]
[160  63  74]
[105  45  47]
[77 42 38]
[81 58 52]
[75 58 51]
[46 27 23]
[43 23 22]
[111  91  90]
[71 37 36]
[101  35  39]
[137  37  47]
[177  42  56]
[185  33  48]
[186  29  46]
[186  31  47]
[181  33  47]
[179  34  47]
[180  34  45]
[180  34  45]
[181  35  45]
[182  36  46]
[179  38  46]
[177  38  45]
[173  34  41]
[175  38  46]
[170  34  46]
[173  38  52]
[165  37  50]
[171  45  57]
[163  41  52]
[159  33  44]
[166  30  44]
[172  31  47]
[177  39  54]
[182  46  60]
[174  39  53]
[166  34  47]
[165  35  47]
[167  41  52]
[170  49  58]
[170  50  59]
[168  48  58]
[167  47  57]
[165  45  55]
[162  42  51]
[159  36  41]
[158  33  39]
[160  34  45]
[149  31  45]
[138  36  50]
[106  33  42]
[51 20 18]
[31 22 17]
[32 24 21]
[34 29 26]
[34 30 27]
[38 35 30]
[36 33 28]
[33 28 24]
[33 28 25]
[36 18 16]
[50 10 11]
[105  33  37]
[139  22  31]
[156  19  29]
[154  19  26]
[149  18  26]
[136  11  25]
[142  30  46]
[137  41  55]
[113  21  34]
[121  14  30]
[118  12  26]
[127  30  41]
[162  71  80]
[129  37  48]
[122  30  41]
[121  28  36]
[129  34  40]
[127  25  36]
[136  32  41]
[144  39  44]
[147  34  40]
[140  13  24]
[156  16  29]
[158  12  25]
[159   7  20]
[168  12  26]
[173   8  22]
[193  16  32]
[211  37  39]
[197  42  22]
[196  45  24]
[191  34  29]
[189  26  31]
[195  30  37]
[192  31  39]
[195  42  47]
[207  62  67]
[189  50  55]
[187  48  53]
[176  35  43]
[181  38  44]
[194  49  54]
[182  56  57]
[184  97  90]
[163 108 101]
[143 113 113]
[134 115 119]
[197 200 207]
[197 200 207]
[195 198 205]
[195 195 203]
[196 195 201]
[207 196 202]
[215 190 194]
[134  85  88]
[134  55  60]
[138  48  50]
[128  48  49]
[126  47  50]
[130  48  54]
[136  46  55]
[157  57  67]
[172  65  75]
[173  62  69]
[180  66  74]
[178  66  80]
[158  65  75]
[100  44  45]
[78 45 40]
[96 73 67]
[80 61 54]
[54 35 29]
[43 24 20]
[93 73 72]
[77 43 44]
[90 25 31]
[142  45  56]
[174  39  54]
[185  32  50]
[187  30  47]
[187  32  48]
[181  35  48]
[180  35  48]
[180  36  46]
[180  36  46]
[182  36  46]
[182  36  46]
[178  37  45]
[180  41  48]
[175  36  43]
[176  36  45]
[180  40  51]
[172  32  45]
[171  33  48]
[171  35  49]
[168  33  47]
[169  34  48]
[173  32  48]
[175  34  50]
[176  40  54]
[179  44  58]
[179  44  58]
[167  35  48]
[165  35  47]
[166  42  52]
[168  48  57]
[168  51  59]
[169  49  59]
[170  50  60]
[169  49  59]
[164  44  53]
[162  39  44]
[160  35  41]
[160  34  46]
[149  32  48]
[133  37  51]
[96 30 40]
[45 19 20]
[32 24 21]
[38 28 26]
[42 32 30]
[40 32 29]
[43 38 34]
[38 33 29]
[36 31 27]
[34 26 24]
[39 23 23]
[47 17 15]
[93 33 33]
[132  25  31]
[152  21  29]
[154  20  27]
[153  19  30]
[148  15  32]
[143  14  34]
[142  21  40]
[133  12  31]
[145  18  37]
[139  14  30]
[130  12  26]
[130  15  28]
[129  14  29]
[128  13  28]
[127  11  22]
[127   9  21]
[132  10  25]
[125   3  16]
[127   3  13]
[128   3  11]
[141   9  20]
[150  12  25]
[153   6  22]
[167  16  31]
[161   6  20]
[177  12  28]
[200  21  40]
[205  27  39]
[193  30  25]
[247  90  83]
[223  65  66]
[186  25  31]
[189  25  32]
[189  25  32]
[186  22  31]
[185  23  34]
[177  15  28]
[183  22  37]
[189  33  46]
[187  33  45]
[193  43  54]
[180  53  60]
[176  87  89]
[183 127 128]
[167 135 138]
[161 142 144]
[191 194 201]
[194 197 204]
[197 198 203]
[198 197 203]
[201 196 203]
[207 192 199]
[216 185 191]
[138  86  90]
[137  55  61]
[141  49  52]
[133  51  53]
[131  51  54]
[136  49  57]
[140  44  55]
[160  54  66]
[175  60  73]
[180  62  74]
[182  64  76]
[176  64  80]
[153  63  73]
[94 43 42]
[73 42 37]
[110  85  78]
[85 65 58]
[50 29 24]
[66 47 43]
[70 49 48]
[81 45 47]
[93 28 36]
[139  41  54]
[172  35  53]
[188  33  51]
[187  32  48]
[185  33  48]
[182  36  49]
[179  37  49]
[179  37  49]
[181  37  47]
[182  36  46]
[182  36  46]
[182  39  45]
[179  36  42]
[183  39  48]
[178  32  43]
[177  31  44]
[181  36  51]
[170  32  47]
[176  38  53]
[178  37  53]
[173  31  45]
[175  33  47]
[174  34  47]
[169  33  45]
[168  34  45]
[173  38  52]
[166  34  47]
[163  36  47]
[164  40  50]
[164  47  56]
[166  50  59]
[169  49  59]
[172  52  62]
[172  52  64]
[167  45  56]
[165  40  46]
[161  34  41]
[158  32  44]
[149  34  51]
[127  39  53]
[87 30 39]
[42 20 22]
[33 25 22]
[41 25 25]
[52 34 34]
[56 42 41]
[68 57 53]
[67 58 53]
[64 54 52]
[41 31 30]
[37 21 21]
[46 18 17]
[80 24 25]
[130  32  33]
[151  26  30]
[154  19  26]
[156  16  29]
[161  18  38]
[159  15  40]
[159  15  38]
[158  17  36]
[151  13  29]
[154  19  33]
[148  16  30]
[151  19  33]
[152  15  33]
[153  16  34]
[151  18  35]
[144  13  29]
[147  14  33]
[145  12  29]
[149  15  26]
[146  12  23]
[147  11  25]
[152  14  29]
[160  13  29]
[158   7  22]
[165  11  21]
[173  11  24]
[192  16  36]
[204  25  44]
[197  27  38]
[211  45  55]
[225  61  70]
[201  37  46]
[189  26  31]
[190  25  31]
[196  26  39]
[199  27  43]
[199  23  44]
[195  22  42]
[194  29  45]
[198  40  54]
[192  42  54]
[175  49  60]
[171  84  90]
[184 133 132]
[177 152 148]
[161 150 144]
[129 129 137]
[134 137 142]
[144 145 150]
[154 153 159]
[168 161 168]
[182 165 173]
[204 169 176]
[139  82  89]
[141  55  64]
[148  53  61]
[144  55  61]
[144  55  61]
[146  53  63]
[147  47  59]
[161  53  66]
[173  58  71]
[182  64  78]
[180  62  76]
[171  60  76]
[153  63  73]
[96 46 45]
[78 49 41]
[125 100  93]
[98 75 69]
[54 33 28]
[71 52 48]
[65 45 44]
[82 48 49]
[92 27 35]
[141  40  54]
[174  35  54]
[187  30  51]
[187  32  50]
[184  33  48]
[182  36  49]
[179  37  49]
[180  35  48]
[180  36  46]
[182  36  47]
[182  36  46]
[179  35  44]
[182  36  46]
[183  37  47]
[179  33  44]
[178  32  43]
[180  35  48]
[176  36  49]
[173  35  48]
[175  33  47]
[179  34  49]
[174  32  46]
[170  33  43]
[167  33  44]
[165  33  44]
[169  35  46]
[164  32  45]
[164  37  48]
[163  39  50]
[165  45  55]
[166  49  58]
[169  49  61]
[174  54  66]
[172  54  66]
[168  48  58]
[165  40  48]
[160  33  42]
[157  29  44]
[148  33  50]
[123  39  54]
[82 29 39]
[40 20 22]
[31 23 21]
[45 29 30]
[64 46 46]
[84 66 66]
[116 101  98]
[128 114 111]
[119 108 104]
[64 54 52]
[38 22 22]
[44 18 17]
[73 21 23]
[140  46  47]
[159  36  41]
[157  20  28]
[158  13  26]
[162  15  34]
[161  12  34]
[166  12  36]
[161   9  30]
[162  17  34]
[158  16  30]
[154  12  26]
[157  12  29]
[161  12  32]
[161  12  32]
[154  11  29]
[157  16  35]
[154  13  32]
[155  14  31]
[157  15  29]
[156  16  29]
[148  10  25]
[153  15  30]
[157  12  27]
[159  11  25]
[167  13  23]
[176  14  27]
[192  16  36]
[204  25  47]
[201  25  45]
[197  24  43]
[231  59  75]
[236  66  77]
[202  35  42]
[197  30  37]
[199  27  39]
[202  27  44]
[205  26  48]
[205  29  50]
[201  33  50]
[192  34  48]
[195  45  57]
[180  56  66]
[170  88  92]
[187 139 137]
[177 153 149]
[167 158 151]
[89 88 94]
[88 89 93]
[85 89 92]
[87 88 92]
[90 85 89]
[108  89  95]
[127  87  96]
[133  73  85]
[140  56  71]
[153  57  71]
[154  53  69]
[156  54  68]
[156  51  65]
[159  55  66]
[170  63  73]
[172  62  73]
[176  64  76]
[180  68  80]
[172  60  74]
[154  63  70]
[99 48 44]
[75 47 36]
[150 127 119]
[131 110 105]
[53 32 29]
[58 38 37]
[66 51 48]
[74 44 44]
[95 28 35]
[142  37  52]
[175  33  55]
[188  30  53]
[183  32  49]
[181  33  47]
[180  34  45]
[181  37  47]
[183  37  48]
[182  36  47]
[181  35  46]
[181  35  46]
[182  36  47]
[182  36  47]
[182  36  47]
[177  33  43]
[179  35  45]
[176  34  46]
[177  37  48]
[175  35  46]
[176  36  47]
[173  33  44]
[171  34  44]
[169  34  41]
[166  32  41]
[168  34  43]
[168  36  47]
[165  33  46]
[166  36  48]
[165  37  50]
[166  41  55]
[167  47  59]
[168  50  64]
[171  55  68]
[172  57  70]
[171  55  66]
[167  46  55]
[162  36  47]
[158  27  45]
[149  32  51]
[124  37  54]
[83 29 42]
[35 16 20]
[29 25 24]
[43 34 35]
[77 65 67]
[92 73 75]
[110  92  92]
[116 102  99]
[155 146 141]
[78 71 65]
[37 23 20]
[45 19 20]
[69 17 21]
[125  30  36]
[148  24  32]
[161  22  29]
[162  15  25]
[161  15  28]
[162  13  32]
[165  13  34]
[164  13  32]
[162  14  30]
[161  15  28]
[161  13  27]
[161  13  29]
[160  11  30]
[160  11  31]
[159  12  31]
[159  12  30]
[160  11  30]
[160  11  30]
[159  12  28]
[156  14  28]
[154  14  27]
[152  14  27]
[155  13  27]
[159  11  25]
[164   9  23]
[176  11  28]
[191  18  37]
[201  22  43]
[203  22  41]
[202  21  40]
[211  30  49]
[232  54  70]
[207  36  45]
[203  34  41]
[197  26  35]
[204  32  44]
[206  34  48]
[203  32  48]
[197  32  46]
[196  40  53]
[192  44  56]
[176  55  62]
[169  93  93]
[190 146 143]
[180 159 156]
[168 157 155]
[127 125 130]
[126 125 130]
[123 124 128]
[120 121 125]
[117 112 116]
[121 104 110]
[127  92  99]
[124  72  84]
[139  68  84]
[140  57  73]
[146  55  72]
[151  57  73]
[157  61  73]
[154  58  69]
[161  66  74]
[165  68  77]
[177  75  86]
[173  69  80]
[169  65  76]
[148  61  67]
[93 44 39]
[75 47 36]
[136 113 105]
[128 107 102]
[62 38 38]
[51 30 29]
[76 61 58]
[74 43 41]
[97 30 37]
[144  39  54]
[173  34  55]
[189  33  55]
[183  34  53]
[182  37  50]
[182  37  50]
[181  36  49]
[180  35  48]
[181  35  46]
[182  36  47]
[185  39  50]
[180  34  45]
[181  35  46]
[182  38  48]
[178  34  44]
[178  34  44]
[174  33  42]
[176  34  46]
[173  33  44]
[176  34  46]
[172  32  43]
[172  32  43]
[169  32  40]
[165  30  37]
[165  31  40]
[165  33  44]
[164  32  43]
[164  34  46]
[164  36  49]
[167  41  55]
[168  46  61]
[167  49  63]
[169  53  66]
[170  55  68]
[169  55  65]
[167  47  56]
[162  38  48]
[157  28  46]
[147  31  50]
[121  37  53]
[81 29 41]
[35 16 20]
[28 26 27]
[42 38 39]
[78 68 69]
[84 65 67]
[76 56 57]
[104  90  87]
[166 157 152]
[146 139 131]
[56 43 37]
[44 18 19]
[68 13 19]
[121  24  33]
[144  19  27]
[159  18  26]
[161  14  22]
[160  14  25]
[160  13  29]
[162  13  32]
[162  13  32]
[161  13  29]
[163  13  25]
[164  12  25]
[163  11  26]
[162  11  30]
[160  11  30]
[162  11  30]
[162  11  30]
[163  10  28]
[162  11  28]
[160  12  28]
[158  13  28]
[154  14  27]
[154  14  27]
[155  13  27]
[159  11  27]
[165   8  25]
[177  10  28]
[193  17  38]
[203  22  41]
[206  20  41]
[206  19  38]
[200  13  34]
[211  28  46]
[203  29  39]
[201  30  38]
[205  34  42]
[202  31  40]
[203  31  43]
[201  31  44]
[199  34  48]
[189  33  46]
[191  43  55]
[183  64  70]
[173  99  98]
[186 147 142]
[177 156 155]
[172 162 161]
[171 161 170]
[168 161 169]
[163 162 167]
[164 163 168]
[161 159 162]
[163 152 156]
[165 144 151]
[161 128 137]
[153 107 118]
[138  82  93]
[132  70  81]
[128  62  72]
[138  68  78]
[138  67  75]
[148  75  84]
[157  80  88]
[160  74  83]
[160  70  80]
[159  69  79]
[141  66  71]
[91 48 42]
[72 45 36]
[97 77 70]
[116  95  90]
[78 54 54]
[54 30 30]
[90 69 68]
[72 36 36]
[95 25 33]
[142  40  53]
[170  34  54]
[182  33  55]
[179  33  52]
[178  36  52]
[179  37  53]
[179  37  51]
[178  36  50]
[180  35  48]
[180  35  48]
[181  36  49]
[180  34  47]
[181  35  48]
[183  37  50]
[180  34  47]
[180  34  47]
[176  31  44]
[177  32  45]
[176  31  44]
[178  31  47]
[175  28  44]
[174  29  44]
[172  30  42]
[165  28  38]
[164  28  38]
[165  31  42]
[164  32  43]
[163  33  45]
[163  35  48]
[167  41  53]
[167  45  58]
[167  47  59]
[166  50  61]
[167  53  63]
[168  54  62]
[165  50  57]
[159  42  50]
[154  32  47]
[142  34  50]
[118  37  52]
[79 29 38]
[32 16 17]
[28 27 25]
[40 36 35]
[93 83 84]
[68 49 51]
[58 38 39]
[83 68 65]
[162 151 147]
[180 169 163]
[84 69 64]
[47 18 20]
[69 12 18]
[119  19  29]
[143  16  25]
[158  17  25]
[161  14  22]
[162  16  27]
[161  14  30]
[161  14  32]
[162  14  30]
[161  13  27]
[163  13  25]
[166  11  25]
[165  10  24]
[163  10  28]
[163  10  30]
[162  11  30]
[160  12  28]
[162  11  28]
[160  12  28]
[159  12  28]
[155  13  27]
[154  14  27]
[154  14  27]
[155  13  27]
[159  11  27]
[169   8  26]
[179  10  29]
[195  16  38]
[206  20  41]
[210  18  41]
[209  17  38]
[205  16  36]
[203  21  36]
[201  27  37]
[197  28  35]
[202  31  39]
[202  28  38]
[204  28  41]
[206  31  46]
[199  31  46]
[189  31  45]
[191  45  56]
[183  66  72]
[171 100  98]
[188 151 145]
[178 158 157]
[171 163 161]
[172 159 169]
[168 158 167]
[164 159 165]
[165 163 168]
[165 163 166]
[169 163 167]
[175 162 169]
[176 157 163]
[180 155 161]
[173 142 148]
[175 140 146]
[168 128 136]
[167 122 129]
[157 108 114]
[145  92 100]
[136  79  86]
[143  78  86]
[149  79  89]
[141  70  78]
[127  68  72]
[90 55 51]
[69 46 40]
[76 57 51]
[131 110 107]
[78 54 54]
[62 36 37]
[94 70 68]
[73 37 37]
[91 29 34]
[136  46  55]
[159  42  58]
[171  40  56]
[172  41  57]
[171  40  56]
[171  40  56]
[172  40  54]
[175  40  55]
[176  40  54]
[175  39  53]
[175  37  50]
[178  38  51]
[179  37  51]
[180  38  52]
[177  35  49]
[180  35  50]
[177  32  47]
[177  32  47]
[176  31  46]
[177  30  48]
[174  27  45]
[172  27  44]
[170  28  44]
[165  27  40]
[163  27  39]
[163  29  40]
[163  31  44]
[161  31  43]
[161  34  45]
[165  39  51]
[167  43  54]
[164  44  54]
[162  46  55]
[164  50  58]
[164  51  57]
[166  51  56]
[160  45  52]
[156  35  50]
[143  36  52]
[118  38  51]
[78 28 37]
[33 14 16]
[26 25 23]
[40 34 34]
[72 62 61]
[58 42 42]
[62 44 44]
[72 58 55]
[151 140 136]
[184 175 168]
[89 74 69]
[47 21 20]
[70 15 20]
[120  18  29]
[147  17  27]
[157  18  25]
[161  16  23]
[162  16  27]
[162  16  29]
[161  16  31]
[161  14  30]
[162  14  28]
[163  13  24]
[164  12  24]
[163  11  24]
[163  10  28]
[162  11  28]
[160  12  28]
[160  12  28]
[160  12  28]
[160  12  28]
[158  11  27]
[155  13  27]
[154  14  27]
[153  13  26]
[154  12  26]
[161  10  25]
[169   8  26]
[181  10  29]
[195  16  37]
[207  20  41]
[210  18  39]
[209  17  38]
[205  16  36]
[203  21  36]
[197  26  35]
[195  28  35]
[190  23  30]
[192  25  33]
[191  21  34]
[189  21  36]
[191  26  40]
[191  35  48]
[190  44  57]
[180  65  72]
[173 103 103]
[189 152 146]
[180 162 160]
[172 164 162]
[175 159 169]
[172 159 168]
[169 159 167]
[169 162 169]
[168 163 169]
[166 161 167]
[170 163 170]
[169 163 167]
[171 162 167]
[173 162 166]
[180 168 170]
[178 162 165]
[179 156 162]
[186 157 162]
[183 148 155]
[181 141 149]
[165 125 133]
[164 121 128]
[152 107 112]
[135  94  98]
[103  78  74]
[64 47 40]
[74 56 52]
[135 115 114]
[136 112 112]
[104  78  79]
[82 58 56]
[62 31 29]
[80 30 31]
[121  52  55]
[139  52  60]
[147  47  57]
[153  47  59]
[157  46  62]
[157  45  61]
[159  44  59]
[162  44  60]
[165  44  59]
[168  43  59]
[169  43  57]
[171  40  56]
[171  38  55]
[174  39  56]
[173  36  54]
[176  37  56]
[173  32  51]
[172  31  50]
[169  28  47]
[168  30  46]
[167  29  45]
[165  27  43]
[164  27  43]
[164  27  43]
[162  27  42]
[164  27  43]
[165  30  45]
[165  30  45]
[163  31  45]
[163  35  48]
[165  41  52]
[163  43  53]
[161  46  53]
[161  48  54]
[161  48  54]
[166  49  55]
[165  45  54]
[161  39  54]
[147  39  55]
[121  39  53]
[79 28 37]
[33 13 14]
[27 22 19]
[41 36 33]
[85 77 75]
[48 34 33]
[64 48 48]
[66 57 52]
[112 105  99]
[183 178 172]
[81 72 65]
[41 22 18]
[69 19 20]
[121  20  28]
[149  19  29]
[155  18  25]
[157  16  22]
[160  16  26]
[159  14  27]
[158  16  30]
[158  16  28]
[159  15  25]
[160  14  24]
[159  13  23]
[159  13  23]
[159  13  26]
[159  12  28]
[158  13  28]
[158  13  28]
[159  13  26]
[158  12  25]
[157  12  25]
[154  12  24]
[153  13  24]
[153  13  24]
[154  12  24]
[161  10  25]
[169   8  26]
[179  10  29]
[194  17  37]
[203  20  40]
[206  19  38]
[206  18  35]
[205  18  35]
[206  24  37]
[203  29  38]
[201  36  42]
[191  35  39]
[191  38  41]
[188  37  44]
[186  35  44]
[185  29  42]
[194  42  55]
[191  49  63]
[185  71  79]
[180 112 111]
[182 147 143]
[175 157 155]
[170 162 160]
[172 156 166]
[171 158 165]
[170 157 166]
[170 159 165]
[169 159 167]
[166 157 162]
[166 159 166]
[167 161 165]
[167 162 166]
[166 161 165]
[166 162 163]
[167 158 161]
[169 157 161]
[179 160 166]
[180 153 160]
[175 148 155]
[172 147 153]
[166 141 145]
[173 144 148]
[160 134 135]
[128 108 107]
[67 49 47]
[64 44 43]
[86 66 65]
[114  89  92]
[99 75 75]
[70 46 46]
[61 33 32]
[60 22 21]
[74 26 26]
[88 30 29]
[105  37  38]
[118  41  49]
[127  46  55]
[136  50  61]
[139  51  63]
[142  50  61]
[145  49  61]
[145  47  60]
[148  46  59]
[151  45  59]
[151  43  58]
[156  44  60]
[158  43  60]
[162  43  62]
[160  39  58]
[160  37  57]
[158  35  55]
[155  32  50]
[156  34  49]
[155  33  48]
[156  31  47]
[157  32  48]
[157  30  47]
[158  30  45]
[160  32  47]
[161  33  48]
[160  32  45]
[162  36  48]
[163  41  52]
[161  44  53]
[161  46  53]
[159  48  54]
[162  49  55]
[165  48  56]
[166  46  56]
[162  41  56]
[150  42  58]
[122  40  54]
[80 27 37]
[35 10 13]
[28 20 18]
[44 36 34]
[103  95  93]
[47 36 34]
[55 44 42]
[70 63 57]
[78 75 68]
[169 166 159]
[76 69 63]
[36 21 16]
[68 20 20]
[121  20  28]
[150  20  32]
[154  19  26]
[156  15  23]
[160  16  26]
[160  14  27]
[157  12  27]
[156  14  26]
[158  14  24]
[158  14  23]
[158  14  23]
[158  14  23]
[158  14  24]
[156  14  26]
[156  14  28]
[158  13  28]
[158  12  25]
[157  11  24]
[156  11  24]
[154  12  24]
[152  12  23]
[152  12  23]
[153  11  23]
[161  10  25]
[170   9  25]
[179  11  28]
[193  16  36]
[202  19  37]
[205  18  37]
[205  17  34]
[204  18  32]
[200  18  31]
[199  23  34]
[194  29  36]
[185  36  38]
[176  40  40]
[176  46  48]
[174  43  48]
[180  36  46]
[191  46  59]
[194  56  71]
[186  75  84]
[185 119 120]
[183 150 145]
[175 161 158]
[167 163 160]
[169 154 161]
[171 156 161]
[169 154 161]
[169 154 159]
[170 155 162]
[168 153 158]
[171 156 163]
[170 158 162]
[168 157 161]
[169 158 162]
[169 158 162]
[169 157 161]
[173 157 160]
[173 150 156]
[167 140 147]
[150 123 130]
[146 127 131]
[130 114 117]
[124 105 109]
[116  96  98]
[94 74 75]
[60 40 39]
[64 43 42]
[68 47 46]
[74 50 50]
[73 49 49]
[60 36 36]
[55 31 29]
[45 20 16]
[41 12  8]
[44 13  8]
[53 18 12]
[75 33 34]
[84 40 41]
[94 45 48]
[99 49 52]
[101  49  53]
[102  46  49]
[101  40  45]
[99 34 40]
[103  36  43]
[105  34  42]
[111  35  45]
[112  35  45]
[120  38  50]
[120  38  50]
[126  42  57]
[131  43  57]
[132  36  50]
[140  39  53]
[140  39  53]
[139  37  51]
[141  36  50]
[143  35  50]
[144  34  47]
[149  34  49]
[152  36  49]
[151  33  45]
[154  36  48]
[157  41  50]
[158  44  52]
[157  46  53]
[159  48  55]
[161  50  57]
[163  47  56]
[163  47  58]
[160  43  59]
[148  43  60]
[120  39  54]
[80 27 37]
[35 10 14]
[30 20 21]
[42 33 34]
[69 61 59]
[69 59 57]
[50 42 39]
[77 74 69]
[85 84 79]
[133 132 127]
[54 49 43]
[36 23 17]
[67 21 21]
[120  18  29]
[151  21  33]
[153  17  27]
[156  15  24]
[162  14  26]
[163  12  27]
[159  11  27]
[158  12  25]
[159  11  23]
[158  12  22]
[158  14  23]
[156  15  23]
[156  15  24]
[156  14  26]
[156  14  28]
[157  12  27]
[158  12  25]
[157  11  24]
[155  11  21]
[153  12  21]
[152  12  21]
[152  12  21]
[153  12  21]
[161  11  23]
[170   9  25]
[182  11  29]
[194  15  36]
[204  17  36]
[207  15  36]
[207  16  34]
[203  15  30]
[200  15  29]
[201  21  33]
[190  24  34]
[180  40  43]
[179  61  59]
[170  67  62]
[174  69  66]
[188  61  68]
[182  46  58]
[191  56  71]
[182  75  85]
[187 127 127]
[190 162 158]
[183 176 170]
[173 176 169]
[164 145 149]
[167 148 152]
[166 147 151]
[168 147 152]
[171 148 154]
[170 147 153]
[172 149 155]
[172 149 155]
[170 149 154]
[179 158 163]
[184 163 168]
[176 154 157]
[175 148 153]
[162 133 138]
[156 121 128]
[130  99 105]
[115  90  94]
[100  80  82]
[75 55 57]
[76 51 54]
[65 36 38]
[64 36 35]
[66 36 36]
[64 36 35]
[72 44 43]
[71 43 42]
[66 38 37]
[52 27 23]
[43 19 15]
[40 17 11]
[41 21 12]
[43 20 12]
[52 27 22]
[54 26 22]
[55 27 24]
[57 28 24]
[59 28 26]
[61 26 24]
[56 18 17]
[50 10 10]
[53  9 10]
[51  7  8]
[57  8 12]
[58  9 13]
[67 14 20]
[72 19 27]
[85 29 38]
[96 36 46]
[110  40  50]
[120  47  56]
[121  48  57]
[116  43  52]
[119  42  50]
[121  41  50]
[123  40  48]
[128  41  49]
[132  41  48]
[133  38  44]
[137  40  47]
[144  45  50]
[145  46  51]
[147  46  52]
[151  50  56]
[153  52  58]
[154  50  57]
[155  51  60]
[152  47  61]
[138  46  61]
[113  43  54]
[75 28 36]
[34 12 15]
[31 21 22]
[37 28 29]
[77 68 69]
[83 73 72]
[58 50 47]
[70 67 62]
[87 86 81]
[86 85 80]
[34 29 25]
[37 24 18]
[67 23 22]
[117  20  31]
[148  22  36]
[150  18  29]
[153  16  26]
[161  14  30]
[163  12  29]
[158  11  29]
[158  11  27]
[160  12  26]
[160  12  26]
[158  14  24]
[156  15  24]
[156  14  26]
[156  14  28]
[158  13  28]
[157  12  27]
[157  10  26]
[156  11  24]
[153  11  23]
[152  12  21]
[150  13  21]
[150  13  21]
[152  12  21]
[159  11  23]
[168  10  25]
[182  11  30]
[196  14  36]
[204  17  38]
[208  15  36]
[207  14  33]
[204  16  33]
[203  18  34]
[201  18  36]
[188  23  37]
[178  49  53]
[207 105 101]
[200 122 112]
[215 135 126]
[212 106 108]
[175  55  65]
[181  61  73]
[177  80  89]
[189 135 135]
[191 167 163]
[182 177 171]
[178 181 174]
[171 146 149]
[171 146 149]
[171 145 148]
[174 145 149]
[176 145 150]
[176 145 150]
[176 144 147]
[177 142 146]
[177 142 146]
[188 152 156]
[194 158 162]
[191 152 155]
[183 142 146]
[178 136 140]
[173 128 133]
[163 121 125]
[147 106 110]
[141 105 107]
[126  90  92]
[115  76  77]
[117  75  76]
[143 102 100]
[89 49 47]
[70 32 29]
[71 36 32]
[67 32 28]
[59 24 20]
[50 15 11]
[45 12  7]
[45 16 10]
[46 19 10]
[45 18 11]
[53 26 19]
[47 20 13]
[47 19 15]
[50 23 16]
[49 20 16]
[47 18 12]
[47 16 11]
[44 13  8]
[41 10  7]
[40  9  6]
[40  9  7]
[40  8  9]
[39  7  8]
[38  6  9]
[42 10 13]
[49 14 18]
[58 18 19]
[72 30 31]
[73 33 33]
[72 32 32]
[80 40 41]
[86 44 45]
[88 44 43]
[95 47 45]
[103  49  47]
[102  42  41]
[102  37  35]
[106  36  34]
[110  36  35]
[124  46  46]
[131  49  51]
[133  51  53]
[135  53  55]
[137  57  60]
[133  52  59]
[126  54  65]
[98 45 53]
[68 33 39]
[31 15 16]
[29 20 21]
[35 29 29]
[74 65 66]
[64 54 53]
[62 54 52]
[88 83 80]
[87 82 79]
[63 55 53]
[37 27 25]
[38 25 19]
[62 22 22]
[113  23  33]
[140  24  37]
[141  19  32]
[149  18  32]
[157  16  33]
[159  13  32]
[154  11  29]
[156  13  31]
[158  11  29]
[158  11  27]
[158  16  30]
[157  15  29]
[155  13  29]
[158  13  30]
[159  14  31]
[159  12  28]
[158  11  27]
[156  11  24]
[152  12  23]
[150  13  23]
[148  14  23]
[148  14  23]
[148  12  22]
[157  12  25]
[169  12  29]
[179  10  29]
[193  14  35]
[204  17  38]
[207  14  35]
[209  16  37]
[206  17  37]
[201  15  36]
[197  18  39]
[180  24  38]
[165  48  54]
[219 136 132]
[198 142 129]
[202 146 133]
[205 124 121]
[149  54  58]
[168  68  78]
[163  82  89]
[179 133 133]
[179 158 153]
[180 173 167]
[174 173 168]
[173 143 145]
[173 143 143]
[174 142 143]
[176 142 143]
[176 142 143]
[178 142 144]
[179 140 141]
[179 139 140]
[178 136 138]
[181 137 138]
[186 137 140]
[186 136 139]
[184 134 137]
[183 131 135]
[180 128 132]
[174 122 124]
[174 124 125]
[176 126 127]
[168 118 117]
[165 115 114]
[171 117 115]
[170 117 113]
[149 100  95]
[140  93  87]
[139  94  88]
[129  84  78]
[114  67  61]
[97 52 47]
[87 44 38]
[81 42 35]
[75 38 30]
[68 34 25]
[68 34 25]
[63 30 21]
[61 28 19]
[60 27 18]
[55 22 13]
[49 16  9]
[46 13  6]
[42 12  4]
[47 16 11]
[42 13  7]
[38 10  6]
[38 10  7]
[36 10  9]
[35  9  8]
[34  8  9]
[34  8  7]
[32  7  3]
[39 14 10]
[38 14 10]
[35 14  9]
[40 19 16]
[45 24 21]
[50 25 21]
[54 27 20]
[55 22 15]
[64 25 18]
[70 23 17]
[79 26 20]
[90 31 27]
[114  50  48]
[125  57  56]
[135  70  68]
[130  69  68]
[125  65  64]
[113  54  58]
[100  49  54]
[81 42 47]
[58 33 37]
[30 20 21]
[28 24 23]
[37 31 31]
[50 44 44]
[61 53 51]
[70 62 60]
[70 65 62]
[64 56 54]
[54 44 45]
[43 29 29]
[38 24 21]
[58 22 22]
[105  25  34]
[130  28  41]
[134  26  39]
[139  24  37]
[145  20  36]
[147  16  34]
[146  17  35]
[146  15  33]
[151  14  32]
[150  13  29]
[148  13  28]
[150  15  30]
[155  16  35]
[156  15  34]
[158  15  33]
[156  13  31]
[155  10  27]
[153  11  27]
[152  12  25]
[149  13  25]
[146  14  25]
[145  13  24]
[151  17  28]
[152  12  25]
[163  12  29]
[174  15  33]
[190  21  40]
[198  22  42]
[196  17  38]
[198  19  38]
[190  17  36]
[185  20  37]
[181  24  43]
[167  32  46]
[162  63  68]
[215 150 144]
[201 162 147]
[202 165 149]
[179 120 114]
[126  54  55]
[151  76  81]
[168 106 111]
[180 142 141]
[172 153 149]
[168 157 153]
[162 157 153]
[175 139 141]
[175 139 139]
[177 138 139]
[176 137 138]
[176 138 137]
[177 139 138]
[178 138 136]
[179 138 136]
[180 136 133]
[178 130 128]
[179 128 127]
[183 127 126]
[185 127 126]
[185 127 126]
[182 126 125]
[180 125 122]
[179 121 117]
[181 122 116]
[178 119 113]
[181 122 116]
[186 126 118]
[173 113 105]
[176 116 108]
[174 115 107]
[175 118 109]
[174 117 108]
[172 113 105]
[169 112 105]
[168 113 106]
[166 113 105]
[158 108  99]
[150 103  93]
[139  92  82]
[136  89  79]
[129  82  72]
[121  74  64]
[109  65  54]
[99 55 46]
[91 48 39]
[89 49 39]
[72 34 25]
[65 28 20]
[56 21 15]
[53 18 12]
[49 16 11]
[44 13  8]
[41 10  7]
[38  9  5]
[34  9  4]
[34 11  5]
[34 10  6]
[32 11  6]
[34 13 10]
[36 15 12]
[35 14  9]
[37 12  7]
[41 10  5]
[47 13  4]
[47  7  0]
[49  2  0]
[61 10  6]
[83 28 25]
[94 34 33]
[102  49  45]
[93 50 44]
[89 52 44]
[83 45 44]
[70 38 39]
[59 34 37]
[43 29 29]
[25 21 20]
[25 24 22]
[29 25 24]
[43 37 37]
[43 38 35]
[35 30 27]
[39 34 31]
[46 38 36]
[42 30 32]
[38 24 24]
[37 23 22]
[51 21 21]
[88 25 34]
[110  30  41]
[115  29  40]
[119  27  38]
[127  25  38]
[132  26  40]
[130  24  38]
[131  20  36]
[139  21  37]
[143  22  39]
[139  18  35]
[142  19  37]
[148  19  39]
[147  14  35]
[148  12  32]
[149  12  32]
[151  12  31]
[152  13  32]
[152  14  30]
[149  14  29]
[145  13  27]
[143  12  26]
[146  14  28]
[147  12  27]
[156  15  31]
[164  19  36]
[170  22  38]
[177  25  40]
[178  26  41]
[175  27  39]
[174  34  45]
[162  32  42]
[152  35  44]
[143  43  51]
[132  60  63]
[157 110 104]
[138 110  98]
[134 108  95]
[136  96  88]
[133  85  81]
[167 117 116]
[176 134 135]
[172 142 140]
[168 149 145]
[168 153 150]
[164 153 149]
[175 135 136]
[175 135 135]
[175 135 135]
[174 134 132]
[174 134 132]
[175 136 131]
[174 137 131]
[175 136 129]
[179 136 130]
[178 131 125]
[182 129 125]
[183 128 125]
[184 124 123]
[181 123 121]
[182 124 122]
[182 124 120]
[181 122 114]
[179 119 108]
[179 119 109]
[184 122 111]
[182 118 108]
[181 117 107]
[179 115 105]
[181 117 107]
[179 115 105]
[181 119 108]
[183 119 109]
[181 118 109]
[179 119 109]
[177 118 110]
[175 118 109]
[170 116 104]
[172 118 106]
[172 120 107]
[170 116 104]
[165 113 100]
[164 112  99]
[159 110  96]
[158 108  97]
[161 113 101]
[153 106  96]
[145 101  92]
[134  91  84]
[121  78  71]
[103  62  56]
[87 48 41]
[77 38 33]
[70 35 29]
[59 30 22]
[49 24 17]
[43 18 13]
[38 14 10]
[35 11  9]
[38 12 11]
[42 17 13]
[46 17 13]
[54 21 14]
[64 27 19]
[67 27 19]
[70 25 19]
[77 30 24]
[79 30 25]
[87 36 33]
[83 38 33]
[71 41 31]
[67 43 33]
[64 39 34]
[51 30 27]
[44 28 28]
[36 28 26]
[26 25 23]
[27 26 24]
[31 27 26]
[38 33 30]
[45 40 37]
[43 38 35]
[37 32 29]
[41 33 31]
[45 33 35]
[38 26 26]
[29 19 18]
[37 17 18]
[66 25 31]
[88 35 43]
[99 40 46]
[101  36  42]
[99 28 36]
[99 24 31]
[103  26  34]
[104  23  32]
[111  23  35]
[117  25  36]
[117  23  37]
[120  22  35]
[127  22  37]
[129  21  37]
[134  23  40]
[134  19  36]
[134  15  34]
[135  14  31]
[136  15  32]
[138  17  32]
[136  20  33]
[136  20  33]
[130  15  28]
[133  18  31]
[141  25  38]
[143  25  37]
[144  26  38]
[149  32  41]
[146  31  38]
[136  27  32]
[120  22  23]
[120  31  33]
[129  50  53]
[140  74  76]
[143  93  94]
[160 125 121]
[160 138 127]
[168 146 135]
[176 146 138]
[178 143 137]
[175 144 141]
[170 142 139]
[173 149 147]
[170 152 148]
[164 149 146]
[165 151 148]
[171 133 132]
[173 133 133]
[173 133 133]
[172 132 130]
[171 131 129]
[171 134 128]
[170 135 129]
[170 136 127]
[171 132 125]
[173 130 123]
[177 128 123]
[177 127 120]
[178 123 118]
[176 123 117]
[177 124 118]
[174 124 115]
[173 121 108]
[173 120 104]
[177 121 108]
[178 120 108]
[172 112 101]
[179 119 108]
[178 114 104]
[180 116 106]
[181 117 105]
[182 118 106]
[180 118 105]
[176 116 105]
[173 113 102]
[173 115 104]
[175 117 106]
[176 118 107]
[172 115 104]
[172 119 105]
[172 116 103]
[169 116 102]
[171 118 104]
[170 117 103]
[169 115 103]
[171 119 106]
[171 119 108]
[171 121 110]
[171 121 112]
[168 118 109]
[161 112 105]
[152 105  97]
[147 100  92]
[142  99  90]
[125  93  82]
[110  82  71]
[99 70 62]
[89 58 53]
[74 43 40]
[67 33 31]
[65 30 28]
[63 25 22]
[72 31 25]
[81 38 31]
[80 35 29]
[83 39 30]
[71 27 18]
[63 18 12]
[74 31 25]
[67 30 22]
[61 34 25]
[55 35 26]
[52 33 26]
[44 26 22]
[42 28 25]
[37 29 26]
[28 23 20]
[25 20 17]
[30 22 20]
[38 30 27]
[42 37 33]
[49 44 40]
[46 43 38]
[41 36 32]
[42 32 31]
[34 24 23]
[22 21 19]
[18 14 13]
[31 17 17]
[47 27 28]
[60 34 35]
[64 32 33]
[57 23 22]
[52 16 16]
[53 15 14]
[56 14 15]
[59 10 13]
[59  9 12]
[63 10 16]
[64  7 13]
[74 11 19]
[93 23 33]
[99 27 38]
[102  25  35]
[104  23  32]
[107  21  30]
[110  20  30]
[109  19  29]
[103  16  25]
[99 13 22]
[101  18  26]
[96 15 22]
[93 14 20]
[87 11 15]
[87 13 14]
[90 20 18]
[85 20 16]
[73 14  8]
[62 12  3]
[75 31 22]
[90 51 46]
[99 64 62]
[102  68  69]
[112  82  82]
[119  94  90]
[126 101  96]
[139 108 103]
[151 120 117]
[152 126 125]
[152 131 128]
[163 145 143]
[160 145 142]
[157 148 141]
[160 153 145]
[168 133 131]
[169 134 132]
[172 132 130]
[171 131 129]
[170 133 127]
[168 133 127]
[167 134 125]
[167 134 125]
[167 133 123]
[168 130 121]
[170 127 118]
[171 124 116]
[171 122 115]
[172 123 116]
[172 125 117]
[168 121 111]
[168 120 106]
[168 119 104]
[171 118 104]
[171 118 104]
[170 116 104]
[171 114 103]
[175 117 106]
[175 115 104]
[177 115 104]
[176 116 105]
[175 117 105]
[174 118 105]
[175 119 106]
[176 118 107]
[176 116 106]
[174 116 105]
[169 112 101]
[169 116 102]
[169 116 102]
[169 116 102]
[170 117 103]
[168 115 101]
[166 113  99]
[166 113  99]
[163 111  98]
[163 111  98]
[163 111 100]
[160 110  99]
[160 110 101]
[159 111 101]
[157 109  99]
[153 109  98]
[148 112  98]
[140 108  95]
[139 105  95]
[134  99  93]
[125  87  84]
[116  76  74]
[111  70  68]
[105  64  60]
[95 52 45]
[101  57  48]
[93 49 40]
[103  59  50]
[76 33 24]
[63 23 13]
[61 23 14]
[47 14  5]
[43 19  9]
[42 24 14]
[45 26 19]
[43 28 23]
[43 29 26]
[41 30 28]
[32 22 21]
[30 20 18]
[30 19 17]
[35 24 20]
[37 28 23]
[40 33 27]
[36 31 27]
[44 36 33]
[48 36 36]
[28 18 17]
[22 18 19]
[12 12 12]
[11  9 10]
[15  9  9]
[23 11 11]
[26 12 11]
[25 10  7]
[26 11  6]
[24  9  4]
[31 13  9]
[30  9  8]
[28  4  4]
[29  5  5]
[27  0  0]
[37  3  4]
[60 21 24]
[83 41 45]
[94 48 51]
[108  56  60]
[115  58  64]
[115  54  59]
[108  47  52]
[101  42  46]
[97 41 44]
[84 29 32]
[74 22 24]
[68 16 18]
[62 12 11]
[55 10  5]
[53 12  6]
[48 11  2]
[43 13  2]
[43 17  4]
[44 22  9]
[43 23 16]
[50 29 26]
[54 29 32]
[61 35 38]
[64 40 40]
[69 44 40]
[77 47 45]
[91 63 60]
[95 74 73]
[96 78 76]
[110  92  90]
[126 111 108]
[139 130 123]
[134 127 119]
[163 134 130]
[164 133 130]
[168 133 129]
[169 131 128]
[169 132 126]
[167 132 126]
[164 134 124]
[164 134 124]
[164 134 123]
[164 130 120]
[166 128 119]
[167 124 117]
[167 122 116]
[167 122 116]
[166 123 116]
[164 121 112]
[166 122 109]
[166 120 105]
[165 115 104]
[165 115 104]
[166 118 108]
[164 116 106]
[167 117 106]
[166 114 103]
[172 118 108]
[169 117 104]
[165 117 103]
[165 117 103]
[167 118 104]
[170 116 106]
[174 114 106]
[172 113 105]
[166 114 103]
[163 114 100]
[165 116 102]
[165 116 102]
[165 116 102]
[166 117 103]
[166 117 103]
[163 114 100]
[161 113  99]
[158 110  96]
[153 107  92]
[150 104  89]
[149 103  90]
[149 105  92]
[150 106  93]
[147 108  93]
[143 106  88]
[140 104  88]
[140 104  90]
[141 104  95]
[140 101  94]
[139 100  95]
[141 100  96]
[140  99  93]
[141  98  89]
[137  95  83]
[128  86  74]
[132  90  78]
[116  76  64]
[114  76  65]
[109  72  63]
[98 65 56]
[77 53 43]
[72 54 44]
[69 50 43]
[65 47 43]
[51 36 33]
[45 29 29]
[35 19 19]
[36 20 20]
[38 20 20]
[39 21 19]
[35 21 18]
[34 23 17]
[36 27 22]
[35 24 20]
[34 20 19]
[37 21 22]
[24  9 14]
[20  9 15]
[16 11 15]
[14  8 12]
[17  5  9]
[18  3  6]
[16  2  2]
[18  7  5]
[16  6  4]
[21 12  7]
[20  9  7]
[16  6  4]
[16  6  4]
[12  2  0]
[17  1  1]
[29 11 11]
[35 14 13]
[49 25 25]
[67 37 37]
[77 45 46]
[83 47 47]
[87 51 51]
[94 60 59]
[99 68 66]
[101  71  69]
[101  71  69]
[104  73  70]
[101  70  67]
[94 63 58]
[83 54 48]
[73 46 37]
[71 47 37]
[65 46 32]
[54 34 25]
[39 18 15]
[43 18 21]
[48 21 28]
[51 26 30]
[49 29 30]
[52 32 31]
[64 38 37]
[68 42 41]
[66 46 45]
[69 51 51]
[77 55 57]
[89 69 68]
[106  91  86]
[109  96  88]
[159 131 127]
[161 132 128]
[164 131 126]
[165 130 126]
[167 130 124]
[165 130 124]
[162 132 122]
[160 132 121]
[160 130 119]
[161 129 118]
[164 127 118]
[165 127 118]
[164 121 114]
[161 121 113]
[162 121 115]
[162 122 114]
[163 121 109]
[167 121 108]
[166 118 108]
[164 116 106]
[159 115 106]
[162 119 110]
[161 114 104]
[163 116 106]
[165 115 104]
[164 116 104]
[161 117 104]
[161 117 104]
[163 115 103]
[164 112 101]
[168 107 102]
[167 108 102]
[159 107  96]
[153 105  93]
[154 106  94]
[154 106  94]
[153 105  91]
[156 108  94]
[159 111  97]
[157 109  95]
[157 111  96]
[156 110  95]
[152 109  93]
[148 105  89]
[145 103  89]
[144 102  88]
[143 104  89]
[143 104  87]
[142 105  87]
[141 104  86]
[141 104  88]
[141 103  92]
[141 103  94]
[141 102  95]
[142 101  95]
[141 101  93]
[146 103  94]
[142 100  88]
[144 102  88]
[137  98  83]
[141 101  89]
[138 102  88]
[135  98  89]
[124  94  83]
[114  90  80]
[110  90  81]
[108  89  82]
[113  94  90]
[103  85  83]
[98 80 80]
[83 65 65]
[82 64 64]
[72 51 50]
[41 21 20]
[40 22 18]
[41 28 22]
[33 19 16]
[39 25 22]
[41 25 25]
[37 18 20]
[28  8 17]
[22  6 16]
[13  6 13]
[10  4  8]
[17  4 11]
[21  6  9]
[18  3  6]
[16  6  5]
[16  8  5]
[14  9  5]
[12  7  4]
[11  7  4]
[11 10  6]
[12 11  7]
[14  9  6]
[14  6  4]
[17  6  4]
[20  6  5]
[25  7  5]
[28  8  7]
[33  9  7]
[33 12  9]
[36 15 12]
[38 19 15]
[40 22 18]
[51 32 28]
[65 44 39]
[78 54 50]
[91 68 62]
[99 76 70]
[97 77 68]
[102  82  73]
[103  85  73]
[102  84  74]
[96 72 72]
[93 68 72]
[92 65 72]
[90 67 73]
[80 61 63]
[73 58 55]
[67 43 43]
[69 45 43]
[60 40 41]
[64 44 45]
[72 50 52]
[78 57 56]
[84 66 62]
[90 75 68]
